"ASV","KS_Early_Prev","KS_Regular_Prev","SD_Early_Prev","SD_Regular_Prev","KS_Prev_Diff","SD_Prev_Diff"
"ASV_2",1,1,1,1,0,0
"ASV_3",1,1,1,1,0,0
"ASV_4",1,1,1,1,0,0
"ASV_6",1,0.923076923076923,1,1,0.0769230769230769,0
"ASV_7",1,1,1,1,0,0
"ASV_8",0.0416666666666667,0.0384615384615385,1,0.958333333333333,0.0032051282051282,0.0416666666666666
"ASV_9",0.125,0.923076923076923,0.230769230769231,1,-0.798076923076923,-0.769230769230769
"ASV_10",0.708333333333333,0.923076923076923,1,1,-0.21474358974359,0
"ASV_12",0.0833333333333333,0.0769230769230769,1,1,0.0064102564102564,0
"ASV_13",0.875,1,0.0769230769230769,0.125,-0.125,-0.0480769230769231
"ASV_14",0.958333333333333,0.923076923076923,1,1,0.0352564102564102,0
"ASV_15",1,0.884615384615385,0.961538461538462,1,0.115384615384615,-0.0384615384615384
"ASV_16",0.833333333333333,0.307692307692308,1,1,0.525641025641026,0
"ASV_17",0.833333333333333,1,0.0384615384615385,0.0833333333333333,-0.166666666666667,-0.0448717948717949
"ASV_18",0.0833333333333333,0.384615384615385,0.961538461538462,1,-0.301282051282051,-0.0384615384615384
"ASV_19",1,0.230769230769231,0,0.0416666666666667,0.769230769230769,-0.0416666666666667
"ASV_20",0.166666666666667,0.384615384615385,0.615384615384615,0.541666666666667,-0.217948717948718,0.0737179487179488
"ASV_21",1,0.576923076923077,0.0384615384615385,0.0833333333333333,0.423076923076923,-0.0448717948717949
"ASV_22",1,0.269230769230769,0.230769230769231,0.166666666666667,0.730769230769231,0.0641025641025641
"ASV_23",1,0.730769230769231,1,1,0.269230769230769,0
"ASV_24",0,0.0769230769230769,1,0.958333333333333,-0.0769230769230769,0.0416666666666666
"ASV_25",0.333333333333333,0.192307692307692,1,1,0.141025641025641,0
"ASV_26",1,1,0.538461538461538,0.333333333333333,0,0.205128205128205
"ASV_27",0,0.192307692307692,0.653846153846154,0.708333333333333,-0.192307692307692,-0.0544871794871795
"ASV_28",0,0.615384615384615,1,1,-0.615384615384615,0
"ASV_29",0.0416666666666667,0.0769230769230769,1,1,-0.0352564102564103,0
"ASV_30",1,0.692307692307692,0.730769230769231,1,0.307692307692308,-0.269230769230769
"ASV_31",0.0416666666666667,0.0769230769230769,0.923076923076923,0.916666666666667,-0.0352564102564103,0.0064102564102565
"ASV_32",0.208333333333333,0.0769230769230769,0.346153846153846,0.583333333333333,0.131410256410256,-0.237179487179487
"ASV_33",1,0.769230769230769,0.192307692307692,0.0833333333333333,0.230769230769231,0.108974358974359
"ASV_34",0.791666666666667,0.538461538461538,1,1,0.253205128205128,0
"ASV_35",0.0416666666666667,0.0769230769230769,0.961538461538462,0.916666666666667,-0.0352564102564103,0.0448717948717949
"ASV_36",1,0.0769230769230769,0,0.0416666666666667,0.923076923076923,-0.0416666666666667
"ASV_37",0.0833333333333333,0.0384615384615385,0.961538461538462,1,0.0448717948717949,-0.0384615384615384
"ASV_38",0.5,0.538461538461538,0.807692307692308,0.791666666666667,-0.0384615384615384,0.0160256410256411
"ASV_39",0.916666666666667,0.807692307692308,0.0769230769230769,0.166666666666667,0.108974358974359,-0.0897435897435897
"ASV_40",0.0416666666666667,0.0769230769230769,0.884615384615385,1,-0.0352564102564103,-0.115384615384615
"ASV_41",1,1,0,0.0416666666666667,0,-0.0416666666666667
"ASV_42",0.208333333333333,0.0769230769230769,1,0.5,0.131410256410256,0.5
"ASV_43",0.0833333333333333,0.423076923076923,0.0769230769230769,0.166666666666667,-0.33974358974359,-0.0897435897435897
"ASV_44",0.0416666666666667,0.0384615384615385,0.846153846153846,0.791666666666667,0.0032051282051282,0.0544871794871795
"ASV_45",0,0.115384615384615,0.961538461538462,0.708333333333333,-0.115384615384615,0.253205128205128
"ASV_46",0.625,0.384615384615385,0.807692307692308,0.708333333333333,0.240384615384615,0.0993589743589743
"ASV_47",0,0.192307692307692,1,0.916666666666667,-0.192307692307692,0.0833333333333334
"ASV_48",0,0.0769230769230769,0.884615384615385,0.583333333333333,-0.0769230769230769,0.301282051282051
"ASV_49",0,0.0769230769230769,1,1,-0.0769230769230769,0
"ASV_50",1,0.884615384615385,0.461538461538462,0.333333333333333,0.115384615384615,0.128205128205128
"ASV_51",1,0.884615384615385,0.0769230769230769,0.333333333333333,0.115384615384615,-0.256410256410256
"ASV_52",1,0.692307692307692,0.307692307692308,0.125,0.307692307692308,0.182692307692308
"ASV_53",0,0,1,0.791666666666667,0,0.208333333333333
"ASV_54",1,0.192307692307692,0.115384615384615,0.333333333333333,0.807692307692308,-0.217948717948718
"ASV_55",0.75,0.884615384615385,0.769230769230769,0.958333333333333,-0.134615384615385,-0.189102564102564
"ASV_56",0.875,0.692307692307692,0.923076923076923,1,0.182692307692308,-0.0769230769230769
"ASV_57",0.0416666666666667,0.0769230769230769,0.884615384615385,1,-0.0352564102564103,-0.115384615384615
"ASV_58",1,0.807692307692308,0.115384615384615,0.416666666666667,0.192307692307692,-0.301282051282051
"ASV_59",0,0.153846153846154,1,0.875,-0.153846153846154,0.125
"ASV_60",0.0416666666666667,0.0384615384615385,0.884615384615385,0.708333333333333,0.0032051282051282,0.176282051282051
"ASV_61",0.208333333333333,0.384615384615385,0.884615384615385,0.958333333333333,-0.176282051282051,-0.0737179487179488
"ASV_62",1,0.115384615384615,0.0384615384615385,0.166666666666667,0.884615384615385,-0.128205128205128
"ASV_63",0.75,0.730769230769231,0.0384615384615385,0,0.0192307692307693,0.0384615384615385
"ASV_64",0,0.0384615384615385,0.807692307692308,0.25,-0.0384615384615385,0.557692307692308
"ASV_65",1,0.0384615384615385,0,0,0.961538461538462,0
"ASV_66",0.0416666666666667,0.153846153846154,0.884615384615385,0.958333333333333,-0.112179487179487,-0.0737179487179488
"ASV_67",0.75,0.461538461538462,0,0.0416666666666667,0.288461538461538,-0.0416666666666667
"ASV_68",0.166666666666667,0.307692307692308,1,1,-0.141025641025641,0
"ASV_69",0.541666666666667,0.346153846153846,0.884615384615385,0.958333333333333,0.19551282051282,-0.0737179487179488
"ASV_70",0.333333333333333,0.0769230769230769,1,0.75,0.256410256410256,0.25
"ASV_71",1,0.730769230769231,0,0,0.269230769230769,0
"ASV_72",1,0.846153846153846,0,0.0416666666666667,0.153846153846154,-0.0416666666666667
"ASV_73",0.125,0.115384615384615,0.884615384615385,0.75,0.00961538461538461,0.134615384615385
"ASV_74",0.125,0.423076923076923,0,0.0416666666666667,-0.298076923076923,-0.0416666666666667
"ASV_75",0.875,0,0,0,0.875,0
"ASV_76",0.0833333333333333,0.538461538461538,0.961538461538462,0.833333333333333,-0.455128205128205,0.128205128205128
"ASV_77",1,0.538461538461538,0.615384615384615,0.875,0.461538461538462,-0.259615384615385
"ASV_78",0.166666666666667,0.153846153846154,0.961538461538462,0.791666666666667,0.0128205128205128,0.169871794871795
"ASV_79",0.916666666666667,0.769230769230769,0,0.0416666666666667,0.147435897435897,-0.0416666666666667
"ASV_80",0.0833333333333333,0.5,0,0,-0.416666666666667,0
"ASV_81",0.0416666666666667,0.0769230769230769,0.692307692307692,0.541666666666667,-0.0352564102564103,0.150641025641026
"ASV_82",0.541666666666667,0.576923076923077,0.115384615384615,0.125,-0.0352564102564102,-0.00961538461538461
"ASV_83",0.833333333333333,0.769230769230769,0.346153846153846,0.625,0.0641025641025641,-0.278846153846154
"ASV_84",0,0.0769230769230769,0.923076923076923,0.916666666666667,-0.0769230769230769,0.0064102564102565
"ASV_85",0,0,0.961538461538462,0.916666666666667,0,0.0448717948717949
"ASV_86",0,0.615384615384615,0,0,-0.615384615384615,0
"ASV_87",0.25,0.115384615384615,0.961538461538462,0.958333333333333,0.134615384615385,0.00320512820512819
"ASV_88",0,0,0.0384615384615385,0.0833333333333333,0,-0.0448717948717949
"ASV_89",0.291666666666667,0.884615384615385,0,0.0833333333333333,-0.592948717948718,-0.0833333333333333
"ASV_90",0.0416666666666667,0.0384615384615385,0.807692307692308,0.583333333333333,0.0032051282051282,0.224358974358974
"ASV_91",0.0833333333333333,0.307692307692308,0,0,-0.224358974358974,0
"ASV_92",0.875,0.961538461538462,0.0769230769230769,0.0416666666666667,-0.0865384615384616,0.0352564102564103
"ASV_93",0,0,0.730769230769231,0.666666666666667,0,0.0641025641025641
"ASV_94",0.166666666666667,0.115384615384615,0.423076923076923,0.958333333333333,0.0512820512820513,-0.53525641025641
"ASV_95",0.125,0.115384615384615,0.576923076923077,0.916666666666667,0.00961538461538461,-0.33974358974359
"ASV_96",0.125,0.153846153846154,0.961538461538462,1,-0.0288461538461539,-0.0384615384615384
"ASV_97",0.833333333333333,0.769230769230769,0,0,0.0641025641025641,0
"ASV_98",1,0.115384615384615,0,0,0.884615384615385,0
"ASV_99",0.166666666666667,0.423076923076923,0,0,-0.256410256410256,0
"ASV_100",0,0.0384615384615385,0,0,-0.0384615384615385,0
"ASV_101",0.541666666666667,0.576923076923077,0.461538461538462,0.416666666666667,-0.0352564102564102,0.0448717948717949
"ASV_102",0,0,0.769230769230769,0.25,0,0.519230769230769
"ASV_103",1,0.115384615384615,0,0,0.884615384615385,0
"ASV_104",0.0416666666666667,0.0384615384615385,1,0.833333333333333,0.0032051282051282,0.166666666666667
"ASV_105",1,0.115384615384615,0,0,0.884615384615385,0
"ASV_106",0,0,0.730769230769231,0.291666666666667,0,0.439102564102564
"ASV_107",1,0.384615384615385,0,0,0.615384615384615,0
"ASV_108",0.708333333333333,0.5,0.115384615384615,0.208333333333333,0.208333333333333,-0.092948717948718
"ASV_109",1,0.115384615384615,0,0,0.884615384615385,0
"ASV_110",0.75,0.0384615384615385,0.846153846153846,0.541666666666667,0.711538461538462,0.30448717948718
"ASV_111",0.583333333333333,0.115384615384615,0.346153846153846,0.375,0.467948717948718,-0.0288461538461539
"ASV_112",0,0,0.615384615384615,0.833333333333333,0,-0.217948717948718
"ASV_113",0,0,0.5,0.458333333333333,0,0.0416666666666667
"ASV_114",0,0,0.230769230769231,1,0,-0.769230769230769
"ASV_115",0,0,1,0.916666666666667,0,0.0833333333333334
"ASV_116",0.583333333333333,0,0.769230769230769,0.791666666666667,0.583333333333333,-0.0224358974358974
"ASV_117",0.833333333333333,0.0384615384615385,1,1,0.794871794871795,0
"ASV_118",0.166666666666667,0.0384615384615385,0.115384615384615,0.208333333333333,0.128205128205128,-0.092948717948718
"ASV_119",1,0.5,0.192307692307692,0.0416666666666667,0.5,0.150641025641026
"ASV_120",0.375,0.230769230769231,0,0,0.144230769230769,0
"ASV_121",0.0416666666666667,0,0.730769230769231,0.708333333333333,0.0416666666666667,0.0224358974358974
"ASV_122",0,0.0384615384615385,0.884615384615385,0.291666666666667,-0.0384615384615385,0.592948717948718
"ASV_123",0.0416666666666667,0.307692307692308,0.0384615384615385,0.0416666666666667,-0.266025641025641,-0.0032051282051282
"ASV_124",0.0416666666666667,0,0.615384615384615,0.25,0.0416666666666667,0.365384615384615
"ASV_125",0.291666666666667,0.269230769230769,0.538461538461538,0.166666666666667,0.0224358974358975,0.371794871794872
"ASV_126",0.375,0,0.192307692307692,1,0.375,-0.807692307692308
"ASV_127",1,0,0.0384615384615385,0,1,0.0384615384615385
"ASV_128",0.291666666666667,0,0.230769230769231,0.375,0.291666666666667,-0.144230769230769
"ASV_129",0.0416666666666667,0,0.807692307692308,0.791666666666667,0.0416666666666667,0.0160256410256411
"ASV_130",0,0,0.807692307692308,0.875,0,-0.0673076923076923
"ASV_131",0.0416666666666667,0.0769230769230769,0.961538461538462,1,-0.0352564102564103,-0.0384615384615384
"ASV_132",0.125,0,0.423076923076923,0.333333333333333,0.125,0.0897435897435898
"ASV_133",0.125,0.615384615384615,0.192307692307692,0.0833333333333333,-0.490384615384615,0.108974358974359
"ASV_134",0,0.0384615384615385,0.576923076923077,0.541666666666667,-0.0384615384615385,0.0352564102564102
"ASV_135",0,0,0.538461538461538,0.375,0,0.163461538461538
"ASV_136",0.125,0.192307692307692,0.384615384615385,0.791666666666667,-0.0673076923076923,-0.407051282051282
"ASV_137",0.833333333333333,0.0384615384615385,0,0,0.794871794871795,0
"ASV_138",0,0,0.923076923076923,1,0,-0.0769230769230769
"ASV_139",0.958333333333333,0.230769230769231,0,0.0833333333333333,0.727564102564103,-0.0833333333333333
"ASV_140",0.208333333333333,0.576923076923077,0,0,-0.368589743589744,0
"ASV_141",0.25,0.615384615384615,0,0,-0.365384615384615,0
"ASV_142",1,0.153846153846154,0.5,0.708333333333333,0.846153846153846,-0.208333333333333
"ASV_144",0.166666666666667,0.423076923076923,0,0,-0.256410256410256,0
"ASV_145",0.833333333333333,0.115384615384615,0.192307692307692,0.916666666666667,0.717948717948718,-0.724358974358974
"ASV_146",0.208333333333333,0.615384615384615,0,0,-0.407051282051282,0
"ASV_147",0,0,0.5,0.25,0,0.25
"ASV_148",0.458333333333333,0.269230769230769,0.269230769230769,1,0.189102564102564,-0.730769230769231
"ASV_149",0.916666666666667,0.192307692307692,0,0,0.724358974358974,0
"ASV_150",0.0833333333333333,0.0384615384615385,0.0769230769230769,0.0416666666666667,0.0448717948717949,0.0352564102564103
"ASV_151",1,0.192307692307692,0,0,0.807692307692308,0
"ASV_153",0.0416666666666667,0,0.192307692307692,0.0416666666666667,0.0416666666666667,0.150641025641026
"ASV_154",0.916666666666667,0.192307692307692,0,0,0.724358974358974,0
"ASV_155",0.333333333333333,0.230769230769231,0.807692307692308,0.583333333333333,0.102564102564103,0.224358974358974
"ASV_156",0.166666666666667,0,0.846153846153846,1,0.166666666666667,-0.153846153846154
"ASV_157",0.0416666666666667,0.0384615384615385,0.230769230769231,0.25,0.0032051282051282,-0.0192307692307692
"ASV_158",0,0,0.884615384615385,0.5,0,0.384615384615385
"ASV_159",1,0.0384615384615385,0,0,0.961538461538462,0
"ASV_160",0.25,0,0.307692307692308,0.291666666666667,0.25,0.016025641025641
"ASV_161",0,0.0769230769230769,0.846153846153846,0.5,-0.0769230769230769,0.346153846153846
"ASV_162",0.916666666666667,0.269230769230769,0,0,0.647435897435897,0
"ASV_163",0.583333333333333,0,0,0,0.583333333333333,0
"ASV_164",0,0,0.653846153846154,0.833333333333333,0,-0.17948717948718
"ASV_165",1,0.653846153846154,0.192307692307692,0.0833333333333333,0.346153846153846,0.108974358974359
"ASV_166",0,0.0384615384615385,0.884615384615385,0.833333333333333,-0.0384615384615385,0.0512820512820512
"ASV_167",0,0.115384615384615,0.884615384615385,0.458333333333333,-0.115384615384615,0.426282051282051
"ASV_168",0,0.115384615384615,0.615384615384615,0.833333333333333,-0.115384615384615,-0.217948717948718
"ASV_169",0.333333333333333,0.923076923076923,0,0,-0.58974358974359,0
"ASV_171",0,0,0.538461538461538,0.541666666666667,0,-0.00320512820512819
"ASV_172",0.0833333333333333,0.423076923076923,0.5,0.333333333333333,-0.33974358974359,0.166666666666667
"ASV_173",0.25,0.153846153846154,0,0,0.0961538461538461,0
"ASV_174",0.625,0.115384615384615,0.730769230769231,1,0.509615384615385,-0.269230769230769
"ASV_175",0.25,0.269230769230769,0.0769230769230769,0.208333333333333,-0.0192307692307692,-0.131410256410256
"ASV_176",0,0,0.884615384615385,1,0,-0.115384615384615
"ASV_177",0.916666666666667,0.538461538461538,0.0384615384615385,0.166666666666667,0.378205128205128,-0.128205128205128
"ASV_178",0.0416666666666667,0.423076923076923,0,0,-0.381410256410256,0
"ASV_179",0,0,0.115384615384615,0.0833333333333333,0,0.0320512820512821
"ASV_180",0.208333333333333,0.192307692307692,0.346153846153846,0.25,0.016025641025641,0.0961538461538461
"ASV_181",0.916666666666667,0.230769230769231,0,0,0.685897435897436,0
"ASV_182",0.333333333333333,0.884615384615385,0,0.166666666666667,-0.551282051282051,-0.166666666666667
"ASV_183",0.958333333333333,0.307692307692308,0,0,0.650641025641026,0
"ASV_185",0.625,0.461538461538462,0.0769230769230769,0.5,0.163461538461538,-0.423076923076923
"ASV_186",0.583333333333333,0.0769230769230769,0,0.0833333333333333,0.506410256410256,-0.0833333333333333
"ASV_187",0.583333333333333,0.307692307692308,0.384615384615385,0.666666666666667,0.275641025641026,-0.282051282051282
"ASV_188",0,0,0.230769230769231,0.625,0,-0.394230769230769
"ASV_189",0.0416666666666667,0,0.653846153846154,0.25,0.0416666666666667,0.403846153846154
"ASV_190",0.833333333333333,0.307692307692308,0,0,0.525641025641026,0
"ASV_191",0,0,0.423076923076923,0.416666666666667,0,0.00641025641025639
"ASV_192",0,0,0.884615384615385,0.208333333333333,0,0.676282051282051
"ASV_193",0.541666666666667,0.269230769230769,0.153846153846154,0.0416666666666667,0.272435897435897,0.112179487179487
"ASV_194",0,0,0.461538461538462,0.541666666666667,0,-0.0801282051282051
"ASV_195",0,0.0384615384615385,0,0,-0.0384615384615385,0
"ASV_196",0.0416666666666667,0.0769230769230769,0.0384615384615385,0.458333333333333,-0.0352564102564103,-0.419871794871795
"ASV_197",0,0,0.423076923076923,0.5,0,-0.0769230769230769
"ASV_198",0.291666666666667,0.461538461538462,0.115384615384615,0.0833333333333333,-0.169871794871795,0.0320512820512821
"ASV_199",0,0,0.384615384615385,0.75,0,-0.365384615384615
"ASV_200",0,0.5,0,0,-0.5,0
"ASV_201",0,0.115384615384615,0.5,0.375,-0.115384615384615,0.125
"ASV_202",0.291666666666667,0.653846153846154,0,0,-0.362179487179487,0
"ASV_203",0.458333333333333,0.192307692307692,0,0,0.266025641025641,0
"ASV_204",0,0,0.730769230769231,0.5,0,0.230769230769231
"ASV_205",0.0833333333333333,0,0.692307692307692,0.375,0.0833333333333333,0.317307692307692
"ASV_206",0,0,0.615384615384615,0.708333333333333,0,-0.092948717948718
"ASV_207",0,0,0,0.166666666666667,0,-0.166666666666667
"ASV_209",0.208333333333333,0.5,0,0,-0.291666666666667,0
"ASV_210",0,0,0.615384615384615,0.291666666666667,0,0.323717948717949
"ASV_211",0.333333333333333,0.0769230769230769,0.769230769230769,0.791666666666667,0.256410256410256,-0.0224358974358974
"ASV_212",0.166666666666667,0.153846153846154,0,0,0.0128205128205128,0
"ASV_213",0,0,0.153846153846154,0.25,0,-0.0961538461538461
"ASV_215",0.541666666666667,0.269230769230769,0,0,0.272435897435897,0
"ASV_216",0,0,0.230769230769231,0.375,0,-0.144230769230769
"ASV_217",0.791666666666667,0.0384615384615385,0,0,0.753205128205128,0
"ASV_218",0.0833333333333333,0.192307692307692,0.153846153846154,0.291666666666667,-0.108974358974359,-0.137820512820513
"ASV_220",0,0.0384615384615385,0,0,-0.0384615384615385,0
"ASV_221",0.833333333333333,0.230769230769231,0,0,0.602564102564103,0
"ASV_222",0.208333333333333,0,0.0769230769230769,0.666666666666667,0.208333333333333,-0.58974358974359
"ASV_223",0,0,0.884615384615385,0.916666666666667,0,-0.032051282051282
"ASV_224",0.416666666666667,0.153846153846154,0.0384615384615385,0.375,0.262820512820513,-0.336538461538462
"ASV_225",0,0.461538461538462,0,0,-0.461538461538462,0
"ASV_226",0,0.0769230769230769,0.576923076923077,0.416666666666667,-0.0769230769230769,0.16025641025641
"ASV_227",0.208333333333333,0.269230769230769,0.0384615384615385,0,-0.0608974358974359,0.0384615384615385
"ASV_228",0.0416666666666667,0,0.230769230769231,0.416666666666667,0.0416666666666667,-0.185897435897436
"ASV_229",0,0,0.884615384615385,0.75,0,0.134615384615385
"ASV_230",0.166666666666667,0.307692307692308,0,0,-0.141025641025641,0
"ASV_231",0,0.423076923076923,0,0,-0.423076923076923,0
"ASV_232",0,0,0.576923076923077,0.375,0,0.201923076923077
"ASV_233",0.0416666666666667,0.0384615384615385,0.923076923076923,0.583333333333333,0.0032051282051282,0.33974358974359
"ASV_234",0.333333333333333,0.115384615384615,0,0,0.217948717948718,0
"ASV_235",0.333333333333333,0.115384615384615,0.653846153846154,0.625,0.217948717948718,0.0288461538461539
"ASV_236",0,0,0.384615384615385,0.416666666666667,0,-0.032051282051282
"ASV_237",0.166666666666667,0.0384615384615385,0,0,0.128205128205128,0
"ASV_239",0.0416666666666667,0.0384615384615385,0.461538461538462,0.458333333333333,0.0032051282051282,0.00320512820512825
"ASV_240",0.125,0.0769230769230769,0.884615384615385,0.25,0.0480769230769231,0.634615384615385
"ASV_241",0.125,0,0.0384615384615385,0.458333333333333,0.125,-0.419871794871795
"ASV_242",0,0.0384615384615385,0.576923076923077,0.708333333333333,-0.0384615384615385,-0.131410256410256
"ASV_243",0,0,0.230769230769231,0.458333333333333,0,-0.227564102564103
"ASV_244",0.666666666666667,0,0.115384615384615,0.0833333333333333,0.666666666666667,0.0320512820512821
"ASV_245",0,0,0.307692307692308,0.458333333333333,0,-0.150641025641026
"ASV_246",0.0416666666666667,0.115384615384615,0.769230769230769,0.708333333333333,-0.0737179487179487,0.0608974358974359
"ASV_247",0,0.0384615384615385,0.846153846153846,0.375,-0.0384615384615385,0.471153846153846
"ASV_248",0,0.269230769230769,0,0,-0.269230769230769,0
"ASV_249",0,0,0.576923076923077,0.541666666666667,0,0.0352564102564102
"ASV_250",0,0,0.115384615384615,0.583333333333333,0,-0.467948717948718
"ASV_251",0,0.0384615384615385,0.884615384615385,0.208333333333333,-0.0384615384615385,0.676282051282051
"ASV_252",1,0.0384615384615385,0,0,0.961538461538462,0
"ASV_253",0,0,0.615384615384615,0.291666666666667,0,0.323717948717949
"ASV_254",0.541666666666667,0.269230769230769,0,0.166666666666667,0.272435897435897,-0.166666666666667
"ASV_255",0,0.384615384615385,0,0,-0.384615384615385,0
"ASV_256",0,0,0.230769230769231,0.5,0,-0.269230769230769
"ASV_257",0.458333333333333,0,0,0,0.458333333333333,0
"ASV_258",0.125,0.0769230769230769,0.461538461538462,0.458333333333333,0.0480769230769231,0.00320512820512825
"ASV_259",0,0,0.307692307692308,0.0416666666666667,0,0.266025641025641
"ASV_260",0,0,0.0769230769230769,0.875,0,-0.798076923076923
"ASV_261",0.75,0.115384615384615,0,0,0.634615384615385,0
"ASV_262",0.166666666666667,0.115384615384615,0,0,0.0512820512820513,0
"ASV_263",0,0,0.576923076923077,0.333333333333333,0,0.243589743589744
"ASV_264",0.625,0.0769230769230769,0.0384615384615385,0.0416666666666667,0.548076923076923,-0.0032051282051282
"ASV_265",0.416666666666667,0.192307692307692,0,0,0.224358974358974,0
"ASV_266",0.0833333333333333,0,0,0,0.0833333333333333,0
"ASV_267",1,0.192307692307692,0,0,0.807692307692308,0
"ASV_268",0.958333333333333,0.307692307692308,0.0384615384615385,0.0416666666666667,0.650641025641026,-0.0032051282051282
"ASV_269",0.625,0.307692307692308,0,0.0416666666666667,0.317307692307692,-0.0416666666666667
"ASV_270",0.916666666666667,0.0769230769230769,0.0384615384615385,0.833333333333333,0.83974358974359,-0.794871794871795
"ASV_271",0.0416666666666667,0.0769230769230769,0,0,-0.0352564102564103,0
"ASV_272",0.0416666666666667,0.0384615384615385,0,0,0.0032051282051282,0
"ASV_273",0.625,0.115384615384615,0,0,0.509615384615385,0
"ASV_274",0.125,0,0.115384615384615,0.125,0.125,-0.00961538461538461
"ASV_275",0.208333333333333,0.192307692307692,0.423076923076923,0.625,0.016025641025641,-0.201923076923077
"ASV_276",0.875,0.269230769230769,0,0,0.605769230769231,0
"ASV_278",0,0.0384615384615385,0.5,0.75,-0.0384615384615385,-0.25
"ASV_279",0.208333333333333,0.192307692307692,0.230769230769231,0.25,0.016025641025641,-0.0192307692307692
"ASV_280",0,0.384615384615385,0,0,-0.384615384615385,0
"ASV_281",0.708333333333333,0.153846153846154,0,0.125,0.55448717948718,-0.125
"ASV_282",0.75,0.0769230769230769,0.0384615384615385,0,0.673076923076923,0.0384615384615385
"ASV_283",0.833333333333333,0,0,0,0.833333333333333,0
"ASV_284",0.166666666666667,0,0.115384615384615,0.333333333333333,0.166666666666667,-0.217948717948718
"ASV_285",0,0.0769230769230769,0.846153846153846,0.75,-0.0769230769230769,0.0961538461538461
"ASV_286",0,0,0,0.0416666666666667,0,-0.0416666666666667
"ASV_287",0.458333333333333,0.0384615384615385,0,0,0.419871794871795,0
"ASV_289",0.166666666666667,0.730769230769231,0.0384615384615385,0.166666666666667,-0.564102564102564,-0.128205128205128
"ASV_290",0,0.115384615384615,0.153846153846154,0.291666666666667,-0.115384615384615,-0.137820512820513
"ASV_291",0.0416666666666667,0,0,0,0.0416666666666667,0
"ASV_292",0.0416666666666667,0,0.346153846153846,0.5,0.0416666666666667,-0.153846153846154
"ASV_293",0,0.0769230769230769,0,0,-0.0769230769230769,0
"ASV_294",0.0416666666666667,0,0.307692307692308,0.541666666666667,0.0416666666666667,-0.233974358974359
"ASV_295",0.916666666666667,0.153846153846154,0,0,0.762820512820513,0
"ASV_296",0.541666666666667,0.0769230769230769,0,0,0.46474358974359,0
"ASV_297",0,0,0.269230769230769,0.0416666666666667,0,0.227564102564103
"ASV_298",0.5,0.0384615384615385,0.423076923076923,0.625,0.461538461538462,-0.201923076923077
"ASV_299",0,0.0384615384615385,0.153846153846154,0.541666666666667,-0.0384615384615385,-0.387820512820513
"ASV_300",0.833333333333333,0.269230769230769,0.0384615384615385,0.125,0.564102564102564,-0.0865384615384615
"ASV_301",0.666666666666667,0.192307692307692,0,0,0.474358974358974,0
"ASV_302",0,0,0.0769230769230769,0.0833333333333333,0,-0.0064102564102564
"ASV_304",0.125,0.0769230769230769,0,0,0.0480769230769231,0
"ASV_305",0.0833333333333333,0.0769230769230769,0.576923076923077,0.458333333333333,0.0064102564102564,0.118589743589744
"ASV_306",0,0.269230769230769,0,0.0416666666666667,-0.269230769230769,-0.0416666666666667
"ASV_307",0,0,0.269230769230769,0.333333333333333,0,-0.0641025641025641
"ASV_308",0.0416666666666667,0,0.269230769230769,0.25,0.0416666666666667,0.0192307692307692
"ASV_311",0,0.0384615384615385,0.576923076923077,0.125,-0.0384615384615385,0.451923076923077
"ASV_312",0,0,0.5,0.166666666666667,0,0.333333333333333
"ASV_313",0.416666666666667,0.230769230769231,0,0,0.185897435897436,0
"ASV_314",0,0,0,0.0416666666666667,0,-0.0416666666666667
"ASV_315",0,0,0.769230769230769,0.375,0,0.394230769230769
"ASV_316",0,0.0384615384615385,0.230769230769231,0.5,-0.0384615384615385,-0.269230769230769
"ASV_317",0,0.0384615384615385,0.384615384615385,0.541666666666667,-0.0384615384615385,-0.157051282051282
"ASV_318",0.0416666666666667,0,0.5,0.458333333333333,0.0416666666666667,0.0416666666666667
"ASV_319",0,0,0.576923076923077,0.333333333333333,0,0.243589743589744
"ASV_320",0,0.0384615384615385,0.153846153846154,0.25,-0.0384615384615385,-0.0961538461538461
"ASV_321",0.25,0.0384615384615385,0.115384615384615,0.5,0.211538461538462,-0.384615384615385
"ASV_322",0.0833333333333333,0.192307692307692,0,0,-0.108974358974359,0
"ASV_323",0,0,0.884615384615385,0.333333333333333,0,0.551282051282051
"ASV_324",0,0,0.423076923076923,0.25,0,0.173076923076923
"ASV_325",0,0,0.153846153846154,0.416666666666667,0,-0.262820512820513
"ASV_326",0,0,0.653846153846154,0.375,0,0.278846153846154
"ASV_327",0.125,0.192307692307692,0,0,-0.0673076923076923,0
"ASV_328",0.125,0.115384615384615,0,0.25,0.00961538461538461,-0.25
"ASV_329",0,0,0.538461538461538,0.458333333333333,0,0.0801282051282051
"ASV_330",0,0,0,0.166666666666667,0,-0.166666666666667
"ASV_331",0,0.0769230769230769,0.461538461538462,0.458333333333333,-0.0769230769230769,0.00320512820512825
"ASV_332",0.625,0,0,0.0416666666666667,0.625,-0.0416666666666667
"ASV_333",0,0,0.269230769230769,0.208333333333333,0,0.0608974358974359
"ASV_334",0,0,0.230769230769231,0.458333333333333,0,-0.227564102564103
"ASV_335",0.75,0.0384615384615385,0,0,0.711538461538462,0
"ASV_336",0,0.0384615384615385,0.115384615384615,0.0416666666666667,-0.0384615384615385,0.0737179487179487
"ASV_337",0,0.0384615384615385,0.384615384615385,0.416666666666667,-0.0384615384615385,-0.032051282051282
"ASV_338",0.333333333333333,0.346153846153846,0.0384615384615385,0.0833333333333333,-0.0128205128205128,-0.0448717948717949
"ASV_339",0.0833333333333333,0.269230769230769,0.0384615384615385,0.25,-0.185897435897436,-0.211538461538462
"ASV_340",0,0,0.653846153846154,0.375,0,0.278846153846154
"ASV_341",0.5,0.115384615384615,0.0384615384615385,0.458333333333333,0.384615384615385,-0.419871794871795
"ASV_342",0.5,0.0384615384615385,0.0769230769230769,0.0416666666666667,0.461538461538462,0.0352564102564103
"ASV_343",0.416666666666667,0.153846153846154,0.0384615384615385,0.0416666666666667,0.262820512820513,-0.0032051282051282
"ASV_344",0.166666666666667,0.307692307692308,0,0,-0.141025641025641,0
"ASV_345",0,0,0.269230769230769,0.125,0,0.144230769230769
"ASV_346",0,0,0.0384615384615385,0,0,0.0384615384615385
"ASV_347",0.125,0.384615384615385,0,0,-0.259615384615385,0
"ASV_348",0,0,0.384615384615385,0.666666666666667,0,-0.282051282051282
"ASV_349",0,0.0384615384615385,0.115384615384615,0.125,-0.0384615384615385,-0.00961538461538461
"ASV_350",0.208333333333333,0,0,0,0.208333333333333,0
"ASV_351",0.25,0.0384615384615385,0,0,0.211538461538462,0
"ASV_352",0.583333333333333,0,0,0,0.583333333333333,0
"ASV_353",0,0,0.384615384615385,0.416666666666667,0,-0.032051282051282
"ASV_354",0,0.0384615384615385,0.0384615384615385,0.125,-0.0384615384615385,-0.0865384615384615
"ASV_355",0.125,0.230769230769231,0.384615384615385,0.625,-0.105769230769231,-0.240384615384615
"ASV_357",0.458333333333333,0.307692307692308,0,0,0.150641025641026,0
"ASV_358",0.333333333333333,0,0,0,0.333333333333333,0
"ASV_359",0.791666666666667,0.0384615384615385,0,0,0.753205128205128,0
"ASV_360",0.791666666666667,0.0384615384615385,0,0,0.753205128205128,0
"ASV_361",0.708333333333333,0.384615384615385,0,0,0.323717948717949,0
"ASV_362",0.625,0.384615384615385,0,0,0.240384615384615,0
"ASV_363",0,0.153846153846154,0,0,-0.153846153846154,0
"ASV_364",0,0.0384615384615385,0,0,-0.0384615384615385,0
"ASV_365",0,0.307692307692308,0,0,-0.307692307692308,0
"ASV_366",0.416666666666667,0,0,0,0.416666666666667,0
"ASV_367",0.458333333333333,0,0,0,0.458333333333333,0
"ASV_368",0,0,0.192307692307692,0.875,0,-0.682692307692308
"ASV_369",0.375,0.192307692307692,0.384615384615385,0.208333333333333,0.182692307692308,0.176282051282051
"ASV_370",0,0.269230769230769,0,0,-0.269230769230769,0
"ASV_371",0.125,0.0769230769230769,0,0,0.0480769230769231,0
"ASV_372",0.0833333333333333,0,0.269230769230769,0.0833333333333333,0.0833333333333333,0.185897435897436
"ASV_373",0,0.0769230769230769,0.230769230769231,0.0833333333333333,-0.0769230769230769,0.147435897435897
"ASV_374",0.583333333333333,0.269230769230769,0,0,0.314102564102564,0
"ASV_375",0.458333333333333,0,0,0,0.458333333333333,0
"ASV_376",0,0,0.115384615384615,0.833333333333333,0,-0.717948717948718
"ASV_377",0,0,0.615384615384615,0.791666666666667,0,-0.176282051282051
"ASV_378",0.291666666666667,0,0.0384615384615385,0.291666666666667,0.291666666666667,-0.253205128205128
"ASV_379",0,0,0.115384615384615,0.333333333333333,0,-0.217948717948718
"ASV_380",0,0,0.576923076923077,0.208333333333333,0,0.368589743589744
"ASV_381",0,0,0.423076923076923,0.291666666666667,0,0.131410256410256
"ASV_383",0,0.0769230769230769,0,0,-0.0769230769230769,0
"ASV_384",0.208333333333333,0,0.346153846153846,0.791666666666667,0.208333333333333,-0.44551282051282
"ASV_385",0,0,0.692307692307692,0.541666666666667,0,0.150641025641026
"ASV_386",0.208333333333333,0.153846153846154,0.0384615384615385,0.208333333333333,0.0544871794871795,-0.169871794871795
"ASV_387",0.125,0.0769230769230769,0,0.0833333333333333,0.0480769230769231,-0.0833333333333333
"ASV_388",0.0416666666666667,0,0.423076923076923,0.25,0.0416666666666667,0.173076923076923
"ASV_389",0.666666666666667,0.115384615384615,0,0,0.551282051282051,0
"ASV_390",0.0416666666666667,0.576923076923077,0.153846153846154,0.0416666666666667,-0.53525641025641,0.112179487179487
"ASV_391",0,0,0.115384615384615,0.125,0,-0.00961538461538461
"ASV_392",0,0.153846153846154,0,0,-0.153846153846154,0
"ASV_393",0.125,0.115384615384615,0.230769230769231,0.208333333333333,0.00961538461538461,0.0224358974358974
"ASV_394",0,0,0.384615384615385,0.333333333333333,0,0.0512820512820513
"ASV_395",0.0833333333333333,0,0,0.75,0.0833333333333333,-0.75
"ASV_396",0.291666666666667,0,0,0,0.291666666666667,0
"ASV_397",0.125,0.0384615384615385,0.192307692307692,0.416666666666667,0.0865384615384615,-0.224358974358974
"ASV_398",0,0,0.653846153846154,0.208333333333333,0,0.44551282051282
"ASV_399",0.0416666666666667,0.0384615384615385,0.153846153846154,0.208333333333333,0.0032051282051282,-0.0544871794871795
"ASV_400",0.125,0,0.153846153846154,0.291666666666667,0.125,-0.137820512820513
"ASV_401",0.0833333333333333,0.0384615384615385,0,0,0.0448717948717949,0
"ASV_402",0,0.807692307692308,0,0,-0.807692307692308,0
"ASV_403",0,0,0.115384615384615,0,0,0.115384615384615
"ASV_404",0.0416666666666667,0.0384615384615385,0.0384615384615385,0.0416666666666667,0.0032051282051282,-0.0032051282051282
"ASV_405",0,0,0.230769230769231,0.0833333333333333,0,0.147435897435897
"ASV_406",0,0,0.230769230769231,0,0,0.230769230769231
"ASV_407",0.416666666666667,0.0769230769230769,0,0,0.33974358974359,0
"ASV_408",0.208333333333333,0.0384615384615385,0,0,0.169871794871795,0
"ASV_409",0,0.0384615384615385,0,0.166666666666667,-0.0384615384615385,-0.166666666666667
"ASV_410",0,0.0384615384615385,0,0,-0.0384615384615385,0
"ASV_411",0.0416666666666667,0.0769230769230769,0.0384615384615385,0.25,-0.0352564102564103,-0.211538461538462
"ASV_412",0,0,0,0.0416666666666667,0,-0.0416666666666667
"ASV_413",0,0.192307692307692,0,0,-0.192307692307692,0
"ASV_414",0,0.0384615384615385,0,0,-0.0384615384615385,0
"ASV_415",0,0,0.307692307692308,0.583333333333333,0,-0.275641025641026
"ASV_416",0.125,0.192307692307692,0.0769230769230769,0.541666666666667,-0.0673076923076923,-0.46474358974359
"ASV_417",0,0,0.5,0.208333333333333,0,0.291666666666667
"ASV_418",0.291666666666667,0,0.576923076923077,0.416666666666667,0.291666666666667,0.16025641025641
"ASV_419",0.291666666666667,0.0384615384615385,0.153846153846154,0.0833333333333333,0.253205128205128,0.0705128205128205
"ASV_421",0.791666666666667,0,0.115384615384615,0.166666666666667,0.791666666666667,-0.0512820512820513
"ASV_422",0,0.0769230769230769,0,0,-0.0769230769230769,0
"ASV_423",0.541666666666667,0.0384615384615385,0,0.0416666666666667,0.503205128205128,-0.0416666666666667
"ASV_424",0.291666666666667,0.269230769230769,0,0.0416666666666667,0.0224358974358975,-0.0416666666666667
"ASV_425",0,0,0.230769230769231,0.5,0,-0.269230769230769
"ASV_426",0,0.192307692307692,0,0,-0.192307692307692,0
"ASV_427",0.125,0.192307692307692,0,0,-0.0673076923076923,0
"ASV_428",0.416666666666667,0,0,0,0.416666666666667,0
"ASV_429",0,0.153846153846154,0.5,0.0833333333333333,-0.153846153846154,0.416666666666667
"ASV_430",0,0,0.115384615384615,0.0416666666666667,0,0.0737179487179487
"ASV_431",0.416666666666667,0,0.0384615384615385,0.541666666666667,0.416666666666667,-0.503205128205128
"ASV_432",0,0,0.5,0.5,0,0
"ASV_433",0.0416666666666667,0,0,0.0416666666666667,0.0416666666666667,-0.0416666666666667
"ASV_435",0.458333333333333,0.153846153846154,0,0,0.304487179487179,0
"ASV_436",0,0,0,0.0416666666666667,0,-0.0416666666666667
"ASV_437",0.291666666666667,0.0384615384615385,0,0,0.253205128205128,0
"ASV_438",0,0,0.423076923076923,0.291666666666667,0,0.131410256410256
"ASV_439",0.0833333333333333,0,0.307692307692308,0.208333333333333,0.0833333333333333,0.0993589743589744
"ASV_440",0,0,0.0384615384615385,0,0,0.0384615384615385
"ASV_441",0.0833333333333333,0.0769230769230769,0.423076923076923,0.458333333333333,0.0064102564102564,-0.0352564102564102
"ASV_442",0.375,0.0769230769230769,0,0,0.298076923076923,0
"ASV_443",0,0,0.653846153846154,0.625,0,0.0288461538461539
"ASV_445",0,0,0.576923076923077,0.666666666666667,0,-0.0897435897435898
"ASV_446",0.0416666666666667,0,0.115384615384615,0.5,0.0416666666666667,-0.384615384615385
"ASV_447",0,0.0384615384615385,0,0,-0.0384615384615385,0
"ASV_448",0.541666666666667,0.0384615384615385,0.0384615384615385,0,0.503205128205128,0.0384615384615385
"ASV_449",0,0,0.192307692307692,0.25,0,-0.0576923076923077
"ASV_450",0,0.307692307692308,0,0,-0.307692307692308,0
"ASV_451",0.291666666666667,0.461538461538462,0,0,-0.169871794871795,0
"ASV_452",0,0,0.153846153846154,0.25,0,-0.0961538461538461
"ASV_453",0,0.0384615384615385,0.153846153846154,0.458333333333333,-0.0384615384615385,-0.304487179487179
"ASV_454",0.0416666666666667,0,0,0,0.0416666666666667,0
"ASV_455",0.25,0.0769230769230769,0.153846153846154,0.0833333333333333,0.173076923076923,0.0705128205128205
"ASV_456",0,0,0.0769230769230769,0.208333333333333,0,-0.131410256410256
"ASV_457",0,0,0,0.0416666666666667,0,-0.0416666666666667
"ASV_458",0.0416666666666667,0,0.153846153846154,0.166666666666667,0.0416666666666667,-0.0128205128205128
"ASV_459",0,0,0.230769230769231,0.625,0,-0.394230769230769
"ASV_460",0.291666666666667,0.0384615384615385,0.0384615384615385,0.0416666666666667,0.253205128205128,-0.0032051282051282
"ASV_461",0.0416666666666667,0,0,0.0416666666666667,0.0416666666666667,-0.0416666666666667
"ASV_462",0,0,0.538461538461538,0.25,0,0.288461538461538
"ASV_463",0,0,0.192307692307692,0.208333333333333,0,-0.016025641025641
"ASV_464",0,0.0384615384615385,0.346153846153846,0.0416666666666667,-0.0384615384615385,0.304487179487179
"ASV_465",0.208333333333333,0,0,0,0.208333333333333,0
"ASV_466",0,0,0.153846153846154,0.25,0,-0.0961538461538461
"ASV_467",0.0416666666666667,0,0.115384615384615,0.708333333333333,0.0416666666666667,-0.592948717948718
"ASV_468",0,0,0.423076923076923,0.25,0,0.173076923076923
"ASV_469",0,0.0384615384615385,0,0,-0.0384615384615385,0
"ASV_471",0,0,0.153846153846154,0.0833333333333333,0,0.0705128205128205
"ASV_472",0.0833333333333333,0.230769230769231,0.192307692307692,0.125,-0.147435897435897,0.0673076923076923
"ASV_473",0.125,0.269230769230769,0,0,-0.144230769230769,0
"ASV_474",0.0833333333333333,0.0769230769230769,0.0384615384615385,0.0416666666666667,0.0064102564102564,-0.0032051282051282
"ASV_475",0.375,0.115384615384615,0,0,0.259615384615385,0
"ASV_476",0.333333333333333,0.0769230769230769,0,0,0.256410256410256,0
"ASV_477",0,0.115384615384615,0,0.0833333333333333,-0.115384615384615,-0.0833333333333333
"ASV_478",0.375,0.269230769230769,0,0,0.105769230769231,0
"ASV_479",0.333333333333333,0.115384615384615,0,0,0.217948717948718,0
"ASV_480",0,0,0.576923076923077,0.291666666666667,0,0.28525641025641
"ASV_481",0.541666666666667,0.153846153846154,0.0384615384615385,0.0416666666666667,0.387820512820513,-0.0032051282051282
"ASV_482",0.125,0,0.0769230769230769,0.5,0.125,-0.423076923076923
"ASV_483",0.0416666666666667,0.115384615384615,0,0,-0.0737179487179487,0
"ASV_484",0,0,0,0.291666666666667,0,-0.291666666666667
"ASV_485",0,0,0,0.208333333333333,0,-0.208333333333333
"ASV_486",0,0,0.346153846153846,0.458333333333333,0,-0.112179487179487
"ASV_487",0,0,0.230769230769231,0.291666666666667,0,-0.0608974358974359
"ASV_489",0.166666666666667,0,0,0,0.166666666666667,0
"ASV_490",0.166666666666667,0.192307692307692,0,0,-0.0256410256410257,0
"ASV_491",0,0,0.0384615384615385,0.291666666666667,0,-0.253205128205128
"ASV_492",0,0,0.0769230769230769,0.208333333333333,0,-0.131410256410256
"ASV_493",0,0.0384615384615385,0.346153846153846,0.25,-0.0384615384615385,0.0961538461538461
"ASV_494",0,0.0384615384615385,0.230769230769231,0.416666666666667,-0.0384615384615385,-0.185897435897436
"ASV_495",0,0,0.230769230769231,0.0833333333333333,0,0.147435897435897
"ASV_496",0,0,0.115384615384615,0.208333333333333,0,-0.092948717948718
"ASV_497",0,0.115384615384615,0,0,-0.115384615384615,0
"ASV_498",0.0833333333333333,0,0.192307692307692,0.291666666666667,0.0833333333333333,-0.0993589743589744
"ASV_500",0,0,0.192307692307692,0.416666666666667,0,-0.224358974358974
"ASV_501",0.333333333333333,0.0384615384615385,0,0,0.294871794871795,0
"ASV_502",0,0.0384615384615385,0,0,-0.0384615384615385,0
"ASV_503",0.333333333333333,0.0384615384615385,0,0,0.294871794871795,0
"ASV_505",0,0,0.461538461538462,0.291666666666667,0,0.169871794871795
"ASV_506",0.0833333333333333,0,0,0.0416666666666667,0.0833333333333333,-0.0416666666666667
"ASV_507",0,0.0384615384615385,0.615384615384615,0.208333333333333,-0.0384615384615385,0.407051282051282
"ASV_508",0.583333333333333,0.115384615384615,0,0,0.467948717948718,0
"ASV_509",0,0,0.269230769230769,0.291666666666667,0,-0.0224358974358975
"ASV_510",0,0,0.384615384615385,0.208333333333333,0,0.176282051282051
"ASV_511",0,0,0.0384615384615385,0,0,0.0384615384615385
"ASV_512",0,0.0384615384615385,0,0,-0.0384615384615385,0
"ASV_513",0.333333333333333,0.230769230769231,0.192307692307692,0.291666666666667,0.102564102564103,-0.0993589743589744
"ASV_515",0,0,0.0384615384615385,0.125,0,-0.0865384615384615
"ASV_516",0.125,0,0,0,0.125,0
"ASV_517",0.0416666666666667,0.346153846153846,0,0,-0.304487179487179,0
"ASV_518",0,0,0,0.125,0,-0.125
"ASV_519",0.333333333333333,0.0384615384615385,0,0,0.294871794871795,0
"ASV_520",0,0,0.269230769230769,0.166666666666667,0,0.102564102564103
"ASV_521",0.0833333333333333,0.0769230769230769,0.230769230769231,0.166666666666667,0.0064102564102564,0.0641025641025641
"ASV_522",0.25,0.0769230769230769,0,0,0.173076923076923,0
"ASV_524",0,0,0.115384615384615,0.0833333333333333,0,0.0320512820512821
"ASV_526",0.0416666666666667,0.269230769230769,0,0,-0.227564102564103,0
"ASV_527",0,0,0.0384615384615385,0.25,0,-0.211538461538462
"ASV_528",0,0,0.307692307692308,0.541666666666667,0,-0.233974358974359
"ASV_529",0,0,0,0.0833333333333333,0,-0.0833333333333333
"ASV_530",0,0,0.346153846153846,0.125,0,0.221153846153846
"ASV_531",0.0416666666666667,0.307692307692308,0,0,-0.266025641025641,0
"ASV_532",0.25,0.192307692307692,0,0,0.0576923076923077,0
"ASV_533",0,0,0.153846153846154,0.125,0,0.0288461538461539
"ASV_534",0.5,0.192307692307692,0.0384615384615385,0.0416666666666667,0.307692307692308,-0.0032051282051282
"ASV_535",0.0833333333333333,0.0384615384615385,0.384615384615385,0.25,0.0448717948717949,0.134615384615385
"ASV_536",0,0,0.0769230769230769,0.25,0,-0.173076923076923
"ASV_537",0.0416666666666667,0,0,0,0.0416666666666667,0
"ASV_538",0.25,0,0,0,0.25,0
"ASV_539",0.666666666666667,0.0384615384615385,0,0,0.628205128205128,0
"ASV_540",0,0,0.307692307692308,0.25,0,0.0576923076923077
"ASV_541",0,0,0,0.541666666666667,0,-0.541666666666667
"ASV_542",0.291666666666667,0.423076923076923,0,0,-0.131410256410256,0
"ASV_543",0.0416666666666667,0.0384615384615385,0,0,0.0032051282051282,0
"ASV_544",0.25,0.307692307692308,0,0.0416666666666667,-0.0576923076923077,-0.0416666666666667
"ASV_545",0,0.0384615384615385,0,0,-0.0384615384615385,0
"ASV_546",0.166666666666667,0,0.0769230769230769,0.0416666666666667,0.166666666666667,0.0352564102564103
"ASV_547",0,0,0.115384615384615,0.0416666666666667,0,0.0737179487179487
"ASV_548",0,0.384615384615385,0,0,-0.384615384615385,0
"ASV_549",0.0833333333333333,0,0.115384615384615,0.25,0.0833333333333333,-0.134615384615385
"ASV_550",0.0833333333333333,0,0,0,0.0833333333333333,0
"ASV_551",0,0.0384615384615385,0.230769230769231,0.166666666666667,-0.0384615384615385,0.0641025641025641
"ASV_552",0,0.0769230769230769,0,0,-0.0769230769230769,0
"ASV_553",0.166666666666667,0.346153846153846,0.0769230769230769,0,-0.17948717948718,0.0769230769230769
"ASV_555",0,0,0,0.0416666666666667,0,-0.0416666666666667
"ASV_556",0,0.230769230769231,0,0,-0.230769230769231,0
"ASV_557",0.0416666666666667,0,0,0.125,0.0416666666666667,-0.125
"ASV_559",0.0833333333333333,0,0,0.0416666666666667,0.0833333333333333,-0.0416666666666667
"ASV_560",0.0416666666666667,0,0,0.125,0.0416666666666667,-0.125
"ASV_561",0.25,0,0,0,0.25,0
"ASV_562",0,0,0.0769230769230769,0.458333333333333,0,-0.381410256410256
"ASV_563",0.208333333333333,0.0384615384615385,0.0384615384615385,0.0833333333333333,0.169871794871795,-0.0448717948717949
"ASV_564",0.25,0.269230769230769,0,0,-0.0192307692307692,0
"ASV_565",0,0,0,0.0833333333333333,0,-0.0833333333333333
"ASV_566",0,0,0.0769230769230769,0.541666666666667,0,-0.46474358974359
"ASV_567",0.0833333333333333,0.0384615384615385,0.0769230769230769,0.0833333333333333,0.0448717948717949,-0.0064102564102564
"ASV_568",0.25,0.0384615384615385,0.0769230769230769,0.125,0.211538461538462,-0.0480769230769231
"ASV_569",0.25,0.115384615384615,0,0,0.134615384615385,0
"ASV_570",0.208333333333333,0,0,0,0.208333333333333,0
"ASV_571",0,0,0.230769230769231,0.125,0,0.105769230769231
"ASV_572",0,0.115384615384615,0,0,-0.115384615384615,0
"ASV_573",0,0.0384615384615385,0,0,-0.0384615384615385,0
"ASV_574",0,0,0.0384615384615385,0.125,0,-0.0865384615384615
"ASV_575",0,0,0.0769230769230769,0.0833333333333333,0,-0.0064102564102564
"ASV_576",0,0,0.230769230769231,0.166666666666667,0,0.0641025641025641
"ASV_577",0.0416666666666667,0,0.115384615384615,0.125,0.0416666666666667,-0.00961538461538461
"ASV_578",0,0,0,0.25,0,-0.25
"ASV_579",0.208333333333333,0,0.0769230769230769,0.0833333333333333,0.208333333333333,-0.0064102564102564
"ASV_580",0.5,0.0384615384615385,0,0,0.461538461538462,0
"ASV_581",0,0,0.153846153846154,0.0416666666666667,0,0.112179487179487
"ASV_582",0,0.0384615384615385,0,0,-0.0384615384615385,0
"ASV_583",0.0416666666666667,0,0,0,0.0416666666666667,0
"ASV_584",0.0416666666666667,0,0,0,0.0416666666666667,0
"ASV_585",0.666666666666667,0,0,0,0.666666666666667,0
"ASV_586",0.25,0.0384615384615385,0,0,0.211538461538462,0
"ASV_587",0.0416666666666667,0.0384615384615385,0.0384615384615385,0.416666666666667,0.0032051282051282,-0.378205128205128
"ASV_588",0,0,0.230769230769231,0.208333333333333,0,0.0224358974358974
"ASV_590",0.416666666666667,0,0,0,0.416666666666667,0
"ASV_591",0,0.0769230769230769,0,0,-0.0769230769230769,0
"ASV_592",0,0.115384615384615,0,0.0416666666666667,-0.115384615384615,-0.0416666666666667
"ASV_593",0,0,0.230769230769231,0.0833333333333333,0,0.147435897435897
"ASV_594",0.333333333333333,0.0769230769230769,0,0,0.256410256410256,0
"ASV_596",0.0416666666666667,0.0384615384615385,0.0384615384615385,0.0833333333333333,0.0032051282051282,-0.0448717948717949
"ASV_597",0.166666666666667,0.230769230769231,0,0,-0.0641025641025641,0
"ASV_598",0,0.0384615384615385,0.269230769230769,0.25,-0.0384615384615385,0.0192307692307692
"ASV_599",0,0,0,0.0416666666666667,0,-0.0416666666666667
"ASV_600",0.125,0.0384615384615385,0.0769230769230769,0.458333333333333,0.0865384615384615,-0.381410256410256
"ASV_601",0.208333333333333,0.0769230769230769,0,0,0.131410256410256,0
"ASV_602",0,0,0.307692307692308,0.375,0,-0.0673076923076923
"ASV_603",0,0,0.115384615384615,0,0,0.115384615384615
"ASV_604",0,0,0.0384615384615385,0.0416666666666667,0,-0.0032051282051282
"ASV_605",0.375,0.0769230769230769,0,0,0.298076923076923,0
"ASV_606",0.166666666666667,0.115384615384615,0.0384615384615385,0.291666666666667,0.0512820512820513,-0.253205128205128
"ASV_607",0.25,0.153846153846154,0,0,0.0961538461538461,0
"ASV_608",0.541666666666667,0.0769230769230769,0,0,0.46474358974359,0
"ASV_609",0,0,0.230769230769231,0.125,0,0.105769230769231
"ASV_610",0,0,0.230769230769231,0.166666666666667,0,0.0641025641025641
"ASV_611",0.208333333333333,0.0384615384615385,0.0384615384615385,0,0.169871794871795,0.0384615384615385
"ASV_612",0.5,0,0,0,0.5,0
"ASV_613",0.166666666666667,0.346153846153846,0.0384615384615385,0,-0.17948717948718,0.0384615384615385
"ASV_614",0.291666666666667,0,0.0384615384615385,0.208333333333333,0.291666666666667,-0.169871794871795
"ASV_615",0,0,0.0384615384615385,0.0833333333333333,0,-0.0448717948717949
"ASV_616",0.541666666666667,0,0,0,0.541666666666667,0
"ASV_617",0.166666666666667,0.0384615384615385,0.346153846153846,0.25,0.128205128205128,0.0961538461538461
"ASV_618",0.0833333333333333,0.192307692307692,0.153846153846154,0.0833333333333333,-0.108974358974359,0.0705128205128205
"ASV_619",0.0416666666666667,0.0384615384615385,0,0,0.0032051282051282,0
"ASV_620",0.208333333333333,0.115384615384615,0,0,0.092948717948718,0
"ASV_621",0,0.0384615384615385,0,0,-0.0384615384615385,0
"ASV_622",0,0.346153846153846,0,0,-0.346153846153846,0
"ASV_623",0.375,0.0769230769230769,0,0,0.298076923076923,0
"ASV_624",0,0,0.153846153846154,0.333333333333333,0,-0.179487179487179
"ASV_625",0,0,0,0.5,0,-0.5
"ASV_626",0.375,0,0,0.0416666666666667,0.375,-0.0416666666666667
"ASV_627",0.458333333333333,0.0384615384615385,0.0384615384615385,0.0833333333333333,0.419871794871795,-0.0448717948717949
"ASV_628",0,0.0384615384615385,0.307692307692308,0.291666666666667,-0.0384615384615385,0.016025641025641
"ASV_629",0.333333333333333,0.230769230769231,0,0,0.102564102564103,0
"ASV_630",0,0,0.346153846153846,0.416666666666667,0,-0.0705128205128205
"ASV_631",0.25,0.0384615384615385,0,0,0.211538461538462,0
"ASV_633",0,0,0.192307692307692,0.625,0,-0.432692307692308
"ASV_634",0,0,0.230769230769231,0.208333333333333,0,0.0224358974358974
"ASV_635",0.208333333333333,0.0769230769230769,0,0,0.131410256410256,0
"ASV_636",0,0,0.0384615384615385,0.125,0,-0.0865384615384615
"ASV_637",0,0.0769230769230769,0,0,-0.0769230769230769,0
"ASV_638",0.0833333333333333,0,0,0.166666666666667,0.0833333333333333,-0.166666666666667
"ASV_639",0,0.115384615384615,0,0,-0.115384615384615,0
"ASV_640",0.0416666666666667,0,0.192307692307692,0.291666666666667,0.0416666666666667,-0.0993589743589744
"ASV_641",0.166666666666667,0,0.115384615384615,0.208333333333333,0.166666666666667,-0.092948717948718
"ASV_642",0,0.0769230769230769,0,0,-0.0769230769230769,0
"ASV_643",0,0,0.115384615384615,0,0,0.115384615384615
"ASV_644",0,0,0.307692307692308,0.333333333333333,0,-0.0256410256410256
"ASV_645",0,0.0769230769230769,0,0.0833333333333333,-0.0769230769230769,-0.0833333333333333
"ASV_646",0,0,0.0769230769230769,0.166666666666667,0,-0.0897435897435897
"ASV_647",0.0416666666666667,0.0384615384615385,0.115384615384615,0.625,0.0032051282051282,-0.509615384615385
"ASV_648",0,0,0.115384615384615,0.0416666666666667,0,0.0737179487179487
"ASV_650",0.0416666666666667,0.0769230769230769,0,0,-0.0352564102564103,0
"ASV_651",0,0,0.0384615384615385,0.166666666666667,0,-0.128205128205128
"ASV_652",0.416666666666667,0.0384615384615385,0,0,0.378205128205128,0
"ASV_653",0,0.0384615384615385,0.0384615384615385,0.0833333333333333,-0.0384615384615385,-0.0448717948717949
"ASV_654",0,0,0,0.0416666666666667,0,-0.0416666666666667
"ASV_655",0,0,0.307692307692308,0.166666666666667,0,0.141025641025641
"ASV_657",0.333333333333333,0.0769230769230769,0.0384615384615385,0,0.256410256410256,0.0384615384615385
"ASV_658",0,0.0384615384615385,0,0,-0.0384615384615385,0
"ASV_659",0,0.115384615384615,0,0,-0.115384615384615,0
"ASV_660",0.125,0.0769230769230769,0.0384615384615385,0,0.0480769230769231,0.0384615384615385
"ASV_661",0.125,0.115384615384615,0,0,0.00961538461538461,0
"ASV_662",0,0.0384615384615385,0,0,-0.0384615384615385,0
"ASV_663",0,0.0769230769230769,0.0384615384615385,0,-0.0769230769230769,0.0384615384615385
"ASV_664",0.0833333333333333,0,0.0384615384615385,0,0.0833333333333333,0.0384615384615385
"ASV_665",0.0833333333333333,0,0.0384615384615385,0,0.0833333333333333,0.0384615384615385
"ASV_666",0.375,0.230769230769231,0,0,0.144230769230769,0
"ASV_667",0,0,0,0.25,0,-0.25
"ASV_668",0,0,0.0384615384615385,0.0833333333333333,0,-0.0448717948717949
"ASV_669",0.166666666666667,0.0384615384615385,0,0,0.128205128205128,0
"ASV_670",0.0833333333333333,0,0,0,0.0833333333333333,0
"ASV_671",0,0.0384615384615385,0,0.0416666666666667,-0.0384615384615385,-0.0416666666666667
"ASV_672",0.375,0,0,0,0.375,0
"ASV_673",0.583333333333333,0.0769230769230769,0,0,0.506410256410256,0
"ASV_674",0,0,0,0.25,0,-0.25
"ASV_675",0.375,0,0,0,0.375,0
"ASV_676",0,0,0.230769230769231,0.208333333333333,0,0.0224358974358974
"ASV_677",0,0,0.0769230769230769,0.0833333333333333,0,-0.0064102564102564
"ASV_678",0,0,0.0769230769230769,0.0416666666666667,0,0.0352564102564103
"ASV_679",0.458333333333333,0.153846153846154,0,0,0.304487179487179,0
"ASV_680",0,0.0384615384615385,0,0.0416666666666667,-0.0384615384615385,-0.0416666666666667
"ASV_682",0,0,0.0384615384615385,0.0416666666666667,0,-0.0032051282051282
"ASV_683",0.208333333333333,0,0,0,0.208333333333333,0
"ASV_684",0.333333333333333,0.0384615384615385,0,0,0.294871794871795,0
"ASV_685",0,0,0.230769230769231,0.25,0,-0.0192307692307692
"ASV_686",0,0,0,0.625,0,-0.625
"ASV_687",0.208333333333333,0.230769230769231,0,0,-0.0224358974358974,0
"ASV_688",0,0,0.230769230769231,0.125,0,0.105769230769231
"ASV_689",0,0,0.269230769230769,0.291666666666667,0,-0.0224358974358975
"ASV_690",0.416666666666667,0.0769230769230769,0,0,0.33974358974359,0
"ASV_691",0.0833333333333333,0.0769230769230769,0,0,0.0064102564102564,0
"ASV_692",0,0,0.0769230769230769,0.0416666666666667,0,0.0352564102564103
"ASV_693",0.625,0,0,0,0.625,0
"ASV_694",0.541666666666667,0,0,0,0.541666666666667,0
"ASV_695",0.416666666666667,0.0769230769230769,0,0,0.33974358974359,0
"ASV_697",0,0,0.0384615384615385,0.0833333333333333,0,-0.0448717948717949
"ASV_698",0.0416666666666667,0,0.230769230769231,0.0416666666666667,0.0416666666666667,0.189102564102564
"ASV_699",0,0,0.153846153846154,0.0833333333333333,0,0.0705128205128205
"ASV_700",0,0,0.0384615384615385,0.0833333333333333,0,-0.0448717948717949
"ASV_701",0,0.153846153846154,0,0,-0.153846153846154,0
"ASV_702",0.166666666666667,0.153846153846154,0,0,0.0128205128205128,0
"ASV_703",0,0,0.269230769230769,0.208333333333333,0,0.0608974358974359
"ASV_704",0,0,0,0.0416666666666667,0,-0.0416666666666667
"ASV_705",0.583333333333333,0,0,0,0.583333333333333,0
"ASV_707",0,0,0,0.0416666666666667,0,-0.0416666666666667
"ASV_708",0.375,0.0769230769230769,0,0,0.298076923076923,0
"ASV_709",0.0833333333333333,0.0384615384615385,0.269230769230769,0.125,0.0448717948717949,0.144230769230769
"ASV_710",0.375,0.0769230769230769,0,0,0.298076923076923,0
"ASV_711",0.375,0,0,0,0.375,0
"ASV_712",0,0,0.230769230769231,0.25,0,-0.0192307692307692
"ASV_713",0,0.0384615384615385,0,0,-0.0384615384615385,0
"ASV_714",0,0.115384615384615,0.0384615384615385,0.0416666666666667,-0.115384615384615,-0.0032051282051282
"ASV_715",0.125,0,0.192307692307692,0.0833333333333333,0.125,0.108974358974359
"ASV_716",0,0,0.0384615384615385,0.208333333333333,0,-0.169871794871795
"ASV_717",0.0833333333333333,0,0,0,0.0833333333333333,0
"ASV_719",0,0,0,0.0833333333333333,0,-0.0833333333333333
"ASV_720",0.0416666666666667,0,0.0384615384615385,0.291666666666667,0.0416666666666667,-0.253205128205128
"ASV_721",0,0,0,0.375,0,-0.375
"ASV_722",0,0,0.153846153846154,0.0416666666666667,0,0.112179487179487
"ASV_723",0.125,0.115384615384615,0,0,0.00961538461538461,0
"ASV_724",0.375,0.0384615384615385,0,0,0.336538461538462,0
"ASV_725",0.166666666666667,0.0769230769230769,0,0,0.0897435897435897,0
"ASV_726",0,0,0,0.5,0,-0.5
"ASV_727",0.25,0,0,0,0.25,0
"ASV_728",0.458333333333333,0,0,0,0.458333333333333,0
"ASV_729",0,0,0.269230769230769,0.375,0,-0.105769230769231
"ASV_730",0,0.230769230769231,0,0,-0.230769230769231,0
"ASV_731",0.125,0,0.115384615384615,0.0833333333333333,0.125,0.0320512820512821
"ASV_732",0.541666666666667,0.0384615384615385,0,0,0.503205128205128,0
"ASV_734",0.5,0.0384615384615385,0,0,0.461538461538462,0
"ASV_735",0,0,0.115384615384615,0.0416666666666667,0,0.0737179487179487
"ASV_736",0,0,0.115384615384615,0.125,0,-0.00961538461538461
"ASV_737",0,0,0,0.416666666666667,0,-0.416666666666667
"ASV_738",0,0,0.230769230769231,0.208333333333333,0,0.0224358974358974
"ASV_739",0.333333333333333,0,0,0,0.333333333333333,0
"ASV_740",0.208333333333333,0.153846153846154,0,0,0.0544871794871795,0
"ASV_742",0,0.0384615384615385,0,0,-0.0384615384615385,0
"ASV_743",0,0,0,0.0416666666666667,0,-0.0416666666666667
"ASV_745",0,0.153846153846154,0,0.0833333333333333,-0.153846153846154,-0.0833333333333333
"ASV_746",0.0833333333333333,0.0384615384615385,0,0.166666666666667,0.0448717948717949,-0.166666666666667
"ASV_747",0,0.0384615384615385,0.153846153846154,0.125,-0.0384615384615385,0.0288461538461539
"ASV_748",0,0,0.192307692307692,0.166666666666667,0,0.0256410256410257
"ASV_749",0,0,0,0.375,0,-0.375
"ASV_750",0,0,0.0384615384615385,0.0416666666666667,0,-0.0032051282051282
"ASV_751",0,0,0.192307692307692,0.0833333333333333,0,0.108974358974359
"ASV_753",0,0,0.0384615384615385,0.0833333333333333,0,-0.0448717948717949
"ASV_754",0,0.0769230769230769,0,0.25,-0.0769230769230769,-0.25
"ASV_755",0,0,0.0384615384615385,0.166666666666667,0,-0.128205128205128
"ASV_756",0,0,0.0384615384615385,0.208333333333333,0,-0.169871794871795
"ASV_757",0,0,0.0384615384615385,0.0833333333333333,0,-0.0448717948717949
"ASV_758",0,0,0,0.0416666666666667,0,-0.0416666666666667
"ASV_759",0,0,0.0384615384615385,0,0,0.0384615384615385
"ASV_760",0.125,0.269230769230769,0,0,-0.144230769230769,0
"ASV_761",0,0,0.115384615384615,0.375,0,-0.259615384615385
"ASV_762",0,0,0.153846153846154,0.125,0,0.0288461538461539
"ASV_763",0.375,0.0384615384615385,0,0,0.336538461538462,0
"ASV_764",0,0,0.153846153846154,0.208333333333333,0,-0.0544871794871795
"ASV_765",0.0416666666666667,0.0384615384615385,0,0,0.0032051282051282,0
"ASV_766",0.333333333333333,0,0,0,0.333333333333333,0
"ASV_767",0.333333333333333,0.0769230769230769,0,0,0.256410256410256,0
"ASV_768",0,0,0.0384615384615385,0.375,0,-0.336538461538462
"ASV_769",0,0.0384615384615385,0,0,-0.0384615384615385,0
"ASV_770",0,0.230769230769231,0,0,-0.230769230769231,0
"ASV_771",0.0833333333333333,0.0384615384615385,0,0,0.0448717948717949,0
"ASV_772",0.208333333333333,0.0384615384615385,0.0769230769230769,0.125,0.169871794871795,-0.0480769230769231
"ASV_773",0,0,0,0.0833333333333333,0,-0.0833333333333333
"ASV_774",0,0,0.153846153846154,0.291666666666667,0,-0.137820512820513
"ASV_775",0,0,0,0.0416666666666667,0,-0.0416666666666667
"ASV_776",0,0.307692307692308,0,0,-0.307692307692308,0
"ASV_777",0.0416666666666667,0.0384615384615385,0,0,0.0032051282051282,0
"ASV_778",0.375,0.0384615384615385,0,0,0.336538461538462,0
"ASV_779",0,0,0,0.0833333333333333,0,-0.0833333333333333
"ASV_780",0,0.115384615384615,0,0.166666666666667,-0.115384615384615,-0.166666666666667
"ASV_781",0,0,0.192307692307692,0.166666666666667,0,0.0256410256410257
"ASV_782",0.0416666666666667,0.192307692307692,0,0,-0.150641025641026,0
"ASV_783",0,0,0.0384615384615385,0.0416666666666667,0,-0.0032051282051282
"ASV_784",0.208333333333333,0.269230769230769,0,0,-0.0608974358974359,0
"ASV_785",0.416666666666667,0,0,0,0.416666666666667,0
"ASV_786",0,0.0384615384615385,0,0,-0.0384615384615385,0
"ASV_787",0,0,0,0.0416666666666667,0,-0.0416666666666667
"ASV_788",0,0,0.0384615384615385,0,0,0.0384615384615385
"ASV_789",0.0833333333333333,0.0384615384615385,0,0,0.0448717948717949,0
"ASV_790",0,0.0384615384615385,0,0,-0.0384615384615385,0
"ASV_791",0.0416666666666667,0,0.115384615384615,0.0833333333333333,0.0416666666666667,0.0320512820512821
"ASV_793",0.0416666666666667,0.0769230769230769,0,0,-0.0352564102564103,0
"ASV_794",0,0.115384615384615,0,0,-0.115384615384615,0
"ASV_795",0,0,0.0384615384615385,0.0833333333333333,0,-0.0448717948717949
"ASV_796",0.125,0,0.192307692307692,0.125,0.125,0.0673076923076923
"ASV_797",0,0.0384615384615385,0.0769230769230769,0,-0.0384615384615385,0.0769230769230769
"ASV_798",0.0416666666666667,0,0,0,0.0416666666666667,0
"ASV_799",0,0.307692307692308,0,0,-0.307692307692308,0
"ASV_800",0.0416666666666667,0,0.269230769230769,0.0833333333333333,0.0416666666666667,0.185897435897436
"ASV_801",0.0833333333333333,0.192307692307692,0.0384615384615385,0.0833333333333333,-0.108974358974359,-0.0448717948717949
"ASV_802",0,0,0.192307692307692,0.166666666666667,0,0.0256410256410257
"ASV_803",0,0.0769230769230769,0.307692307692308,0.0416666666666667,-0.0769230769230769,0.266025641025641
"ASV_804",0.291666666666667,0.0384615384615385,0,0,0.253205128205128,0
"ASV_805",0.25,0,0,0,0.25,0
"ASV_806",0.0416666666666667,0.230769230769231,0,0.0416666666666667,-0.189102564102564,-0.0416666666666667
"ASV_807",0,0,0.0384615384615385,0.208333333333333,0,-0.169871794871795
"ASV_808",0,0,0.0384615384615385,0.0416666666666667,0,-0.0032051282051282
"ASV_809",0.0416666666666667,0,0.0384615384615385,0.333333333333333,0.0416666666666667,-0.294871794871795
"ASV_810",0,0.192307692307692,0,0,-0.192307692307692,0
"ASV_811",0.5,0,0,0,0.5,0
"ASV_812",0,0.0384615384615385,0,0,-0.0384615384615385,0
"ASV_814",0.0416666666666667,0.0384615384615385,0,0.291666666666667,0.0032051282051282,-0.291666666666667
"ASV_815",0,0,0.192307692307692,0.291666666666667,0,-0.0993589743589744
"ASV_816",0.0416666666666667,0.0384615384615385,0,0,0.0032051282051282,0
"ASV_817",0.208333333333333,0,0,0,0.208333333333333,0
"ASV_818",0,0,0.115384615384615,0,0,0.115384615384615
"ASV_819",0.25,0.0384615384615385,0,0,0.211538461538462,0
"ASV_820",0,0,0.269230769230769,0.25,0,0.0192307692307692
"ASV_821",0.0833333333333333,0,0.269230769230769,0.166666666666667,0.0833333333333333,0.102564102564103
"ASV_822",0,0.230769230769231,0,0,-0.230769230769231,0
"ASV_823",0,0,0.269230769230769,0.0416666666666667,0,0.227564102564103
"ASV_824",0.0416666666666667,0,0,0,0.0416666666666667,0
"ASV_825",0,0,0.0384615384615385,0.0416666666666667,0,-0.0032051282051282
"ASV_826",0,0,0.115384615384615,0.125,0,-0.00961538461538461
"ASV_827",0,0,0.0384615384615385,0,0,0.0384615384615385
"ASV_828",0.25,0.0384615384615385,0,0,0.211538461538462,0
"ASV_829",0.25,0,0,0,0.25,0
"ASV_830",0,0,0.0384615384615385,0.0416666666666667,0,-0.0032051282051282
"ASV_831",0,0.0384615384615385,0,0,-0.0384615384615385,0
"ASV_832",0,0.0384615384615385,0,0,-0.0384615384615385,0
"ASV_833",0,0.0384615384615385,0,0,-0.0384615384615385,0
"ASV_834",0.0416666666666667,0,0.0769230769230769,0.0833333333333333,0.0416666666666667,-0.0064102564102564
"ASV_835",0.0833333333333333,0,0,0,0.0833333333333333,0
"ASV_836",0.0833333333333333,0,0,0,0.0833333333333333,0
"ASV_837",0,0,0.230769230769231,0.0833333333333333,0,0.147435897435897
"ASV_838",0,0,0.0769230769230769,0.166666666666667,0,-0.0897435897435897
"ASV_839",0.125,0.115384615384615,0,0,0.00961538461538461,0
"ASV_840",0,0,0.115384615384615,0.125,0,-0.00961538461538461
"ASV_842",0.25,0,0,0,0.25,0
"ASV_843",0.0416666666666667,0,0.0769230769230769,0,0.0416666666666667,0.0769230769230769
"ASV_844",0.208333333333333,0.0384615384615385,0,0,0.169871794871795,0
"ASV_845",0,0,0.0769230769230769,0,0,0.0769230769230769
"ASV_846",0,0,0.115384615384615,0.0833333333333333,0,0.0320512820512821
"ASV_847",0.125,0.192307692307692,0,0,-0.0673076923076923,0
"ASV_848",0,0.0384615384615385,0,0,-0.0384615384615385,0
"ASV_849",0.416666666666667,0.0384615384615385,0,0,0.378205128205128,0
"ASV_850",0.125,0.0384615384615385,0.115384615384615,0.208333333333333,0.0865384615384615,-0.092948717948718
"ASV_852",0.0833333333333333,0,0,0.291666666666667,0.0833333333333333,-0.291666666666667
"ASV_853",0,0,0.0384615384615385,0.125,0,-0.0865384615384615
"ASV_854",0,0,0.0769230769230769,0.125,0,-0.0480769230769231
"ASV_856",0,0.0769230769230769,0,0,-0.0769230769230769,0
"ASV_857",0,0,0.192307692307692,0,0,0.192307692307692
"ASV_858",0,0,0.307692307692308,0.125,0,0.182692307692308
"ASV_859",0,0.0384615384615385,0.0769230769230769,0.166666666666667,-0.0384615384615385,-0.0897435897435897
"ASV_860",0,0.0769230769230769,0.0769230769230769,0.291666666666667,-0.0769230769230769,-0.21474358974359
"ASV_861",0.0833333333333333,0,0,0,0.0833333333333333,0
"ASV_862",0,0,0.0384615384615385,0.0833333333333333,0,-0.0448717948717949
"ASV_863",0.125,0.0769230769230769,0,0,0.0480769230769231,0
"ASV_864",0,0,0.192307692307692,0.0416666666666667,0,0.150641025641026
"ASV_865",0,0,0,0.375,0,-0.375
"ASV_866",0,0,0.115384615384615,0.166666666666667,0,-0.0512820512820513
"ASV_867",0,0.0384615384615385,0,0,-0.0384615384615385,0
"ASV_868",0,0,0,0.25,0,-0.25
"ASV_869",0,0,0.0769230769230769,0.291666666666667,0,-0.21474358974359
"ASV_870",0,0,0,0.208333333333333,0,-0.208333333333333
"ASV_871",0.541666666666667,0.0384615384615385,0,0,0.503205128205128,0
"ASV_872",0,0,0.0769230769230769,0.0833333333333333,0,-0.0064102564102564
"ASV_873",0,0,0.0384615384615385,0.166666666666667,0,-0.128205128205128
"ASV_874",0,0.0384615384615385,0.0384615384615385,0.25,-0.0384615384615385,-0.211538461538462
"ASV_875",0,0,0.307692307692308,0.0833333333333333,0,0.224358974358974
"ASV_876",0,0,0.192307692307692,0.208333333333333,0,-0.016025641025641
"ASV_877",0,0,0,0.0416666666666667,0,-0.0416666666666667
"ASV_878",0,0.0384615384615385,0,0,-0.0384615384615385,0
"ASV_879",0,0.0384615384615385,0,0,-0.0384615384615385,0
"ASV_880",0,0,0,0.416666666666667,0,-0.416666666666667
"ASV_881",0,0,0.115384615384615,0.25,0,-0.134615384615385
"ASV_882",0,0,0.230769230769231,0.0416666666666667,0,0.189102564102564
"ASV_883",0,0,0,0.0833333333333333,0,-0.0833333333333333
"ASV_885",0.208333333333333,0.0384615384615385,0,0.0833333333333333,0.169871794871795,-0.0833333333333333
"ASV_886",0,0.115384615384615,0,0,-0.115384615384615,0
"ASV_888",0,0,0,0.208333333333333,0,-0.208333333333333
"ASV_889",0,0,0.0384615384615385,0.125,0,-0.0865384615384615
"ASV_890",0.375,0,0,0,0.375,0
"ASV_891",0.166666666666667,0,0,0,0.166666666666667,0
"ASV_893",0.0416666666666667,0,0,0,0.0416666666666667,0
"ASV_894",0.208333333333333,0.0384615384615385,0,0,0.169871794871795,0
"ASV_895",0.125,0,0.115384615384615,0.0416666666666667,0.125,0.0737179487179487
"ASV_896",0.166666666666667,0,0.230769230769231,0.125,0.166666666666667,0.105769230769231
"ASV_898",0.0833333333333333,0.0769230769230769,0,0,0.0064102564102564,0
"ASV_899",0,0.0384615384615385,0,0,-0.0384615384615385,0
"ASV_900",0,0,0.115384615384615,0,0,0.115384615384615
"ASV_901",0.125,0,0,0.0416666666666667,0.125,-0.0416666666666667
"ASV_903",0,0.0384615384615385,0,0.0416666666666667,-0.0384615384615385,-0.0416666666666667
"ASV_904",0.0416666666666667,0,0,0,0.0416666666666667,0
"ASV_905",0.0833333333333333,0,0.0769230769230769,0.125,0.0833333333333333,-0.0480769230769231
"ASV_906",0.0416666666666667,0.0384615384615385,0,0.208333333333333,0.0032051282051282,-0.208333333333333
"ASV_907",0.166666666666667,0,0,0,0.166666666666667,0
"ASV_908",0.0416666666666667,0.0769230769230769,0,0,-0.0352564102564103,0
"ASV_909",0,0.0384615384615385,0,0,-0.0384615384615385,0
"ASV_910",0,0,0,0.0416666666666667,0,-0.0416666666666667
"ASV_911",0.0416666666666667,0,0.230769230769231,0.0416666666666667,0.0416666666666667,0.189102564102564
"ASV_912",0.0833333333333333,0.0384615384615385,0.153846153846154,0.0416666666666667,0.0448717948717949,0.112179487179487
"ASV_913",0,0,0.153846153846154,0.25,0,-0.0961538461538461
"ASV_914",0,0,0,0.0416666666666667,0,-0.0416666666666667
"ASV_915",0,0,0.0384615384615385,0,0,0.0384615384615385
"ASV_916",0,0.0384615384615385,0,0,-0.0384615384615385,0
"ASV_917",0.125,0.153846153846154,0,0,-0.0288461538461539,0
"ASV_918",0,0.192307692307692,0,0,-0.192307692307692,0
"ASV_919",0.0416666666666667,0.307692307692308,0,0,-0.266025641025641,0
"ASV_920",0.125,0,0,0,0.125,0
"ASV_921",0.375,0.0384615384615385,0,0,0.336538461538462,0
"ASV_922",0.166666666666667,0.0769230769230769,0,0,0.0897435897435897,0
"ASV_923",0,0,0.153846153846154,0.25,0,-0.0961538461538461
"ASV_924",0,0,0.0769230769230769,0.125,0,-0.0480769230769231
"ASV_925",0,0,0,0.25,0,-0.25
"ASV_926",0,0.0384615384615385,0,0,-0.0384615384615385,0
"ASV_927",0.166666666666667,0.153846153846154,0.0769230769230769,0.0416666666666667,0.0128205128205128,0.0352564102564103
"ASV_928",0.166666666666667,0.115384615384615,0,0,0.0512820512820513,0
"ASV_929",0,0.0769230769230769,0,0.0416666666666667,-0.0769230769230769,-0.0416666666666667
"ASV_930",0,0,0.192307692307692,0.125,0,0.0673076923076923
"ASV_931",0.25,0,0,0,0.25,0
"ASV_932",0,0.0769230769230769,0,0,-0.0769230769230769,0
"ASV_933",0.208333333333333,0,0,0,0.208333333333333,0
"ASV_934",0,0,0.192307692307692,0.208333333333333,0,-0.016025641025641
"ASV_936",0,0,0.0384615384615385,0,0,0.0384615384615385
"ASV_937",0.166666666666667,0.0384615384615385,0,0,0.128205128205128,0
"ASV_938",0.125,0.115384615384615,0.0384615384615385,0,0.00961538461538461,0.0384615384615385
"ASV_939",0,0,0,0.208333333333333,0,-0.208333333333333
"ASV_940",0.0416666666666667,0,0,0,0.0416666666666667,0
"ASV_941",0.5,0,0,0,0.5,0
"ASV_943",0,0,0,0.375,0,-0.375
"ASV_944",0,0,0.230769230769231,0.125,0,0.105769230769231
"ASV_945",0.208333333333333,0,0,0,0.208333333333333,0
"ASV_946",0,0.0769230769230769,0,0.166666666666667,-0.0769230769230769,-0.166666666666667
"ASV_947",0.166666666666667,0.153846153846154,0,0,0.0128205128205128,0
"ASV_949",0.166666666666667,0.0384615384615385,0,0,0.128205128205128,0
"ASV_950",0,0.0384615384615385,0.0769230769230769,0.0833333333333333,-0.0384615384615385,-0.0064102564102564
"ASV_951",0,0,0,0.416666666666667,0,-0.416666666666667
"ASV_952",0.125,0,0.0384615384615385,0.0416666666666667,0.125,-0.0032051282051282
"ASV_953",0.208333333333333,0.0384615384615385,0,0,0.169871794871795,0
"ASV_954",0,0.0384615384615385,0,0,-0.0384615384615385,0
"ASV_955",0,0,0.0384615384615385,0.291666666666667,0,-0.253205128205128
"ASV_956",0,0,0,0.291666666666667,0,-0.291666666666667
"ASV_958",0.0833333333333333,0.0769230769230769,0,0,0.0064102564102564,0
"ASV_959",0,0.0384615384615385,0,0,-0.0384615384615385,0
"ASV_960",0.0416666666666667,0,0,0,0.0416666666666667,0
"ASV_961",0,0,0.307692307692308,0.0833333333333333,0,0.224358974358974
"ASV_962",0,0,0,0.166666666666667,0,-0.166666666666667
"ASV_963",0,0,0.192307692307692,0.291666666666667,0,-0.0993589743589744
"ASV_964",0,0,0.230769230769231,0.0833333333333333,0,0.147435897435897
"ASV_965",0.125,0.0769230769230769,0,0.125,0.0480769230769231,-0.125
"ASV_966",0.0833333333333333,0.0769230769230769,0,0,0.0064102564102564,0
"ASV_967",0.0833333333333333,0.115384615384615,0,0,-0.0320512820512821,0
"ASV_968",0,0.115384615384615,0,0,-0.115384615384615,0
"ASV_969",0,0.0769230769230769,0.153846153846154,0.0416666666666667,-0.0769230769230769,0.112179487179487
"ASV_970",0,0,0.384615384615385,0,0,0.384615384615385
"ASV_971",0,0,0,0.166666666666667,0,-0.166666666666667
"ASV_973",0,0,0,0.166666666666667,0,-0.166666666666667
"ASV_974",0,0,0.0769230769230769,0.0416666666666667,0,0.0352564102564103
"ASV_975",0.166666666666667,0,0.0384615384615385,0.0416666666666667,0.166666666666667,-0.0032051282051282
"ASV_977",0.0416666666666667,0.115384615384615,0,0,-0.0737179487179487,0
"ASV_978",0.125,0.0769230769230769,0,0,0.0480769230769231,0
"ASV_979",0,0,0.0769230769230769,0.125,0,-0.0480769230769231
"ASV_981",0.375,0,0,0,0.375,0
"ASV_982",0,0.0384615384615385,0,0,-0.0384615384615385,0
"ASV_983",0,0.0384615384615385,0,0,-0.0384615384615385,0
"ASV_984",0,0.0384615384615385,0.0769230769230769,0.0416666666666667,-0.0384615384615385,0.0352564102564103
"ASV_985",0,0,0.115384615384615,0.166666666666667,0,-0.0512820512820513
"ASV_986",0,0.115384615384615,0,0,-0.115384615384615,0
"ASV_988",0,0.0769230769230769,0,0,-0.0769230769230769,0
"ASV_989",0,0.0384615384615385,0,0,-0.0384615384615385,0
"ASV_990",0.333333333333333,0,0,0.0416666666666667,0.333333333333333,-0.0416666666666667
"ASV_991",0,0,0.0384615384615385,0.0416666666666667,0,-0.0032051282051282
"ASV_992",0.291666666666667,0.0384615384615385,0,0,0.253205128205128,0
"ASV_993",0,0,0,0.25,0,-0.25
"ASV_994",0,0,0,0.0416666666666667,0,-0.0416666666666667
"ASV_995",0,0,0.115384615384615,0.0833333333333333,0,0.0320512820512821
"ASV_996",0,0,0.192307692307692,0.125,0,0.0673076923076923
"ASV_997",0.125,0,0.0384615384615385,0,0.125,0.0384615384615385
"ASV_999",0.0416666666666667,0,0,0,0.0416666666666667,0
"ASV_1000",0.166666666666667,0,0.230769230769231,0.0416666666666667,0.166666666666667,0.189102564102564
"ASV_1001",0.291666666666667,0,0,0,0.291666666666667,0
"ASV_1002",0,0,0.0769230769230769,0.125,0,-0.0480769230769231
"ASV_1003",0,0,0,0.0833333333333333,0,-0.0833333333333333
"ASV_1004",0.0416666666666667,0.0384615384615385,0,0,0.0032051282051282,0
"ASV_1005",0.333333333333333,0,0,0,0.333333333333333,0
"ASV_1006",0.291666666666667,0.0384615384615385,0,0,0.253205128205128,0
"ASV_1007",0.416666666666667,0.0384615384615385,0,0,0.378205128205128,0
"ASV_1008",0,0,0.269230769230769,0.125,0,0.144230769230769
"ASV_1009",0.0833333333333333,0.0384615384615385,0,0.0416666666666667,0.0448717948717949,-0.0416666666666667
"ASV_1010",0,0,0.153846153846154,0.208333333333333,0,-0.0544871794871795
"ASV_1011",0.0416666666666667,0,0.153846153846154,0.0416666666666667,0.0416666666666667,0.112179487179487
"ASV_1012",0.208333333333333,0.0769230769230769,0,0,0.131410256410256,0
"ASV_1013",0,0,0.153846153846154,0.166666666666667,0,-0.0128205128205128
"ASV_1014",0,0,0.153846153846154,0.0416666666666667,0,0.112179487179487
"ASV_1015",0,0.230769230769231,0.0769230769230769,0.0833333333333333,-0.230769230769231,-0.0064102564102564
"ASV_1016",0,0,0,0.0833333333333333,0,-0.0833333333333333
"ASV_1017",0,0,0,0.25,0,-0.25
"ASV_1018",0,0,0,0.333333333333333,0,-0.333333333333333
"ASV_1019",0.291666666666667,0,0,0,0.291666666666667,0
"ASV_1020",0,0.0384615384615385,0,0,-0.0384615384615385,0
"ASV_1021",0,0.0384615384615385,0,0,-0.0384615384615385,0
"ASV_1022",0,0,0.0384615384615385,0.0416666666666667,0,-0.0032051282051282
"ASV_1023",0.0833333333333333,0.0384615384615385,0,0,0.0448717948717949,0
"ASV_1024",0,0.0384615384615385,0,0,-0.0384615384615385,0
"ASV_1025",0,0.0384615384615385,0,0,-0.0384615384615385,0
"ASV_1026",0.0416666666666667,0,0,0,0.0416666666666667,0
"ASV_1027",0,0.115384615384615,0,0.0416666666666667,-0.115384615384615,-0.0416666666666667
"ASV_1028",0,0,0.115384615384615,0.0833333333333333,0,0.0320512820512821
"ASV_1029",0.0833333333333333,0.0769230769230769,0,0,0.0064102564102564,0
"ASV_1030",0,0,0,0.166666666666667,0,-0.166666666666667
"ASV_1031",0.291666666666667,0,0,0,0.291666666666667,0
"ASV_1032",0,0.153846153846154,0,0,-0.153846153846154,0
"ASV_1033",0,0.0384615384615385,0,0.166666666666667,-0.0384615384615385,-0.166666666666667
"ASV_1034",0.0416666666666667,0.0769230769230769,0,0,-0.0352564102564103,0
"ASV_1035",0,0.0384615384615385,0,0,-0.0384615384615385,0
"ASV_1036",0.0416666666666667,0,0,0,0.0416666666666667,0
"ASV_1037",0.125,0,0,0,0.125,0
"ASV_1038",0,0,0.0384615384615385,0,0,0.0384615384615385
"ASV_1039",0.125,0,0,0,0.125,0
"ASV_1040",0.166666666666667,0,0,0,0.166666666666667,0
"ASV_1041",0.0416666666666667,0,0,0,0.0416666666666667,0
"ASV_1042",0,0,0.115384615384615,0.25,0,-0.134615384615385
"ASV_1043",0.0833333333333333,0.0384615384615385,0,0,0.0448717948717949,0
"ASV_1044",0.125,0.0384615384615385,0,0,0.0865384615384615,0
"ASV_1045",0,0.0384615384615385,0,0,-0.0384615384615385,0
"ASV_1046",0,0,0.115384615384615,0.0833333333333333,0,0.0320512820512821
"ASV_1047",0,0,0,0.0833333333333333,0,-0.0833333333333333
"ASV_1049",0.375,0.0384615384615385,0,0.0416666666666667,0.336538461538462,-0.0416666666666667
"ASV_1050",0.0416666666666667,0.0384615384615385,0,0,0.0032051282051282,0
"ASV_1051",0,0,0.0769230769230769,0.125,0,-0.0480769230769231
"ASV_1052",0,0,0.0384615384615385,0.0833333333333333,0,-0.0448717948717949
"ASV_1053",0,0,0.0384615384615385,0,0,0.0384615384615385
"ASV_1054",0,0.0384615384615385,0,0,-0.0384615384615385,0
"ASV_1055",0.125,0.115384615384615,0,0,0.00961538461538461,0
"ASV_1056",0,0,0.115384615384615,0.0833333333333333,0,0.0320512820512821
"ASV_1057",0,0,0.115384615384615,0.0416666666666667,0,0.0737179487179487
"ASV_1058",0,0,0.115384615384615,0.125,0,-0.00961538461538461
"ASV_1059",0,0,0.0769230769230769,0.166666666666667,0,-0.0897435897435897
"ASV_1060",0.0416666666666667,0.0384615384615385,0.153846153846154,0.0833333333333333,0.0032051282051282,0.0705128205128205
"ASV_1061",0.208333333333333,0.0384615384615385,0,0,0.169871794871795,0
"ASV_1062",0.125,0.0384615384615385,0,0,0.0865384615384615,0
"ASV_1063",0.291666666666667,0,0,0,0.291666666666667,0
"ASV_1064",0,0,0,0.208333333333333,0,-0.208333333333333
"ASV_1065",0,0,0,0.0416666666666667,0,-0.0416666666666667
"ASV_1067",0.0416666666666667,0,0.192307692307692,0,0.0416666666666667,0.192307692307692
"ASV_1068",0.0416666666666667,0,0,0,0.0416666666666667,0
"ASV_1069",0,0.0384615384615385,0,0,-0.0384615384615385,0
"ASV_1070",0,0.0384615384615385,0,0,-0.0384615384615385,0
"ASV_1071",0.125,0.0384615384615385,0,0,0.0865384615384615,0
"ASV_1072",0.208333333333333,0.153846153846154,0,0,0.0544871794871795,0
"ASV_1073",0,0.0384615384615385,0.115384615384615,0.0833333333333333,-0.0384615384615385,0.0320512820512821
"ASV_1074",0,0.0384615384615385,0,0.0416666666666667,-0.0384615384615385,-0.0416666666666667
"ASV_1075",0,0,0.153846153846154,0.0833333333333333,0,0.0705128205128205
"ASV_1076",0.166666666666667,0,0.0384615384615385,0,0.166666666666667,0.0384615384615385
"ASV_1077",0,0.0384615384615385,0,0.166666666666667,-0.0384615384615385,-0.166666666666667
"ASV_1079",0,0,0.153846153846154,0,0,0.153846153846154
"ASV_1080",0.166666666666667,0.0384615384615385,0,0,0.128205128205128,0
"ASV_1081",0.208333333333333,0,0,0.0416666666666667,0.208333333333333,-0.0416666666666667
"ASV_1082",0,0.0769230769230769,0,0,-0.0769230769230769,0
"ASV_1083",0,0,0.0384615384615385,0,0,0.0384615384615385
"ASV_1084",0.208333333333333,0.115384615384615,0,0,0.092948717948718,0
"ASV_1085",0,0.0384615384615385,0.115384615384615,0.0416666666666667,-0.0384615384615385,0.0737179487179487
"ASV_1086",0,0.0384615384615385,0.0769230769230769,0.125,-0.0384615384615385,-0.0480769230769231
"ASV_1087",0.333333333333333,0,0,0.0416666666666667,0.333333333333333,-0.0416666666666667
"ASV_1088",0,0.0384615384615385,0,0,-0.0384615384615385,0
"ASV_1089",0.333333333333333,0,0,0.0416666666666667,0.333333333333333,-0.0416666666666667
"ASV_1090",0.208333333333333,0.115384615384615,0,0,0.092948717948718,0
"ASV_1091",0.0416666666666667,0.0384615384615385,0,0,0.0032051282051282,0
"ASV_1092",0.375,0,0.0769230769230769,0.0416666666666667,0.375,0.0352564102564103
"ASV_1093",0,0,0.115384615384615,0.0833333333333333,0,0.0320512820512821
"ASV_1094",0,0.0384615384615385,0.0769230769230769,0.0416666666666667,-0.0384615384615385,0.0352564102564103
"ASV_1095",0.0833333333333333,0.153846153846154,0,0,-0.0705128205128205,0
"ASV_1096",0,0,0.0384615384615385,0.25,0,-0.211538461538462
"ASV_1097",0,0.0769230769230769,0,0.125,-0.0769230769230769,-0.125
"ASV_1098",0,0,0,0.0416666666666667,0,-0.0416666666666667
"ASV_1099",0.166666666666667,0,0.115384615384615,0.0416666666666667,0.166666666666667,0.0737179487179487
"ASV_1100",0,0,0.115384615384615,0.0416666666666667,0,0.0737179487179487
"ASV_1101",0,0.0384615384615385,0,0,-0.0384615384615385,0
"ASV_1102",0,0.0384615384615385,0.0384615384615385,0,-0.0384615384615385,0.0384615384615385
"ASV_1103",0.0833333333333333,0,0,0,0.0833333333333333,0
"ASV_1104",0,0,0.192307692307692,0.166666666666667,0,0.0256410256410257
"ASV_1105",0.208333333333333,0.115384615384615,0.0769230769230769,0,0.092948717948718,0.0769230769230769
"ASV_1106",0,0,0,0.166666666666667,0,-0.166666666666667
"ASV_1107",0,0.0384615384615385,0,0,-0.0384615384615385,0
"ASV_1108",0,0.0384615384615385,0.269230769230769,0.0833333333333333,-0.0384615384615385,0.185897435897436
"ASV_1109",0,0,0,0.0833333333333333,0,-0.0833333333333333
"ASV_1110",0.0416666666666667,0.192307692307692,0,0,-0.150641025641026,0
"ASV_1111",0,0,0,0.0833333333333333,0,-0.0833333333333333
"ASV_1112",0,0.115384615384615,0,0,-0.115384615384615,0
"ASV_1113",0,0,0.0384615384615385,0.0416666666666667,0,-0.0032051282051282
"ASV_1114",0,0,0,0.166666666666667,0,-0.166666666666667
"ASV_1115",0.0416666666666667,0.115384615384615,0,0,-0.0737179487179487,0
"ASV_1116",0.333333333333333,0,0.0769230769230769,0,0.333333333333333,0.0769230769230769
"ASV_1117",0.166666666666667,0,0,0,0.166666666666667,0
"ASV_1118",0,0.0384615384615385,0,0,-0.0384615384615385,0
"ASV_1119",0.0416666666666667,0,0,0,0.0416666666666667,0
"ASV_1120",0,0,0.192307692307692,0.0416666666666667,0,0.150641025641026
"ASV_1121",0,0.115384615384615,0,0,-0.115384615384615,0
"ASV_1122",0.0833333333333333,0.115384615384615,0,0,-0.0320512820512821,0
"ASV_1123",0.166666666666667,0,0,0,0.166666666666667,0
"ASV_1124",0,0,0,0.0416666666666667,0,-0.0416666666666667
"ASV_1125",0,0.0384615384615385,0,0,-0.0384615384615385,0
"ASV_1126",0,0,0,0.0416666666666667,0,-0.0416666666666667
"ASV_1127",0,0.0384615384615385,0,0,-0.0384615384615385,0
"ASV_1128",0.166666666666667,0.0384615384615385,0.0384615384615385,0,0.128205128205128,0.0384615384615385
"ASV_1129",0,0.0384615384615385,0,0,-0.0384615384615385,0
"ASV_1130",0.25,0.0384615384615385,0,0,0.211538461538462,0
"ASV_1131",0.0416666666666667,0.0384615384615385,0,0,0.0032051282051282,0
"ASV_1132",0.375,0,0,0,0.375,0
"ASV_1133",0,0,0,0.0833333333333333,0,-0.0833333333333333
"ASV_1134",0.125,0.0384615384615385,0,0,0.0865384615384615,0
"ASV_1135",0.166666666666667,0,0,0,0.166666666666667,0
"ASV_1136",0.0833333333333333,0.0384615384615385,0,0,0.0448717948717949,0
"ASV_1137",0,0.115384615384615,0,0,-0.115384615384615,0
"ASV_1138",0.333333333333333,0.115384615384615,0,0.0416666666666667,0.217948717948718,-0.0416666666666667
"ASV_1139",0,0,0,0.291666666666667,0,-0.291666666666667
"ASV_1140",0,0,0.230769230769231,0.0416666666666667,0,0.189102564102564
"ASV_1141",0.0833333333333333,0,0.0769230769230769,0,0.0833333333333333,0.0769230769230769
"ASV_1142",0.166666666666667,0,0,0,0.166666666666667,0
"ASV_1143",0.0416666666666667,0.115384615384615,0,0.0416666666666667,-0.0737179487179487,-0.0416666666666667
"ASV_1144",0,0,0.0769230769230769,0.0416666666666667,0,0.0352564102564103
"ASV_1145",0,0,0.115384615384615,0.25,0,-0.134615384615385
"ASV_1146",0.0416666666666667,0.0384615384615385,0,0,0.0032051282051282,0
"ASV_1147",0.0416666666666667,0,0.0384615384615385,0,0.0416666666666667,0.0384615384615385
"ASV_1148",0,0.230769230769231,0.0384615384615385,0,-0.230769230769231,0.0384615384615385
"ASV_1149",0,0,0.0769230769230769,0.125,0,-0.0480769230769231
"ASV_1150",0.208333333333333,0.0384615384615385,0,0,0.169871794871795,0
"ASV_1151",0.0833333333333333,0.115384615384615,0,0,-0.0320512820512821,0
"ASV_1152",0,0.115384615384615,0,0,-0.115384615384615,0
"ASV_1153",0,0,0.0384615384615385,0.0833333333333333,0,-0.0448717948717949
"ASV_1154",0,0,0.192307692307692,0.0833333333333333,0,0.108974358974359
"ASV_1155",0,0,0.0769230769230769,0.125,0,-0.0480769230769231
"ASV_1156",0,0,0.0384615384615385,0.125,0,-0.0865384615384615
"ASV_1157",0,0.0384615384615385,0,0,-0.0384615384615385,0
"ASV_1158",0,0.192307692307692,0,0,-0.192307692307692,0
"ASV_1159",0,0,0.0769230769230769,0,0,0.0769230769230769
"ASV_1161",0,0,0.115384615384615,0.125,0,-0.00961538461538461
"ASV_1162",0,0,0.0384615384615385,0.0833333333333333,0,-0.0448717948717949
"ASV_1163",0,0,0,0.0416666666666667,0,-0.0416666666666667
"ASV_1164",0,0,0.0384615384615385,0.0416666666666667,0,-0.0032051282051282
"ASV_1165",0.25,0.0384615384615385,0,0,0.211538461538462,0
"ASV_1166",0,0.0384615384615385,0,0,-0.0384615384615385,0
"ASV_1167",0.125,0.0769230769230769,0,0,0.0480769230769231,0
"ASV_1168",0.0833333333333333,0,0,0,0.0833333333333333,0
"ASV_1169",0.0416666666666667,0,0,0,0.0416666666666667,0
"ASV_1170",0.125,0.153846153846154,0,0,-0.0288461538461539,0
"ASV_1171",0.0416666666666667,0,0.153846153846154,0.125,0.0416666666666667,0.0288461538461539
"ASV_1172",0,0,0.115384615384615,0.333333333333333,0,-0.217948717948718
"ASV_1173",0,0,0.0384615384615385,0.125,0,-0.0865384615384615
"ASV_1174",0.0416666666666667,0,0.0384615384615385,0.125,0.0416666666666667,-0.0865384615384615
"ASV_1175",0.25,0,0,0,0.25,0
"ASV_1176",0,0,0.0769230769230769,0.0833333333333333,0,-0.0064102564102564
"ASV_1177",0,0,0,0.291666666666667,0,-0.291666666666667
"ASV_1178",0,0,0,0.0833333333333333,0,-0.0833333333333333
"ASV_1179",0.25,0.0769230769230769,0,0,0.173076923076923,0
"ASV_1180",0.166666666666667,0.0769230769230769,0,0,0.0897435897435897,0
"ASV_1181",0.25,0.0384615384615385,0,0,0.211538461538462,0
"ASV_1183",0,0,0,0.0416666666666667,0,-0.0416666666666667
"ASV_1184",0,0,0.0384615384615385,0,0,0.0384615384615385
"ASV_1185",0.0416666666666667,0.115384615384615,0,0,-0.0737179487179487,0
"ASV_1187",0,0,0.0384615384615385,0.0416666666666667,0,-0.0032051282051282
"ASV_1188",0.166666666666667,0,0,0,0.166666666666667,0
"ASV_1189",0.0416666666666667,0.0769230769230769,0.0384615384615385,0.0416666666666667,-0.0352564102564103,-0.0032051282051282
"ASV_1190",0.125,0.0384615384615385,0,0.0416666666666667,0.0865384615384615,-0.0416666666666667
"ASV_1191",0.0416666666666667,0.0769230769230769,0,0,-0.0352564102564103,0
"ASV_1192",0,0,0,0.0416666666666667,0,-0.0416666666666667
"ASV_1193",0.125,0.115384615384615,0,0,0.00961538461538461,0
"ASV_1194",0,0.0769230769230769,0,0,-0.0769230769230769,0
"ASV_1195",0,0,0.153846153846154,0.125,0,0.0288461538461539
"ASV_1196",0,0.0384615384615385,0,0,-0.0384615384615385,0
"ASV_1197",0.0416666666666667,0.0384615384615385,0,0,0.0032051282051282,0
"ASV_1198",0.291666666666667,0.0384615384615385,0,0,0.253205128205128,0
"ASV_1199",0.125,0,0.0384615384615385,0.166666666666667,0.125,-0.128205128205128
"ASV_1200",0,0,0.192307692307692,0.0833333333333333,0,0.108974358974359
"ASV_1202",0,0.0384615384615385,0,0,-0.0384615384615385,0
"ASV_1203",0,0.0384615384615385,0.115384615384615,0.0833333333333333,-0.0384615384615385,0.0320512820512821
"ASV_1206",0,0,0.153846153846154,0.0833333333333333,0,0.0705128205128205
"ASV_1207",0.0416666666666667,0.0769230769230769,0,0,-0.0352564102564103,0
"ASV_1208",0,0.0384615384615385,0.115384615384615,0.0416666666666667,-0.0384615384615385,0.0737179487179487
"ASV_1209",0,0,0,0.125,0,-0.125
"ASV_1210",0,0.0384615384615385,0,0,-0.0384615384615385,0
"ASV_1211",0,0,0,0.166666666666667,0,-0.166666666666667
"ASV_1212",0,0,0.115384615384615,0.125,0,-0.00961538461538461
"ASV_1213",0,0,0.0769230769230769,0.0833333333333333,0,-0.0064102564102564
"ASV_1214",0,0,0.153846153846154,0.166666666666667,0,-0.0128205128205128
"ASV_1215",0.0416666666666667,0.115384615384615,0,0,-0.0737179487179487,0
"ASV_1216",0,0.115384615384615,0,0,-0.115384615384615,0
"ASV_1217",0,0,0.115384615384615,0.166666666666667,0,-0.0512820512820513
"ASV_1219",0,0.153846153846154,0,0,-0.153846153846154,0
"ASV_1220",0,0.0384615384615385,0.115384615384615,0,-0.0384615384615385,0.115384615384615
"ASV_1221",0.166666666666667,0,0,0.0833333333333333,0.166666666666667,-0.0833333333333333
"ASV_1222",0.291666666666667,0.0384615384615385,0,0,0.253205128205128,0
"ASV_1223",0,0.115384615384615,0,0,-0.115384615384615,0
"ASV_1224",0,0,0.0384615384615385,0.125,0,-0.0865384615384615
"ASV_1225",0,0,0,0.166666666666667,0,-0.166666666666667
"ASV_1226",0,0,0.153846153846154,0.0833333333333333,0,0.0705128205128205
"ASV_1227",0,0,0,0.0416666666666667,0,-0.0416666666666667
"ASV_1228",0,0,0.0384615384615385,0,0,0.0384615384615385
"ASV_1229",0,0,0,0.0416666666666667,0,-0.0416666666666667
"ASV_1230",0,0,0,0.0416666666666667,0,-0.0416666666666667
"ASV_1231",0,0,0.0384615384615385,0.0833333333333333,0,-0.0448717948717949
"ASV_1232",0,0,0,0.0416666666666667,0,-0.0416666666666667
"ASV_1233",0,0,0.115384615384615,0.0833333333333333,0,0.0320512820512821
"ASV_1234",0,0,0.0384615384615385,0.0833333333333333,0,-0.0448717948717949
"ASV_1235",0,0.0384615384615385,0.115384615384615,0.166666666666667,-0.0384615384615385,-0.0512820512820513
"ASV_1236",0,0.0384615384615385,0,0,-0.0384615384615385,0
"ASV_1237",0.125,0,0,0.0416666666666667,0.125,-0.0416666666666667
"ASV_1238",0.25,0,0,0.0416666666666667,0.25,-0.0416666666666667
"ASV_1239",0,0,0.153846153846154,0.0833333333333333,0,0.0705128205128205
"ASV_1240",0,0,0,0.0416666666666667,0,-0.0416666666666667
"ASV_1241",0,0.0384615384615385,0,0,-0.0384615384615385,0
"ASV_1242",0,0.0384615384615385,0.0384615384615385,0.0416666666666667,-0.0384615384615385,-0.0032051282051282
"ASV_1244",0.125,0,0,0,0.125,0
"ASV_1245",0,0,0.153846153846154,0,0,0.153846153846154
"ASV_1246",0,0,0,0.208333333333333,0,-0.208333333333333
"ASV_1247",0.125,0.0384615384615385,0,0,0.0865384615384615,0
"ASV_1248",0,0,0.0384615384615385,0.25,0,-0.211538461538462
"ASV_1249",0,0,0,0.0416666666666667,0,-0.0416666666666667
"ASV_1250",0,0,0.0384615384615385,0.0416666666666667,0,-0.0032051282051282
"ASV_1251",0,0.0769230769230769,0.0384615384615385,0,-0.0769230769230769,0.0384615384615385
"ASV_1252",0,0,0.0384615384615385,0.125,0,-0.0865384615384615
"ASV_1253",0,0.153846153846154,0,0.0416666666666667,-0.153846153846154,-0.0416666666666667
"ASV_1254",0,0.0384615384615385,0,0,-0.0384615384615385,0
"ASV_1255",0.0833333333333333,0,0,0,0.0833333333333333,0
"ASV_1256",0.0833333333333333,0,0,0,0.0833333333333333,0
"ASV_1257",0,0.0384615384615385,0,0,-0.0384615384615385,0
"ASV_1258",0,0,0.115384615384615,0.0416666666666667,0,0.0737179487179487
"ASV_1259",0,0,0,0.125,0,-0.125
"ASV_1260",0,0,0.0769230769230769,0.0833333333333333,0,-0.0064102564102564
"ASV_1261",0,0,0.269230769230769,0.0833333333333333,0,0.185897435897436
"ASV_1262",0.25,0,0,0.0416666666666667,0.25,-0.0416666666666667
"ASV_1263",0.291666666666667,0,0,0,0.291666666666667,0
"ASV_1264",0,0,0,0.166666666666667,0,-0.166666666666667
"ASV_1265",0,0,0,0.125,0,-0.125
"ASV_1266",0,0.0384615384615385,0,0,-0.0384615384615385,0
"ASV_1267",0,0,0,0.0416666666666667,0,-0.0416666666666667
"ASV_1268",0,0.0384615384615385,0,0,-0.0384615384615385,0
"ASV_1269",0.125,0,0,0.0416666666666667,0.125,-0.0416666666666667
"ASV_1270",0.166666666666667,0,0,0.0833333333333333,0.166666666666667,-0.0833333333333333
"ASV_1271",0.0833333333333333,0.0769230769230769,0,0,0.0064102564102564,0
"ASV_1272",0,0.115384615384615,0,0,-0.115384615384615,0
"ASV_1274",0,0.0769230769230769,0,0,-0.0769230769230769,0
"ASV_1275",0,0,0,0.0833333333333333,0,-0.0833333333333333
"ASV_1276",0,0,0,0.166666666666667,0,-0.166666666666667
"ASV_1277",0,0,0,0.333333333333333,0,-0.333333333333333
"ASV_1278",0.0416666666666667,0,0.192307692307692,0,0.0416666666666667,0.192307692307692
"ASV_1279",0.125,0.153846153846154,0,0,-0.0288461538461539,0
"ASV_1280",0,0.0384615384615385,0,0,-0.0384615384615385,0
"ASV_1281",0,0.0384615384615385,0,0,-0.0384615384615385,0
"ASV_1284",0,0.115384615384615,0,0,-0.115384615384615,0
"ASV_1286",0,0,0.0384615384615385,0.0416666666666667,0,-0.0032051282051282
"ASV_1287",0,0,0.346153846153846,0.0416666666666667,0,0.304487179487179
"ASV_1288",0,0,0,0.125,0,-0.125
"ASV_1289",0,0.0769230769230769,0,0,-0.0769230769230769,0
"ASV_1290",0.166666666666667,0,0,0,0.166666666666667,0
"ASV_1291",0.0416666666666667,0,0,0,0.0416666666666667,0
"ASV_1292",0.0833333333333333,0.0384615384615385,0,0,0.0448717948717949,0
"ASV_1293",0.291666666666667,0.0769230769230769,0,0,0.21474358974359,0
"ASV_1294",0.125,0,0.0384615384615385,0.0416666666666667,0.125,-0.0032051282051282
"ASV_1295",0.25,0.0384615384615385,0,0.0416666666666667,0.211538461538462,-0.0416666666666667
"ASV_1296",0.166666666666667,0,0,0.0416666666666667,0.166666666666667,-0.0416666666666667
"ASV_1297",0,0,0.0769230769230769,0.0833333333333333,0,-0.0064102564102564
"ASV_1298",0.166666666666667,0.0769230769230769,0,0,0.0897435897435897,0
"ASV_1299",0,0,0,0.0833333333333333,0,-0.0833333333333333
"ASV_1300",0,0,0.0769230769230769,0.208333333333333,0,-0.131410256410256
"ASV_1301",0,0.115384615384615,0,0,-0.115384615384615,0
"ASV_1302",0.25,0,0,0,0.25,0
"ASV_1303",0,0.0769230769230769,0,0,-0.0769230769230769,0
"ASV_1304",0,0,0.0384615384615385,0,0,0.0384615384615385
"ASV_1305",0,0,0,0.0416666666666667,0,-0.0416666666666667
"ASV_1306",0.0833333333333333,0,0,0,0.0833333333333333,0
"ASV_1307",0,0,0.115384615384615,0.166666666666667,0,-0.0512820512820513
"ASV_1308",0.0416666666666667,0,0.0769230769230769,0.0833333333333333,0.0416666666666667,-0.0064102564102564
"ASV_1309",0,0,0.115384615384615,0.125,0,-0.00961538461538461
"ASV_1310",0,0.0384615384615385,0,0.0416666666666667,-0.0384615384615385,-0.0416666666666667
"ASV_1311",0,0.0384615384615385,0,0,-0.0384615384615385,0
"ASV_1312",0,0,0,0.25,0,-0.25
"ASV_1313",0,0,0.0384615384615385,0.125,0,-0.0865384615384615
"ASV_1315",0,0.0384615384615385,0,0,-0.0384615384615385,0
"ASV_1317",0,0,0.0384615384615385,0,0,0.0384615384615385
"ASV_1318",0.0833333333333333,0.0384615384615385,0,0,0.0448717948717949,0
"ASV_1319",0.0833333333333333,0.115384615384615,0,0,-0.0320512820512821,0
"ASV_1320",0,0,0.0384615384615385,0.0416666666666667,0,-0.0032051282051282
"ASV_1321",0,0,0.0769230769230769,0.0416666666666667,0,0.0352564102564103
"ASV_1322",0.0833333333333333,0.0384615384615385,0,0,0.0448717948717949,0
"ASV_1323",0.166666666666667,0,0,0,0.166666666666667,0
"ASV_1324",0.0833333333333333,0.0769230769230769,0,0,0.0064102564102564,0
"ASV_1325",0,0,0,0.0416666666666667,0,-0.0416666666666667
"ASV_1326",0,0,0,0.0416666666666667,0,-0.0416666666666667
"ASV_1327",0,0,0.0769230769230769,0.0833333333333333,0,-0.0064102564102564
"ASV_1328",0.0833333333333333,0,0,0,0.0833333333333333,0
"ASV_1329",0,0,0.0769230769230769,0.166666666666667,0,-0.0897435897435897
"ASV_1330",0,0,0,0.0416666666666667,0,-0.0416666666666667
"ASV_1331",0,0.0384615384615385,0,0,-0.0384615384615385,0
"ASV_1332",0.0416666666666667,0,0,0,0.0416666666666667,0
"ASV_1333",0.0833333333333333,0,0,0,0.0833333333333333,0
"ASV_1334",0.0833333333333333,0,0,0,0.0833333333333333,0
"ASV_1335",0,0.0384615384615385,0,0,-0.0384615384615385,0
"ASV_1336",0,0,0,0.0416666666666667,0,-0.0416666666666667
"ASV_1338",0,0,0.192307692307692,0.0833333333333333,0,0.108974358974359
"ASV_1339",0,0,0.0769230769230769,0.125,0,-0.0480769230769231
"ASV_1340",0,0,0,0.166666666666667,0,-0.166666666666667
"ASV_1341",0,0,0,0.0833333333333333,0,-0.0833333333333333
"ASV_1342",0,0,0,0.125,0,-0.125
"ASV_1344",0.166666666666667,0.115384615384615,0,0,0.0512820512820513,0
"ASV_1345",0,0,0,0.125,0,-0.125
"ASV_1346",0.0833333333333333,0,0.0384615384615385,0.125,0.0833333333333333,-0.0865384615384615
"ASV_1347",0.0833333333333333,0.0384615384615385,0,0,0.0448717948717949,0
"ASV_1348",0,0,0,0.0416666666666667,0,-0.0416666666666667
"ASV_1350",0,0,0,0.166666666666667,0,-0.166666666666667
"ASV_1351",0,0,0,0.0416666666666667,0,-0.0416666666666667
"ASV_1352",0,0.153846153846154,0,0.0416666666666667,-0.153846153846154,-0.0416666666666667
"ASV_1353",0,0,0.0384615384615385,0.0416666666666667,0,-0.0032051282051282
"ASV_1354",0.25,0,0,0,0.25,0
"ASV_1355",0,0.0384615384615385,0,0,-0.0384615384615385,0
"ASV_1356",0,0,0.0384615384615385,0,0,0.0384615384615385
"ASV_1357",0.0833333333333333,0.0384615384615385,0,0,0.0448717948717949,0
"ASV_1359",0,0,0,0.0833333333333333,0,-0.0833333333333333
"ASV_1360",0,0.115384615384615,0,0,-0.115384615384615,0
"ASV_1361",0,0,0.0384615384615385,0.166666666666667,0,-0.128205128205128
"ASV_1363",0.125,0,0.0384615384615385,0.0416666666666667,0.125,-0.0032051282051282
"ASV_1364",0,0,0.0769230769230769,0.0416666666666667,0,0.0352564102564103
"ASV_1365",0,0,0,0.0833333333333333,0,-0.0833333333333333
"ASV_1366",0,0,0,0.125,0,-0.125
"ASV_1367",0,0,0,0.0833333333333333,0,-0.0833333333333333
"ASV_1368",0,0,0.0769230769230769,0.0833333333333333,0,-0.0064102564102564
"ASV_1369",0,0,0,0.0833333333333333,0,-0.0833333333333333
"ASV_1370",0,0,0,0.0416666666666667,0,-0.0416666666666667
"ASV_1371",0,0,0.0384615384615385,0.0833333333333333,0,-0.0448717948717949
"ASV_1372",0.125,0,0,0,0.125,0
"ASV_1373",0,0.0384615384615385,0,0,-0.0384615384615385,0
"ASV_1375",0.0833333333333333,0,0,0,0.0833333333333333,0
"ASV_1376",0.0416666666666667,0.0384615384615385,0,0.0416666666666667,0.0032051282051282,-0.0416666666666667
"ASV_1377",0,0,0.0769230769230769,0.125,0,-0.0480769230769231
"ASV_1378",0,0,0,0.0416666666666667,0,-0.0416666666666667
"ASV_1379",0,0,0.153846153846154,0.0416666666666667,0,0.112179487179487
"ASV_1380",0.166666666666667,0,0,0,0.166666666666667,0
"ASV_1381",0,0.0384615384615385,0,0,-0.0384615384615385,0
"ASV_1383",0,0,0,0.208333333333333,0,-0.208333333333333
"ASV_1384",0,0,0.0384615384615385,0.0833333333333333,0,-0.0448717948717949
"ASV_1385",0,0,0,0.0416666666666667,0,-0.0416666666666667
"ASV_1386",0,0,0,0.125,0,-0.125
"ASV_1387",0,0,0.115384615384615,0.0416666666666667,0,0.0737179487179487
"ASV_1388",0,0.115384615384615,0,0,-0.115384615384615,0
"ASV_1390",0,0,0.0384615384615385,0.0416666666666667,0,-0.0032051282051282
"ASV_1391",0,0,0,0.0416666666666667,0,-0.0416666666666667
"ASV_1392",0.0833333333333333,0,0,0.0833333333333333,0.0833333333333333,-0.0833333333333333
"ASV_1393",0.166666666666667,0,0,0,0.166666666666667,0
"ASV_1394",0,0.0384615384615385,0,0,-0.0384615384615385,0
"ASV_1395",0.0416666666666667,0,0,0,0.0416666666666667,0
"ASV_1396",0,0,0.0384615384615385,0,0,0.0384615384615385
"ASV_1397",0,0.0384615384615385,0,0,-0.0384615384615385,0
"ASV_1398",0,0.0384615384615385,0,0,-0.0384615384615385,0
"ASV_1399",0.0416666666666667,0.230769230769231,0,0,-0.189102564102564,0
"ASV_1400",0,0,0.192307692307692,0.125,0,0.0673076923076923
"ASV_1401",0,0,0.0769230769230769,0.0833333333333333,0,-0.0064102564102564
"ASV_1402",0.125,0.0384615384615385,0,0,0.0865384615384615,0
"ASV_1403",0.0416666666666667,0.0769230769230769,0,0,-0.0352564102564103,0
"ASV_1404",0,0.0384615384615385,0,0.0416666666666667,-0.0384615384615385,-0.0416666666666667
"ASV_1405",0,0,0,0.208333333333333,0,-0.208333333333333
"ASV_1406",0,0,0.0384615384615385,0.125,0,-0.0865384615384615
"ASV_1407",0.0416666666666667,0,0,0.125,0.0416666666666667,-0.125
"ASV_1408",0.0416666666666667,0,0.0384615384615385,0.0416666666666667,0.0416666666666667,-0.0032051282051282
"ASV_1409",0,0.0384615384615385,0.0769230769230769,0.0416666666666667,-0.0384615384615385,0.0352564102564103
"ASV_1410",0,0,0,0.0416666666666667,0,-0.0416666666666667
"ASV_1411",0.0416666666666667,0.0769230769230769,0,0,-0.0352564102564103,0
"ASV_1412",0,0,0,0.0833333333333333,0,-0.0833333333333333
"ASV_1413",0.125,0.0384615384615385,0.0384615384615385,0.0416666666666667,0.0865384615384615,-0.0032051282051282
"ASV_1414",0,0.0384615384615385,0,0,-0.0384615384615385,0
"ASV_1415",0.0416666666666667,0.0384615384615385,0,0,0.0032051282051282,0
"ASV_1416",0.0416666666666667,0.0384615384615385,0,0,0.0032051282051282,0
"ASV_1417",0.0416666666666667,0,0,0,0.0416666666666667,0
"ASV_1418",0,0,0.0384615384615385,0,0,0.0384615384615385
"ASV_1419",0,0.0769230769230769,0.0384615384615385,0.208333333333333,-0.0769230769230769,-0.169871794871795
"ASV_1420",0,0.0384615384615385,0.115384615384615,0.0833333333333333,-0.0384615384615385,0.0320512820512821
"ASV_1421",0.125,0.0384615384615385,0,0,0.0865384615384615,0
"ASV_1422",0.208333333333333,0,0,0,0.208333333333333,0
"ASV_1423",0.0416666666666667,0.0769230769230769,0,0,-0.0352564102564103,0
"ASV_1424",0,0,0,0.208333333333333,0,-0.208333333333333
"ASV_1425",0,0,0,0.0416666666666667,0,-0.0416666666666667
"ASV_1426",0.0416666666666667,0,0,0.166666666666667,0.0416666666666667,-0.166666666666667
"ASV_1427",0,0.0384615384615385,0,0,-0.0384615384615385,0
"ASV_1428",0,0,0,0.208333333333333,0,-0.208333333333333
"ASV_1429",0,0,0.115384615384615,0.125,0,-0.00961538461538461
"ASV_1430",0.0416666666666667,0,0.115384615384615,0.0416666666666667,0.0416666666666667,0.0737179487179487
"ASV_1431",0.0416666666666667,0,0.0384615384615385,0.125,0.0416666666666667,-0.0865384615384615
"ASV_1432",0.0833333333333333,0,0,0.0416666666666667,0.0833333333333333,-0.0416666666666667
"ASV_1433",0,0.0384615384615385,0,0.0416666666666667,-0.0384615384615385,-0.0416666666666667
"ASV_1434",0.208333333333333,0,0,0,0.208333333333333,0
"ASV_1435",0.0833333333333333,0,0,0,0.0833333333333333,0
"ASV_1436",0,0,0,0.0416666666666667,0,-0.0416666666666667
"ASV_1437",0.0416666666666667,0,0,0,0.0416666666666667,0
"ASV_1438",0.166666666666667,0,0,0,0.166666666666667,0
"ASV_1439",0.166666666666667,0,0,0,0.166666666666667,0
"ASV_1440",0.166666666666667,0.0384615384615385,0,0,0.128205128205128,0
"ASV_1441",0.0416666666666667,0.0384615384615385,0,0,0.0032051282051282,0
"ASV_1442",0,0.0384615384615385,0,0.0833333333333333,-0.0384615384615385,-0.0833333333333333
"ASV_1443",0,0,0,0.0416666666666667,0,-0.0416666666666667
"ASV_1444",0,0,0,0.0833333333333333,0,-0.0833333333333333
"ASV_1445",0,0.0384615384615385,0,0,-0.0384615384615385,0
"ASV_1447",0.0416666666666667,0.0384615384615385,0,0,0.0032051282051282,0
"ASV_1448",0.0416666666666667,0,0,0.0416666666666667,0.0416666666666667,-0.0416666666666667
"ASV_1449",0,0.0384615384615385,0,0,-0.0384615384615385,0
"ASV_1450",0,0.0384615384615385,0,0,-0.0384615384615385,0
"ASV_1451",0.0833333333333333,0.0384615384615385,0,0,0.0448717948717949,0
"ASV_1452",0.25,0.0384615384615385,0,0,0.211538461538462,0
"ASV_1453",0,0.0384615384615385,0.0384615384615385,0,-0.0384615384615385,0.0384615384615385
"ASV_1454",0,0,0,0.166666666666667,0,-0.166666666666667
"ASV_1455",0,0,0.192307692307692,0,0,0.192307692307692
"ASV_1457",0.25,0,0,0,0.25,0
"ASV_1458",0,0,0.0769230769230769,0.125,0,-0.0480769230769231
"ASV_1459",0,0,0,0.0416666666666667,0,-0.0416666666666667
"ASV_1460",0,0,0,0.0416666666666667,0,-0.0416666666666667
"ASV_1461",0,0.0769230769230769,0,0,-0.0769230769230769,0
"ASV_1462",0.0833333333333333,0,0,0,0.0833333333333333,0
"ASV_1463",0.166666666666667,0,0,0,0.166666666666667,0
"ASV_1464",0.0833333333333333,0,0,0,0.0833333333333333,0
"ASV_1466",0.125,0.0769230769230769,0,0,0.0480769230769231,0
"ASV_1467",0,0.0384615384615385,0,0,-0.0384615384615385,0
"ASV_1468",0,0,0.0769230769230769,0.208333333333333,0,-0.131410256410256
"ASV_1469",0.125,0.0769230769230769,0,0,0.0480769230769231,0
"ASV_1470",0,0,0,0.0416666666666667,0,-0.0416666666666667
"ASV_1471",0,0,0.0384615384615385,0.125,0,-0.0865384615384615
"ASV_1472",0,0.0769230769230769,0,0,-0.0769230769230769,0
"ASV_1474",0,0,0.0769230769230769,0.0833333333333333,0,-0.0064102564102564
"ASV_1475",0,0.0769230769230769,0,0,-0.0769230769230769,0
"ASV_1476",0,0.115384615384615,0,0,-0.115384615384615,0
"ASV_1477",0,0.0384615384615385,0,0,-0.0384615384615385,0
"ASV_1478",0,0.0384615384615385,0,0,-0.0384615384615385,0
"ASV_1479",0,0,0.0384615384615385,0,0,0.0384615384615385
"ASV_1480",0.0416666666666667,0,0,0,0.0416666666666667,0
"ASV_1481",0.125,0,0,0,0.125,0
"ASV_1482",0,0.0384615384615385,0,0.0833333333333333,-0.0384615384615385,-0.0833333333333333
"ASV_1483",0,0,0.192307692307692,0.0416666666666667,0,0.150641025641026
"ASV_1484",0,0,0.0384615384615385,0,0,0.0384615384615385
"ASV_1485",0.25,0,0,0,0.25,0
"ASV_1486",0,0,0,0.0833333333333333,0,-0.0833333333333333
"ASV_1487",0,0,0,0.0833333333333333,0,-0.0833333333333333
"ASV_1488",0,0,0.153846153846154,0.0833333333333333,0,0.0705128205128205
"ASV_1489",0,0,0.0769230769230769,0.0416666666666667,0,0.0352564102564103
"ASV_1490",0.0416666666666667,0.0384615384615385,0,0,0.0032051282051282,0
"ASV_1491",0,0.0384615384615385,0,0,-0.0384615384615385,0
"ASV_1492",0.291666666666667,0,0,0,0.291666666666667,0
"ASV_1494",0.0416666666666667,0,0,0,0.0416666666666667,0
"ASV_1495",0.125,0,0,0,0.125,0
"ASV_1496",0.0416666666666667,0.0384615384615385,0,0,0.0032051282051282,0
"ASV_1497",0.0416666666666667,0,0,0,0.0416666666666667,0
"ASV_1498",0.0416666666666667,0.0384615384615385,0,0,0.0032051282051282,0
"ASV_1499",0.0416666666666667,0,0,0,0.0416666666666667,0
"ASV_1500",0,0.153846153846154,0,0,-0.153846153846154,0
"ASV_1501",0.291666666666667,0.0384615384615385,0,0,0.253205128205128,0
"ASV_1502",0,0,0.230769230769231,0.0833333333333333,0,0.147435897435897
"ASV_1503",0,0,0,0.166666666666667,0,-0.166666666666667
"ASV_1504",0,0,0.0769230769230769,0.166666666666667,0,-0.0897435897435897
"ASV_1505",0,0,0,0.166666666666667,0,-0.166666666666667
"ASV_1506",0,0.115384615384615,0,0,-0.115384615384615,0
"ASV_1507",0,0.0384615384615385,0,0,-0.0384615384615385,0
"ASV_1508",0,0.0769230769230769,0,0,-0.0769230769230769,0
"ASV_1510",0.125,0,0,0,0.125,0
"ASV_1511",0.125,0,0,0,0.125,0
"ASV_1512",0,0,0.0769230769230769,0.0833333333333333,0,-0.0064102564102564
"ASV_1513",0,0.0384615384615385,0,0,-0.0384615384615385,0
"ASV_1514",0.125,0.0384615384615385,0,0,0.0865384615384615,0
"ASV_1515",0.0416666666666667,0,0,0.0416666666666667,0.0416666666666667,-0.0416666666666667
"ASV_1516",0.0416666666666667,0.0384615384615385,0,0,0.0032051282051282,0
"ASV_1518",0,0,0.115384615384615,0.125,0,-0.00961538461538461
"ASV_1519",0,0,0.115384615384615,0,0,0.115384615384615
"ASV_1520",0,0,0.0384615384615385,0.166666666666667,0,-0.128205128205128
"ASV_1521",0.0833333333333333,0,0,0,0.0833333333333333,0
"ASV_1522",0,0,0.0769230769230769,0.125,0,-0.0480769230769231
"ASV_1523",0.0416666666666667,0,0.0384615384615385,0.125,0.0416666666666667,-0.0865384615384615
"ASV_1524",0.0416666666666667,0,0,0.125,0.0416666666666667,-0.125
"ASV_1525",0,0,0.0769230769230769,0.0416666666666667,0,0.0352564102564103
"ASV_1526",0,0,0.192307692307692,0,0,0.192307692307692
"ASV_1528",0,0.0384615384615385,0,0,-0.0384615384615385,0
"ASV_1530",0,0,0.0384615384615385,0.0833333333333333,0,-0.0448717948717949
"ASV_1531",0,0.0384615384615385,0,0,-0.0384615384615385,0
"ASV_1532",0.166666666666667,0,0,0,0.166666666666667,0
"ASV_1533",0,0.0384615384615385,0,0,-0.0384615384615385,0
"ASV_1534",0.125,0,0,0,0.125,0
"ASV_1536",0.0833333333333333,0.0384615384615385,0,0,0.0448717948717949,0
