"ASV","KS_LFC","KS_p","KS_padj","SD_LFC","SD_p","SD_padj","Kingdom","Phylum","Class","Order","Family","Genus","Species","Category"
"ASV_2",-1.30582751754009,3.71685982924071e-15,5.62484787491761e-14,1.35086458703423,4.36728111334381e-11,1.2159430047152e-09,"k__Fungi","p__Ascomycota","c__Dothideomycetes","o__Pleosporales","f__Pleosporaceae","g__Alternaria","s__","Other"
"ASV_3",1.37461381208244,1.28487026432517e-09,1.00574327586833e-08,2.49819740274183,4.44908002274191e-30,5.88390833007618e-28,"k__Fungi","p__Ascomycota","c__Dothideomycetes","o__Capnodiales","f__Mycosphaerellaceae","g__Mycosphaerella","s__tassiana","Conserved Early"
"ASV_4",0.185120544243194,0.444321297130642,0.596810263009798,0.586829286552265,0.0275452349844298,0.0899470944861936,"k__Fungi","p__Ascomycota","c__Dothideomycetes","o__Pleosporales","f__Didymellaceae","g__Epicoccum","s__dendrobii","Early in both"
"ASV_6",0.273208423517841,0.448837617464552,0.599330230379137,2.80797510616773,2.1487046303849e-37,1.13666474947361e-34,"k__Fungi","p__Ascomycota","c__Dothideomycetes","o__Capnodiales","f__Mycosphaerellaceae","g__Mycosphaerella","s__tassiana","Early in both"
"ASV_7",-1.43177765371456,4.68761379822971e-15,6.86508601418158e-14,-1.36388823770566,3.50417318283769e-12,1.09041624336538e-10,"k__Fungi","p__Ascomycota","c__Dothideomycetes","o__Capnodiales","f__Cladosporiaceae","g__Cladosporium","s__","Conserved Regular"
"ASV_9",-8.95074085413291,1.88806088980731e-24,5.35737277482823e-23,-10.1241495366015,3.60167661732523e-35,9.52643465282523e-33,"k__Fungi","p__Basidiomycota","c__Ustilaginomycetes","o__Ustilaginales","f__Ustilaginaceae","g__Ustilago","s__hordei","Conserved Regular"
"ASV_10",-2.50162737064227,3.15180934000102e-05,0.000138924411685482,1.66791358664848,2.91947508894616e-10,7.02001055478419e-09,"k__Fungi","p__Ascomycota","c__Dothideomycetes","o__Pleosporales","f__Pleosporaceae","g__Alternaria","s__","Other"
"ASV_13",-3.02653935929284,1.83144969259654e-11,1.80756121834528e-10,-10.0594282833472,0.000752684930860337,0.00517104322630024,"k__Fungi","p__Ascomycota","c__Dothideomycetes","o__Pleosporales","f__Didymellaceae","g__Epicoccum","s__dendrobii","Conserved Regular"
"ASV_14",0.334100712440211,0.554132093574245,0.676279490544912,1.08598506401326,0.03800779951715,0.114892148254699,"k__Fungi","p__Basidiomycota","c__Tremellomycetes","o__Filobasidiales","f__Filobasidiaceae","g__Filobasidium","s__","Early in both"
"ASV_15",5.4007782789316,8.36292783084256e-48,9.49192308800631e-46,-1.94505788331483,6.91344926407348e-15,3.65721466069487e-13,"k__Fungi","p__Basidiomycota","c__Microbotryomycetes","o__Sporidiobolales","f__Sporidiobolaceae","g__Sporobolomyces","s__roseus","Other"
"ASV_16",3.75954616875576,0.000428682217513056,0.00151960981685937,0.0191575383034214,0.951108257983933,0.978009044388611,"k__Fungi","p__Ascomycota","c__Sordariomycetes","o__Hypocreales","f__Nectriaceae","g__Fusarium","s__petersiae","Early in both"
"ASV_17",-3.54790055063838,1.10407881860025e-13,1.39236606567921e-12,NA,NA,NA,"k__Fungi","p__Ascomycota","c__Dothideomycetes","o__Pleosporales","f__Didymosphaeriaceae","g__Pseudopithomyces","s__rosae","Other"
"ASV_18",-9.63245648293563,1.91642817104236e-06,9.45715640927424e-06,-1.75238039680814,3.22756458280028e-12,1.06711354018834e-10,"k__Fungi","p__Basidiomycota","c__Ustilaginomycetes","o__Ustilaginales","f__Ustilaginaceae","g__Ustilago","s__hordei","Conserved Regular"
"ASV_19",8.46551819715653,4.74802511881932e-29,1.53971671710284e-27,NA,NA,NA,"k__Fungi","p__Ascomycota","c__Dothideomycetes","o__Pleosporales","f__Phaeosphaeriaceae","g__Leptospora","s__","Other"
"ASV_20",-1.73018065520564,0.41082181243113,0.565191220738585,2.76952889845969,0.0136650355591579,0.0539462970954815,"k__Fungi","p__Ascomycota","c__Dothideomycetes","o__Pleosporales","f__Didymellaceae","g__","s__","Other"
"ASV_21",6.08173141360004,3.98489686985321e-33,1.64467561719396e-31,NA,NA,NA,"k__Fungi","p__Ascomycota","c__Dothideomycetes","o__Pleosporales","f__Phaeosphaeriaceae","g__Leptospora","s__rubella","Other"
"ASV_22",7.02288761769782,8.98712667699039e-18,1.63206220454146e-16,2.13538719237016,0.41509917152294,0.697103053129002,"k__Fungi","p__Ascomycota","c__Dothideomycetes","o__Pleosporales","f__Phaeosphaeriaceae","g__Leptospora","s__","Early in both"
"ASV_23",4.39612816875357,8.55607494266588e-23,1.84974191617634e-21,-0.508814039681473,0.00287292073321235,0.0150472778996963,"k__Fungi","p__Basidiomycota","c__Tremellomycetes","o__Tremellales","f__Bulleribasidiaceae","g__Dioszegia","s__hungarica","Other"
"ASV_25",0.507026064166627,0.796574885024871,0.867254191370004,0.879792519835808,0.00121509842033338,0.00738259001977272,"k__Fungi","p__Basidiomycota","c__Tremellomycetes","o__Tremellales","f__Bulleribasidiaceae","g__Vishniacozyma","s__victoriae","Early in both"
"ASV_26",-0.0488994131724522,0.801292124447146,0.870302929423456,1.81358595427876,0.0984762376968609,0.241175600655738,"k__Fungi","p__Ascomycota","c__Dothideomycetes","o__Pleosporales","f__Phaeosphaeriaceae","g__Neosetophoma","s__rosarum","Other"
"ASV_27",-29.788448505146,1.46892054514399e-23,3.70494404164096e-22,0.113821434518955,0.905768966508095,0.969297152028004,"k__Fungi","p__Ascomycota","c__Dothideomycetes","o__Pleosporales","f__Didymellaceae","g__Epicoccum","s__dendrobii","Other"
"ASV_28",-7.30278856297105,1.19834321454383e-07,7.55621971392914e-07,-0.0175466616953975,0.941011634043219,0.978009044388611,"k__Fungi","p__Basidiomycota","c__Ustilaginomycetes","o__Ustilaginales","f__Ustilaginaceae","g__Tranzscheliella","s__hypodytes","Regular in both"
"ASV_30",3.87153640286971,6.35778228894968e-14,8.48950929171516e-13,-4.28804443870713,2.48808017745131e-32,4.38731471290581e-30,"k__Fungi","p__Basidiomycota","c__Exobasidiomycetes","o__Entylomatales","f__","g__Tilletiopsis","s__washingtonensis","Other"
"ASV_32",9.72448753091071,0.000990464723432941,0.00321193560313254,-2.83409600352754,0.0277880609355792,0.0901833388645486,"k__Fungi","p__Ascomycota","c__Sordariomycetes","o__Hypocreales","f__Clavicipitaceae","g__Claviceps","s__","Other"
"ASV_33",1.89486660959513,0.000363109010416799,0.00132350791442836,6.39742619203488,0.0323274691065582,0.101190716907511,"k__Fungi","p__Ascomycota","c__Dothideomycetes","o__Pleosporales","f__Phaeosphaeriaceae","g__","s__","Early in both"
"ASV_34",0.746341190945352,0.392867700634468,0.552204136495506,-0.0759294264931119,0.744915064044057,0.897794771107317,"k__Fungi","p__Ascomycota","c__Dothideomycetes","o__Capnodiales","f__Cladosporiaceae","g__Cladosporium","s__exasperatum","Other"
"ASV_36",9.66890970793007,6.91381359899594e-46,4.48410196277737e-44,NA,NA,NA,"k__Fungi","p__Ascomycota","c__Dothideomycetes","o__Pleosporales","f__Phaeosphaeriaceae","g__","s__","Other"
"ASV_38",-0.568414135989713,0.57771561120996,0.693870072723074,-0.261449559029912,0.714174940393967,0.882097064579718,"k__Fungi","p__Ascomycota","c__Sordariomycetes","o__Hypocreales","f__Nectriaceae","g__Gibberella","s__intricans","Regular in both"
"ASV_39",-1.14286190362314,0.0885968442017715,0.179566818158948,-9.48452538422064,0.00146264851714154,0.00850264907217447,"k__Fungi","p__Ascomycota","c__Dothideomycetes","o__Pleosporales","f__Pleosporaceae","g__Bipolaris","s__drechsleri","Regular in both"
"ASV_41",-1.35278206818222,3.00370584777785e-06,1.45072601584164e-05,NA,NA,NA,"k__Fungi","p__Ascomycota","c__Dothideomycetes","o__Pleosporales","f__Didymellaceae","g__Neoascochyta","s__","Other"
"ASV_42",8.0980977134748,0.00650968308744171,0.017283018255547,5.08709124780817,3.92744122952999e-16,2.30846267824596e-14,"k__Fungi","p__Basidiomycota","c__Tremellomycetes","o__Cystofilobasidiales","f__Mrakiaceae","g__Udeniomyces","s__puniceus","Conserved Early"
"ASV_43",-11.4926475678279,3.01441466692121e-09,2.31956654030887e-08,-10.2858520566168,0.000564068276319279,0.00403232592125539,"k__Fungi","p__Basidiomycota","c__Ustilaginomycetes","o__Ustilaginales","f__Ustilaginaceae","g__Pseudozyma","s__prolifica","Conserved Regular"
"ASV_46",3.38955010605287,0.00478936977964207,0.013258377316814,2.4395385627849,0.00127757252804913,0.00750928741486653,"k__Fungi","p__Ascomycota","c__Dothideomycetes","o__Pleosporales","f__Pleosporaceae","g__Pyrenophora","s__tritici-repentis","Conserved Early"
"ASV_47",-2.12485295969675,0.475311889026055,0.620185943228105,1.18140128531885,0.00148524207410156,0.00854014192608398,"k__Fungi","p__Ascomycota","c__Dothideomycetes","o__Pleosporales","f__Phaeosphaeriaceae","g__Dematiopleospora","s__","Other"
"ASV_50",-0.0547772432975291,0.910191063146942,0.943571828150319,0.541151167759229,0.699278288716179,0.874511145935836,"k__Fungi","p__Ascomycota","c__Dothideomycetes","o__Pleosporales","f__Pleosporaceae","g__Alternaria","s__dactylidicola","Other"
"ASV_51",2.43770296641366,1.61314772244228e-11,1.62748681330843e-10,-7.91458319387965,0.00609602439880685,0.0293163355178984,"k__Fungi","p__Basidiomycota","c__Tremellomycetes","o__Tremellales","f__Tremellaceae","g__Bulleromyces","s__albus","Other"
"ASV_52",4.78810108342556,2.23775788740306e-21,4.61791854945905e-20,2.00197998952681,0.401711716435133,0.68772005823361,"k__Fungi","p__Ascomycota","c__Dothideomycetes","o__Pleosporales","f__Phaeosphaeriaceae","g__Paraophiobolus","s__arundinis","Early in both"
"ASV_54",8.07861942585464,1.20281270016737e-32,4.5506413822999e-31,-2.37927245520309,0.289993168637429,0.555820239888405,"k__Fungi","p__Ascomycota","c__Dothideomycetes","o__Pleosporales","f__Phaeosphaeriaceae","g__Neosetophoma","s__rosigena","Other"
"ASV_55",-1.74833793768446,0.00330267493296196,0.00955041031569891,-1.30877819590739,0.0142205527068007,0.0545679242550053,"k__Fungi","p__Ascomycota","c__Dothideomycetes","o__Dothideales","f__Aureobasidiaceae","g__Aureobasidium","s__leucospermi","Regular in both"
"ASV_56",0.707885683824181,0.287635475741295,0.455005247339888,-1.37943286390907,0.00050482319971463,0.0036582393513567,"k__Fungi","p__Ascomycota","c__Dothideomycetes","o__Pleosporales","f__Didymosphaeriaceae","g__Paraphaeosphaeria","s__michotii","Other"
"ASV_58",2.14791788535376,1.24741412126517e-07,7.75789056238888e-07,-2.64617362465597,0.160827055221656,0.363579112018187,"k__Fungi","p__Ascomycota","c__Dothideomycetes","o__Pleosporales","f__Phaeosphaeriaceae","g__Neosetophoma","s__rosarum","Other"
"ASV_61",-3.85276013421445,0.0330935964286607,0.0747487202916019,0.635827239880978,0.204678792818361,0.429663021432194,"k__Fungi","p__Ascomycota","c__Dothideomycetes","o__Dothideales","f__Aureobasidiaceae","g__Aureobasidium","s__pullulans","Other"
"ASV_62",8.76296304057322,1.5143702306277e-47,1.37504816940995e-45,-0.961446178640346,0.747444333706502,0.897794771107317,"k__Fungi","p__Ascomycota","c__Taphrinomycetes","o__Taphrinales","f__Taphrinaceae","g__Taphrina","s__","Other"
"ASV_63",-1.77073639166734,0.0286886333981174,0.0654504500640468,NA,NA,NA,"k__Fungi","p__Ascomycota","c__Dothideomycetes","o__Pleosporales","f__Pleosporaceae","g__Bipolaris","s__axonopicola","Other"
"ASV_65",9.21479359051648,1.21828999381355e-46,9.21839428652256e-45,NA,NA,NA,"k__Fungi","p__Ascomycota","c__Dothideomycetes","o__Pleosporales","f__Phaeosphaeriaceae","g__Leptospora","s__","Other"
"ASV_66",-14.9145732202555,5.51138876541318e-07,3.12771312437198e-06,0.61894596580047,0.19670343451103,0.422653757709055,"k__Fungi","p__Basidiomycota","c__Tremellomycetes","o__Filobasidiales","f__Filobasidiaceae","g__Filobasidium","s__","Other"
"ASV_67",4.59416812934129,3.81035366366223e-06,1.82094796137121e-05,NA,NA,NA,"k__Fungi","p__Ascomycota","c__Dothideomycetes","o__Pleosporales","f__Phaeosphaeriaceae","g__","s__","Other"
"ASV_68",-4.17778616448797,0.0656406744861696,0.13796697322556,2.1415522067035,5.89640461535983e-14,2.59933170127113e-12,"k__Fungi","p__Basidiomycota","c__Tremellomycetes","o__Tremellales","f__Bulleribasidiaceae","g__Vishniacozyma","s__","Other"
"ASV_69",1.12335021997933,0.374937595259342,0.543839195679685,0.544452832995374,0.190335836995339,0.416064701531133,"k__Fungi","p__Basidiomycota","c__Tremellomycetes","o__Tremellales","f__Bulleribasidiaceae","g__Vishniacozyma","s__carnescens","Early in both"
"ASV_70",3.00718286009019,0.222477233614135,0.379716782183523,2.42183915485798,2.10615782040394e-07,3.18330710569624e-06,"k__Fungi","p__Ascomycota","c__Dothideomycetes","o__Pleosporales","f__Phaeosphaeriaceae","g__Parastagonospora","s__forlicesenica","Early in both"
"ASV_71",1.04863406667086,0.0553615166372518,0.117590878378085,NA,NA,NA,"k__Fungi","p__Ascomycota","c__Dothideomycetes","o__Pleosporales","f__Phaeosphaeriaceae","g__Neosetophoma","s__rosarum","Other"
"ASV_72",0.89611477941121,0.0379269910836678,0.0844061468234568,NA,NA,NA,"k__Fungi","p__Ascomycota","c__Dothideomycetes","o__Pleosporales","f__Phaeosphaeriaceae","g__Phaeosphaeria","s__podocarpi","Other"
"ASV_73",0.388863732394131,0.895817243069508,0.93280052374669,-0.28399785800312,0.662393114314275,0.855549049165584,"k__Fungi","p__Ascomycota","c__Dothideomycetes","o__Pleosporales","f__Didymellaceae","g__Ascochyta","s__var._macrospora","Other"
"ASV_74",-7.07242676685527,6.56568144039292e-05,0.000270983579448944,NA,NA,NA,"k__Fungi","p__Ascomycota","c__Eurotiomycetes","o__Eurotiales","f__Aspergillaceae","g__Penicillium","s__oxalicum","Other"
"ASV_75",8.4159070326716,1.97450855341944e-18,3.73511201355177e-17,NA,NA,NA,"k__Fungi","p__Ascomycota","c__Dothideomycetes","o__Pleosporales","f__Phaeosphaeriaceae","g__","s__","Other"
"ASV_76",-6.1813411822349,5.52557056336768e-05,0.000234449442595227,1.47943227510122,0.00329179232113189,0.0170721386066546,"k__Fungi","p__Ascomycota","c__Dothideomycetes","o__Pleosporales","f__Pleosporaceae","g__Alternaria","s__rosae","Other"
"ASV_77",1.68602454397051,0.0200625825353998,0.0469505797477913,-1.53804889766088,0.00643731100487689,0.0298713817682445,"k__Fungi","p__Ascomycota","c__Dothideomycetes","o__Capnodiales","f__Mycosphaerellaceae","g__","s__","Other"
"ASV_78",-4.36252282905901,0.141425543348707,0.258899986614165,1.89956424793778,0.000390690945098465,0.00295250728510126,"k__Fungi","p__Ascomycota","c__Dothideomycetes","o__Pleosporales","f__Pleosporaceae","g__Pleospora","s__rosae-caninae","Other"
"ASV_79",0.0594162813841727,0.918002210169195,0.949369028284316,NA,NA,NA,"k__Fungi","p__Ascomycota","c__Dothideomycetes","o__Pleosporales","f__Didymellaceae","g__","s__","Other"
"ASV_80",-11.8048181983304,2.71273900792619e-10,2.28071020296017e-09,NA,NA,NA,"k__Fungi","p__Ascomycota","c__Dothideomycetes","o__Pleosporales","f__Didymosphaeriaceae","g__Pseudopithomyces","s__rosae","Other"
"ASV_82",-1.20412857981286,0.257359412155311,0.426427639118653,-2.91323525030742,0.327593381426632,0.60593321249891,"k__Fungi","p__Ascomycota","c__Dothideomycetes","o__Pleosporales","f__Didymellaceae","g__Nothophoma","s__variabilis","Regular in both"
"ASV_83",-0.455763264772371,0.518402550760971,0.651952238353133,-2.66827174496998,0.0150235209605454,0.0571758459577592,"k__Fungi","p__Basidiomycota","c__Tremellomycetes","o__Filobasidiales","f__Filobasidiaceae","g__Filobasidium","s__floriforme","Regular in both"
"ASV_86",-28.6977033303366,3.6326765424096e-91,1.64923515025396e-88,NA,NA,NA,"k__Fungi","p__Ascomycota","c__Dothideomycetes","o__Pleosporales","f__Didymellaceae","g__Epicoccum","s__dendrobii","Other"
"ASV_87",3.52761315910569,0.21459715583186,0.371859193693375,-0.947233315538908,0.00618525515035904,0.0294663931879536,"k__Fungi","p__Ascomycota","c__Dothideomycetes","o__Pleosporales","f__Phaeosphaeriaceae","g__Ophiobolopsis","s__italica","Other"
"ASV_89",-5.70277389459252,1.20607077437999e-10,1.07363947366375e-09,NA,NA,NA,"k__Fungi","p__Ascomycota","c__Dothideomycetes","o__Pleosporales","f__Pleosporaceae","g__Curvularia","s__buchloes","Other"
"ASV_91",-12.3009803443539,1.92712140029479e-07,1.15120146807084e-06,NA,NA,NA,"k__Fungi","p__Ascomycota","c__Dothideomycetes","o__Pleosporales","f__Pleosporaceae","g__Exserohilum","s__gedarefense","Other"
"ASV_92",-2.13698920647901,4.82156269592034e-07,2.77087273917448e-06,NA,NA,NA,"k__Fungi","p__Ascomycota","c__Dothideomycetes","o__Capnodiales","f__Cladosporiaceae","g__Cladosporium","s__grevilleae","Other"
"ASV_94",8.26081764124872,0.00534451039327523,0.0143574421215796,-4.17217520723207,1.79701718587611e-08,3.52082256047578e-07,"k__Fungi","p__Ascomycota","c__Dothideomycetes","o__Pleosporales","f__Sporormiaceae","g__Preussia","s__persica","Other"
"ASV_95",-0.589303987031266,0.842879653640144,0.90039379471206,-3.57965090798119,1.36111758732189e-08,2.7693507834357e-07,"k__Fungi","p__Basidiomycota","c__Agaricostilbomycetes","o__Agaricostilbales","f__Kondoaceae","g__Kondoa","s__sorbi","Regular in both"
"ASV_96",-3.23688377786066,0.275924969673133,0.442649951348419,-0.419594815912394,0.235911343876277,0.474513691675098,"k__Fungi","p__Ascomycota","c__Sordariomycetes","o__Xylariales","f__Apiosporaceae","g__Arthrinium","s__malaysianum","Regular in both"
"ASV_97",0.776536959349647,0.218845643801532,0.376348190476878,NA,NA,NA,"k__Fungi","p__Ascomycota","c__Dothideomycetes","o__Pleosporales","f__Didymellaceae","g__","s__","Other"
"ASV_98",7.89653643391015,2.16691741733549e-36,9.83780507470312e-35,NA,NA,NA,"k__Fungi","p__Ascomycota","c__Dothideomycetes","o__Pleosporales","f__Phaeosphaeriaceae","g__Leptospora","s__","Other"
"ASV_99",-8.23237421615514,7.02932414760138e-07,3.93989279384077e-06,NA,NA,NA,"k__Fungi","p__Basidiomycota","c__Tremellomycetes","o__Tremellales","f__Bulleribasidiaceae","g__Hannaella","s__luteola","Other"
"ASV_101",-0.212067017243044,0.850204985081708,0.904920509761271,1.61348592370691,0.201829660109954,0.427071560792663,"k__Fungi","p__Ascomycota","c__Dothideomycetes","o__Capnodiales","f__Cladosporiaceae","g__Cladosporium","s__exasperatum","Other"
"ASV_103",7.96695260705509,9.24174901465146e-29,2.79716936843451e-27,NA,NA,NA,"k__Fungi","p__Ascomycota","c__Dothideomycetes","o__Pleosporales","f__Phaeosphaeriaceae","g__Leptospora","s__","Other"
"ASV_105",8.0462362186573,4.15675031585021e-29,1.45166511030461e-27,NA,NA,NA,"k__Fungi","p__Ascomycota","c__Dothideomycetes","o__Pleosporales","f__Phaeosphaeriaceae","g__Leptospora","s__","Other"
"ASV_107",3.70173468687364,2.21591039724631e-07,1.30652379266211e-06,NA,NA,NA,"k__Fungi","p__Basidiomycota","c__Exobasidiomycetes","o__Entylomatales","f__","g__Tilletiopsis","s__washingtonensis","Other"
"ASV_108",-0.668739887977833,0.533350414798129,0.661050401284596,-0.771815826678948,0.783222076405821,0.922771666856747,"k__Fungi","p__Ascomycota","c__Sordariomycetes","o__Trichosphaeriales","f__Trichosphaeriaceae","g__Nigrospora","s__oryzae","Regular in both"
"ASV_109",7.68217208749671,5.36591042404599e-23,1.21806166625844e-21,NA,NA,NA,"k__Fungi","p__Ascomycota","c__Dothideomycetes","o__Pleosporales","f__Phaeosphaeriaceae","g__Paraphoma","s__radicina","Other"
"ASV_110",7.61678937580687,2.38158258396615e-12,2.57437736457293e-11,0.783834221755505,0.269365047374031,0.519412550612501,"k__Fungi","p__Ascomycota","c__Leotiomycetes","o__Helotiales","f__","g__","s__","Early in both"
"ASV_111",7.94338966736072,8.22184669920257e-07,4.49725108606984e-06,-1.07148649442348,0.433222249434821,0.70699725824326,"k__Fungi","p__Ascomycota","c__Dothideomycetes","o__Pleosporales","f__Pleosporaceae","g__Alternaria","s__rosae","Other"
"ASV_116",6.04675518595781,0.000121225974765957,0.000491398147712003,-1.39941602190112,0.0186348517134918,0.0679850796995668,"k__Fungi","p__Ascomycota","c__Leotiomycetes","o__Helotiales","f__Sclerotiniaceae","g__Botrytis","s__caroliniana","Other"
"ASV_117",5.90801763752623,1.56408432081307e-11,1.61385064011167e-10,-0.933285870565211,0.00111039201869597,0.00691055738694319,"k__Fungi","p__Basidiomycota","c__Tremellomycetes","o__Tremellales","f__Bulleribasidiaceae","g__Vishniacozyma","s__globispora","Other"
"ASV_118",15.1500276344128,3.3759290618051e-07,1.96496383853784e-06,-4.36148830485718,0.142079785917598,0.331102232380657,"k__Fungi","p__Ascomycota","c__Dothideomycetes","o__Pleosporales","f__Didymellaceae","g__","s__","Other"
"ASV_119",2.28854821008348,0.000306332042647456,0.00114194929827394,9.06409595803762,0.00238242571815216,0.0126030320490249,"k__Fungi","p__Ascomycota","c__Dothideomycetes","o__Pleosporales","f__Phaeosphaeriaceae","g__Phaeosphaeria","s__","Conserved Early"
"ASV_120",4.57318127455864,0.0139227488586555,0.0338017539135273,NA,NA,NA,"k__Fungi","p__Ascomycota","c__Dothideomycetes","o__Pleosporales","f__Didymellaceae","g__Didymella","s__keratinophila","Other"
"ASV_123",-15.2949511867545,5.94197141206974e-09,4.42238528045846e-08,NA,NA,NA,"k__Fungi","p__Ascomycota","c__Dothideomycetes","o__Pleosporales","f__Pleosporaceae","g__Alternaria","s__","Other"
"ASV_125",-0.520375940483565,0.776193032598375,0.859491797072347,8.64314467467598,8.21088404758489e-11,2.06836079103448e-09,"k__Fungi","p__Ascomycota","c__Dothideomycetes","o__Pleosporales","f__Pleosporaceae","g__Alternaria","s__rosae","Other"
"ASV_126",3.32542957938902,0.232344413259392,0.393598371715537,-6.24976314246889,1.81152152061376e-21,1.59715814067447e-19,"k__Fungi","p__Basidiomycota","c__Agaricomycetes","o__Cantharellales","f__Ceratobasidiaceae","g__Thanatephorus","s__cucumeris","Other"
"ASV_127",8.59771192877588,4.00829361850314e-62,6.06588434266808e-60,NA,NA,NA,"k__Fungi","p__Basidiomycota","c__Pucciniomycetes","o__Platygloeales","f__Platygloeaceae","g__Insolibasidium","s__deformans","Other"
"ASV_128",19.5895060601671,2.64969733641704e-11,2.55949487390071e-10,-0.552867036533763,0.737470341740487,0.894774795368618,"k__Fungi","p__Ascomycota","c__Sordariomycetes","o__Hypocreales","f__Clavicipitaceae","g__Claviceps","s__spartinae","Other"
"ASV_133",-8.28554682670039,4.35143724987166e-10,3.52777234186024e-09,1.8089225044581,0.542529527829661,0.765328320591708,"k__Fungi","p__Ascomycota","c__Dothideomycetes","o__Pleosporales","f__Pleosporaceae","g__Curvularia","s__trifolii","Other"
"ASV_136",0.0476826789807843,0.986758440167342,0.994473793729895,-1.887369490626,0.0501145740333847,0.140960222335125,"k__Fungi","p__Ascomycota","c__Dothideomycetes","o__Dothideales","f__Aureobasidiaceae","g__Aureobasidium","s__leucospermi","Other"
"ASV_137",7.75061252469718,3.55150163522914e-17,5.971784231089e-16,NA,NA,NA,"k__Fungi","p__Ascomycota","c__Dothideomycetes","o__Pleosporales","f__Phaeosphaeriaceae","g__Leptospora","s__","Other"
"ASV_139",5.37289049951414,3.11539046796907e-10,2.57161322265083e-09,NA,NA,NA,"k__Fungi","p__Ascomycota","c__Dothideomycetes","o__Pleosporales","f__Pleosporaceae","g__Alternaria","s__obclavata","Other"
"ASV_140",-6.19373583859187,3.42956883307787e-05,0.000149713870213207,NA,NA,NA,"k__Fungi","p__Ascomycota","c__Dothideomycetes","o__Dothideales","f__Aureobasidiaceae","g__","s__","Other"
"ASV_141",-5.18835705031392,4.8526752003364e-05,0.000209531741574154,NA,NA,NA,"k__Fungi","p__Ascomycota","c__Sordariomycetes","o__Hypocreales","f__Nectriaceae","g__Gibberella","s__intricans","Other"
"ASV_142",6.21495499567075,1.41302210786644e-12,1.58235665714732e-11,-2.19665171456641,0.0087965487091042,0.0383234488863976,"k__Fungi","p__Basidiomycota","c__Exobasidiomycetes","o__Entylomatales","f__","g__","s__","Other"
"ASV_144",-8.97693463022519,2.45443238873518e-06,1.19818527364062e-05,NA,NA,NA,"k__Fungi","p__Ascomycota","c__Dothideomycetes","o__Pleosporales","f__Pleosporaceae","g__Curvularia","s__inaequalis","Other"
"ASV_145",6.50588571428212,7.34599653796166e-11,6.80629066986651e-10,-6.18092837756482,9.80943873363649e-19,7.41313298584815e-17,"k__Fungi","p__Basidiomycota","c__Agaricomycetes","o__Polyporales","f__Irpicaceae","g__Irpex","s__lacteus","Other"
"ASV_146",-6.51518590419364,1.33468697948506e-06,6.73275431873574e-06,NA,NA,NA,"k__Fungi","p__Ascomycota","c__Dothideomycetes","o__Pleosporales","f__Didymellaceae","g__Epicoccum","s__thailandicum","Other"
"ASV_148",2.49732516597497,0.115543646691677,0.222274642364497,-3.97398047431787,3.27893072979371e-10,7.54154067852553e-09,"k__Fungi","p__Basidiomycota","c__Cystobasidiomycetes","o__","f__Symmetrosporaceae","g__Symmetrospora","s__coprosmae","Other"
"ASV_149",6.35497985768804,3.28105651379028e-13,3.9199990980547e-12,NA,NA,NA,"k__Fungi","p__Ascomycota","c__Dothideomycetes","o__Pleosporales","f__Coniothyriaceae","g__Coniothyrium","s__","Other"
"ASV_151",6.7862698041863,2.72028353843858e-17,4.75003356327352e-16,NA,NA,NA,"k__Fungi","p__Ascomycota","c__Dothideomycetes","o__Pleosporales","f__Phaeosphaeriaceae","g__Phaeodothis","s__","Other"
"ASV_154",6.64686179218772,8.43228475137891e-16,1.32008871625035e-14,NA,NA,NA,"k__Fungi","p__Ascomycota","c__Sordariomycetes","o__Glomerellales","f__Plectosphaerellaceae","g__Plectosphaerella","s__niemeijerarum","Other"
"ASV_155",1.4754042627796,0.399657053619193,0.555976857584976,1.4280367350613,0.0526264160113167,0.144996739947847,"k__Fungi","p__Ascomycota","c__Dothideomycetes","o__Pleosporales","f__Didymellaceae","g__Neoascochyta","s__desmazieri","Early in both"
"ASV_159",7.71486238772699,5.39808052446952e-41,2.7230317312324e-39,NA,NA,NA,"k__Fungi","p__Ascomycota","c__Taphrinomycetes","o__Taphrinales","f__Taphrinaceae","g__Taphrina","s__letifera","Other"
"ASV_160",2.68576903431833,0.364888627517531,0.534385280299867,2.8581923662674,0.174991905216891,0.388952596049307,"k__Fungi","p__Ascomycota","c__Dothideomycetes","o__Pleosporales","f__Pleosporaceae","g__Alternaria","s__","Early in both"
"ASV_162",5.15061138856871,8.40114305028741e-09,6.05415705528648e-08,NA,NA,NA,"k__Fungi","p__Basidiomycota","c__Cystobasidiomycetes","o__","f__Symmetrosporaceae","g__Symmetrospora","s__coprosmae","Other"
"ASV_163",7.17121545598826,1.38390342134803e-06,6.90430937683522e-06,NA,NA,NA,"k__Fungi","p__Ascomycota","c__Dothideomycetes","o__Pleosporales","f__Phaeosphaeriaceae","g__Neosetophoma","s__rosigena","Other"
"ASV_165",0.995148073163036,0.072558150377481,0.149733637597165,8.1593668357299,0.00629573767817453,0.0294729666526932,"k__Fungi","p__Ascomycota","c__Dothideomycetes","o__Pleosporales","f__Torulaceae","g__Torula","s__","Early in both"
"ASV_169",-4.7237601225197,1.06585163948498e-10,9.67793288652363e-10,NA,NA,NA,"k__Fungi","p__Basidiomycota","c__Ustilaginomycetes","o__Ustilaginales","f__Ustilaginaceae","g__","s__","Other"
"ASV_172",-10.881099782724,6.65873892079278e-09,4.87591527425794e-08,1.59139625884458,0.154626988036211,0.355642072483286,"k__Fungi","p__Ascomycota","c__Sordariomycetes","o__Hypocreales","f__Nectriaceae","g__Fusarium","s__sporotrichioides","Other"
"ASV_173",11.1912659652297,1.06809802662073e-05,4.94812759271234e-05,NA,NA,NA,"k__Fungi","p__Ascomycota","c__Dothideomycetes","o__Pleosporales","f__Phaeosphaeriaceae","g__","s__","Other"
"ASV_174",4.02525213893627,0.000959485731174899,0.00313385987016838,-2.34951492873405,5.47624573228775e-08,9.34494836251683e-07,"k__Fungi","p__Basidiomycota","c__Exobasidiomycetes","o__Entylomatales","f__Entylomataceae","g__Entyloma","s__polysporum","Other"
"ASV_175",-5.27825249139506,0.00777679956612061,0.0200374812957394,-1.00479441440323,0.730513807563632,0.894541213428614,"k__Fungi","p__Ascomycota","c__Dothideomycetes","o__Pleosporales","f__Didymellaceae","g__","s__","Regular in both"
"ASV_177",0.169408261100765,0.823690854800254,0.8861508248325,-0.860447421391201,0.772895261664617,0.915610932393678,"k__Fungi","p__Basidiomycota","c__Microbotryomycetes","o__Sporidiobolales","f__Sporidiobolaceae","g__Sporobolomyces","s__patagonicus","Other"
"ASV_178",-3.59510796591327,0.0354740589489325,0.0797288255584919,NA,NA,NA,"k__Fungi","p__Ascomycota","c__Dothideomycetes","o__Pleosporales","f__Didymellaceae","g__Epicoccum","s__","Other"
"ASV_180",-0.671436324686699,0.780029276088591,0.860847720981905,2.179286722184,0.203521777407695,0.428936335652074,"k__Fungi","p__Ascomycota","c__Dothideomycetes","o__Pleosporales","f__Pleosporaceae","g__Curvularia","s__inaequalis","Other"
"ASV_181",6.18411930265899,1.9624187642931e-14,2.78418162184083e-13,NA,NA,NA,"k__Fungi","p__Basidiomycota","c__Agaricomycetes","o__Agaricales","f__Psathyrellaceae","g__Coprinellus","s__","Other"
"ASV_182",-4.2015841454832,6.78304054660693e-08,4.39928629737078e-07,NA,NA,NA,"k__Fungi","p__Ascomycota","c__Dothideomycetes","o__Capnodiales","f__Mycosphaerellaceae","g__Pseudocercospora","s__","Other"
"ASV_183",4.14602382371283,7.96810832688675e-07,4.41161119561779e-06,NA,NA,NA,"k__Fungi","p__Ascomycota","c__Sordariomycetes","o__Hypocreales","f__Nectriaceae","g__Fusarium","s__asiaticum","Other"
"ASV_185",-0.923863914525629,0.379082360242113,0.544630985917467,-4.57601805820813,0.00537675102498147,0.0263361230760666,"k__Fungi","p__Ascomycota","c__Dothideomycetes","o__Capnodiales","f__Cladosporiaceae","g__Cladosporium","s__","Regular in both"
"ASV_186",9.54858201085962,1.29417061623135e-10,1.12991049955583e-09,NA,NA,NA,"k__Fungi","p__Ascomycota","c__Dothideomycetes","o__Pleosporales","f__Phaeosphaeriaceae","g__Paraphoma","s__radicina","Other"
"ASV_187",0.941192349969894,0.436067754404219,0.58746219732794,-1.26274345414819,0.19894288406343,0.422653757709055,"k__Fungi","p__Ascomycota","c__Dothideomycetes","o__Pleosporales","f__Phaeosphaeriaceae","g__Vagicola","s__chlamydospora","Other"
"ASV_190",3.99107141179252,1.27162770049081e-05,5.7731897602283e-05,NA,NA,NA,"k__Fungi","p__Ascomycota","c__Dothideomycetes","o__Pleosporales","f__Phaeosphaeriaceae","g__","s__","Other"
"ASV_193",3.79180027724065,0.00460565902473311,0.0129072172668446,1.29281086254703,0.664708240467023,0.855549049165584,"k__Fungi","p__Ascomycota","c__Sordariomycetes","o__Hypocreales","f__Nectriaceae","g__Fusarium","s__","Early in both"
"ASV_198",-3.12330261609147,0.0276607842481267,0.0634242224679269,1.29326434865999,0.664331028997882,0.855549049165584,"k__Fungi","p__Basidiomycota","c__Tremellomycetes","o__Filobasidiales","f__Filobasidiaceae","g__Filobasidium","s__floriforme","Other"
"ASV_200",-29.8838082886221,2.1519476068327e-73,4.88492106751023e-71,NA,NA,NA,"k__Fungi","p__Ascomycota","c__Sordariomycetes","o__Trichosphaeriales","f__Trichosphaeriaceae","g__Nigrospora","s__oryzae","Other"
"ASV_202",-4.76430124345103,1.2712980677478e-05,5.7731897602283e-05,NA,NA,NA,"k__Fungi","p__Basidiomycota","c__Agaricomycetes","o__Russulales","f__","g__","s__","Other"
"ASV_203",4.95064668989062,0.00256682572730513,0.0076165939882126,NA,NA,NA,"k__Fungi","p__Ascomycota","c__Dothideomycetes","o__Pleosporales","f__Didymosphaeriaceae","g__Paraphaeosphaeria","s__michotii","Other"
"ASV_209",-5.53279488111251,0.000146313195201018,0.000577619048880542,NA,NA,NA,"k__Fungi","p__Basidiomycota","c__Agaricomycetes","o__Russulales","f__","g__","s__","Other"
"ASV_211",7.01783516846617,0.00713561701969431,0.0188347100403559,0.375392916486585,0.536569037017326,0.765080918011227,"k__Fungi","p__Ascomycota","c__Dothideomycetes","o__Pleosporales","f__","g__","s__","Early in both"
"ASV_212",6.74417818703628,0.00551294048375538,0.0147227939977938,NA,NA,NA,"k__Fungi","p__Ascomycota","c__Dothideomycetes","o__Pleosporales","f__Pleosporaceae","g__Bipolaris","s__","Other"
"ASV_215",2.01188347605518,0.142667353417821,0.260124411452573,NA,NA,NA,"k__Fungi","p__Ascomycota","c__Dothideomycetes","o__Pleosporales","f__Phaeosphaeriaceae","g__Neosetophoma","s__rosarum","Other"
"ASV_217",6.91402083381379,4.69984318231005e-12,4.96216001109014e-11,NA,NA,NA,"k__Fungi","p__Ascomycota","c__Dothideomycetes","o__Capnodiales","f__Cladosporiaceae","g__Rachicladosporium","s__","Other"
"ASV_218",-6.13406493958651,0.038598845573182,0.0854823214157298,-4.77408639662001,0.0283825624442317,0.0915510703231621,"k__Fungi","p__Ascomycota","c__Dothideomycetes","o__Pleosporales","f__Didymellaceae","g__Didymella","s__keratinophila","Regular in both"
"ASV_221",4.99423049909665,7.51913668859503e-08,4.80801134735513e-07,NA,NA,NA,"k__Fungi","p__Basidiomycota","c__Exobasidiomycetes","o__Entylomatales","f__","g__Tilletiopsis","s__washingtonensis","Other"
"ASV_222",2.58047251817041,0.384100176073576,0.544942124804386,-5.58883066678423,8.61207157571403e-06,8.93291345794651e-05,"k__Fungi","p__Ascomycota","c__Sordariomycetes","o__Hypocreales","f__Nectriaceae","g__","s__","Other"
"ASV_224",3.71830306811283,0.0398292159506288,0.087778951658182,-9.63943383750321,1.99238355343329e-05,0.000202686711493502,"k__Fungi","p__Basidiomycota","c__Microbotryomycetes","o__Sporidiobolales","f__Sporidiobolaceae","g__Rhodotorula","s__babjevae","Other"
"ASV_225",-6.50891978207421,0.000431783406112024,0.00151960981685937,NA,NA,NA,"k__Fungi","p__Ascomycota","c__Sordariomycetes","o__Trichosphaeriales","f__Trichosphaeriaceae","g__Nigrospora","s__oryzae","Other"
"ASV_227",0.645994216585509,0.753074104644718,0.837979518403682,NA,NA,NA,"k__Fungi","p__Ascomycota","c__Dothideomycetes","o__Dothideales","f__Aureobasidiaceae","g__Aureobasidium","s__","Other"
"ASV_230",-7.85072800172025,0.00025844541923169,0.000994357799416841,NA,NA,NA,"k__Fungi","p__Ascomycota","c__Dothideomycetes","o__Pleosporales","f__Pleosporaceae","g__Curvularia","s__intermedia","Other"
"ASV_231",-5.83254277697168,0.00337772084138387,0.00970560292397644,NA,NA,NA,"k__Fungi","p__Ascomycota","c__Dothideomycetes","o__Pleosporales","f__Pleosporaceae","g__Curvularia","s__americana","Other"
"ASV_234",0.724756989789249,0.742671477383773,0.828434522683619,NA,NA,NA,"k__Fungi","p__Basidiomycota","c__Ustilaginomycetes","o__Ustilaginales","f__Ustilaginaceae","g__Ustilago","s__hordei","Other"
"ASV_235",3.41866992415478,0.134991098316079,0.250146769940816,0.974479473593677,0.198299888544944,0.422653757709055,"k__Fungi","p__Basidiomycota","c__Tremellomycetes","o__Tremellales","f__Bulleribasidiaceae","g__Vishniacozyma","s__victoriae","Early in both"
"ASV_237",13.612439500274,4.72492647008222e-06,2.23449647647639e-05,NA,NA,NA,"k__Fungi","p__Ascomycota","c__Dothideomycetes","o__Pleosporales","f__Pleosporaceae","g__","s__","Other"
"ASV_240",-0.530967839713845,0.857833445960124,0.907823740013744,4.74243673161564,7.51682548438592e-09,1.59056027249606e-07,"k__Fungi","p__Ascomycota","c__Dothideomycetes","o__Pleosporales","f__Phaeosphaeriaceae","g__Phaeosphaeria","s__typharum","Other"
"ASV_244",6.85944335148443,1.55135940829993e-07,9.40664483830745e-07,6.44771585111485,0.031026549170684,0.0994729970381324,"k__Fungi","p__Ascomycota","c__Dothideomycetes","o__Capnodiales","f__Mycosphaerellaceae","g__","s__","Early in both"
"ASV_248",-30,5.46338584544939e-24,1.45904539637295e-22,NA,NA,NA,"k__Fungi","p__Ascomycota","c__Dothideomycetes","o__Pleosporales","f__Pleosporaceae","g__Curvularia","s__kenpeggii","Other"
"ASV_252",6.4178037467083,6.07704704921877e-20,1.1995562436284e-18,NA,NA,NA,"k__Fungi","p__Ascomycota","c__Sordariomycetes","o__Diaporthales","f__Diaporthaceae","g__Diaporthe","s__longicolla","Other"
"ASV_254",-0.0954528806814643,0.942631247257114,0.966037440755598,NA,NA,NA,"k__Fungi","p__Ascomycota","c__Dothideomycetes","o__Pleosporales","f__Periconiaceae","g__Periconia","s__homothallica","Other"
"ASV_255",-29.7773691330176,2.83204654692212e-41,1.6071864153783e-39,NA,NA,NA,"k__Fungi","p__Ascomycota","c__Dothideomycetes","o__Pleosporales","f__Pleosporaceae","g__Curvularia","s__","Other"
"ASV_257",6.39724484544465,0.00174153227409409,0.00534226792188322,NA,NA,NA,"k__Fungi","p__Ascomycota","c__Dothideomycetes","o__Pleosporales","f__Phaeosphaeriaceae","g__Neosetophoma","s__","Other"
"ASV_258",-0.0206036736280946,0.994473793729895,0.994473793729895,1.0248703226461,0.380554724201633,0.67554848692169,"k__Fungi","p__Basidiomycota","c__Tremellomycetes","o__Filobasidiales","f__Filobasidiaceae","g__Filobasidium","s__","Other"
"ASV_261",7.80661638862134,1.42900050535331e-12,1.58235665714732e-11,NA,NA,NA,"k__Fungi","p__Ascomycota","c__Dothideomycetes","o__Capnodiales","f__Dissoconiaceae","g__Dissoconium","s__aciculare","Other"
"ASV_262",0.642489237692789,0.828432886930824,0.88914546256878,NA,NA,NA,"k__Fungi","p__Ascomycota","c__Dothideomycetes","o__Pleosporales","f__Pleosporaceae","g__Alternaria","s__","Other"
"ASV_264",8.42382957130426,7.41359580039122e-10,5.9048640234695e-09,NA,NA,NA,"k__Fungi","p__Ascomycota","c__Sordariomycetes","o__Hypocreales","f__","g__Acremonium","s__furcatum","Other"
"ASV_265",5.63746601316107,0.00204308404579441,0.00622523595161517,NA,NA,NA,"k__Fungi","p__Basidiomycota","c__Tremellomycetes","o__Filobasidiales","f__Filobasidiaceae","g__Filobasidium","s__chernovii","Other"
"ASV_267",5.64736474323754,1.44213523903386e-16,2.33831928043348e-15,NA,NA,NA,"k__Fungi","p__Basidiomycota","c__Agaricomycetes","o__Polyporales","f__","g__","s__","Other"
"ASV_268",3.55516783395854,1.05520982580249e-06,5.38275574061047e-06,NA,NA,NA,"k__Fungi","p__Ascomycota","c__Dothideomycetes","o__Capnodiales","f__Neodevriesiaceae","g__Neodevriesia","s__poagena","Other"
"ASV_269",2.31288582363243,0.0554282994998022,0.117590878378085,NA,NA,NA,"k__Fungi","p__Basidiomycota","c__Agaricomycetes","o__Polyporales","f__Fomitopsidaceae","g__Fomitopsis","s__","Other"
"ASV_270",5.66385901188186,2.0605962889852e-13,2.52840733837644e-12,-4.60809317251914,7.80079211274505e-06,8.25323805528426e-05,"k__Fungi","p__Basidiomycota","c__Agaricomycetes","o__Polyporales","f__Phanerochaetaceae","g__Hyphodermella","s__rosae","Other"
"ASV_273",8.21655735797168,5.0982939888981e-09,3.85770911826623e-08,NA,NA,NA,"k__Fungi","p__Ascomycota","c__Dothideomycetes","o__Capnodiales","f__Dissoconiaceae","g__Dissoconium","s__eucalypti","Other"
"ASV_275",-2.04362758524459,0.478372712722999,0.620185943228105,-2.79725445519567,0.00579300029149316,0.0281146527908246,"k__Fungi","p__Basidiomycota","c__Agaricomycetes","o__","f__","g__","s__","Regular in both"
"ASV_276",3.56155871999888,6.51231795181203e-05,0.000270983579448944,NA,NA,NA,"k__Fungi","p__Ascomycota","c__Dothideomycetes","o__Pleosporales","f__Phaeosphaeriaceae","g__Phaeosphaeriopsis","s__","Other"
"ASV_279",-2.05126872930559,0.400728513090318,0.555976857584976,-0.475849555941597,0.814633665505758,0.945225393878095,"k__Fungi","p__Basidiomycota","c__Tremellomycetes","o__Filobasidiales","f__Filobasidiaceae","g__Filobasidium","s__wieringae","Regular in both"
"ASV_280",-6.60278446456904,0.0029005133674204,0.0084956972181217,NA,NA,NA,"k__Fungi","p__Ascomycota","c__Sordariomycetes","o__Trichosphaeriales","f__Trichosphaeriaceae","g__Nigrospora","s__oryzae","Other"
"ASV_281",5.42772798586299,8.5167110689508e-07,4.60307955393293e-06,NA,NA,NA,"k__Fungi","p__Basidiomycota","c__Agaricomycetes","o__Hymenochaetales","f__Hymenochaetaceae","g__Phellinus","s__gilvus","Other"
"ASV_282",4.97942979253381,1.04110130086767e-06,5.37113625674913e-06,NA,NA,NA,"k__Fungi","p__Ascomycota","c__Dothideomycetes","o__Pleosporales","f__Morosphaeriaceae","g__Acrocalymma","s__","Other"
"ASV_283",6.61654044800085,4.98364150896946e-13,5.80146985915932e-12,NA,NA,NA,"k__Fungi","p__Ascomycota","c__Leotiomycetes","o__","f__","g__","s__","Other"
"ASV_287",4.97612446604467,0.00842125518964968,0.0213589377435808,NA,NA,NA,"k__Fungi","p__Ascomycota","c__Sordariomycetes","o__Xylariales","f__Diatrypaceae","g__Diatrype","s__","Other"
"ASV_289",-5.38377000204659,8.55937842074279e-09,6.07180906721442e-08,-0.264857863077134,0.929325070798699,0.973491014757449,"k__Fungi","p__Ascomycota","c__Eurotiomycetes","o__Eurotiales","f__Aspergillaceae","g__Penicillium","s__bialowiezense","Regular in both"
"ASV_295",4.83064348279411,1.95724201601716e-08,1.34634526556332e-07,NA,NA,NA,"k__Fungi","p__Basidiomycota","c__Agaricomycetes","o__Polyporales","f__Polyporaceae","g__Coriolopsis","s__gallica","Other"
"ASV_296",4.99571547886101,0.000761200879227048,0.00252251970196409,NA,NA,NA,"k__Fungi","p__Basidiomycota","c__Exobasidiomycetes","o__Entylomatales","f__","g__Tilletiopsis","s__washingtonensis","Other"
"ASV_298",4.09168486398613,0.0235296426893206,0.0547818347741105,-0.405336452398102,0.688158194562216,0.867184136327947,"k__Fungi","p__Basidiomycota","c__Tremellomycetes","o__Tremellales","f__Bulleribasidiaceae","g__Dioszegia","s__changbaiensis","Other"
"ASV_300",3.67907217911346,4.89215079446262e-05,0.000209531741574154,NA,NA,NA,"k__Fungi","p__Basidiomycota","c__Tremellomycetes","o__Tremellales","f__Bulleribasidiaceae","g__Hannaella","s__coprosmae","Other"
"ASV_301",4.89817067189329,2.43724223632284e-05,0.000108481174048095,NA,NA,NA,"k__Fungi","p__Basidiomycota","c__Exobasidiomycetes","o__Entylomatales","f__","g__Tilletiopsis","s__washingtonensis","Other"
"ASV_304",6.55525037844037,0.0272259069679337,0.0627439683423446,NA,NA,NA,"k__Fungi","p__Ascomycota","c__Dothideomycetes","o__Pleosporales","f__Pleosporaceae","g__Stemphylium","s__symphyti","Other"
"ASV_306",-4.70778027174602,0.111789834971207,0.217894501026447,NA,NA,NA,"k__Fungi","p__Ascomycota","c__Dothideomycetes","o__Pleosporales","f__Didymellaceae","g__Neoascochyta","s__","Other"
"ASV_313",1.01699166702629,0.538741516465419,0.661050401284596,NA,NA,NA,"k__Fungi","p__Ascomycota","c__Sordariomycetes","o__Xylariales","f__Diatrypaceae","g__Eutypella","s__","Other"
"ASV_321",1.83452119407441,0.535979852734467,0.661050401284596,-5.4982948621747,0.000674441272215935,0.00469446622371354,"k__Fungi","p__Ascomycota","c__Sordariomycetes","o__Hypocreales","f__Stachybotryaceae","g__Alfaria","s__","Other"
"ASV_322",-7.38284740215585,0.012790363305505,0.0317312838289578,NA,NA,NA,"k__Fungi","p__Ascomycota","c__Dothideomycetes","o__Pleosporales","f__Pleosporaceae","g__Curvularia","s__intermedia","Other"
"ASV_327",-1.7929455638034,0.538237676602474,0.661050401284596,NA,NA,NA,"k__Fungi","p__Ascomycota","c__Dothideomycetes","o__Pleosporales","f__Pleosporaceae","g__Curvularia","s__","Other"
"ASV_328",1.18635986834849,0.689917897426047,0.781104053444951,-2.34940243053426,0.42969896107289,0.70699725824326,"k__Fungi","p__Ascomycota","c__Dothideomycetes","o__Pleosporales","f__Pleosporaceae","g__Curvularia","s__","Other"
"ASV_332",6.1826612118722,1.35162307653299e-05,6.07561264104926e-05,NA,NA,NA,"k__Fungi","p__Ascomycota","c__Taphrinomycetes","o__Taphrinales","f__Taphrinaceae","g__Taphrina","s__ulmi","Other"
"ASV_335",5.86682295466774,1.55396115170277e-07,9.40664483830745e-07,NA,NA,NA,"k__Fungi","p__Ascomycota","c__Dothideomycetes","o__Pleosporales","f__","g__","s__","Other"
"ASV_338",-0.21515615482745,0.893733380829295,0.932770011256322,NA,NA,NA,"k__Fungi","p__Ascomycota","c__Dothideomycetes","o__Pleosporales","f__Pleosporaceae","g__Alternaria","s__","Other"
"ASV_339",-1.16397157027994,0.645103644697826,0.739588521951548,-9.21279700878698,0.0019909875851684,0.0108580663149906,"k__Fungi","p__Ascomycota","c__Eurotiomycetes","o__Eurotiales","f__Aspergillaceae","g__Aspergillus","s__","Regular in both"
"ASV_341",2.76615381519154,0.0963565906779053,0.192713181355811,-3.74583817497287,0.0582352176135574,0.157981692910625,"k__Fungi","p__Basidiomycota","c__Microbotryomycetes","o__","f__","g__Colacogloea","s__terpenoidalis","Other"
"ASV_342",11.694050013588,2.02056953365067e-10,1.73082748731586e-09,NA,NA,NA,"k__Fungi","p__Ascomycota","c__Dothideomycetes","o__Pleosporales","f__Phaeosphaeriaceae","g__","s__","Other"
"ASV_343",4.60290723043239,0.0135929468605652,0.0333578263497114,NA,NA,NA,"k__Fungi","p__Basidiomycota","c__Agaricomycetes","o__Agaricales","f__Schizophyllaceae","g__Schizophyllum","s__commune","Other"
"ASV_344",-2.39271731115135,0.236501464317724,0.397672832593507,NA,NA,NA,"k__Fungi","p__Ascomycota","c__Sordariomycetes","o__Hypocreales","f__Nectriaceae","g__Gibberella","s__intricans","Other"
"ASV_347",-6.30574762865748,0.000679079508394286,0.00228371923563708,NA,NA,NA,"k__Fungi","p__Ascomycota","c__Dothideomycetes","o__Pleosporales","f__Phaeosphaeriaceae","g__Neosetophoma","s__rosarum","Other"
"ASV_350",22.1633513941981,9.72386994886546e-14,1.26132484479569e-12,NA,NA,NA,"k__Fungi","p__Ascomycota","c__Taphrinomycetes","o__Taphrinales","f__Taphrinaceae","g__Taphrina","s__","Other"
"ASV_351",3.21277932095771,0.27757627920769,0.443711365669531,NA,NA,NA,"k__Fungi","p__Ascomycota","c__Dothideomycetes","o__Pleosporales","f__Phaeosphaeriaceae","g__","s__","Other"
"ASV_352",5.40596598549631,0.000306867432575818,0.00114194929827394,NA,NA,NA,"k__Fungi","p__Ascomycota","c__Sordariomycetes","o__Glomerellales","f__Plectosphaerellaceae","g__Plectosphaerella","s__","Other"
"ASV_355",-7.64145507075554,0.00491315791721527,0.0133567287090762,-2.23683613433938,0.0260921286746136,0.0868462445986596,"k__Fungi","p__Basidiomycota","c__Cystobasidiomycetes","o__","f__Symmetrosporaceae","g__Symmetrospora","s__gracilis","Regular in both"
"ASV_357",-0.0247169364771566,0.986113057758758,0.994473793729895,NA,NA,NA,"k__Fungi","p__Basidiomycota","c__Agaricomycetes","o__","f__","g__","s__","Other"
"ASV_358",4.47557268838937,0.115427370556247,0.222274642364497,NA,NA,NA,"k__Fungi","p__Ascomycota","c__Sordariomycetes","o__Xylariales","f__Amphisphaeriaceae","g__Seimatosporium","s__italicum","Other"
"ASV_359",5.43331208611951,1.47910696058993e-08,1.03309932324282e-07,NA,NA,NA,"k__Fungi","p__Ascomycota","c__Sordariomycetes","o__Hypocreales","f__Nectriaceae","g__Fusicolla","s__aquaeductuum","Other"
"ASV_360",5.60402010382327,3.65770391906662e-08,2.44205526361212e-07,NA,NA,NA,"k__Fungi","p__Ascomycota","c__Dothideomycetes","o__Pleosporales","f__Phaeosphaeriaceae","g__Phaeosphaeria","s__juncicola","Other"
"ASV_361",1.58742141921187,0.0933093364435717,0.188277505535029,NA,NA,NA,"k__Fungi","p__Ascomycota","c__Dothideomycetes","o__Pleosporales","f__Lentitheciaceae","g__Keissleriella","s__caraganae","Other"
"ASV_362",1.84315023427778,0.0843518532938952,0.17172978204228,NA,NA,NA,"k__Fungi","p__Basidiomycota","c__Tremellomycetes","o__Tremellales","f__Bulleribasidiaceae","g__Dioszegia","s__var._zsoltii","Other"
"ASV_365",-5.15200898723845,0.0601582227379309,0.127031781967538,NA,NA,NA,"k__Fungi","p__Ascomycota","c__Sordariomycetes","o__Trichosphaeriales","f__Trichosphaeriaceae","g__Nigrospora","s__oryzae","Other"
"ASV_366",5.1859552184052,0.0192721556892596,0.0458092077639993,NA,NA,NA,"k__Fungi","p__Ascomycota","c__Dothideomycetes","o__Pleosporales","f__Torulaceae","g__Dendryphion","s__europaeum","Other"
"ASV_367",5.4795486964884,0.00487647032544905,0.0133368525768305,NA,NA,NA,"k__Fungi","p__Basidiomycota","c__Agaricomycetes","o__Agaricales","f__Psathyrellaceae","g__Coprinopsis","s__strossmayeri","Other"
"ASV_369",1.08310374727145,0.535988774095696,0.661050401284596,1.6742695799105,0.314335368338653,0.589657481741658,"k__Fungi","p__Ascomycota","c__Dothideomycetes","o__Pleosporales","f__Lentitheciaceae","g__Keissleriella","s__caraganae","Early in both"
"ASV_370",-4.43932264604364,0.134210834545445,0.249720159359148,NA,NA,NA,"k__Fungi","p__Ascomycota","c__Sordariomycetes","o__Trichosphaeriales","f__Trichosphaeriaceae","g__Nigrospora","s__oryzae","Other"
"ASV_371",6.67701562927801,0.024721571820802,0.0572632326869597,NA,NA,NA,"k__Fungi","p__Ascomycota","c__Dothideomycetes","o__Pleosporales","f__Didymellaceae","g__Allophoma","s__cylindrispora","Other"
"ASV_374",3.58928618845817,0.00303427885275768,0.00883052948174351,NA,NA,NA,"k__Fungi","p__Ascomycota","c__Dothideomycetes","o__Pleosporales","f__Lophiostomataceae","g__Biappendiculispora","s__japonica","Other"
"ASV_375",5.23121516144406,0.00781196958005697,0.0200374812957394,NA,NA,NA,"k__Fungi","p__Ascomycota","c__Dothideomycetes","o__Pleosporales","f__Phaeosphaeriaceae","g__","s__","Other"
"ASV_378",2.48180042397836,0.402899528954752,0.555976857584976,-2.50995736662929,0.325727380330192,0.604595734016391,"k__Fungi","p__Basidiomycota","c__Tremellomycetes","o__Filobasidiales","f__Piskurozymaceae","g__Solicoccozyma","s__","Other"
"ASV_384",1.40688816316345,0.63641560449856,0.736914325646712,-2.15955696687178,0.0175898285460524,0.0655283049356458,"k__Fungi","p__Basidiomycota","c__Agaricomycetes","o__Hymenochaetales","f__Schizoporaceae","g__Oxyporus","s__corticola","Other"
"ASV_386",1.45806090372821,0.613823469221985,0.721958173644511,-1.78926920449611,0.547576861875372,0.768350556848996,"k__Fungi","p__Ascomycota","c__Dothideomycetes","o__Pleosporales","f__Pleosporaceae","g__Curvularia","s__inaequalis","Other"
"ASV_387",-0.201959157056056,0.94579287983022,0.967094521267838,NA,NA,NA,"k__Fungi","p__Ascomycota","c__Dothideomycetes","o__Pleosporales","f__Didymellaceae","g__Calophoma","s__","Other"
"ASV_389",6.09992593302272,9.39227360273162e-07,4.95824676237227e-06,NA,NA,NA,"k__Fungi","p__Basidiomycota","c__Agaricomycetes","o__Polyporales","f__Polyporaceae","g__Trametes","s__hirsuta","Other"
"ASV_390",-4.59487402092525,0.000743004767805246,0.00248032473958516,1.2204780972391,0.682614991252086,0.866956604582113,"k__Fungi","p__Ascomycota","c__Eurotiomycetes","o__Eurotiales","f__Aspergillaceae","g__Penicillium","s__","Other"
"ASV_393",-0.100713926331716,0.972903300019325,0.988138922167279,2.74037666943843,0.242058508241914,0.48282352174649,"k__Fungi","p__Ascomycota","c__Dothideomycetes","o__Pleosporales","f__Phaeosphaeriaceae","g__","s__","Other"
"ASV_396",3.20307966854103,0.279518613615608,0.443711365669531,NA,NA,NA,"k__Fungi","p__Ascomycota","c__Dothideomycetes","o__Pleosporales","f__Phaeosphaeriaceae","g__Leptospora","s__","Other"
"ASV_402",-6.10865140190439,2.43707949476783e-14,3.35283057765029e-13,NA,NA,NA,"k__Fungi","p__Ascomycota","c__Sordariomycetes","o__Xylariales","f__Xylariaceae","g__Daldinia","s__korfii","Other"
"ASV_407",10.017300845854,9.62666150398628e-07,5.02356818713767e-06,NA,NA,NA,"k__Fungi","p__Ascomycota","c__Dothideomycetes","o__Pleosporales","f__Phaeosphaeriaceae","g__Leptospora","s__","Other"
"ASV_408",2.55231647501428,0.388609753661348,0.549622517639415,NA,NA,NA,"k__Fungi","p__Ascomycota","c__Sordariomycetes","o__Xylariales","f__Diatrypaceae","g__Diatrype","s__","Other"
"ASV_413",-3.20627946970745,0.279412278417198,0.443711365669531,NA,NA,NA,"k__Fungi","p__Ascomycota","c__Dothideomycetes","o__Pleosporales","f__Didymellaceae","g__Neoascochyta","s__","Other"
"ASV_416",-0.33474363686811,0.910318195440176,0.943571828150319,-7.31669598394566,2.70925046497644e-06,3.04934786377135e-05,"k__Fungi","p__Basidiomycota","c__Malasseziomycetes","o__Malasseziales","f__Malasseziaceae","g__Malassezia","s__restricta","Regular in both"
"ASV_418",2.15830972197237,0.467348088583733,0.616790791328532,2.05742936540819,0.0317441141654156,0.100489065567854,"k__Fungi","p__Ascomycota","c__Dothideomycetes","o__Pleosporales","f__Phaeosphaeriaceae","g__Phaeosphaeria","s__juncicola","Early in both"
"ASV_419",10.9558861295824,0.000223698735521993,0.000868027572025512,4.95491977278436,0.096718408227062,0.238547365788945,"k__Fungi","p__Ascomycota","c__Dothideomycetes","o__Pleosporales","f__Leptosphaeriaceae","g__Alternariaster","s__centaureae-diffusae","Early in both"
"ASV_421",5.38790040783762,3.82793494620044e-08,2.51867023996377e-07,0.0370895040193719,0.990083368380161,0.993840800518227,"k__Fungi","p__Ascomycota","c__Dothideomycetes","o__Pleosporales","f__Phaeosphaeriaceae","g__Paraphoma","s__rhaphiolepidis","Early in both"
"ASV_423",4.32642286434918,0.00759096388900014,0.0196931291748918,NA,NA,NA,"k__Fungi","p__Ascomycota","c__Dothideomycetes","o__Pleosporales","f__Periconiaceae","g__Periconia","s__byssoides","Other"
"ASV_424",-1.02269662307896,0.586341729122403,0.699794953970861,NA,NA,NA,"k__Fungi","p__Ascomycota","c__Dothideomycetes","o__Pleosporales","f__Periconiaceae","g__Periconia","s__","Other"
"ASV_426",-3.29576770830388,0.266651490416702,0.432356345175653,NA,NA,NA,"k__Fungi","p__Ascomycota","c__Sordariomycetes","o__Trichosphaeriales","f__Trichosphaeriaceae","g__Nigrospora","s__oryzae","Other"
"ASV_427",-2.4785712012699,0.377428272885314,0.544630985917467,NA,NA,NA,"k__Fungi","p__Ascomycota","c__Dothideomycetes","o__Pleosporales","f__Pleosporaceae","g__Curvularia","s__","Other"
"ASV_428",4.70003869685151,0.0371545357234885,0.0830943803865211,NA,NA,NA,"k__Fungi","p__Ascomycota","c__Dothideomycetes","o__Pleosporales","f__Phaeosphaeriaceae","g__Ophiosphaerella","s__aquatica","Other"
"ASV_431",4.34264982210736,0.0665582631881324,0.138670308395672,-3.78498683959885,0.0330129715126975,0.102728599589512,"k__Fungi","p__Basidiomycota","c__Exobasidiomycetes","o__Entylomatales","f__","g__","s__","Other"
"ASV_435",5.80511967997659,0.000367317174488929,0.00132350791442836,NA,NA,NA,"k__Fungi","p__Ascomycota","c__Dothideomycetes","o__Pleosporales","f__Phaeosphaeriaceae","g__Phaeodothis","s__","Other"
"ASV_437",11.3307113402544,0.000136044026227107,0.00054369340108172,NA,NA,NA,"k__Fungi","p__Ascomycota","c__Dothideomycetes","o__Pleosporales","f__Phaeosphaeriaceae","g__","s__","Other"
"ASV_442",7.02205116879606,0.00142568183391167,0.00455816586335141,NA,NA,NA,"k__Fungi","p__Basidiomycota","c__Agaricomycetes","o__Russulales","f__Peniophoraceae","g__Peniophora","s__albobadia","Other"
"ASV_448",10.5928161631209,7.09840226860901e-11,6.71390547905936e-10,NA,NA,NA,"k__Fungi","p__Ascomycota","c__Dothideomycetes","o__Pleosporales","f__Phaeosphaeriaceae","g__Ophiosphaerella","s__aquatica","Other"
"ASV_450",-3.99098901880377,0.153242373040764,0.276079513335344,NA,NA,NA,"k__Fungi","p__Ascomycota","c__Dothideomycetes","o__Pleosporales","f__Pleosporaceae","g__Curvularia","s__caricae-papayae","Other"
"ASV_451",-1.71704659520973,0.237654293162966,0.398136712531316,NA,NA,NA,"k__Fungi","p__Basidiomycota","c__Tremellomycetes","o__Tremellales","f__Rhynchogastremataceae","g__Papiliotrema","s__aurea","Other"
"ASV_455",0.465543999267775,0.875399275476959,0.922114318019812,0.467870102867137,0.875030146859837,0.958366351322679,"k__Fungi","p__Ascomycota","c__Dothideomycetes","o__Pleosporales","f__Pleosporaceae","g__Bipolaris","s__","Early in both"
"ASV_460",4.30475205943872,0.145797516190737,0.264768289402378,NA,NA,NA,"k__Fungi","p__Basidiomycota","c__Agaricomycetes","o__Agaricales","f__Schizophyllaceae","g__Schizophyllum","s__commune","Other"
"ASV_465",2.65062642090767,0.371318332377187,0.542053128293385,NA,NA,NA,"k__Fungi","p__Ascomycota","c__Taphrinomycetes","o__Taphrinales","f__Taphrinaceae","g__Taphrina","s__caerulescens","Other"
"ASV_472",-9.33920431514754,0.00169315069810365,0.00530131322026934,0.784734473479874,0.792221617721869,0.929012262713117,"k__Fungi","p__Ascomycota","c__Eurotiomycetes","o__Eurotiales","f__Aspergillaceae","g__Aspergillus","s__","Other"
"ASV_473",-8.84770160383615,0.000455705553938834,0.00157931543120787,NA,NA,NA,"k__Fungi","p__Ascomycota","c__Dothideomycetes","o__Pleosporales","f__Phaeosphaeriaceae","g__Neosetophoma","s__rosarum","Other"
"ASV_475",1.47254509388621,0.458714934644275,0.610723109467744,NA,NA,NA,"k__Fungi","p__Ascomycota","c__Dothideomycetes","o__Pleosporales","f__Periconiaceae","g__Periconia","s__cookei","Other"
"ASV_476",8.80272319083359,0.000438185031511604,0.00153027695620206,NA,NA,NA,"k__Fungi","p__Basidiomycota","c__Agaricomycetes","o__","f__","g__","s__","Other"
"ASV_478",1.43098924623098,0.381156805446668,0.544942124804386,NA,NA,NA,"k__Fungi","p__Ascomycota","c__Dothideomycetes","o__Pleosporales","f__Phaeosphaeriaceae","g__Phaeosphaeria","s__","Other"
"ASV_479",3.76970511436643,0.100182376579056,0.198614842650181,NA,NA,NA,"k__Fungi","p__Ascomycota","c__Dothideomycetes","o__Capnodiales","f__Dissoconiaceae","g__Dissoconium","s__","Other"
"ASV_481",3.78368803374635,0.00510870384173437,0.0138056639532584,NA,NA,NA,"k__Fungi","p__Ascomycota","c__Dothideomycetes","o__","f__","g__","s__","Other"
"ASV_490",-4.16036312405563,0.127341919793422,0.241896366469513,NA,NA,NA,"k__Fungi","p__Ascomycota","c__Dothideomycetes","o__Pleosporales","f__Coniothyriaceae","g__Coniothyrium","s__","Other"
"ASV_501",4.45374977255791,0.0945277237380932,0.189891976004842,NA,NA,NA,"k__Fungi","p__Ascomycota","c__Dothideomycetes","o__Capnodiales","f__Dissoconiaceae","g__Dissoconium","s__eucalypti","Other"
"ASV_503",4.15332231990841,0.129755112408138,0.244434942046866,NA,NA,NA,"k__Fungi","p__Ascomycota","c__Dothideomycetes","o__Pleosporales","f__Phaeosphaeriaceae","g__","s__","Other"
"ASV_508",5.96648494320376,0.000104952770568233,0.00042926628682863,NA,NA,NA,"k__Fungi","p__Ascomycota","c__Dothideomycetes","o__Pleosporales","f__Phaeosphaeriaceae","g__Chaetosphaeronema","s__","Other"
"ASV_513",-0.476650360887986,0.781209826089306,0.860847720981905,-0.0382730475347779,0.985710607933759,0.991332531553153,"k__Fungi","p__Ascomycota","c__Dothideomycetes","o__Capnodiales","f__Cladosporiaceae","g__Cladosporium","s__halotolerans","Regular in both"
"ASV_517",-3.59969834884173,0.117235668196923,0.224578031060772,NA,NA,NA,"k__Fungi","p__Basidiomycota","c__Agaricomycetes","o__Russulales","f__","g__","s__","Other"
"ASV_519",2.6230511768643,0.313126260482904,0.486000128665474,NA,NA,NA,"k__Fungi","p__Ascomycota","c__Dothideomycetes","o__Pleosporales","f__Phaeosphaeriaceae","g__","s__","Other"
"ASV_522",0.875088881241544,0.767934770311668,0.852426370957206,NA,NA,NA,"k__Fungi","p__Ascomycota","c__Dothideomycetes","o__Pleosporales","f__Phaeosphaeriaceae","g__Neosetophoma","s__rosarum","Other"
"ASV_526",-11.8445805289011,6.56375208588017e-05,0.000270983579448944,NA,NA,NA,"k__Fungi","p__Ascomycota","c__Dothideomycetes","o__Pleosporales","f__Didymellaceae","g__Epicoccum","s__keratinophilum","Other"
"ASV_531",-3.50812230238033,0.19135151025608,0.335419249638071,NA,NA,NA,"k__Fungi","p__Ascomycota","c__Sordariomycetes","o__Hypocreales","f__Clavicipitaceae","g__Myriogenospora","s__atramentosa","Other"
"ASV_532",-1.85512219782559,0.417130942971303,0.568701045372287,NA,NA,NA,"k__Fungi","p__Ascomycota","c__Dothideomycetes","o__Pleosporales","f__Periconiaceae","g__Periconia","s__macrospinosa","Other"
"ASV_534",4.33878772997942,0.00363431080294222,0.0103123569033486,NA,NA,NA,"k__Fungi","p__Basidiomycota","c__Cystobasidiomycetes","o__","f__Symmetrosporaceae","g__Symmetrospora","s__symmetrica","Other"
"ASV_538",2.02756683596269,0.494585827779935,0.631121862696529,NA,NA,NA,"k__Fungi","p__Ascomycota","c__Dothideomycetes","o__Pleosporales","f__Phaeosphaeriaceae","g__","s__","Other"
"ASV_539",3.66632391221819,0.00218703307264912,0.00661942009988467,NA,NA,NA,"k__Fungi","p__Ascomycota","c__Dothideomycetes","o__Pleosporales","f__Phaeosphaeriaceae","g__Leptospora","s__rubella","Other"
"ASV_542",-1.96631883295352,0.146593150244212,0.265152550640925,NA,NA,NA,"k__Fungi","p__Basidiomycota","c__Tremellomycetes","o__Tremellales","f__Bulleribasidiaceae","g__Hannaella","s__sinensis","Other"
"ASV_544",-2.06701014183071,0.263513506552354,0.43034220134809,NA,NA,NA,"k__Fungi","p__Basidiomycota","c__Tremellomycetes","o__Tremellales","f__Rhynchogastremataceae","g__Papiliotrema","s__pseudoalba","Other"
"ASV_548",-4.60394913534226,0.0506205322292791,0.109436769676632,NA,NA,NA,"k__Fungi","p__Ascomycota","c__Sordariomycetes","o__Phyllachorales","f__Phyllachoraceae","g__Phyllachora","s__graminis","Other"
"ASV_553",-1.878075938836,0.317035113278798,0.486000128665474,NA,NA,NA,"k__Fungi","p__Basidiomycota","c__Ustilaginomycetes","o__Ustilaginales","f__Ustilaginaceae","g__Moesziomyces","s__rugulosus","Other"
"ASV_556",-2.42079873416582,0.415053941818459,0.567573763811989,NA,NA,NA,"k__Fungi","p__Ascomycota","c__Dothideomycetes","o__Pleosporales","f__Didymosphaeriaceae","g__Pseudopithomyces","s__karoo","Other"
"ASV_561",2.61145446263491,0.378603965053256,0.544630985917467,NA,NA,NA,"k__Fungi","p__Ascomycota","c__Dothideomycetes","o__Pleosporales","f__Phaeosphaeriaceae","g__Neosetophoma","s__rosigena","Other"
"ASV_563",1.46687894470758,0.621272299300924,0.728390780730852,NA,NA,NA,"k__Fungi","p__Basidiomycota","c__Tremellomycetes","o__Tremellales","f__Bulleribasidiaceae","g__Vishniacozyma","s__globispora","Other"
"ASV_564",-0.292811957113128,0.882113247850413,0.927035681768721,NA,NA,NA,"k__Fungi","p__Basidiomycota","c__Tremellomycetes","o__Tremellales","f__Bulleribasidiaceae","g__Dioszegia","s__athyri","Other"
"ASV_568",10.5598908495045,0.000379504173485134,0.00135665271466339,0.126323414670159,0.966249822514984,0.979871302083018,"k__Fungi","p__Ascomycota","c__Dothideomycetes","o__Pleosporales","f__","g__","s__","Early in both"
"ASV_569",0.380149180624336,0.889797620476376,0.932770011256322,NA,NA,NA,"k__Fungi","p__Ascomycota","c__Dothideomycetes","o__Capnodiales","f__Dissoconiaceae","g__Dissoconium","s__","Other"
"ASV_570",29.6711560186659,2.3018584820647e-23,5.50023026767039e-22,NA,NA,NA,"k__Fungi","p__Ascomycota","c__Dothideomycetes","o__Pleosporales","f__Torulaceae","g__Torula","s__hollandica","Other"
"ASV_579",3.58110556352893,0.226814574087316,0.385669725227121,NA,NA,NA,"k__Fungi","p__Ascomycota","c__Sordariomycetes","o__Xylariales","f__","g__","s__","Other"
"ASV_580",4.06116130555032,0.0194225630796357,0.0459262689487219,NA,NA,NA,"k__Fungi","p__Ascomycota","c__Dothideomycetes","o__Pleosporales","f__Torulaceae","g__Torula","s__hollandica","Other"
"ASV_585",4.76887914254332,0.000136522131549154,0.00054369340108172,NA,NA,NA,"k__Fungi","p__Basidiomycota","c__Agaricomycetes","o__Polyporales","f__Polyporaceae","g__Trametes","s__elegans","Other"
"ASV_586",11.1184892599071,0.000182987206735828,0.000716174067741946,NA,NA,NA,"k__Fungi","p__Basidiomycota","c__Agaricomycetes","o__Russulales","f__Peniophoraceae","g__Peniophora","s__albobadia","Other"
"ASV_590",4.10753010399898,0.0795116825453771,0.162604972412618,NA,NA,NA,"k__Fungi","p__Basidiomycota","c__Agaricomycetes","o__Russulales","f__Peniophoraceae","g__Peniophora","s__albobadia","Other"
"ASV_594",2.25544192641291,0.346705949919638,0.514393794978809,NA,NA,NA,"k__Fungi","p__Ascomycota","c__Dothideomycetes","o__Pleosporales","f__Phaeosphaeriaceae","g__","s__","Other"
"ASV_597",-3.8159561916648,0.154943916768916,0.278041653016157,NA,NA,NA,"k__Fungi","p__Ascomycota","c__Sordariomycetes","o__Hypocreales","f__Nectriaceae","g__Gibberella","s__intricans","Other"
"ASV_601",10.7473745144058,0.000298911635938117,0.00113088235596588,NA,NA,NA,"k__Fungi","p__Ascomycota","c__Dothideomycetes","o__Pleosporales","f__Sporormiaceae","g__Preussia","s__persica","Other"
"ASV_605",8.0885526810939,0.000366544823320201,0.00132350791442836,NA,NA,NA,"k__Fungi","p__Ascomycota","c__Dothideomycetes","o__Dothideales","f__Dothioraceae","g__Pringsheimia","s__smilacis","Other"
"ASV_606",1.11395327186892,0.707644031251354,0.797196997985396,-2.00404940769304,0.501104868738671,0.741347077681764,"k__Fungi","p__Basidiomycota","c__Agaricomycetes","o__Agaricales","f__Psathyrellaceae","g__Coprinopsis","s__strossmayeri","Other"
"ASV_607",2.27629448631463,0.327076733878769,0.493331684986582,NA,NA,NA,"k__Fungi","p__Basidiomycota","c__Tremellomycetes","o__Tremellales","f__Bulleribasidiaceae","g__Hannaella","s__oryzae","Other"
"ASV_608",4.06862031349217,0.00982223400595108,0.0246369847442088,NA,NA,NA,"k__Fungi","p__Ascomycota","c__Dothideomycetes","o__Pleosporales","f__Torulaceae","g__Torula","s__","Other"
"ASV_611",10.6152355625445,0.000356612540348918,0.00131627718145048,NA,NA,NA,"k__Fungi","p__Basidiomycota","c__Tremellomycetes","o__Tremellales","f__Bulleribasidiaceae","g__Vishniacozyma","s__carnescens","Other"
"ASV_612",4.70437198864569,0.0147221153534555,0.0355523423961107,NA,NA,NA,"k__Fungi","p__Ascomycota","c__Leotiomycetes","o__Erysiphales","f__Erysiphaceae","g__Blumeria","s__graminis","Other"
"ASV_613",-3.67321055789483,0.0519880416865395,0.111332881724948,NA,NA,NA,"k__Fungi","p__Ascomycota","c__Sordariomycetes","o__Xylariales","f__Microdochiaceae","g__Microdochium","s__seminicola","Other"
"ASV_614",2.81736263882757,0.342287772861413,0.511179766049611,-0.624314110978101,0.834008797606743,0.950841926581826,"k__Fungi","p__Basidiomycota","c__Agaricomycetes","o__Agaricales","f__Omphalotaceae","g__Gymnopus","s__dryophilus","Other"
"ASV_616",4.26565181722839,0.0132690551529094,0.0327399513012003,NA,NA,NA,"k__Fungi","p__Basidiomycota","c__Agaricomycetes","o__Hymenochaetales","f__Schizoporaceae","g__Hyphodontia","s__","Other"
"ASV_617",1.28496247167564,0.665796889942592,0.757573403593826,1.36452385331205,0.439064940415195,0.70699725824326,"k__Fungi","p__Ascomycota","c__Sordariomycetes","o__Hypocreales","f__","g__Sarocladium","s__bactrocephalum","Early in both"
"ASV_618",-2.10277718617967,0.479009857830916,0.620185943228105,5.79701362308618,0.0520838494767357,0.14425317472876,"k__Fungi","p__Basidiomycota","c__Pucciniomycetes","o__Helicobasidiales","f__Helicobasidiaceae","g__","s__","Other"
"ASV_620",-0.0669539087307553,0.981987862569599,0.994473793729895,NA,NA,NA,"k__Fungi","p__Ascomycota","c__Dothideomycetes","o__Pleosporales","f__Phaeosphaeriaceae","g__Neosetophoma","s__rosarum","Other"
"ASV_622",-3.23890018532314,0.217181388882686,0.37490627586593,NA,NA,NA,"k__Fungi","p__Ascomycota","c__Sordariomycetes","o__Xylariales","f__Xylariaceae","g__Daldinia","s__","Other"
"ASV_623",2.84996218078623,0.211749480923305,0.368330514709504,NA,NA,NA,"k__Fungi","p__Basidiomycota","c__Agaricomycetes","o__Polyporales","f__Polyporaceae","g__Trametes","s__cubensis","Other"
"ASV_626",4.00213198819711,0.140471234104415,0.258194090216212,NA,NA,NA,"k__Fungi","p__Ascomycota","c__Sordariomycetes","o__Xylariales","f__Bartaliniaceae","g__","s__","Other"
"ASV_627",3.42024252881925,0.0785279300668423,0.161319820137314,NA,NA,NA,"k__Fungi","p__Basidiomycota","c__Microbotryomycetes","o__Sporidiobolales","f__Sporidiobolaceae","g__Sporobolomyces","s__ruberrimus","Other"
"ASV_629",1.7403893956002,0.31905849021774,0.486000128665474,NA,NA,NA,"k__Fungi","p__Basidiomycota","c__Agaricomycetes","o__Polyporales","f__Meruliaceae","g__Crustodontia","s__chrysocreas","Other"
"ASV_631",2.36394361179032,0.425000628205029,0.576673161390542,NA,NA,NA,"k__Fungi","p__Ascomycota","c__Dothideomycetes","o__Pleosporales","f__Phaeosphaeriaceae","g__","s__","Other"
"ASV_635",7.85215650790856,0.00817166854807449,0.020842345622617,NA,NA,NA,"k__Fungi","p__Ascomycota","c__Dothideomycetes","o__Pleosporales","f__Phaeosphaeriaceae","g__Neosetophoma","s__rosarum","Other"
"ASV_652",3.30935053732283,0.133366388168959,0.249170124397973,NA,NA,NA,"k__Fungi","p__Basidiomycota","c__Agaricomycetes","o__Polyporales","f__Hyphodermataceae","g__Hyphoderma","s__setigerum","Other"
"ASV_657",2.41790281667483,0.318203578747121,0.486000128665474,NA,NA,NA,"k__Fungi","p__Basidiomycota","c__Exobasidiomycetes","o__Entylomatales","f__Entylomataceae","g__Entyloma","s__gaillardianum","Other"
"ASV_660",-0.542336997120699,0.855122848872272,0.907069563990681,NA,NA,NA,"k__Fungi","p__Basidiomycota","c__Tremellomycetes","o__Tremellales","f__Bulleribasidiaceae","g__Vishniacozyma","s__victoriae","Other"
"ASV_661",0.0225505516205452,0.993928956055343,0.994473793729895,NA,NA,NA,"k__Fungi","p__Ascomycota","c__Dothideomycetes","o__Pleosporales","f__Didymellaceae","g__","s__","Other"
"ASV_666",2.29658344215953,0.185376740135196,0.326205581478213,NA,NA,NA,"k__Fungi","p__Basidiomycota","c__","o__","f__","g__","s__","Other"
"ASV_669",9.94954012485246,0.000816869308360287,0.00268738163764906,NA,NA,NA,"k__Fungi","p__Basidiomycota","c__Tremellomycetes","o__Tremellales","f__Tremellaceae","g__Cryptococcus","s__","Other"
"ASV_672",3.0199048530186,0.275774927739546,0.442649951348419,NA,NA,NA,"k__Fungi","p__Ascomycota","c__Sordariomycetes","o__Xylariales","f__Sporocadaceae","g__Pestalotiopsis","s__","Other"
"ASV_673",3.19331892168233,0.0300220781729904,0.0681501174526883,NA,NA,NA,"k__Fungi","p__Ascomycota","c__Sordariomycetes","o__Glomerellales","f__Glomerellaceae","g__Colletotrichum","s__sojae","Other"
"ASV_675",4.11783531439927,0.136198210210637,0.251357672502558,NA,NA,NA,"k__Fungi","p__Ascomycota","c__Sordariomycetes","o__Diaporthales","f__Gnomoniaceae","g__Plagiostoma","s__","Other"
"ASV_679",4.78653971959711,0.00350949299098707,0.010020816464831,NA,NA,NA,"k__Fungi","p__Ascomycota","c__","o__","f__","g__","s__","Other"
"ASV_683",2.33374214589138,0.431696591876242,0.583304323547065,NA,NA,NA,"k__Fungi","p__Ascomycota","c__Sordariomycetes","o__Hypocreales","f__","g__Acremonium","s__dichromosporum","Other"
"ASV_684",9.2570106431056,0.00114685111010936,0.0036926979006358,NA,NA,NA,"k__Fungi","p__Ascomycota","c__Dothideomycetes","o__Dothideales","f__Dothioraceae","g__Dothiora","s__sorbi","Other"
"ASV_687",-3.89452079460705,0.111826913522384,0.217894501026447,NA,NA,NA,"k__Fungi","p__Ascomycota","c__Dothideomycetes","o__Pleosporales","f__","g__","s__","Other"
"ASV_690",2.06889485390756,0.315058503484595,0.486000128665474,NA,NA,NA,"k__Fungi","p__Ascomycota","c__Dothideomycetes","o__Pleosporales","f__Phaeosphaeriaceae","g__Phaeosphaeria","s__barriae","Other"
"ASV_693",4.49540581981258,0.00173969647390329,0.00534226792188322,NA,NA,NA,"k__Fungi","p__Basidiomycota","c__Agaricomycetes","o__Polyporales","f__Steccherinaceae","g__Fibricium","s__","Other"
"ASV_694",4.21040678256559,0.0155659933485609,0.0371945314749824,NA,NA,NA,"k__Fungi","p__Ascomycota","c__Dothideomycetes","o__Pleosporales","f__Phaeosphaeriaceae","g__Phaeodothis","s__","Other"
"ASV_695",2.17176463538177,0.292672993542916,0.459770031378837,NA,NA,NA,"k__Fungi","p__Basidiomycota","c__Agaricomycetes","o__Agaricales","f__Psathyrellaceae","g__Coprinellus","s__micaceus","Other"
"ASV_702",0.471395112310517,0.873800280668601,0.922114318019812,NA,NA,NA,"k__Fungi","p__Ascomycota","c__Sordariomycetes","o__Hypocreales","f__Nectriaceae","g__Fusarium","s__solani","Other"
"ASV_705",4.17453545916298,0.00735170061056453,0.0192929021803254,NA,NA,NA,"k__Fungi","p__Basidiomycota","c__Agaricomycetes","o__Polyporales","f__Fomitopsidaceae","g__Dacryobolus","s__sudans","Other"
"ASV_708",7.2527656068249,0.00155639654118959,0.00490697242847274,NA,NA,NA,"k__Fungi","p__Basidiomycota","c__Agaricomycetes","o__Trechisporales","f__Hydnodontaceae","g__Fibrodontia","s__brevidens","Other"
"ASV_710",7.96435071930328,0.000554334672806972,0.00190657531404822,NA,NA,NA,"k__Fungi","p__Ascomycota","c__Sordariomycetes","o__Xylariales","f__Xylariaceae","g__Camillea","s__obularia","Other"
"ASV_711",3.45247941682966,0.222188502441229,0.379716782183523,NA,NA,NA,"k__Fungi","p__Basidiomycota","c__Cystobasidiomycetes","o__Erythrobasidiales","f__Erythrobasidiaceae","g__Erythrobasidium","s__hasegawianum","Other"
"ASV_723",1.09184205612407,0.713489466325534,0.801674266776661,NA,NA,NA,"k__Fungi","p__Ascomycota","c__Dothideomycetes","o__Pleosporales","f__Pleosporaceae","g__Curvularia","s__nodulosa","Other"
"ASV_724",3.95447710969334,0.129714055422309,0.244434942046866,NA,NA,NA,"k__Fungi","p__Basidiomycota","c__Agaricomycetes","o__Russulales","f__Peniophoraceae","g__Peniophora","s__albobadia","Other"
"ASV_725",4.7158494157307,0.112692394630185,0.218642509239761,NA,NA,NA,"k__Fungi","p__Ascomycota","c__Dothideomycetes","o__Pleosporales","f__Pleosporaceae","g__Edenia","s__gomezpompae","Other"
"ASV_727",2.43180546296606,0.412668069840717,0.56601602328606,NA,NA,NA,"k__Fungi","p__Ascomycota","c__Dothideomycetes","o__Pleosporales","f__Phaeosphaeriaceae","g__","s__","Other"
"ASV_728",3.94445200417142,0.0696350204135601,0.144357530902997,NA,NA,NA,"k__Fungi","p__Ascomycota","c__Dothideomycetes","o__Pleosporales","f__Didymosphaeriaceae","g__Paraconiothyrium","s__","Other"
"ASV_730",-3.07511763713546,0.300553063003151,0.468904091420724,NA,NA,NA,"k__Fungi","p__Ascomycota","c__Sordariomycetes","o__Xylariales","f__Apiosporaceae","g__Arthrinium","s__obovatum","Other"
"ASV_732",3.67072883687302,0.0200048371474499,0.0469505797477913,NA,NA,NA,"k__Fungi","p__Ascomycota","c__Dothideomycetes","o__Pleosporales","f__Phaeosphaeriaceae","g__Ophiosphaerella","s__","Other"
"ASV_734",3.63833882850577,0.0435631403531333,0.0955442788421378,NA,NA,NA,"k__Fungi","p__Basidiomycota","c__Agaricomycetes","o__Polyporales","f__Meruliaceae","g__","s__","Other"
"ASV_739",3.26236233018641,0.271331130048086,0.438378409401534,NA,NA,NA,"k__Fungi","p__Ascomycota","c__Eurotiomycetes","o__Chaetothyriales","f__Trichomeriaceae","g__Knufia","s__","Other"
"ASV_740",-0.585732760944063,0.838467346503876,0.897792866303678,NA,NA,NA,"k__Fungi","p__Basidiomycota","c__Tremellomycetes","o__Tremellales","f__Bulleribasidiaceae","g__Bulleribasidium","s__oberjochense","Other"
"ASV_760",-1.72398550377515,0.502984097253959,0.634318833759159,NA,NA,NA,"k__Fungi","p__Basidiomycota","c__Tremellomycetes","o__Tremellales","f__Rhynchogastremataceae","g__Papiliotrema","s__flavescens","Other"
"ASV_763",12.8289654092434,8.6208230870093e-07,4.60453374294379e-06,NA,NA,NA,"k__Fungi","p__Ascomycota","c__Dothideomycetes","o__Pleosporales","f__Didymellaceae","g__","s__","Other"
"ASV_766",2.58668346002914,0.382964239509982,0.544942124804386,NA,NA,NA,"k__Fungi","p__Basidiomycota","c__Agaricomycetes","o__Polyporales","f__Polyporaceae","g__Trametes","s__hirsuta","Other"
"ASV_767",2.90504586212332,0.234934881638934,0.396507198007718,NA,NA,NA,"k__Fungi","p__Ascomycota","c__Dothideomycetes","o__Pleosporales","f__Torulaceae","g__Dendryphion","s__europaeum","Other"
"ASV_770",-2.50675141029678,0.399081549185519,0.555976857584976,NA,NA,NA,"k__Fungi","p__Basidiomycota","c__Agaricomycetes","o__Agaricales","f__Entolomataceae","g__Clitopilus","s__","Other"
"ASV_772",1.37967397913537,0.64279860824394,0.738811564918351,-0.575832229175454,0.846714735445909,0.955132562047334,"k__Fungi","p__Ascomycota","c__Dothideomycetes","o__Pleosporales","f__Pleosporaceae","g__Neocamarosporium","s__salsolae","Other"
"ASV_776",-2.80846626018689,0.34395042907478,0.511978671475246,NA,NA,NA,"k__Fungi","p__Basidiomycota","c__Ustilaginomycetes","o__Ustilaginales","f__Ustilaginaceae","g__","s__","Other"
"ASV_778",2.54130561223829,0.319159120164478,0.486000128665474,NA,NA,NA,"k__Fungi","p__Ascomycota","c__Dothideomycetes","o__Pleosporales","f__Phaeosphaeriaceae","g__","s__","Other"
"ASV_782",-10.1519240545601,0.000642597116566515,0.0021935269994075,NA,NA,NA,"k__Fungi","p__Ascomycota","c__Sordariomycetes","o__Hypocreales","f__","g__Acremonium","s__fusidioides","Other"
"ASV_784",-0.15066305902045,0.941310641699614,0.966037440755598,NA,NA,NA,"k__Fungi","p__Ascomycota","c__Sordariomycetes","o__Xylariales","f__Microdochiaceae","g__Microdochium","s__seminicola","Other"
"ASV_785",3.78180571838078,0.11963112092834,0.228203902947337,NA,NA,NA,"k__Fungi","p__Ascomycota","c__Leotiomycetes","o__Helotiales","f__","g__","s__","Other"
"ASV_799",-2.97180759863806,0.317316938127094,0.486000128665474,NA,NA,NA,"k__Fungi","p__Ascomycota","c__Dothideomycetes","o__Capnodiales","f__Dissoconiaceae","g__Dissoconium","s__eucalypti","Other"
"ASV_801",-8.36710554214457,0.0048276647416199,0.0132833926830026,NA,NA,NA,"k__Fungi","p__Basidiomycota","c__Agaricomycetes","o__Polyporales","f__Irpicaceae","g__Ceriporia","s__alachuana","Other"
"ASV_804",3.08676430995085,0.297766852449861,0.466159141421506,NA,NA,NA,"k__Fungi","p__Ascomycota","c__Lecanoromycetes","o__","f__","g__","s__","Other"
"ASV_805",2.2623299726067,0.446458470332463,0.597911933719582,NA,NA,NA,"k__Fungi","p__Ascomycota","c__Sordariomycetes","o__Xylariales","f__Diatrypaceae","g__Eutypella","s__","Other"
"ASV_806",-10.8066540274139,0.000282176875205982,0.0010765403474245,NA,NA,NA,"k__Fungi","p__Basidiomycota","c__Ustilaginomycetes","o__Ustilaginales","f__Ustilaginaceae","g__Ustilago","s__","Other"
"ASV_810",-1.40704571442597,0.636142166403252,0.736914325646712,NA,NA,NA,"k__Fungi","p__Ascomycota","c__Leotiomycetes","o__Erysiphales","f__Erysiphaceae","g__Golovinomyces","s__","Other"
"ASV_811",3.61319056897633,0.066586183326556,0.138670308395672,NA,NA,NA,"k__Fungi","p__Ascomycota","c__Dothideomycetes","o__Capnodiales","f__Mycosphaerellaceae","g__","s__","Other"
"ASV_817",2.04732262115989,0.4905341269019,0.63088525102964,NA,NA,NA,"k__Fungi","p__Ascomycota","c__Sordariomycetes","o__Xylariales","f__Amphisphaeriaceae","g__Seimatosporium","s__quercinum","Other"
"ASV_819",1.4362624944733,0.6281801065886,0.731266072798011,NA,NA,NA,"k__Fungi","p__Ascomycota","c__Dothideomycetes","o__Pleosporales","f__Phaeosphaeriaceae","g__Neosetophoma","s__rosarum","Other"
"ASV_822",-3.38948158564648,0.253745381048775,0.421979498154374,NA,NA,NA,"k__Fungi","p__Basidiomycota","c__Cystobasidiomycetes","o__Erythrobasidiales","f__Erythrobasidiaceae","g__Erythrobasidium","s__yunnanense","Other"
"ASV_828",2.11670870721139,0.475220452406752,0.620185943228105,NA,NA,NA,"k__Fungi","p__Ascomycota","c__Eurotiomycetes","o__Chaetothyriales","f__Trichomeriaceae","g__Knufia","s__","Other"
"ASV_829",1.89460948554808,0.523512641918176,0.656560053676387,NA,NA,NA,"k__Fungi","p__Ascomycota","c__Dothideomycetes","o__Pleosporales","f__Phaeosphaeriaceae","g__Ophiosphaerella","s__aquatica","Other"
"ASV_839",-4.8444126163827,0.102504044761166,0.202334070963344,NA,NA,NA,"k__Fungi","p__Ascomycota","c__Taphrinomycetes","o__Taphrinales","f__Taphrinaceae","g__Taphrina","s__","Other"
"ASV_842",2.94573195951263,0.32078838191372,0.486000128665474,NA,NA,NA,"k__Fungi","p__Ascomycota","c__Leotiomycetes","o__Helotiales","f__Helotiaceae","g__Articulospora","s__proliferata","Other"
"ASV_844",1.35535718709613,0.647728329212293,0.740727106958138,NA,NA,NA,"k__Fungi","p__Ascomycota","c__Dothideomycetes","o__Pleosporales","f__Phaeosphaeriaceae","g__","s__","Other"
"ASV_847",-0.784967473138427,0.791354715988027,0.865722990502564,NA,NA,NA,"k__Fungi","p__Ascomycota","c__Dothideomycetes","o__Pleosporales","f__Phaeosphaeriaceae","g__Bhatiellae","s__rosae","Other"
"ASV_849",3.16500488128039,0.158515566785568,0.283330973703338,NA,NA,NA,"k__Fungi","p__Ascomycota","c__Dothideomycetes","o__Pleosporales","f__Phaeosphaeriaceae","g__Phaeosphaeria","s__","Other"
"ASV_863",-0.103403427591149,0.972270567704287,0.988138922167279,NA,NA,NA,"k__Fungi","p__Basidiomycota","c__Tremellomycetes","o__Tremellales","f__Bulleribasidiaceae","g__Vishniacozyma","s__dimennae","Other"
"ASV_871",9.23930211898006,2.91451602456477e-08,1.97491085843643e-07,NA,NA,NA,"k__Fungi","p__Ascomycota","c__Dothideomycetes","o__Pleosporales","f__Phaeosphaeriaceae","g__Phaeosphaeria","s__","Other"
"ASV_885",1.53718009455596,0.604653865490671,0.713020402422765,NA,NA,NA,"k__Fungi","p__Basidiomycota","c__","o__","f__","g__","s__","Other"
"ASV_890",3.33516456566103,0.248853471662205,0.415365721083239,NA,NA,NA,"k__Fungi","p__Basidiomycota","c__Tremellomycetes","o__Tremellales","f__Bulleribasidiaceae","g__Vishniacozyma","s__dimennae","Other"
"ASV_894",8.88618028375032,0.00275541040203348,0.00812309300339741,NA,NA,NA,"k__Fungi","p__Basidiomycota","c__Agaricomycetes","o__Polyporales","f__Polyporaceae","g__Trametes","s__cubensis","Other"
"ASV_917",0.252121228769932,0.932225922079506,0.959706504816543,NA,NA,NA,"k__Fungi","p__Ascomycota","c__Dothideomycetes","o__Pleosporales","f__Phaeosphaeriaceae","g__Septoriella","s__phragmitis","Other"
"ASV_918",-1.73868874405221,0.558777031899093,0.680120033464311,NA,NA,NA,"k__Fungi","p__Basidiomycota","c__Agaricomycetes","o__","f__","g__","s__","Other"
"ASV_919",-2.55648798693417,0.383530183177426,0.544942124804386,NA,NA,NA,"k__Fungi","p__Ascomycota","c__","o__","f__","g__","s__","Other"
"ASV_921",2.65615984631796,0.291187852716698,0.459025295602016,NA,NA,NA,"k__Fungi","p__Basidiomycota","c__Tremellomycetes","o__Tremellales","f__Rhynchogastremataceae","g__Papiliotrema","s__fusca","Other"
"ASV_922",7.22466399558249,0.0150848255530262,0.0362355068839888,NA,NA,NA,"k__Fungi","p__Ascomycota","c__Dothideomycetes","o__Pleosporales","f__Phaeosphaeriaceae","g__Parastagonospora","s__phoenicicola","Other"
"ASV_927",-0.0245338044857944,0.993403122004481,0.994473793729895,NA,NA,NA,"k__Fungi","p__Basidiomycota","c__Agaricomycetes","o__Russulales","f__Peniophoraceae","g__Peniophora","s__","Other"
"ASV_928",0.183108112068754,0.950758469272482,0.969987292246532,NA,NA,NA,"k__Fungi","p__Basidiomycota","c__Tremellomycetes","o__Tremellales","f__Bulleribasidiaceae","g__Bulleribasidium","s__oberjochense","Other"
"ASV_931",2.8228492546129,0.3415771408724,0.511179766049611,NA,NA,NA,"k__Fungi","p__Basidiomycota","c__Tremellomycetes","o__Tremellales","f__Bulleribasidiaceae","g__Vishniacozyma","s__dimennae","Other"
"ASV_933",1.60605245873942,0.588814256424822,0.699794953970861,NA,NA,NA,"k__Fungi","p__Ascomycota","c__Dothideomycetes","o__Pleosporales","f__Phaeosphaeriaceae","g__","s__","Other"
"ASV_937",0.703616564012387,0.812839970223467,0.878641301146319,NA,NA,NA,"k__Fungi","p__Basidiomycota","c__Agaricomycetes","o__Russulales","f__Peniophoraceae","g__Peniophora","s__albobadia","Other"
"ASV_938",2.00754397224237,0.499413756723308,0.633334764112799,NA,NA,NA,"k__Fungi","p__Ascomycota","c__Dothideomycetes","o__Capnodiales","f__Neodevriesiaceae","g__Neodevriesia","s__capensis","Other"
"ASV_941",2.96085563706965,0.130911639740973,0.245594563811577,NA,NA,NA,"k__Fungi","p__Basidiomycota","c__Agaricomycetes","o__Polyporales","f__Meruliaceae","g__Phlebia","s__acanthocystis","Other"
"ASV_945",2.6450059618381,0.372757097200761,0.542409365798544,NA,NA,NA,"k__Fungi","p__Ascomycota","c__Leotiomycetes","o__","f__","g__","s__","Other"
"ASV_947",2.75345100687729,0.35426972740403,0.522202780004642,NA,NA,NA,"k__Fungi","p__Basidiomycota","c__Tremellomycetes","o__Tremellales","f__Bulleribasidiaceae","g__Bulleribasidium","s__oberjochense","Other"
"ASV_949",10.136869241348,0.000651444315811216,0.00220713223416636,NA,NA,NA,"k__Fungi","p__Basidiomycota","c__Agaricomycetes","o__Polyporales","f__Polyporaceae","g__Trametes","s__cubensis","Other"
"ASV_953",7.96515483644713,0.0074345847890217,0.0193982844495164,NA,NA,NA,"k__Fungi","p__Basidiomycota","c__Ustilaginomycetes","o__Ustilaginales","f__Ustilaginaceae","g__Ustilago","s__nunavutica","Other"
"ASV_965",0.766674177813795,0.7964103336111,0.867254191370004,NA,NA,NA,"k__Fungi","p__Basidiomycota","c__Cystobasidiomycetes","o__","f__Symmetrosporaceae","g__Symmetrospora","s__symmetrica","Other"
"ASV_967",4.06692077403458,0.171777312350484,0.305830979635764,NA,NA,NA,"k__Fungi","p__Ascomycota","c__Dothideomycetes","o__Pleosporales","f__Phaeosphaeriaceae","g__Neosetophoma","s__rosarum","Other"
"ASV_978",0.398637471857602,0.893416079813539,0.932770011256322,NA,NA,NA,"k__Fungi","p__Ascomycota","c__Dothideomycetes","o__Pleosporales","f__Phaeosphaeriaceae","g__","s__","Other"
"ASV_981",3.29011584177276,0.261055035780806,0.429416616827848,NA,NA,NA,"k__Fungi","p__Ascomycota","c__Sordariomycetes","o__Glomerellales","f__Glomerellaceae","g__Colletotrichum","s__spaethianum","Other"
"ASV_990",2.01359490125609,0.497639115546044,0.632851984475921,NA,NA,NA,"k__Fungi","p__Basidiomycota","c__Agaricomycetes","o__Polyporales","f__Irpicaceae","g__Ceriporia","s__lacerata","Other"
"ASV_992",7.82462086697397,0.00849698403414981,0.0214312819528001,NA,NA,NA,"k__Fungi","p__Basidiomycota","c__Agaricomycetes","o__Polyporales","f__Steccherinaceae","g__Ceriporiopsis","s__subrufa","Other"
"ASV_1001",2.51912119587783,0.396215210483188,0.555190449257307,NA,NA,NA,"k__Fungi","p__Basidiomycota","c__Agaricomycetes","o__Agaricales","f__Psathyrellaceae","g__Coprinellus","s__radians","Other"
"ASV_1005",3.29872016781338,0.265877557969689,0.432356345175653,NA,NA,NA,"k__Fungi","p__Ascomycota","c__Xylonomycetes","o__Symbiotaphrinales","f__Symbiotaphrinaceae","g__Symbiotaphrina","s__buchneri","Other"
"ASV_1006",7.62210208253511,0.0103761491191115,0.0258833609894319,NA,NA,NA,"k__Fungi","p__Ascomycota","c__Sordariomycetes","o__Xylariales","f__Diatrypaceae","g__","s__","Other"
"ASV_1007",2.66923040388483,0.259301989234454,0.428084011317972,NA,NA,NA,"k__Fungi","p__Ascomycota","c__Dothideomycetes","o__Botryosphaeriales","f__Botryosphaeriaceae","g__Botryosphaeria","s__dothidea","Other"
"ASV_1012",0.784865197794493,0.791283425804297,0.865722990502564,NA,NA,NA,"k__Fungi","p__Ascomycota","c__Dothideomycetes","o__Pleosporales","f__Phaeosphaeriaceae","g__Neosetophoma","s__rosarum","Other"
"ASV_1015",-2.18711972000365,0.462264858728549,0.613649841703981,NA,NA,NA,"k__Fungi","p__Ascomycota","c__Sordariomycetes","o__Glomerellales","f__Plectosphaerellaceae","g__Plectosphaerella","s__niemeijerarum","Other"
"ASV_1019",2.1764721820003,0.464077874050772,0.614260509676533,NA,NA,NA,"k__Fungi","p__Ascomycota","c__Dothideomycetes","o__Pleosporales","f__Cucurbitariaceae","g__Pyrenochaetopsis","s__tabarestanensis","Other"
"ASV_1031",2.77752882431028,0.349280808152757,0.516526015965316,NA,NA,NA,"k__Fungi","p__Basidiomycota","c__Agaricomycetes","o__Auriculariales","f__Auriculariaceae","g__Auricularia","s__fuscosuccinea","Other"
"ASV_1049",1.85934834930564,0.48875472814791,0.630382518690771,NA,NA,NA,"k__Fungi","p__Ascomycota","c__Dothideomycetes","o__Venturiales","f__Venturiaceae","g__Venturia","s__","Other"
"ASV_1055",1.61241211576774,0.587808157109348,0.699794953970861,NA,NA,NA,"k__Fungi","p__Basidiomycota","c__","o__","f__","g__","s__","Other"
"ASV_1061",0.678900899032958,0.819271260638424,0.883489672992504,NA,NA,NA,"k__Fungi","p__Ascomycota","c__Dothideomycetes","o__Pleosporales","f__","g__","s__","Other"
"ASV_1063",2.8527520357505,0.336388213229961,0.505696188100669,NA,NA,NA,"k__Fungi","p__Basidiomycota","c__Agaricomycetes","o__Polyporales","f__","g__","s__","Other"
"ASV_1072",3.97075050974147,0.180782921715543,0.319359713847691,NA,NA,NA,"k__Fungi","p__Ascomycota","c__Dothideomycetes","o__Capnodiales","f__Mycosphaerellaceae","g__Zymoseptoria","s__tritici","Other"
"ASV_1080",13.4710927852724,6.14791889318708e-06,2.87747956444014e-05,NA,NA,NA,"k__Fungi","p__Ascomycota","c__Eurotiomycetes","o__Chaetothyriales","f__Trichomeriaceae","g__Knufia","s__","Other"
"ASV_1081",1.45699566087799,0.624105757057933,0.728390780730852,NA,NA,NA,"k__Fungi","p__Ascomycota","c__Dothideomycetes","o__Pleosporales","f__Phaeosphaeriaceae","g__","s__","Other"
"ASV_1084",5.77778334407678,0.0516228982904602,0.111074861724497,NA,NA,NA,"k__Fungi","p__Ascomycota","c__Sordariomycetes","o__Xylariales","f__Xylariaceae","g__Camillea","s__tinctor","Other"
"ASV_1087",1.61001438075861,0.588078993127615,0.699794953970861,NA,NA,NA,"k__Fungi","p__Basidiomycota","c__Agaricomycetes","o__Hymenochaetales","f__","g__Peniophorella","s__pubera","Other"
"ASV_1089",2.0294605252912,0.494661679906434,0.631121862696529,NA,NA,NA,"k__Fungi","p__Ascomycota","c__Dothideomycetes","o__Pleosporales","f__Didymosphaeriaceae","g__","s__","Other"
"ASV_1090",4.87992213139786,0.0998824386274991,0.198614842650181,NA,NA,NA,"k__Fungi","p__Ascomycota","c__Dothideomycetes","o__Pleosporales","f__Lentitheciaceae","g__Keissleriella","s__yonaguniensis","Other"
"ASV_1092",2.94386502050293,0.321145459470578,0.486000128665474,NA,NA,NA,"k__Fungi","p__Ascomycota","c__Sordariomycetes","o__Diaporthales","f__Valsaceae","g__Cytospora","s__populina","Other"
"ASV_1095",-5.97634458207001,0.0446970979757399,0.097560011927817,NA,NA,NA,"k__Fungi","p__Ascomycota","c__Taphrinomycetes","o__Taphrinales","f__Taphrinaceae","g__Taphrina","s__inositophila","Other"
"ASV_1105",4.7225581510442,0.111777000461981,0.217894501026447,NA,NA,NA,"k__Fungi","p__Ascomycota","c__Eurotiomycetes","o__Chaetothyriales","f__Cyphellophoraceae","g__Cyphellophora","s__fusarioides","Other"
"ASV_1110",-9.06001239295138,0.00231600340866281,0.00696334799690672,NA,NA,NA,"k__Fungi","p__Basidiomycota","c__Agaricomycetes","o__Polyporales","f__Meruliaceae","g__Aurantiporus","s__fissilis","Other"
"ASV_1116",2.73756844740453,0.356442305824027,0.52370487651815,NA,NA,NA,"k__Fungi","p__Ascomycota","c__Dothideomycetes","o__Pleosporales","f__Massarinaceae","g__Stagonospora","s__trichophoricola","Other"
"ASV_1122",-1.19318853083224,0.68837849558123,0.781104053444951,NA,NA,NA,"k__Fungi","p__Basidiomycota","c__Agaricomycetes","o__Polyporales","f__Fomitopsidaceae","g__Fomitopsis","s__","Other"
"ASV_1128",8.63797583646542,0.00375066671721551,0.0105764142212164,NA,NA,NA,"k__Fungi","p__Ascomycota","c__Dothideomycetes","o__Pleosporales","f__Lophiostomataceae","g__","s__","Other"
"ASV_1130",0.557215338806167,0.851103651251239,0.904920509761271,NA,NA,NA,"k__Fungi","p__Ascomycota","c__Dothideomycetes","o__Pleosporales","f__Phaeosphaeriaceae","g__","s__","Other"
"ASV_1132",2.48687215605105,0.402497624287876,0.555976857584976,NA,NA,NA,"k__Fungi","p__Basidiomycota","c__Agaricomycetes","o__Polyporales","f__Panaceae","g__Panus","s__conchatus","Other"
"ASV_1138",4.79636186045812,0.0491437108402714,0.106752367088436,NA,NA,NA,"k__Fungi","p__Basidiomycota","c__Agaricomycetes","o__Russulales","f__Peniophoraceae","g__Peniophora","s__","Other"
"ASV_1148",-2.55492859248622,0.390374996913397,0.550404498753671,NA,NA,NA,"k__Fungi","p__Ascomycota","c__Dothideomycetes","o__Capnodiales","f__Mycosphaerellaceae","g__Ramularia","s__","Other"
"ASV_1150",0.988155228479377,0.739858854083888,0.827329851611048,NA,NA,NA,"k__Fungi","p__Ascomycota","c__Dothideomycetes","o__Pleosporales","f__","g__Pseudorobillarda","s__phragmitis","Other"
"ASV_1151",-8.98257542506258,0.00255484383378836,0.0076165939882126,NA,NA,NA,"k__Fungi","p__Ascomycota","c__Dothideomycetes","o__Capnodiales","f__Mycosphaerellaceae","g__","s__","Other"
"ASV_1158",-1.99940350144579,0.501179505510392,0.633803608639883,NA,NA,NA,"k__Fungi","p__Ascomycota","c__Dothideomycetes","o__Capnodiales","f__Mycosphaerellaceae","g__","s__","Other"
"ASV_1165",1.29233592647278,0.663597515608645,0.756968020317399,NA,NA,NA,"k__Fungi","p__Basidiomycota","c__Agaricomycetes","o__Polyporales","f__Phanerochaetaceae","g__Phanerochaete","s__citri","Other"
"ASV_1167",2.10331400678525,0.479482964918645,0.620185943228105,NA,NA,NA,"k__Fungi","p__Ascomycota","c__Dothideomycetes","o__Capnodiales","f__Teratosphaeriaceae","g__","s__","Other"
"ASV_1170",-0.723157201252396,0.807687057610318,0.875154950250798,NA,NA,NA,"k__Fungi","p__Basidiomycota","c__Tremellomycetes","o__Tremellales","f__Bulleribasidiaceae","g__Vishniacozyma","s__victoriae","Other"
"ASV_1175",2.11310999408763,0.477165242156736,0.620185943228105,NA,NA,NA,"k__Fungi","p__Ascomycota","c__Dothideomycetes","o__Capnodiales","f__Cladosporiaceae","g__Cladosporium","s__velox","Other"
"ASV_1179",1.55561686263609,0.600300238057599,0.711583049812401,NA,NA,NA,"k__Fungi","p__Ascomycota","c__Dothideomycetes","o__Pleosporales","f__Didymosphaeriaceae","g__Pseudopithomyces","s__chartarum","Other"
"ASV_1180",7.33465514208554,0.0136701828431731,0.0333670054344117,NA,NA,NA,"k__Fungi","p__Ascomycota","c__Dothideomycetes","o__Pleosporales","f__Lophiostomataceae","g__Biappendiculispora","s__","Other"
"ASV_1181",1.15728555841871,0.696929270174557,0.787079325023008,NA,NA,NA,"k__Fungi","p__Basidiomycota","c__Agaricomycetes","o__Polyporales","f__Ganodermataceae","g__","s__","Other"
"ASV_1193",3.77164761990503,0.204916835754021,0.35781632089356,NA,NA,NA,"k__Fungi","p__Ascomycota","c__Dothideomycetes","o__Capnodiales","f__Neodevriesiaceae","g__Neodevriesia","s__poagena","Other"
"ASV_1198",1.66006083870191,0.576388380256792,0.693870072723074,NA,NA,NA,"k__Fungi","p__Basidiomycota","c__Agaricomycetes","o__Hymenochaetales","f__Hymenochaetaceae","g__Fuscoporia","s__senex","Other"
"ASV_1222",1.08366328310024,0.715149951639973,0.801674266776661,NA,NA,NA,"k__Fungi","p__Ascomycota","c__Dothideomycetes","o__Pleosporales","f__Massarinaceae","g__","s__","Other"
"ASV_1238",2.10470690803306,0.4788145800788,0.620185943228105,NA,NA,NA,"k__Fungi","p__Basidiomycota","c__Agaricomycetes","o__Auriculariales","f__Exidiaceae","g__Ductifera","s__pululahuana","Other"
"ASV_1262",2.02976405409273,0.494888509074811,0.631121862696529,NA,NA,NA,"k__Fungi","p__Ascomycota","c__Dothideomycetes","o__Capnodiales","f__Teratosphaeriaceae","g__Devriesia","s__pseudoamericana","Other"
"ASV_1263",2.36862133179186,0.425518742435752,0.576673161390542,NA,NA,NA,"k__Fungi","p__Ascomycota","c__Leotiomycetes","o__Helotiales","f__","g__","s__","Other"
"ASV_1279",-0.789214627085865,0.790508574909638,0.865722990502564,NA,NA,NA,"k__Fungi","p__Basidiomycota","c__Agaricostilbomycetes","o__Agaricostilbales","f__Kondoaceae","g__Bensingtonia","s__","Other"
"ASV_1293",1.45859154330813,0.623272741202,0.728390780730852,NA,NA,NA,"k__Fungi","p__Ascomycota","c__Dothideomycetes","o__Pleosporales","f__","g__","s__","Other"
"ASV_1295",9.32867429906348,0.00171194553812663,0.00532344708431158,NA,NA,NA,"k__Fungi","p__Basidiomycota","c__Agaricomycetes","o__Russulales","f__Peniophoraceae","g__Peniophora","s__","Other"
"ASV_1298",1.88207166634422,0.526705382597798,0.656934735437913,NA,NA,NA,"k__Fungi","p__Ascomycota","c__Sordariomycetes","o__Hypocreales","f__Bionectriaceae","g__Clonostachys","s__miodochialis","Other"
"ASV_1302",1.39960046379508,0.637901607883608,0.736914325646712,NA,NA,NA,"k__Fungi","p__Basidiomycota","c__Agaricomycetes","o__Auriculariales","f__Auriculariaceae","g__Auricularia","s__fuscosuccinea","Other"
"ASV_1319",3.3376848793152,0.262664998988847,0.43034220134809,NA,NA,NA,"k__Fungi","p__Basidiomycota","c__Tremellomycetes","o__Tremellales","f__Bulleribasidiaceae","g__Vishniacozyma","s__","Other"
"ASV_1344",4.01308224501191,0.17725314154026,0.314347368200305,NA,NA,NA,"k__Fungi","p__Ascomycota","c__Dothideomycetes","o__Pleosporales","f__Lophiostomataceae","g__","s__","Other"
"ASV_1354",1.86484350353764,0.530720760936592,0.6601293848362,NA,NA,NA,"k__Fungi","p__Basidiomycota","c__Agaricomycetes","o__Polyporales","f__Polyporaceae","g__","s__","Other"
"ASV_1399",-1.66742708671256,0.575491933034147,0.693870072723074,NA,NA,NA,"k__Fungi","p__Basidiomycota","c__Ustilaginomycetes","o__Ustilaginales","f__Ustilaginaceae","g__Pseudozyma","s__pruni","Other"
"ASV_1422",1.78900236565313,0.547335798813692,0.669785586688454,NA,NA,NA,"k__Fungi","p__Ascomycota","c__Lecanoromycetes","o__Ostropales","f__","g__","s__","Other"
"ASV_1434",1.39379345335453,0.639657220715623,0.737066949758612,NA,NA,NA,"k__Fungi","p__Basidiomycota","c__Agaricomycetes","o__Russulales","f__Auriscalpiaceae","g__Lentinellus","s__castoreus","Other"
"ASV_1440",8.42013799617563,0.00468380415630083,0.0130456876500649,NA,NA,NA,"k__Fungi","p__Ascomycota","c__Dothideomycetes","o__Capnodiales","f__Mycosphaerellaceae","g__","s__","Other"
"ASV_1452",1.68593136894014,0.570602428759334,0.690809340417967,NA,NA,NA,"k__Fungi","p__Ascomycota","c__Dothideomycetes","o__Capnodiales","f__Mycosphaerellaceae","g__Ramularia","s__","Other"
"ASV_1457",1.54903782203969,0.602676032042184,0.712538850383208,NA,NA,NA,"k__Fungi","p__Ascomycota","c__Dothideomycetes","o__Pleosporales","f__Phaeosphaeriaceae","g__Neosetophoma","s__rosarum","Other"
"ASV_1466",-0.0301995213842875,0.991902617851587,0.994473793729895,NA,NA,NA,"k__Fungi","p__Ascomycota","c__Dothideomycetes","o__Pleosporales","f__Phaeosphaeriaceae","g__","s__","Other"
"ASV_1469",0.286403116907196,0.923309713883957,0.95268775023481,NA,NA,NA,"k__Fungi","p__Basidiomycota","c__Tremellomycetes","o__Tremellales","f__Bulleribasidiaceae","g__Bulleribasidium","s__oberjochense","Other"
"ASV_1485",1.88688934686666,0.52600819636958,0.656934735437913,NA,NA,NA,"k__Fungi","p__Ascomycota","c__Dothideomycetes","o__Pleosporales","f__Phaeosphaeriaceae","g__Setophaeosphaeria","s__badalingensis","Other"
"ASV_1492",1.69374010091237,0.568995151721502,0.690705344603106,NA,NA,NA,"k__Fungi","p__Ascomycota","c__Dothideomycetes","o__Pleosporales","f__Pleosporaceae","g__Dendryphiella","s__fasciculata","Other"
"ASV_1501",9.42755282729282,0.00152237334490318,0.00483326922088141,NA,NA,NA,"k__Fungi","p__Ascomycota","c__Sordariomycetes","o__Diaporthales","f__Diaporthaceae","g__Diaporthe","s__caulivora","Other"
"ASV_8",NA,NA,NA,2.19978918772854,2.241650653226e-07,3.29398109876821e-06,"k__Fungi","p__Ascomycota","c__Dothideomycetes","o__Pleosporales","f__Didymellaceae","g__Neoascochyta","s__","Other"
"ASV_12",NA,NA,NA,1.75706997094761,7.2670299831432e-14,2.95712220083289e-12,"k__Fungi","p__Ascomycota","c__Dothideomycetes","o__Pleosporales","f__Pleosporaceae","g__Comoclathris","s__","Other"
"ASV_24",NA,NA,NA,-0.788611976558869,0.0509553879336601,0.141870527457401,"k__Fungi","p__Ascomycota","c__Dothideomycetes","o__Pleosporales","f__Didymellaceae","g__Ascochyta","s__","Other"
"ASV_29",NA,NA,NA,0.153518215734875,0.583630090273582,0.801922903259026,"k__Fungi","p__Ascomycota","c__Dothideomycetes","o__Dothideales","f__","g__","s__","Other"
"ASV_31",NA,NA,NA,-0.0181493008049937,0.972524265549259,0.981804077243431,"k__Fungi","p__Ascomycota","c__Dothideomycetes","o__Pleosporales","f__Didymellaceae","g__Neoascochyta","s__triticicola","Other"
"ASV_35",NA,NA,NA,0.873872442303658,0.0790791385935613,0.205365094844699,"k__Fungi","p__Ascomycota","c__Dothideomycetes","o__Pleosporales","f__Didymellaceae","g__Neoascochyta","s__europaea","Other"
"ASV_37",NA,NA,NA,-1.23017697702335,7.05865982705996e-05,0.000655093166406091,"k__Fungi","p__Basidiomycota","c__Agaricomycetes","o__","f__","g__","s__","Other"
"ASV_40",NA,NA,NA,-0.673708074119248,0.0886451406734319,0.22330133055355,"k__Fungi","p__Ascomycota","c__Dothideomycetes","o__Pleosporales","f__Didymosphaeriaceae","g__Pseudopithomyces","s__rosae","Other"
"ASV_44",NA,NA,NA,-0.546475066897675,0.40891522180232,0.693321001068678,"k__Fungi","p__Ascomycota","c__Sordariomycetes","o__Chaetosphaeriales","f__Chaetosphaeriaceae","g__Dinemasporium","s__morbidum","Other"
"ASV_45",NA,NA,NA,2.19624369386052,0.000208626975140546,0.00164721895297535,"k__Fungi","p__Ascomycota","c__Dothideomycetes","o__Pleosporales","f__Massarinaceae","g__Pseudodidymosphaeria","s__phlei","Other"
"ASV_48",NA,NA,NA,3.01405729343282,5.19557312434194e-05,0.000490796104067301,"k__Fungi","p__Ascomycota","c__Dothideomycetes","o__Pleosporales","f__Massarinaceae","g__Pseudodidymosphaeria","s__phlei","Other"
"ASV_49",NA,NA,NA,1.0410649764479,9.28384409921661e-08,1.53473547765175e-06,"k__Fungi","p__Ascomycota","c__Dothideomycetes","o__Capnodiales","f__Teratosphaeriaceae","g__Constantinomyces","s__minimus","Other"
"ASV_53",NA,NA,NA,2.03119442170381,3.40007530256086e-06,3.74716632303062e-05,"k__Fungi","p__Ascomycota","c__Leotiomycetes","o__Helotiales","f__Helotiaceae","g__Articulospora","s__proliferata","Other"
"ASV_57",NA,NA,NA,-0.0588709366306686,0.868716672526368,0.95540773340218,"k__Fungi","p__Ascomycota","c__Dothideomycetes","o__Pleosporales","f__Phaeosphaeriaceae","g__Dematiopleospora","s__rosicola","Other"
"ASV_59",NA,NA,NA,1.72487094714611,0.000183368309075211,0.0014700539971212,"k__Fungi","p__Ascomycota","c__Dothideomycetes","o__Pleosporales","f__Pleosporaceae","g__Alternaria","s__dactylidicola","Other"
"ASV_60",NA,NA,NA,-1.67969028148773,0.0141389747508003,0.0545679242550053,"k__Fungi","p__Ascomycota","c__Dothideomycetes","o__Pleosporales","f__Phaeosphaeriaceae","g__Sclerostagonospora","s__","Other"
"ASV_64",NA,NA,NA,6.64290062632383,7.99502796052474e-10,1.76223741296566e-08,"k__Fungi","p__Ascomycota","c__Dothideomycetes","o__Pleosporales","f__Pleosporaceae","g__Pyrenophora","s__tritici-repentis","Other"
"ASV_81",NA,NA,NA,1.20131610802091,0.198509365126331,0.422653757709055,"k__Fungi","p__Ascomycota","c__Sordariomycetes","o__Hypocreales","f__Nectriaceae","g__Gibberella","s__intricans","Other"
"ASV_84",NA,NA,NA,-0.0191074331664544,0.959887280286621,0.979871302083018,"k__Fungi","p__Ascomycota","c__Dothideomycetes","o__Pleosporales","f__Phaeosphaeriaceae","g__Dematiopleospora","s__rosicola","Other"
"ASV_85",NA,NA,NA,1.2801295454927,0.000335998199957747,0.0026138683496713,"k__Fungi","p__Ascomycota","c__Dothideomycetes","o__Pleosporales","f__Phaeosphaeriaceae","g__","s__","Other"
"ASV_90",NA,NA,NA,0.419333554414389,0.549347855528679,0.76879633749913,"k__Fungi","p__Ascomycota","c__Dothideomycetes","o__Pleosporales","f__Didymosphaeriaceae","g__Paraphaeosphaeria","s__","Other"
"ASV_93",NA,NA,NA,1.88009124498678,0.0234300999616494,0.0810099534621733,"k__Fungi","p__Ascomycota","c__Dothideomycetes","o__Pleosporales","f__Pleosporaceae","g__Comoclathris","s__lini","Other"
"ASV_102",NA,NA,NA,7.00186834671464,1.76030528615276e-14,8.46546814886189e-13,"k__Fungi","p__Ascomycota","c__Dothideomycetes","o__Capnodiales","f__Cladosporiaceae","g__Davidiellomyces","s__australiensis","Other"
"ASV_104",NA,NA,NA,1.1059690784887,0.00623863145000151,0.0294663931879536,"k__Fungi","p__Ascomycota","c__Dothideomycetes","o__Pleosporales","f__Phaeosphaeriaceae","g__Parastagonospora","s__","Other"
"ASV_106",NA,NA,NA,5.20289602405475,4.94399071439929e-07,6.22707401885053e-06,"k__Fungi","p__Basidiomycota","c__Agaricomycetes","o__","f__","g__","s__","Other"
"ASV_112",NA,NA,NA,-2.1942501782285,0.00165575377590605,0.0092199341837295,"k__Fungi","p__Basidiomycota","c__Agaricomycetes","o__Agaricales","f__Stephanosporaceae","g__Cristinia","s__","Other"
"ASV_113",NA,NA,NA,1.890561547629,0.122480340220953,0.289250446325376,"k__Fungi","p__Ascomycota","c__Dothideomycetes","o__Pleosporales","f__Amniculicolaceae","g__Murispora","s__","Other"
"ASV_114",NA,NA,NA,-6.15324921221715,3.26223059982634e-24,3.45143997461627e-22,"k__Fungi","p__Ascomycota","c__Dothideomycetes","o__Capnodiales","f__Dissoconiaceae","g__Dissoconium","s__eucalypti","Other"
"ASV_115",NA,NA,NA,0.73654980325841,0.0234191481519583,0.0810099534621733,"k__Fungi","p__Ascomycota","c__Dothideomycetes","o__Pleosporales","f__","g__","s__","Other"
"ASV_121",NA,NA,NA,0.114839232575953,0.874367206033378,0.958366351322679,"k__Fungi","p__Ascomycota","c__Dothideomycetes","o__Pleosporales","f__Phaeosphaeriaceae","g__Phaeosphaeria","s__","Other"
"ASV_122",NA,NA,NA,4.63083165364886,1.67357813768666e-07,2.68279646920074e-06,"k__Fungi","p__Ascomycota","c__Dothideomycetes","o__Pleosporales","f__Pleosporaceae","g__Alternaria","s__oregonensis","Other"
"ASV_124",NA,NA,NA,5.64436525203185,2.90425419946296e-07,4.04302755662081e-06,"k__Fungi","p__Ascomycota","c__Dothideomycetes","o__Pleosporales","f__Sporormiaceae","g__Sparticola","s__junci","Other"
"ASV_129",NA,NA,NA,0.511145747364619,0.440192634909884,0.70699725824326,"k__Fungi","p__Ascomycota","c__Dothideomycetes","o__Pleosporales","f__Phaeosphaeriaceae","g__Parastagonospora","s__","Other"
"ASV_130",NA,NA,NA,-0.0739259778700701,0.889314756829549,0.966011306699859,"k__Fungi","p__Basidiomycota","c__Agaricomycetes","o__Russulales","f__","g__","s__","Other"
"ASV_131",NA,NA,NA,1.11720009762892,5.01216154069598e-05,0.000490796104067301,"k__Fungi","p__Ascomycota","c__Dothideomycetes","o__Pleosporales","f__Phaeosphaeriaceae","g__","s__","Other"
"ASV_132",NA,NA,NA,-0.0805482588877901,0.9583458440883,0.979871302083018,"k__Fungi","p__Ascomycota","c__Sordariomycetes","o__Hypocreales","f__Clavicipitaceae","g__Claviceps","s__spartinae","Other"
"ASV_134",NA,NA,NA,-0.254054957205439,0.793787415399487,0.929012262713117,"k__Fungi","p__Ascomycota","c__Sordariomycetes","o__Chaetosphaeriales","f__Chaetosphaeriaceae","g__Dinemasporium","s__morbidum","Other"
"ASV_135",NA,NA,NA,1.80121396763112,0.113083159556778,0.270683219029573,"k__Fungi","p__Ascomycota","c__Sordariomycetes","o__Hypocreales","f__Nectriaceae","g__Gibberella","s__intricans","Other"
"ASV_138",NA,NA,NA,-0.0399717033674226,0.909535233975905,0.969297152028004,"k__Fungi","p__Ascomycota","c__Dothideomycetes","o__Pleosporales","f__Lentitheciaceae","g__","s__","Other"
"ASV_147",NA,NA,NA,2.90304434195389,0.0241982408588318,0.0831225286644288,"k__Fungi","p__Ascomycota","c__Dothideomycetes","o__Pleosporales","f__Amniculicolaceae","g__Murispora","s__","Other"
"ASV_153",NA,NA,NA,15.2478698304502,3.14760201996419e-07,4.26943966297707e-06,"k__Fungi","p__Basidiomycota","c__Tremellomycetes","o__Filobasidiales","f__Filobasidiaceae","g__Filobasidium","s__magnum","Other"
"ASV_156",NA,NA,NA,-0.0318532182297246,0.946960585040099,0.978009044388611,"k__Fungi","p__Ascomycota","c__Dothideomycetes","o__Pleosporales","f__","g__Massariosphaeria","s__roumeguerei","Other"
"ASV_157",NA,NA,NA,-2.46076588790641,0.183001688836824,0.405053947258076,"k__Fungi","p__Basidiomycota","c__Tremellomycetes","o__Filobasidiales","f__Filobasidiaceae","g__Filobasidium","s__magnum","Other"
"ASV_158",NA,NA,NA,2.60060831714977,0.000440166253192435,0.00327954856251828,"k__Fungi","p__Ascomycota","c__Dothideomycetes","o__Pleosporales","f__","g__Pseudorobillarda","s__phragmitis","Other"
"ASV_161",NA,NA,NA,2.79144640581714,0.000138626903374694,0.00116402590293989,"k__Fungi","p__Ascomycota","c__Dothideomycetes","o__Capnodiales","f__Cladosporiaceae","g__Davidiellomyces","s__australiensis","Other"
"ASV_164",NA,NA,NA,-1.62803241233114,0.0118996089224745,0.0491788524999143,"k__Fungi","p__Basidiomycota","c__Agaricomycetes","o__Cantharellales","f__Ceratobasidiaceae","g__Ceratobasidium","s__","Other"
"ASV_166",NA,NA,NA,0.250592992470658,0.617032734332967,0.830560601684833,"k__Fungi","p__Ascomycota","c__Dothideomycetes","o__Pleosporales","f__Phaeosphaeriaceae","g__Poaceicola","s__agrostina","Other"
"ASV_167",NA,NA,NA,2.06690960696654,0.00669472777102177,0.0307957477467001,"k__Fungi","p__Ascomycota","c__Dothideomycetes","o__Pleosporales","f__Phaeosphaeriaceae","g__Parastagonospora","s__","Other"
"ASV_168",NA,NA,NA,-1.16521133652438,0.115053199958947,0.274158300803077,"k__Fungi","p__Basidiomycota","c__Tremellomycetes","o__Filobasidiales","f__Filobasidiaceae","g__Filobasidium","s__wieringae","Other"
"ASV_171",NA,NA,NA,-0.0674549378091389,0.949360812230312,0.978009044388611,"k__Fungi","p__Basidiomycota","c__Agaricomycetes","o__Corticiales","f__Corticiaceae","g__Limonomyces","s__culmigenus","Other"
"ASV_176",NA,NA,NA,-0.0912825223433764,0.792760939030118,0.929012262713117,"k__Fungi","p__Basidiomycota","c__Tremellomycetes","o__Tremellales","f__Bulleribasidiaceae","g__Dioszegia","s__","Other"
"ASV_179",NA,NA,NA,3.44650383123045,0.247302991697206,0.486331905605285,"k__Fungi","p__Basidiomycota","c__Tremellomycetes","o__Filobasidiales","f__Filobasidiaceae","g__Naganishia","s__adeliensis","Other"
"ASV_188",NA,NA,NA,-6.16296637573484,1.8347078311813e-07,2.85458953733797e-06,"k__Fungi","p__Basidiomycota","c__Agaricomycetes","o__","f__","g__","s__","Other"
"ASV_189",NA,NA,NA,3.76811603514043,0.00122810571217391,0.00738259001977272,"k__Fungi","p__Ascomycota","c__Dothideomycetes","o__Pleosporales","f__Phaeosphaeriaceae","g__Parastagonospora","s__forlicesenica","Other"
"ASV_191",NA,NA,NA,-1.49205578401821,0.207889477971271,0.432966668688198,"k__Fungi","p__Ascomycota","c__Dothideomycetes","o__Pleosporales","f__Phaeosphaeriaceae","g__","s__","Other"
"ASV_192",NA,NA,NA,6.16650751470212,2.64202211818965e-12,9.31753133681549e-11,"k__Fungi","p__Basidiomycota","c__Tremellomycetes","o__Cystofilobasidiales","f__Cystofilobasidiaceae","g__Cystofilobasidium","s__macerans","Other"
"ASV_194",NA,NA,NA,0.975023423653652,0.357794095195924,0.64598319576329,"k__Fungi","p__Ascomycota","c__Dothideomycetes","o__Pleosporales","f__Phaeosphaeriaceae","g__Septoriella","s__phragmitis","Other"
"ASV_196",NA,NA,NA,-12.8433982491064,1.10632969312992e-16,7.31560509582159e-15,"k__Fungi","p__Ascomycota","c__Sordariomycetes","o__Hypocreales","f__Nectriaceae","g__Fusarium","s__","Other"
"ASV_197",NA,NA,NA,0.120323414427529,0.916159879043482,0.969297152028004,"k__Fungi","p__Ascomycota","c__Dothideomycetes","o__Pleosporales","f__Phaeosphaeriaceae","g__Septoriella","s__","Other"
"ASV_199",NA,NA,NA,-3.44014360713208,0.000121484078699028,0.0010402894700141,"k__Fungi","p__Ascomycota","c__Dothideomycetes","o__Pleosporales","f__Phaeosphaeriaceae","g__Piniphoma","s__wesendahlina","Other"
"ASV_201",NA,NA,NA,2.30083125551765,0.0679112933195156,0.181851965416294,"k__Fungi","p__Basidiomycota","c__Ustilaginomycetes","o__Ustilaginales","f__Ustilaginaceae","g__Tranzscheliella","s__hypodytes","Other"
"ASV_204",NA,NA,NA,1.94749647295044,0.0226273740172009,0.0797992057006617,"k__Fungi","p__Ascomycota","c__Dothideomycetes","o__Pleosporales","f__Pleosporaceae","g__Comoclathris","s__","Other"
"ASV_205",NA,NA,NA,3.33682887624083,0.000617913688228072,0.004358351214302,"k__Fungi","p__Basidiomycota","c__Tremellomycetes","o__Filobasidiales","f__Filobasidiaceae","g__Filobasidium","s__chernovii","Other"
"ASV_206",NA,NA,NA,-0.0371111520309581,0.963819803349522,0.979871302083018,"k__Fungi","p__Ascomycota","c__Sordariomycetes","o__Hypocreales","f__Stachybotryaceae","g__Myrothecium","s__","Other"
"ASV_210",NA,NA,NA,4.38479088506013,0.000118196836367245,0.0010402894700141,"k__Fungi","p__Ascomycota","c__Dothideomycetes","o__Pleosporales","f__Massarinaceae","g__Pseudodidymosphaeria","s__phlei","Other"
"ASV_213",NA,NA,NA,-1.03027187497727,0.715349037248958,0.882097064579718,"k__Fungi","p__Ascomycota","c__Dothideomycetes","o__Pleosporales","f__Sporormiaceae","g__Sporormiella","s__similis","Other"
"ASV_216",NA,NA,NA,-1.24469909720816,0.434930665483219,0.70699725824326,"k__Fungi","p__Ascomycota","c__Dothideomycetes","o__Pleosporales","f__Phaeosphaeriaceae","g__","s__","Other"
"ASV_223",NA,NA,NA,0.526098333010941,0.214030632361154,0.44055332497685,"k__Fungi","p__Ascomycota","c__Dothideomycetes","o__Capnodiales","f__Teratosphaeriaceae","g__Capnobotryella","s__","Other"
"ASV_226",NA,NA,NA,1.69157438827715,0.0884710702964864,0.22330133055355,"k__Fungi","p__Ascomycota","c__Dothideomycetes","o__Pleosporales","f__Pleosporaceae","g__Neocamarosporium","s__lamiacearum","Other"
"ASV_228",NA,NA,NA,-1.8985954320986,0.196583678249012,0.422653757709055,"k__Fungi","p__Basidiomycota","c__Agaricomycetes","o__Corticiales","f__Corticiaceae","g__Limonomyces","s__culmigenus","Other"
"ASV_229",NA,NA,NA,0.846545929329332,0.106268460042017,0.257871630101959,"k__Fungi","p__Ascomycota","c__Dothideomycetes","o__Pleosporales","f__","g__","s__","Other"
"ASV_232",NA,NA,NA,0.926056098302755,0.435645847981986,0.70699725824326,"k__Fungi","p__Ascomycota","c__Dothideomycetes","o__Pleosporales","f__Pleosporaceae","g__Comoclathris","s__","Other"
"ASV_233",NA,NA,NA,1.30038414080939,0.0455657742897074,0.131405164062022,"k__Fungi","p__Ascomycota","c__Dothideomycetes","o__Pleosporales","f__Phaeosphaeriaceae","g__Chaetosphaeronema","s__","Other"
"ASV_236",NA,NA,NA,-1.68576646629899,0.187257249503503,0.411033547665365,"k__Fungi","p__Ascomycota","c__Dothideomycetes","o__Pleosporales","f__Phaeosphaeriaceae","g__","s__","Other"
"ASV_239",NA,NA,NA,0.702908200380535,0.563126871578986,0.783931881750746,"k__Fungi","p__Ascomycota","c__Dothideomycetes","o__Pleosporales","f__Pleosporaceae","g__","s__","Other"
"ASV_241",NA,NA,NA,-5.73400732584524,0.000831084831530265,0.0056364599471732,"k__Fungi","p__Basidiomycota","c__Agaricomycetes","o__Corticiales","f__Corticiaceae","g__Limonomyces","s__","Other"
"ASV_242",NA,NA,NA,0.0901245192417505,0.911899223653626,0.969297152028004,"k__Fungi","p__Ascomycota","c__Dothideomycetes","o__Capnodiales","f__Cladosporiaceae","g__Cladosporium","s__grevilleae","Other"
"ASV_243",NA,NA,NA,-2.76745961014144,0.0858461462522094,0.219384595977868,"k__Fungi","p__Basidiomycota","c__Agaricomycetes","o__Cantharellales","f__Ceratobasidiaceae","g__Ceratobasidium","s__","Other"
"ASV_245",NA,NA,NA,-0.483537922095218,0.719631902094834,0.885314595832947,"k__Fungi","p__Ascomycota","c__Dothideomycetes","o__Pleosporales","f__Phaeosphaeriaceae","g__Septoriella","s__hirta","Other"
"ASV_246",NA,NA,NA,0.0296957655378904,0.964554909211113,0.979871302083018,"k__Fungi","p__Ascomycota","c__Dothideomycetes","o__Pleosporales","f__Didymosphaeriaceae","g__Kalmusia","s__","Other"
"ASV_247",NA,NA,NA,3.11712835487452,9.38848800481836e-05,0.000856294854232571,"k__Fungi","p__Ascomycota","c__Dothideomycetes","o__Capnodiales","f__Cladosporiaceae","g__","s__","Other"
"ASV_249",NA,NA,NA,0.655814441361025,0.487699113960272,0.739234473595943,"k__Fungi","p__Ascomycota","c__Dothideomycetes","o__Pleosporales","f__Lentitheciaceae","g__","s__","Other"
"ASV_250",NA,NA,NA,-7.51676924419085,3.61199820967288e-08,6.58878294109295e-07,"k__Fungi","p__Basidiomycota","c__Agaricomycetes","o__Cantharellales","f__Ceratobasidiaceae","g__Ceratobasidium","s__","Other"
"ASV_251",NA,NA,NA,5.4169038463273,4.89463754282865e-12,1.43847958897575e-10,"k__Fungi","p__Ascomycota","c__","o__","f__","g__","s__","Other"
"ASV_253",NA,NA,NA,1.62471002206645,0.146628708874116,0.338718720499596,"k__Fungi","p__Ascomycota","c__Dothideomycetes","o__Pleosporales","f__Lentitheciaceae","g__Keissleriella","s__quadriseptata","Other"
"ASV_256",NA,NA,NA,-1.94129353997744,0.155621167673129,0.356379210818552,"k__Fungi","p__Ascomycota","c__","o__","f__","g__","s__","Other"
"ASV_259",NA,NA,NA,6.8552639948205,0.020767741802655,0.0737324524402985,"k__Fungi","p__Basidiomycota","c__Agaricomycetes","o__Corticiales","f__Corticiaceae","g__","s__","Other"
"ASV_260",NA,NA,NA,-5.92794745945713,6.54759209421326e-13,2.47405444131344e-11,"k__Fungi","p__Basidiomycota","c__Agaricomycetes","o__Polyporales","f__Fomitopsidaceae","g__Fomitopsis","s__pinicola","Other"
"ASV_263",NA,NA,NA,3.48658846211112,0.00342182229820245,0.0172394666261819,"k__Fungi","p__Ascomycota","c__Dothideomycetes","o__Pleosporales","f__","g__","s__","Other"
"ASV_274",NA,NA,NA,0.178347173251684,0.952126007297041,0.978009044388611,"k__Fungi","p__Ascomycota","c__Sordariomycetes","o__Hypocreales","f__Clavicipitaceae","g__Claviceps","s__spartinae","Other"
"ASV_278",NA,NA,NA,-1.25828309922693,0.146231184102476,0.338718720499596,"k__Fungi","p__Ascomycota","c__Dothideomycetes","o__Pleosporales","f__Massarinaceae","g__Stagonospora","s__pseudovitensis","Other"
"ASV_284",NA,NA,NA,-9.46757436855391,3.48977762946848e-06,3.76753544079353e-05,"k__Fungi","p__Basidiomycota","c__Agaricomycetes","o__Agaricales","f__Stephanosporaceae","g__Cristinia","s__","Other"
"ASV_285",NA,NA,NA,-0.256504889899096,0.648389973110497,0.852189894189296,"k__Fungi","p__Ascomycota","c__Dothideomycetes","o__","f__","g__","s__","Other"
"ASV_290",NA,NA,NA,-3.25062596141481,0.132034200849848,0.310427076664754,"k__Fungi","p__Basidiomycota","c__Ustilaginomycetes","o__Ustilaginales","f__Ustilaginaceae","g__Ustilago","s__hordei","Other"
"ASV_292",NA,NA,NA,-0.287245647551671,0.821394110256144,0.948728131715066,"k__Fungi","p__Ascomycota","c__Dothideomycetes","o__Pleosporales","f__Phaeosphaeriaceae","g__Parastagonospora","s__","Other"
"ASV_294",NA,NA,NA,-2.56955316208566,0.0340500580239514,0.105336144413277,"k__Fungi","p__Ascomycota","c__Sordariomycetes","o__Hypocreales","f__Clavicipitaceae","g__Claviceps","s__spartinae","Other"
"ASV_297",NA,NA,NA,4.71506210279427,0.111810654644563,0.268853801395335,"k__Fungi","p__Basidiomycota","c__Agaricomycetes","o__","f__","g__","s__","Other"
"ASV_299",NA,NA,NA,-7.0371048997656,7.80367839428463e-07,9.17365749017016e-06,"k__Fungi","p__Ascomycota","c__Dothideomycetes","o__Dothideales","f__Aureobasidiaceae","g__Aureobasidium","s__leucospermi","Other"
"ASV_305",NA,NA,NA,0.818087676064525,0.444336244036563,0.70699725824326,"k__Fungi","p__Ascomycota","c__Sordariomycetes","o__Xylariales","f__Microdochiaceae","g__Microdochium","s__","Other"
"ASV_307",NA,NA,NA,-2.37829622992818,0.135065775176527,0.316149535700808,"k__Fungi","p__Ascomycota","c__Dothideomycetes","o__Pleosporales","f__Didymellaceae","g__Ascochyta","s__pisi","Other"
"ASV_308",NA,NA,NA,1.56791018270099,0.412702154682512,0.697103053129002,"k__Fungi","p__Basidiomycota","c__Tremellomycetes","o__Tremellales","f__Bulleribasidiaceae","g__Vishniacozyma","s__carnescens","Other"
"ASV_311",NA,NA,NA,6.53424236672394,3.89804959282421e-07,5.14334214037419e-06,"k__Fungi","p__Basidiomycota","c__Tremellomycetes","o__Tremellales","f__Bulleribasidiaceae","g__Vishniacozyma","s__victoriae","Other"
"ASV_312",NA,NA,NA,7.48769458481812,3.98633322788926e-07,5.14334214037419e-06,"k__Fungi","p__Ascomycota","c__Dothideomycetes","o__Pleosporales","f__Pleosporaceae","g__","s__","Other"
"ASV_315",NA,NA,NA,3.40916480677546,4.41400910699732e-05,0.000440568078792751,"k__Fungi","p__Ascomycota","c__Sordariomycetes","o__Diaporthales","f__Diaporthaceae","g__Diaporthe","s__novem","Other"
"ASV_316",NA,NA,NA,-4.58072673118059,0.000973949946705449,0.00644024402258978,"k__Fungi","p__Basidiomycota","c__Tremellomycetes","o__Filobasidiales","f__Filobasidiaceae","g__Filobasidium","s__wieringae","Other"
"ASV_317",NA,NA,NA,-0.803659493164108,0.446383902180055,0.70699725824326,"k__Fungi","p__Ascomycota","c__Dothideomycetes","o__Pleosporales","f__Phaeosphaeriaceae","g__Parastagonospora","s__","Other"
"ASV_318",NA,NA,NA,-0.0754526116936187,0.948160833039076,0.978009044388611,"k__Fungi","p__Ascomycota","c__Leotiomycetes","o__Erysiphales","f__Erysiphaceae","g__Podosphaera","s__astericola","Other"
"ASV_319",NA,NA,NA,2.21748067056665,0.0406097118895238,0.120014176477978,"k__Fungi","p__Ascomycota","c__Leotiomycetes","o__Helotiales","f__Helotiaceae","g__Articulospora","s__proliferata","Other"
"ASV_320",NA,NA,NA,-2.52168827251617,0.229289991037534,0.46472952206458,"k__Fungi","p__Ascomycota","c__Dothideomycetes","o__Botryosphaeriales","f__Botryosphaeriaceae","g__Tiarosporella","s__var._karoo","Other"
"ASV_323",NA,NA,NA,3.98183495552655,2.36820548420517e-07,3.38589378687713e-06,"k__Fungi","p__Ascomycota","c__Leotiomycetes","o__Rhytismatales","f__Rhytismataceae","g__Lophodermium","s__herbarum","Other"
"ASV_324",NA,NA,NA,0.883064704750912,0.530092559324302,0.760741551284083,"k__Fungi","p__Ascomycota","c__Dothideomycetes","o__Pleosporales","f__Phaeosphaeriaceae","g__Septoriella","s__hirta","Other"
"ASV_325",NA,NA,NA,-7.15104654610606,5.16647595518322e-05,0.000490796104067301,"k__Fungi","p__Basidiomycota","c__Tremellomycetes","o__Tremellales","f__Bulleribasidiaceae","g__Dioszegia","s__hungarica","Other"
"ASV_326",NA,NA,NA,2.52823402934969,0.0122858424243648,0.0503814778487518,"k__Fungi","p__Ascomycota","c__Dothideomycetes","o__Capnodiales","f__Neodevriesiaceae","g__Neodevriesia","s__capensis","Other"
"ASV_329",NA,NA,NA,1.30998676430297,0.212697859865209,0.439520186987092,"k__Fungi","p__Basidiomycota","c__Agaricomycetes","o__Agaricales","f__Typhulaceae","g__","s__","Other"
"ASV_331",NA,NA,NA,1.62570628392362,0.172809517571253,0.385722509684359,"k__Fungi","p__Ascomycota","c__Dothideomycetes","o__Pleosporales","f__","g__","s__","Other"
"ASV_333",NA,NA,NA,1.83061337335826,0.349486634629811,0.635321064327045,"k__Fungi","p__Ascomycota","c__Dothideomycetes","o__Capnodiales","f__Teratosphaeriaceae","g__Constantinomyces","s__minimus","Other"
"ASV_334",NA,NA,NA,-2.92676656611295,0.0459545469782118,0.131405164062022,"k__Fungi","p__Ascomycota","c__Dothideomycetes","o__Pleosporales","f__Phaeosphaeriaceae","g__Dematiopleospora","s__salsolae","Other"
"ASV_337",NA,NA,NA,-0.73677727132022,0.576897663999742,0.798919349237997,"k__Fungi","p__Ascomycota","c__Sordariomycetes","o__Glomerellales","f__Plectosphaerellaceae","g__Lectera","s__longa","Other"
"ASV_340",NA,NA,NA,1.75838444730613,0.0770080354035975,0.201669558061896,"k__Fungi","p__Ascomycota","c__Dothideomycetes","o__Pleosporales","f__Lentitheciaceae","g__","s__","Other"
"ASV_345",NA,NA,NA,6.29027166415111,0.0256527925831982,0.0868238801280273,"k__Fungi","p__Ascomycota","c__Dothideomycetes","o__Pleosporales","f__Pleosporaceae","g__Alternaria","s__catananches","Other"
"ASV_348",NA,NA,NA,-1.74203076158554,0.0796290628186966,0.205481825517515,"k__Fungi","p__Basidiomycota","c__Tremellomycetes","o__Tremellales","f__Bulleraceae","g__Bullera","s__crocea","Other"
"ASV_349",NA,NA,NA,-7.89656949020068,0.00809257249606811,0.0356940148447475,"k__Fungi","p__Ascomycota","c__Dothideomycetes","o__Pleosporales","f__Phaeosphaeriaceae","g__Parastagonospora","s__","Other"
"ASV_353",NA,NA,NA,0.863074195563173,0.518487782412584,0.752690500778288,"k__Fungi","p__Basidiomycota","c__Agaricomycetes","o__Russulales","f__","g__","s__","Other"
"ASV_368",NA,NA,NA,-4.09334464681285,6.83032981560437e-07,8.21191925557889e-06,"k__Fungi","p__Basidiomycota","c__Agaricomycetes","o__Corticiales","f__Corticiaceae","g__Laetisaria","s__lichenicola","Other"
"ASV_372",NA,NA,NA,2.73267689472544,0.234991544933017,0.474467661334222,"k__Fungi","p__Ascomycota","c__Dothideomycetes","o__Pleosporales","f__Phaeosphaeriaceae","g__Parastagonospora","s__forlicesenica","Other"
"ASV_373",NA,NA,NA,9.91608921701869,0.000121924285710537,0.0010402894700141,"k__Fungi","p__Basidiomycota","c__Agaricostilbomycetes","o__Agaricostilbales","f__Kondoaceae","g__Kondoa","s__sorbi","Other"
"ASV_376",NA,NA,NA,-6.43050838467042,5.7590442362326e-11,1.52326720048352e-09,"k__Fungi","p__Ascomycota","c__Leotiomycetes","o__Rhytismatales","f__Rhytismataceae","g__Lophodermium","s__herbarum","Other"
"ASV_377",NA,NA,NA,-0.677459552672183,0.310594673511439,0.585231677192363,"k__Fungi","p__Basidiomycota","c__Agaricomycetes","o__Agaricales","f__Marasmiaceae","g__Marasmius","s__oreades","Other"
"ASV_379",NA,NA,NA,-0.619375036811591,0.758052866985502,0.905214371637315,"k__Fungi","p__Ascomycota","c__Dothideomycetes","o__Pleosporales","f__Phaeosphaeriaceae","g__Parastagonospora","s__","Other"
"ASV_380",NA,NA,NA,3.14392352734979,0.014224409468674,0.0545679242550053,"k__Fungi","p__Ascomycota","c__Dothideomycetes","o__Pleosporales","f__Phaeosphaeriaceae","g__Sclerostagonospora","s__","Other"
"ASV_381",NA,NA,NA,1.19954210122645,0.38668555776379,0.681235906950435,"k__Fungi","p__Ascomycota","c__Dothideomycetes","o__Pleosporales","f__Phaeosphaeriaceae","g__Juncaceicola","s__dactylidis","Other"
"ASV_385",NA,NA,NA,1.58825902400219,0.0480592501417418,0.135953707620221,"k__Fungi","p__Ascomycota","c__Dothideomycetes","o__Capnodiales","f__Teratosphaeriaceae","g__Devriesia","s__pseudoamericana","Other"
"ASV_388",NA,NA,NA,2.53794148817709,0.0752036560564569,0.198270403993013,"k__Fungi","p__Ascomycota","c__Dothideomycetes","o__Pleosporales","f__Phaeosphaeriaceae","g__Neosetophoma","s__samararum","Other"
"ASV_391",NA,NA,NA,-3.85426227757872,0.195989204630302,0.422653757709055,"k__Fungi","p__Ascomycota","c__Dothideomycetes","o__Pleosporales","f__Pleosporaceae","g__Neocamarosporium","s__lamiacearum","Other"
"ASV_394",NA,NA,NA,1.06548755975408,0.391910057344956,0.681235906950435,"k__Fungi","p__Ascomycota","c__Sordariomycetes","o__Hypocreales","f__Stachybotryaceae","g__Myxospora","s__","Other"
"ASV_395",NA,NA,NA,-5.41312626338689,5.24627718321343e-07,6.45414099981373e-06,"k__Fungi","p__Basidiomycota","c__Agaricomycetes","o__Polyporales","f__","g__","s__","Other"
"ASV_397",NA,NA,NA,-2.19768253778398,0.198540357157309,0.422653757709055,"k__Fungi","p__Ascomycota","c__Dothideomycetes","o__Pleosporales","f__Phaeosphaeriaceae","g__","s__","Other"
"ASV_398",NA,NA,NA,4.03044558924419,0.000155384604830425,0.00128435087430148,"k__Fungi","p__Ascomycota","c__Dothideomycetes","o__Capnodiales","f__","g__","s__","Other"
"ASV_399",NA,NA,NA,-2.21202001501089,0.380134336569583,0.67554848692169,"k__Fungi","p__Ascomycota","c__Dothideomycetes","o__Pleosporales","f__Phaeosphaeriaceae","g__Parastagonospora","s__forlicesenica","Other"
"ASV_400",NA,NA,NA,-1.60197975585367,0.484354583981307,0.736274640592274,"k__Fungi","p__Ascomycota","c__Dothideomycetes","o__Pleosporales","f__Pleosporaceae","g__Porocercospora","s__seminalis","Other"
"ASV_405",NA,NA,NA,1.67267959142579,0.49744620647919,0.741066659109848,"k__Fungi","p__Basidiomycota","c__Tremellomycetes","o__Tremellales","f__Bulleribasidiaceae","g__Vishniacozyma","s__victoriae","Other"
"ASV_406",NA,NA,NA,2.35854444000239,0.417804368352439,0.699425667273545,"k__Fungi","p__Ascomycota","c__","o__","f__","g__","s__","Other"
"ASV_411",NA,NA,NA,-1.26523956482701,0.67032340873597,0.858741274948171,"k__Fungi","p__Basidiomycota","c__Agaricomycetes","o__Corticiales","f__Corticiaceae","g__Limonomyces","s__","Other"
"ASV_415",NA,NA,NA,-2.63382553550611,0.0261052727709847,0.0868462445986596,"k__Fungi","p__Basidiomycota","c__Agaricomycetes","o__Agaricales","f__","g__","s__","Other"
"ASV_417",NA,NA,NA,3.51993070213713,0.0109813421792133,0.0464730401024306,"k__Fungi","p__Ascomycota","c__Dothideomycetes","o__Pleosporales","f__Phaeosphaeriaceae","g__Parastagonospora","s__","Other"
"ASV_425",NA,NA,NA,-2.66917209422861,0.0551417735558463,0.151139887103848,"k__Fungi","p__Ascomycota","c__Dothideomycetes","o__Pleosporales","f__","g__","s__","Other"
"ASV_429",NA,NA,NA,8.59870437973268,2.50478129414429e-08,4.73224751643689e-07,"k__Fungi","p__Ascomycota","c__Dothideomycetes","o__Pleosporales","f__Phaeosphaeriaceae","g__Parastagonospora","s__","Other"
"ASV_432",NA,NA,NA,0.783433576426899,0.440201494133669,0.70699725824326,"k__Fungi","p__Ascomycota","c__Dothideomycetes","o__Pleosporales","f__Lophiostomataceae","g__Sigarispora","s__coronillae","Other"
"ASV_438",NA,NA,NA,2.01987561918697,0.163611292050608,0.368299461679879,"k__Fungi","p__Ascomycota","c__Sordariomycetes","o__Hypocreales","f__Stachybotryaceae","g__Xepicula","s__","Other"
"ASV_439",NA,NA,NA,2.26044564901897,0.239518020887981,0.479943307006599,"k__Fungi","p__Ascomycota","c__Dothideomycetes","o__Pleosporales","f__Phaeosphaeriaceae","g__Parastagonospora","s__","Other"
"ASV_441",NA,NA,NA,-0.794292750525966,0.495944251892084,0.741066659109848,"k__Fungi","p__Ascomycota","c__Dothideomycetes","o__Pleosporales","f__","g__","s__","Other"
"ASV_443",NA,NA,NA,0.546772729943427,0.473524094459534,0.731259586540207,"k__Fungi","p__Basidiomycota","c__Tremellomycetes","o__Tremellales","f__Bulleribasidiaceae","g__Dioszegia","s__rishiriensis","Other"
"ASV_445",NA,NA,NA,-0.866342350150476,0.270015976216329,0.519412550612501,"k__Fungi","p__Ascomycota","c__Dothideomycetes","o__Capnodiales","f__Mycosphaerellaceae","g__Ramularia","s__","Other"
"ASV_446",NA,NA,NA,-5.22174155266008,0.00109004159453717,0.00686466670845432,"k__Fungi","p__Ascomycota","c__Dothideomycetes","o__Pleosporales","f__Didymosphaeriaceae","g__Paraphaeosphaeria","s__michotii","Other"
"ASV_449",NA,NA,NA,-0.341325376064759,0.868391376443129,0.95540773340218,"k__Fungi","p__Ascomycota","c__Dothideomycetes","o__Pleosporales","f__Pleosporaceae","g__Alternaria","s__","Other"
"ASV_452",NA,NA,NA,-5.80874176980443,0.0136091825715366,0.0539462970954815,"k__Fungi","p__Ascomycota","c__Dothideomycetes","o__Pleosporales","f__Phaeosphaeriaceae","g__Septoriella","s__leuchtmannii","Other"
"ASV_453",NA,NA,NA,-2.79799441818999,0.0867431816431271,0.220611264851992,"k__Fungi","p__Ascomycota","c__Leotiomycetes","o__Erysiphales","f__Erysiphaceae","g__Podosphaera","s__astericola","Other"
"ASV_456",NA,NA,NA,-1.99564532169496,0.496129626847405,0.741066659109848,"k__Fungi","p__Basidiomycota","c__Agaricomycetes","o__Cantharellales","f__Ceratobasidiaceae","g__Ceratobasidium","s__","Other"
"ASV_458",NA,NA,NA,-1.6140344815293,0.544627765957819,0.766244915403421,"k__Fungi","p__Ascomycota","c__Dothideomycetes","o__Pleosporales","f__","g__","s__","Other"
"ASV_459",NA,NA,NA,-2.93892722312312,0.0180964067107217,0.0667221018239682,"k__Fungi","p__Basidiomycota","c__Agaricomycetes","o__Agaricales","f__Omphalotaceae","g__Gymnopus","s__androsaceus","Other"
"ASV_462",NA,NA,NA,0.957416738962692,0.431285215625895,0.70699725824326,"k__Fungi","p__Ascomycota","c__Dothideomycetes","o__Pleosporales","f__Phaeosphaeriaceae","g__Phaeosphaeria","s__","Other"
"ASV_463",NA,NA,NA,-2.51450258262627,0.269448037228869,0.519412550612501,"k__Fungi","p__Ascomycota","c__Lecanoromycetes","o__Ostropales","f__Stictidaceae","g__Neofitzroyomyces","s__nerii","Other"
"ASV_464",NA,NA,NA,11.5152297196443,5.08551128615821e-08,8.96745156792565e-07,"k__Fungi","p__Ascomycota","c__Dothideomycetes","o__Capnodiales","f__Cladosporiaceae","g__Davidiellomyces","s__australiensis","Other"
"ASV_466",NA,NA,NA,-7.60881748808203,0.00099996044864739,0.00645096435773743,"k__Fungi","p__Ascomycota","c__Dothideomycetes","o__Pleosporales","f__Phaeosphaeriaceae","g__","s__","Other"
"ASV_467",NA,NA,NA,-5.45249101873064,1.58283978990566e-06,1.82026575839151e-05,"k__Fungi","p__Basidiomycota","c__Agaricomycetes","o__Auriculariales","f__","g__","s__","Other"
"ASV_468",NA,NA,NA,2.62554144894025,0.0753352574718252,0.198270403993013,"k__Fungi","p__Ascomycota","c__Dothideomycetes","o__Pleosporales","f__Lophiostomataceae","g__","s__","Other"
"ASV_471",NA,NA,NA,0.565214183415738,0.849418724353225,0.955132562047334,"k__Fungi","p__Ascomycota","c__Dothideomycetes","o__Pleosporales","f__Sporormiaceae","g__Sporormiella","s__intermedia","Other"
"ASV_480",NA,NA,NA,2.4826325927678,0.0262672951527137,0.0868462445986596,"k__Fungi","p__Ascomycota","c__Dothideomycetes","o__Pleosporales","f__Leptosphaeriaceae","g__","s__","Other"
"ASV_482",NA,NA,NA,-3.81223834871828,0.018162538114653,0.0667221018239682,"k__Fungi","p__Basidiomycota","c__Agaricomycetes","o__Cantharellales","f__Ceratobasidiaceae","g__","s__","Other"
"ASV_484",NA,NA,NA,-2.00654559607302,0.491865028677888,0.741066659109848,"k__Fungi","p__Ascomycota","c__Dothideomycetes","o__Pleosporales","f__Didymellaceae","g__Neomicrosphaeropsis","s__","Other"
"ASV_485",NA,NA,NA,-1.33687187046552,0.653621449763632,0.852189894189296,"k__Fungi","p__Basidiomycota","c__Agaricomycetes","o__Agaricales","f__Stephanosporaceae","g__Cristinia","s__","Other"
"ASV_486",NA,NA,NA,-1.13464693311923,0.374531165316565,0.669347927204267,"k__Fungi","p__Ascomycota","c__Leotiomycetes","o__Helotiales","f__Helotiaceae","g__Articulospora","s__","Other"
"ASV_487",NA,NA,NA,-0.791919800120385,0.652287391517346,0.852189894189296,"k__Fungi","p__Ascomycota","c__Dothideomycetes","o__Pleosporales","f__Pleosporaceae","g__Alternaria","s__nepalensis","Other"
"ASV_491",NA,NA,NA,-2.89157922861228,0.300088103141726,0.573092442461997,"k__Fungi","p__Ascomycota","c__Eurotiomycetes","o__Chaetothyriales","f__Trichomeriaceae","g__Knufia","s__tsunedae","Other"
"ASV_492",NA,NA,NA,-7.19472702118515,0.0156889194295284,0.0592817027015751,"k__Fungi","p__Basidiomycota","c__Microbotryomycetes","o__Sporidiobolales","f__Sporidiobolaceae","g__Sporobolomyces","s__roseus","Other"
"ASV_493",NA,NA,NA,2.74045831467495,0.089600341365884,0.224637822666126,"k__Fungi","p__Basidiomycota","c__Ustilaginomycetes","o__Ustilaginales","f__","g__","s__","Other"
"ASV_494",NA,NA,NA,-1.75416034212934,0.266860098024536,0.51900364652566,"k__Fungi","p__Basidiomycota","c__Agaricomycetes","o__Agaricales","f__Psathyrellaceae","g__Coprinopsis","s__","Other"
"ASV_495",NA,NA,NA,8.89917106837675,0.00124743645982847,0.00741453805898046,"k__Fungi","p__Basidiomycota","c__Agaricomycetes","o__Russulales","f__","g__","s__","Other"
"ASV_496",NA,NA,NA,-6.62655705597243,0.0197066253000322,0.0704751377781243,"k__Fungi","p__Basidiomycota","c__Tremellomycetes","o__Filobasidiales","f__Filobasidiaceae","g__Filobasidium","s__wieringae","Other"
"ASV_498",NA,NA,NA,-0.939357608773782,0.648278162985588,0.852189894189296,"k__Fungi","p__Basidiomycota","c__Agaricomycetes","o__Agaricales","f__Psathyrellaceae","g__Coprinopsis","s__friesii","Other"
"ASV_500",NA,NA,NA,-2.61111941706112,0.111397040653446,0.268853801395335,"k__Fungi","p__Basidiomycota","c__Agaricomycetes","o__Corticiales","f__","g__","s__","Other"
"ASV_505",NA,NA,NA,1.42234200162481,0.310869756693864,0.585231677192363,"k__Fungi","p__Ascomycota","c__Dothideomycetes","o__Pleosporales","f__Lentitheciaceae","g__","s__","Other"
"ASV_507",NA,NA,NA,3.49104213318533,0.0040988478373527,0.0204555708109394,"k__Fungi","p__Ascomycota","c__Dothideomycetes","o__Capnodiales","f__Cladosporiaceae","g__Rachicladosporium","s__","Other"
"ASV_509",NA,NA,NA,0.176078201390962,0.915736955318229,0.969297152028004,"k__Fungi","p__Ascomycota","c__Dothideomycetes","o__Pleosporales","f__Phaeosphaeriaceae","g__Phaeosphaeria","s__typharum","Other"
"ASV_510",NA,NA,NA,0.206871273290605,0.900935083291523,0.969297152028004,"k__Fungi","p__Ascomycota","c__Dothideomycetes","o__Capnodiales","f__Dissoconiaceae","g__Dissoconium","s__proteae","Other"
"ASV_520",NA,NA,NA,4.47503931773882,0.0420963233277275,0.123032900775513,"k__Fungi","p__Ascomycota","c__Dothideomycetes","o__","f__","g__","s__","Other"
"ASV_521",NA,NA,NA,0.914479335388437,0.699064945766211,0.874511145935836,"k__Fungi","p__Basidiomycota","c__Tremellomycetes","o__Tremellales","f__Bulleribasidiaceae","g__Vishniacozyma","s__victoriae","Other"
"ASV_524",NA,NA,NA,0.350008931960368,0.90642851775242,0.969297152028004,"k__Fungi","p__Ascomycota","c__Dothideomycetes","o__Pleosporales","f__Pleosporaceae","g__Comoclathris","s__rosae","Other"
"ASV_527",NA,NA,NA,-2.1643290942951,0.467004444044036,0.726870188058824,"k__Fungi","p__Ascomycota","c__Leotiomycetes","o__Helotiales","f__Sclerotiniaceae","g__Botrytis","s__","Other"
"ASV_528",NA,NA,NA,0.297484909074679,0.816096968330339,0.945225393878095,"k__Fungi","p__Basidiomycota","c__Tremellomycetes","o__Tremellales","f__Bulleribasidiaceae","g__Vishniacozyma","s__dimennae","Other"
"ASV_530",NA,NA,NA,5.56609625622594,0.00695523197191163,0.0314471599413782,"k__Fungi","p__Ascomycota","c__Dothideomycetes","o__Pleosporales","f__Lentitheciaceae","g__Keissleriella","s__poagena","Other"
"ASV_533",NA,NA,NA,2.30135481991228,0.439077584761847,0.70699725824326,"k__Fungi","p__Ascomycota","c__Sordariomycetes","o__Hypocreales","f__Stachybotryaceae","g__Paramyrothecium","s__","Other"
"ASV_535",NA,NA,NA,1.8515863283809,0.260217521292353,0.50795228326072,"k__Fungi","p__Ascomycota","c__Dothideomycetes","o__Capnodiales","f__Cladosporiaceae","g__Cladosporium","s__grevilleae","Other"
"ASV_536",NA,NA,NA,-5.81986107035786,0.0319133516359158,0.100489065567854,"k__Fungi","p__Ascomycota","c__Sordariomycetes","o__Hypocreales","f__Nectriaceae","g__Fusarium","s__asiaticum","Other"
"ASV_540",NA,NA,NA,0.721213403955156,0.685246158924187,0.867184136327947,"k__Fungi","p__Ascomycota","c__Dothideomycetes","o__Pleosporales","f__Phaeosphaeriaceae","g__Septoriella","s__hirta","Other"
"ASV_541",NA,NA,NA,-4.44753613131941,0.0116010353769497,0.0483224229480819,"k__Fungi","p__Basidiomycota","c__Agaricomycetes","o__Hymenochaetales","f__","g__Trichaptum","s__abietinum","Other"
"ASV_549",NA,NA,NA,-1.12510504749222,0.693191426833047,0.871017256044375,"k__Fungi","p__Ascomycota","c__Dothideomycetes","o__Pleosporales","f__Phaeosphaeriaceae","g__Italica","s__achilleae","Other"
"ASV_551",NA,NA,NA,0.495678364783123,0.829656169825183,0.950065435584935,"k__Fungi","p__Ascomycota","c__Dothideomycetes","o__Pleosporales","f__Phaeosphaeriaceae","g__Vagicola","s__chlamydospora","Other"
"ASV_562",NA,NA,NA,-3.58886063931162,0.0575071936513364,0.156810852791531,"k__Fungi","p__Basidiomycota","c__Agaricomycetes","o__Agaricales","f__","g__","s__","Other"
"ASV_566",NA,NA,NA,-3.49644817846704,0.0317929245719399,0.100489065567854,"k__Fungi","p__Ascomycota","c__Sordariomycetes","o__Hypocreales","f__Clavicipitaceae","g__Claviceps","s__spartinae","Other"
"ASV_571",NA,NA,NA,3.92882773054823,0.117412728314382,0.278526158198691,"k__Fungi","p__Ascomycota","c__Dothideomycetes","o__Pleosporales","f__","g__","s__","Other"
"ASV_576",NA,NA,NA,5.45693356961601,0.0190862523069786,0.0691549826739155,"k__Fungi","p__Ascomycota","c__Dothideomycetes","o__Pleosporales","f__Phaeosphaeriaceae","g__Parastagonospora","s__","Other"
"ASV_577",NA,NA,NA,-5.88913468273361,0.0479230227457416,0.135953707620221,"k__Fungi","p__Ascomycota","c__Sordariomycetes","o__Hypocreales","f__Clavicipitaceae","g__Claviceps","s__spartinae","Other"
"ASV_578",NA,NA,NA,-1.82730108019518,0.539180710931401,0.765328320591708,"k__Fungi","p__Ascomycota","c__Eurotiomycetes","o__Chaetothyriales","f__Trichomeriaceae","g__Knufia","s__tsunedae","Other"
"ASV_581",NA,NA,NA,7.91690232256339,0.00793620142509977,0.035578394524388,"k__Fungi","p__Basidiomycota","c__Agaricomycetes","o__Corticiales","f__Corticiaceae","g__","s__","Other"
"ASV_587",NA,NA,NA,-3.05943408543292,0.158979278303787,0.360944370054522,"k__Fungi","p__Basidiomycota","c__Agaricomycetes","o__Corticiales","f__Corticiaceae","g__Limonomyces","s__","Other"
"ASV_588",NA,NA,NA,1.41898151457326,0.529875433927239,0.760741551284083,"k__Fungi","p__Ascomycota","c__Dothideomycetes","o__Pleosporales","f__Phaeosphaeriaceae","g__","s__","Other"
"ASV_593",NA,NA,NA,2.32000092047426,0.369603555295255,0.665034968541461,"k__Fungi","p__Ascomycota","c__Dothideomycetes","o__Pleosporales","f__","g__","s__","Other"
"ASV_598",NA,NA,NA,0.893009355802768,0.648642894767705,0.852189894189296,"k__Fungi","p__Ascomycota","c__Eurotiomycetes","o__Chaetothyriales","f__Trichomeriaceae","g__Knufia","s__","Other"
"ASV_600",NA,NA,NA,-6.25355949459498,0.00106151287580815,0.00676554591930738,"k__Fungi","p__Basidiomycota","c__Agaricomycetes","o__Polyporales","f__Polyporaceae","g__Trametes","s__versicolor","Other"
"ASV_602",NA,NA,NA,-0.252780834269039,0.856467116779618,0.955132562047334,"k__Fungi","p__Ascomycota","c__Leotiomycetes","o__Helotiales","f__Helotiaceae","g__Crocicreas","s__","Other"
"ASV_609",NA,NA,NA,0.761168635332943,0.777427571560074,0.917989253025176,"k__Fungi","p__Ascomycota","c__Dothideomycetes","o__","f__","g__","s__","Other"
"ASV_610",NA,NA,NA,0.892144535433375,0.704929745967146,0.877430201450871,"k__Fungi","p__Ascomycota","c__Dothideomycetes","o__Pleosporales","f__Lophiostomataceae","g__","s__","Other"
"ASV_624",NA,NA,NA,-5.64154643471365,0.00883830012124858,0.0383234488863976,"k__Fungi","p__Ascomycota","c__Dothideomycetes","o__Pleosporales","f__Phaeosphaeriaceae","g__Piniphoma","s__wesendahlina","Other"
"ASV_625",NA,NA,NA,-4.10579132574105,0.0348172429550917,0.10708326467002,"k__Fungi","p__Basidiomycota","c__Agaricomycetes","o__Corticiales","f__Corticiaceae","g__Laetisaria","s__lichenicola","Other"
"ASV_628",NA,NA,NA,1.50006531599802,0.392706391944066,0.681235906950435,"k__Fungi","p__Ascomycota","c__Leotiomycetes","o__Helotiales","f__Helotiaceae","g__Tricladium","s__angustum","Other"
"ASV_630",NA,NA,NA,-0.20896833497191,0.877102071207231,0.958650817497159,"k__Fungi","p__Basidiomycota","c__Agaricostilbomycetes","o__Agaricostilbales","f__Kondoaceae","g__Kondoa","s__","Other"
"ASV_633",NA,NA,NA,-2.64811480363758,0.0353828758782153,0.107572076664229,"k__Fungi","p__Basidiomycota","c__Agaricomycetes","o__","f__","g__","s__","Other"
"ASV_634",NA,NA,NA,-1.35350132100705,0.533885716922395,0.763312281762019,"k__Fungi","p__Ascomycota","c__Dothideomycetes","o__Botryosphaeriales","f__Botryosphaeriaceae","g__Mucoharknessia","s__cortaderiae","Other"
"ASV_640",NA,NA,NA,-0.793939309856723,0.710398380972418,0.882097064579718,"k__Fungi","p__Basidiomycota","c__Agaricomycetes","o__","f__","g__","s__","Other"
"ASV_641",NA,NA,NA,-2.08186735059796,0.484327362474938,0.736274640592274,"k__Fungi","p__Ascomycota","c__Dothideomycetes","o__Pleosporales","f__Phaeosphaeriaceae","g__","s__","Other"
"ASV_644",NA,NA,NA,-1.64435947977149,0.318858795573349,0.596029338721914,"k__Fungi","p__Ascomycota","c__Dothideomycetes","o__Pleosporales","f__Teichosporaceae","g__Teichospora","s__viticola","Other"
"ASV_646",NA,NA,NA,0.0261640592947561,0.992988112120088,0.994868771423345,"k__Fungi","p__Basidiomycota","c__Agaricomycetes","o__","f__","g__","s__","Other"
"ASV_647",NA,NA,NA,-5.44342517823745,0.000121241883561694,0.0010402894700141,"k__Fungi","p__Basidiomycota","c__Malasseziomycetes","o__Malasseziales","f__","g__","s__","Other"
"ASV_651",NA,NA,NA,-0.446998281353538,0.880767728289269,0.960672429412419,"k__Fungi","p__Ascomycota","c__Dothideomycetes","o__Pleosporales","f__","g__","s__","Other"
"ASV_655",NA,NA,NA,2.83402409584303,0.171990178982774,0.385520358821556,"k__Fungi","p__Ascomycota","c__Dothideomycetes","o__Pleosporales","f__","g__","s__","Other"
"ASV_667",NA,NA,NA,-3.05924867422591,0.30352650645853,0.575781032222287,"k__Fungi","p__Basidiomycota","c__Agaricomycetes","o__Agaricales","f__Lycoperdaceae","g__Bovista","s__","Other"
"ASV_674",NA,NA,NA,-2.55609126143258,0.390471934497189,0.681235906950435,"k__Fungi","p__Ascomycota","c__Dothideomycetes","o__Pleosporales","f__Phaeosphaeriaceae","g__Setophoma","s__terrestris","Other"
"ASV_676",NA,NA,NA,1.55560859479641,0.519342216983129,0.752690500778288,"k__Fungi","p__Ascomycota","c__Dothideomycetes","o__Pleosporales","f__Dictyosporiaceae","g__Pseudocoleophoma","s__polygonicola","Other"
"ASV_685",NA,NA,NA,1.5466879275804,0.472174940019883,0.731259586540207,"k__Fungi","p__Ascomycota","c__Dothideomycetes","o__Capnodiales","f__Cladosporiaceae","g__","s__","Other"
"ASV_686",NA,NA,NA,-4.3603320288323,0.00457077805090081,0.0225975849432386,"k__Fungi","p__Basidiomycota","c__Agaricomycetes","o__Polyporales","f__Fomitopsidaceae","g__Cinereomyces","s__lindbladii","Other"
"ASV_688",NA,NA,NA,-0.108197454167812,0.966905141185889,0.979871302083018,"k__Fungi","p__Basidiomycota","c__Tremellomycetes","o__Tremellales","f__Bulleribasidiaceae","g__Vishniacozyma","s__victoriae","Other"
"ASV_689",NA,NA,NA,0.23895435434399,0.892958642091999,0.967981806693991,"k__Fungi","p__Ascomycota","c__Leotiomycetes","o__Helotiales","f__Helotiaceae","g__Crocicreas","s__cyathoideum","Other"
"ASV_698",NA,NA,NA,9.36575377487818,0.00170667487414397,0.00940448967106414,"k__Fungi","p__Ascomycota","c__Dothideomycetes","o__Pleosporales","f__Pleosporaceae","g__Porocercospora","s__seminalis","Other"
"ASV_699",NA,NA,NA,9.40783277699139,0.00159057635242704,0.00895122223865856,"k__Fungi","p__Basidiomycota","c__Agaricomycetes","o__Agaricales","f__Bolbitiaceae","g__Panaeolus","s__papilionaceus","Other"
"ASV_703",NA,NA,NA,-1.5171406301548,0.489315938577651,0.73956609002165,"k__Fungi","p__Ascomycota","c__Leotiomycetes","o__Helotiales","f__Helotiaceae","g__Articulospora","s__proliferata","Other"
"ASV_709",NA,NA,NA,1.38364290813814,0.601951896806339,0.816493726693726,"k__Fungi","p__Basidiomycota","c__Agaricomycetes","o__Agaricales","f__Psathyrellaceae","g__Coprinopsis","s__radiata","Other"
"ASV_712",NA,NA,NA,-0.00905452267898209,0.996547898145069,0.996547898145069,"k__Fungi","p__Ascomycota","c__Dothideomycetes","o__Capnodiales","f__Teratosphaeriaceae","g__","s__","Other"
"ASV_715",NA,NA,NA,1.36046651527206,0.648633693852366,0.852189894189296,"k__Fungi","p__Ascomycota","c__Leotiomycetes","o__Helotiales","f__","g__","s__","Other"
"ASV_716",NA,NA,NA,-10.4099732833254,0.000486284970952492,0.00357284374491484,"k__Fungi","p__Basidiomycota","c__Agaricomycetes","o__Cantharellales","f__","g__Sistotrema","s__","Other"
"ASV_720",NA,NA,NA,-1.54258180547136,0.604200265312886,0.817447417776258,"k__Fungi","p__Basidiomycota","c__Agaricomycetes","o__Polyporales","f__Polyporaceae","g__Lentinus","s__arcularius","Other"
"ASV_721",NA,NA,NA,-3.2297427047705,0.24544923600692,0.486302044373261,"k__Fungi","p__Basidiomycota","c__Agaricomycetes","o__Hymenochaetales","f__","g__Trichaptum","s__abietinum","Other"
"ASV_722",NA,NA,NA,1.41773138777345,0.634315300205706,0.845221143095261,"k__Fungi","p__Ascomycota","c__Dothideomycetes","o__Pleosporales","f__Didymellaceae","g__Neoascochyta","s__","Other"
"ASV_726",NA,NA,NA,-3.45485149949274,0.0749449192464115,0.198270403993013,"k__Fungi","p__Basidiomycota","c__Agaricomycetes","o__Cantharellales","f__Ceratobasidiaceae","g__","s__","Other"
"ASV_729",NA,NA,NA,1.00473400099867,0.56179009973087,0.783931881750746,"k__Fungi","p__Ascomycota","c__Dothideomycetes","o__Pleosporales","f__","g__","s__","Other"
"ASV_731",NA,NA,NA,-7.68742405237591,0.0100602614000927,0.0432673030947077,"k__Fungi","p__Ascomycota","c__Dothideomycetes","o__Pleosporales","f__Pleosporaceae","g__Alternaria","s__","Other"
"ASV_736",NA,NA,NA,-2.01514426775844,0.498714046584321,0.741066659109848,"k__Fungi","p__Ascomycota","c__Dothideomycetes","o__Pleosporales","f__Leptosphaeriaceae","g__Ampelomyces","s__quisqualis","Other"
"ASV_737",NA,NA,NA,-3.00357256899203,0.24278082567971,0.48282352174649,"k__Fungi","p__Basidiomycota","c__Agaricomycetes","o__Hymenochaetales","f__","g__Trichaptum","s__","Other"
"ASV_738",NA,NA,NA,0.838673373273574,0.723514268653168,0.888025633683354,"k__Fungi","p__Basidiomycota","c__Agaricostilbomycetes","o__Agaricostilbales","f__Chionosphaeraceae","g__","s__","Other"
"ASV_747",NA,NA,NA,0.698745716077917,0.814473683361298,0.945225393878095,"k__Fungi","p__Ascomycota","c__Orbiliomycetes","o__Orbiliales","f__Orbiliaceae","g__Orbilia","s__","Other"
"ASV_748",NA,NA,NA,0.402330515253874,0.886986090869147,0.965464284094195,"k__Fungi","p__Ascomycota","c__Dothideomycetes","o__Pleosporales","f__Phaeosphaeriaceae","g__Parastagonospora","s__","Other"
"ASV_749",NA,NA,NA,-2.58156438944751,0.37339358962679,0.669347927204267,"k__Fungi","p__Basidiomycota","c__Agaricomycetes","o__Russulales","f__Stereaceae","g__Stereum","s__hirsutum","Other"
"ASV_751",NA,NA,NA,1.63733479064889,0.58309147070836,0.801922903259026,"k__Fungi","p__Ascomycota","c__Sordariomycetes","o__Hypocreales","f__Nectriaceae","g__Fusarium","s__domesticum","Other"
"ASV_754",NA,NA,NA,-1.50380946958787,0.614113317606162,0.828739655647091,"k__Fungi","p__Basidiomycota","c__Ustilaginomycetes","o__Ustilaginales","f__","g__","s__","Other"
"ASV_755",NA,NA,NA,-8.07833499801747,0.00679887499465665,0.0310052144152876,"k__Fungi","p__Ascomycota","c__Dothideomycetes","o__Pleosporales","f__","g__","s__","Other"
"ASV_756",NA,NA,NA,-9.66793468871479,0.00118524219208262,0.00729061766990354,"k__Fungi","p__Ascomycota","c__Dothideomycetes","o__Pleosporales","f__Coniothyriaceae","g__Coniothyrium","s__crepinianum","Other"
"ASV_761",NA,NA,NA,-4.34608432674065,0.050361969794591,0.140960222335125,"k__Fungi","p__Basidiomycota","c__Tremellomycetes","o__Tremellales","f__Bulleribasidiaceae","g__Dioszegia","s__","Other"
"ASV_762",NA,NA,NA,0.868003061106129,0.770559821392916,0.915610932393678,"k__Fungi","p__Ascomycota","c__Dothideomycetes","o__Pleosporales","f__Lophiostomataceae","g__Sigarispora","s__coronillae","Other"
"ASV_764",NA,NA,NA,0.374210299425366,0.895304204616306,0.968539722376331,"k__Fungi","p__Ascomycota","c__Sordariomycetes","o__Glomerellales","f__Plectosphaerellaceae","g__Lectera","s__capsici","Other"
"ASV_768",NA,NA,NA,-1.93630766955998,0.436012491769005,0.70699725824326,"k__Fungi","p__Basidiomycota","c__","o__","f__","g__","s__","Other"
"ASV_774",NA,NA,NA,0.153272751422097,0.945058070156372,0.978009044388611,"k__Fungi","p__Ascomycota","c__Leotiomycetes","o__Helotiales","f__","g__","s__","Other"
"ASV_781",NA,NA,NA,0.623742968689912,0.823350397756333,0.948915817893465,"k__Fungi","p__Ascomycota","c__Eurotiomycetes","o__Chaetothyriales","f__Trichomeriaceae","g__Knufia","s__cryptophialidica","Other"
"ASV_791",NA,NA,NA,1.00009393854289,0.736790975839953,0.894774795368618,"k__Fungi","p__Basidiomycota","c__Agaricomycetes","o__Cantharellales","f__Ceratobasidiaceae","g__Ceratobasidium","s__","Other"
"ASV_796",NA,NA,NA,1.00283720106369,0.735927336762292,0.894774795368618,"k__Fungi","p__Ascomycota","c__Dothideomycetes","o__Pleosporales","f__Lophiostomataceae","g__","s__","Other"
"ASV_800",NA,NA,NA,0.879750718877023,0.748445168352224,0.897794771107317,"k__Fungi","p__Basidiomycota","c__Tremellomycetes","o__Tremellales","f__Bulleribasidiaceae","g__Dioszegia","s__fristingensis","Other"
"ASV_802",NA,NA,NA,0.663061828008964,0.81657467864327,0.945225393878095,"k__Fungi","p__Ascomycota","c__Leotiomycetes","o__Helotiales","f__Helotiaceae","g__Crocicreas","s__cyathoideum","Other"
"ASV_803",NA,NA,NA,2.8236963939875,0.303672793931981,0.575781032222287,"k__Fungi","p__Basidiomycota","c__Tremellomycetes","o__Tremellales","f__Bulleribasidiaceae","g__Vishniacozyma","s__victoriae","Other"
"ASV_807",NA,NA,NA,-11.1682528603361,0.000183409383383742,0.0014700539971212,"k__Fungi","p__Basidiomycota","c__Agaricomycetes","o__Corticiales","f__Corticiaceae","g__Marchandiobasidium","s__","Other"
"ASV_809",NA,NA,NA,-3.43719039493273,0.228847846109579,0.46472952206458,"k__Fungi","p__Basidiomycota","c__Agaricomycetes","o__Cantharellales","f__Ceratobasidiaceae","g__","s__","Other"
"ASV_814",NA,NA,NA,-2.88334643210527,0.332530585048592,0.61292222819061,"k__Fungi","p__Basidiomycota","c__Agaricomycetes","o__Hymenochaetales","f__Hymenochaetaceae","g__Phellinus","s__gilvus","Other"
"ASV_815",NA,NA,NA,-4.21435946789976,0.0459253755360383,0.131405164062022,"k__Fungi","p__Ascomycota","c__Dothideomycetes","o__Pleosporales","f__Phaeosphaeriaceae","g__Ophiobolopsis","s__italica","Other"
"ASV_820",NA,NA,NA,0.824193395218152,0.677983234428999,0.864224412079374,"k__Fungi","p__Basidiomycota","c__Agaricomycetes","o__Agaricales","f__Tricholomataceae","g__Arrhenia","s__","Other"
"ASV_821",NA,NA,NA,1.93093040397096,0.398640069977283,0.685767550297104,"k__Fungi","p__Basidiomycota","c__Agaricomycetes","o__Cantharellales","f__Ceratobasidiaceae","g__Ceratorhiza","s__","Other"
"ASV_823",NA,NA,NA,1.87305713343396,0.5297025529485,0.760741551284083,"k__Fungi","p__Basidiomycota","c__Tremellomycetes","o__Cystofilobasidiales","f__Cystofilobasidiaceae","g__Cystofilobasidium","s__macerans","Other"
"ASV_826",NA,NA,NA,-0.522287023294915,0.860825659068244,0.955132562047334,"k__Fungi","p__Ascomycota","c__Dothideomycetes","o__Pleosporales","f__","g__","s__","Other"
"ASV_837",NA,NA,NA,0.64065309059338,0.829735786843554,0.950065435584935,"k__Fungi","p__Ascomycota","c__Dothideomycetes","o__Pleosporales","f__Phaeosphaeriaceae","g__","s__","Other"
"ASV_838",NA,NA,NA,-0.281334763677489,0.924598673298256,0.973476943069463,"k__Fungi","p__Ascomycota","c__Dothideomycetes","o__Capnodiales","f__","g__","s__","Other"
"ASV_840",NA,NA,NA,0.521129505394315,0.861306254517825,0.955132562047334,"k__Fungi","p__Ascomycota","c__Leotiomycetes","o__Helotiales","f__Helotiaceae","g__Articulospora","s__proliferata","Other"
"ASV_846",NA,NA,NA,0.865999712318332,0.771013766531798,0.915610932393678,"k__Fungi","p__Ascomycota","c__Dothideomycetes","o__Capnodiales","f__","g__","s__","Other"
"ASV_850",NA,NA,NA,-5.23075051801237,0.0791956131348177,0.205365094844699,"k__Fungi","p__Ascomycota","c__Saccharomycetes","o__Saccharomycetales","f__","g__Candida","s__parapsilosis","Other"
"ASV_852",NA,NA,NA,-2.12838942898134,0.475160078587,0.731259586540207,"k__Fungi","p__Basidiomycota","c__Agaricomycetes","o__Auriculariales","f__Exidiaceae","g__Exidia","s__","Other"
"ASV_854",NA,NA,NA,-9.880592173683,0.000941351720140034,0.00630348177157061,"k__Fungi","p__Ascomycota","c__Dothideomycetes","o__Pleosporales","f__Leptosphaeriaceae","g__Leptosphaeria","s__maculans","Other"
"ASV_857",NA,NA,NA,2.80131294227025,0.346942753338256,0.632871436261853,"k__Fungi","p__Ascomycota","c__Dothideomycetes","o__Pleosporales","f__Amniculicolaceae","g__Murispora","s__cicognanii","Other"
"ASV_858",NA,NA,NA,1.95562500920506,0.40598320494334,0.691627262630763,"k__Fungi","p__Ascomycota","c__Leotiomycetes","o__Helotiales","f__","g__","s__","Other"
"ASV_859",NA,NA,NA,-7.5704520116386,0.0111361480525591,0.0467541453952678,"k__Fungi","p__Basidiomycota","c__Ustilaginomycetes","o__Ustilaginales","f__Ustilaginaceae","g__Ustilago","s__nunavutica","Other"
"ASV_860",NA,NA,NA,-1.94884764327903,0.512417943873876,0.750182860438808,"k__Fungi","p__Basidiomycota","c__Agaricomycetes","o__Agaricales","f__Psathyrellaceae","g__Coprinellus","s__congregatus","Other"
"ASV_864",NA,NA,NA,2.11259992443033,0.477953612609678,0.732862206001507,"k__Fungi","p__Basidiomycota","c__Agaricomycetes","o__Agaricales","f__Psathyrellaceae","g__Coprinopsis","s__nivea","Other"
"ASV_865",NA,NA,NA,-3.5074997627843,0.215657209188036,0.442180866901051,"k__Fungi","p__Basidiomycota","c__Agaricomycetes","o__Polyporales","f__Steccherinaceae","g__","s__","Other"
"ASV_866",NA,NA,NA,0.204865072302793,0.945162260223428,0.978009044388611,"k__Fungi","p__Basidiomycota","c__Tremellomycetes","o__Tremellales","f__Rhynchogastremataceae","g__Papiliotrema","s__","Other"
"ASV_868",NA,NA,NA,-2.57088064464112,0.388032933322556,0.681235906950435,"k__Fungi","p__Basidiomycota","c__Agaricomycetes","o__Corticiales","f__Corticiaceae","g__","s__","Other"
"ASV_869",NA,NA,NA,-7.88093927996874,0.008096940985576,0.0356940148447475,"k__Fungi","p__Basidiomycota","c__Agaricomycetes","o__Polyporales","f__Polyporaceae","g__Dichomitus","s__squalens","Other"
"ASV_870",NA,NA,NA,-2.28114479747299,0.443438252665054,0.70699725824326,"k__Fungi","p__Basidiomycota","c__Agaricomycetes","o__Hymenochaetales","f__","g__Resinicium","s__bicolor","Other"
"ASV_873",NA,NA,NA,-8.76976316009475,0.00333383759558977,0.0171223309521067,"k__Fungi","p__Basidiomycota","c__Agaricomycetes","o__Agaricales","f__Omphalotaceae","g__Gymnopus","s__earleae","Other"
"ASV_874",NA,NA,NA,-1.59736847874957,0.591776928500269,0.811010350198555,"k__Fungi","p__Basidiomycota","c__Agaricomycetes","o__Agaricales","f__Psathyrellaceae","g__Coprinellus","s__brevisetulosus","Other"
"ASV_875",NA,NA,NA,1.55721573893702,0.51477576245612,0.750182860438808,"k__Fungi","p__Ascomycota","c__Dothideomycetes","o__Pleosporales","f__Phaeosphaeriaceae","g__","s__","Other"
"ASV_876",NA,NA,NA,-1.64192649051283,0.530649588702886,0.760741551284083,"k__Fungi","p__Basidiomycota","c__Agaricomycetes","o__Cantharellales","f__Ceratobasidiaceae","g__Ceratobasidium","s__","Other"
"ASV_880",NA,NA,NA,-2.86649052826963,0.255536441135023,0.500662138371952,"k__Fungi","p__Basidiomycota","c__Agaricomycetes","o__Cantharellales","f__Ceratobasidiaceae","g__Ceratobasidium","s__","Other"
"ASV_881",NA,NA,NA,-5.84022041911454,0.0441470045568275,0.128317392365724,"k__Fungi","p__Ascomycota","c__Dothideomycetes","o__Pleosporales","f__Phaeosphaeriaceae","g__Phaeosphaeria","s__","Other"
"ASV_882",NA,NA,NA,1.81447491319051,0.542462036722344,0.765328320591708,"k__Fungi","p__Ascomycota","c__Dothideomycetes","o__Pleosporales","f__","g__","s__","Other"
"ASV_888",NA,NA,NA,-1.56929834153069,0.59830760481985,0.815733822035311,"k__Fungi","p__Basidiomycota","c__Malasseziomycetes","o__Malasseziales","f__Malasseziaceae","g__Malassezia","s__globosa","Other"
"ASV_896",NA,NA,NA,5.42981476450592,0.0680655749573275,0.181851965416294,"k__Fungi","p__Ascomycota","c__Sordariomycetes","o__Phomatosporales","f__Phomatosporaceae","g__Phomatospora","s__biseriata","Other"
"ASV_905",NA,NA,NA,0.0754357741666222,0.979817849605677,0.987283128459815,"k__Fungi","p__Ascomycota","c__Dothideomycetes","o__Pleosporales","f__","g__","s__","Other"
"ASV_906",NA,NA,NA,-1.46358214495564,0.623814716588548,0.837558337754675,"k__Fungi","p__Basidiomycota","c__Agaricomycetes","o__Agaricales","f__Psathyrellaceae","g__Coprinopsis","s__calospora","Other"
"ASV_911",NA,NA,NA,9.19201386426993,0.00206927437121758,0.0111615575840838,"k__Fungi","p__Basidiomycota","c__Tremellomycetes","o__Cystofilobasidiales","f__","g__","s__","Other"
"ASV_912",NA,NA,NA,9.82554084188467,0.000989259094997963,0.00645096435773743,"k__Fungi","p__Ascomycota","c__Dothideomycetes","o__Pleosporales","f__Phaeosphaeriaceae","g__","s__","Other"
"ASV_913",NA,NA,NA,-0.486105091367441,0.858310854480864,0.955132562047334,"k__Fungi","p__Ascomycota","c__Dothideomycetes","o__Pleosporales","f__Coniothyriaceae","g__Coniothyrium","s__crepinianum","Other"
"ASV_923",NA,NA,NA,-4.37751708009326,0.0969521429955071,0.238547365788945,"k__Fungi","p__Basidiomycota","c__Agaricomycetes","o__Auriculariales","f__","g__","s__","Other"
"ASV_924",NA,NA,NA,-0.603129487763935,0.839685514266902,0.954291787146707,"k__Fungi","p__Basidiomycota","c__Agaricomycetes","o__Cantharellales","f__Ceratobasidiaceae","g__","s__","Other"
"ASV_925",NA,NA,NA,-2.94371240099789,0.322399906245419,0.600526585928966,"k__Fungi","p__Basidiomycota","c__Agaricomycetes","o__Agaricales","f__Tricholomataceae","g__Lepista","s__sordida","Other"
"ASV_930",NA,NA,NA,0.981290507424597,0.741816703199533,0.897794771107317,"k__Fungi","p__Ascomycota","c__Dothideomycetes","o__Pleosporales","f__Pleosporaceae","g__Alternaria","s__obclavata","Other"
"ASV_934",NA,NA,NA,-0.156517792917675,0.955577494584787,0.979652121386342,"k__Fungi","p__Ascomycota","c__Dothideomycetes","o__Pleosporales","f__Dictyosporiaceae","g__Dictyosporium","s__heptasporum","Other"
"ASV_939",NA,NA,NA,-1.44802657409746,0.627213415629917,0.839989612324622,"k__Fungi","p__Basidiomycota","c__Agaricomycetes","o__Cantharellales","f__Ceratobasidiaceae","g__Waitea","s__circinata","Other"
"ASV_943",NA,NA,NA,-2.52923803537676,0.395808375912985,0.684256963588135,"k__Fungi","p__Basidiomycota","c__Agaricomycetes","o__Cantharellales","f__Ceratobasidiaceae","g__Ceratobasidium","s__","Other"
"ASV_944",NA,NA,NA,7.11511617306398,0.0135567349689077,0.0539462970954815,"k__Fungi","p__Ascomycota","c__Dothideomycetes","o__Pleosporales","f__","g__","s__","Other"
"ASV_951",NA,NA,NA,-3.24589409788067,0.226164905259386,0.461935269815503,"k__Fungi","p__Basidiomycota","c__Agaricomycetes","o__Agaricales","f__Tricholomataceae","g__Lepista","s__sordida","Other"
"ASV_955",NA,NA,NA,-2.42693515802272,0.414875676098629,0.697103053129002,"k__Fungi","p__Basidiomycota","c__Tremellomycetes","o__Tremellales","f__Bulleribasidiaceae","g__Dioszegia","s__","Other"
"ASV_956",NA,NA,NA,-2.001592779332,0.50170558376195,0.741347077681764,"k__Fungi","p__Basidiomycota","c__Agaricomycetes","o__Cantharellales","f__Ceratobasidiaceae","g__Ceratobasidium","s__","Other"
"ASV_961",NA,NA,NA,1.09677602920971,0.688501582717841,0.867184136327947,"k__Fungi","p__Ascomycota","c__Leotiomycetes","o__Helotiales","f__","g__","s__","Other"
"ASV_963",NA,NA,NA,-1.77466239888883,0.436266096682903,0.70699725824326,"k__Fungi","p__Ascomycota","c__Leotiomycetes","o__Helotiales","f__Hyaloscyphaceae","g__Gyoerffyella","s__","Other"
"ASV_964",NA,NA,NA,7.65778474730397,0.0101511617402524,0.043306165811238,"k__Fungi","p__Ascomycota","c__","o__","f__","g__","s__","Other"
"ASV_969",NA,NA,NA,1.96493746051225,0.509975511715317,0.750182860438808,"k__Fungi","p__Ascomycota","c__Dothideomycetes","o__Capnodiales","f__Mycosphaerellaceae","g__","s__","Other"
"ASV_970",NA,NA,NA,3.30297575022207,0.184072592468206,0.405726672565337,"k__Fungi","p__Basidiomycota","c__Tremellomycetes","o__Tremellales","f__Bulleribasidiaceae","g__Dioszegia","s__","Other"
"ASV_979",NA,NA,NA,-6.27621968430671,0.0351928562917038,0.107572076664229,"k__Fungi","p__Basidiomycota","c__Agaricomycetes","o__Agaricales","f__Omphalotaceae","g__Gymnopus","s__earleae","Other"
"ASV_985",NA,NA,NA,-0.599212160639574,0.840642670719028,0.954291787146707,"k__Fungi","p__Ascomycota","c__Arthoniomycetes","o__Lichenostigmatales","f__Phaeococcomycetaceae","g__Phaeococcomyces","s__","Other"
"ASV_993",NA,NA,NA,-2.25293536466197,0.449523494400695,0.709844562799904,"k__Fungi","p__Basidiomycota","c__Agaricomycetes","o__Hymenochaetales","f__","g__Trichaptum","s__biforme","Other"
"ASV_995",NA,NA,NA,0.516657052566688,0.862291278414644,0.955132562047334,"k__Fungi","p__Basidiomycota","c__Agaricomycetes","o__","f__","g__","s__","Other"
"ASV_996",NA,NA,NA,3.75555305084932,0.207107920592446,0.432966668688198,"k__Fungi","p__Ascomycota","c__Dothideomycetes","o__Pleosporales","f__Phaeosphaeriaceae","g__","s__","Other"
"ASV_1000",NA,NA,NA,2.1923281381895,0.462255642252942,0.723471108733156,"k__Fungi","p__Ascomycota","c__Dothideomycetes","o__Pleosporales","f__Phaeosphaeriaceae","g__","s__","Other"
"ASV_1002",NA,NA,NA,-7.41164659415073,0.0129946246963668,0.0524744768273132,"k__Fungi","p__Ascomycota","c__Eurotiomycetes","o__Chaetothyriales","f__Cyphellophoraceae","g__Cyphellophora","s__","Other"
"ASV_1008",NA,NA,NA,5.56157207426538,0.040960420086813,0.120378123477356,"k__Fungi","p__Ascomycota","c__Dothideomycetes","o__Pleosporales","f__Massarinaceae","g__Stagonospora","s__convolvuli","Other"
"ASV_1010",NA,NA,NA,-4.95606927521767,0.095809759204362,0.238547365788945,"k__Fungi","p__Basidiomycota","c__Agaricomycetes","o__Agaricales","f__Tricholomataceae","g__Arrhenia","s__","Other"
"ASV_1011",NA,NA,NA,9.47452449142716,0.00151159474097335,0.00859821094596668,"k__Fungi","p__Ascomycota","c__Dothideomycetes","o__Pleosporales","f__Lophiostomataceae","g__Sigarispora","s__coronillae","Other"
"ASV_1013",NA,NA,NA,0.556237588010761,0.851836889251103,0.955132562047334,"k__Fungi","p__Ascomycota","c__Leotiomycetes","o__Helotiales","f__Helotiaceae","g__Articulospora","s__proliferata","Other"
"ASV_1014",NA,NA,NA,10.5821494052385,0.000385479244775678,0.00295250728510126,"k__Fungi","p__Ascomycota","c__Dothideomycetes","o__Pleosporales","f__","g__","s__","Other"
"ASV_1017",NA,NA,NA,-2.54467632928125,0.392773065444012,0.681235906950435,"k__Fungi","p__Basidiomycota","c__Agaricomycetes","o__Corticiales","f__Corticiaceae","g__Limonomyces","s__","Other"
"ASV_1018",NA,NA,NA,-2.58128675568995,0.386172862045312,0.681235906950435,"k__Fungi","p__Basidiomycota","c__Agaricomycetes","o__Cantharellales","f__Ceratobasidiaceae","g__Waitea","s__circinata","Other"
"ASV_1028",NA,NA,NA,2.36647262539907,0.427797226698435,0.70699725824326,"k__Fungi","p__Ascomycota","c__Dothideomycetes","o__Pleosporales","f__Lophiostomataceae","g__","s__","Other"
"ASV_1042",NA,NA,NA,-6.7628194114533,0.0230598401597743,0.0807857976458319,"k__Fungi","p__Ascomycota","c__Dothideomycetes","o__Capnodiales","f__Cladosporiaceae","g__Toxicocladosporium","s__strelitziae","Other"
"ASV_1046",NA,NA,NA,0.529177195818525,0.859419541799181,0.955132562047334,"k__Fungi","p__Ascomycota","c__","o__","f__","g__","s__","Other"
"ASV_1051",NA,NA,NA,0.362467777186164,0.903325155085427,0.969297152028004,"k__Fungi","p__Basidiomycota","c__","o__","f__","g__","s__","Other"
"ASV_1056",NA,NA,NA,0.192438178514379,0.948615618762416,0.978009044388611,"k__Fungi","p__Ascomycota","c__Dothideomycetes","o__Pleosporales","f__Lentitheciaceae","g__Keissleriella","s__cirsii","Other"
"ASV_1058",NA,NA,NA,-2.1642162641314,0.467175546200378,0.726870188058824,"k__Fungi","p__Basidiomycota","c__Tremellomycetes","o__Tremellales","f__Bulleribasidiaceae","g__Dioszegia","s__","Other"
"ASV_1059",NA,NA,NA,-6.60728120502376,0.02670435733393,0.0877428883829129,"k__Fungi","p__Basidiomycota","c__Agaricomycetes","o__Agaricales","f__","g__","s__","Other"
"ASV_1060",NA,NA,NA,0.738643570673,0.804273079754434,0.939206311677915,"k__Fungi","p__Ascomycota","c__Dothideomycetes","o__Pleosporales","f__Pleosporaceae","g__Neocamarosporium","s__korfii","Other"
"ASV_1064",NA,NA,NA,-1.21658998122904,0.683404355596864,0.866956604582113,"k__Fungi","p__Basidiomycota","c__Agaricomycetes","o__Agaricales","f__Psathyrellaceae","g__Coprinopsis","s__brunneofibrillosa","Other"
"ASV_1067",NA,NA,NA,2.47687212090607,0.406608844382169,0.691627262630763,"k__Fungi","p__Ascomycota","c__Dothideomycetes","o__Pleosporales","f__Amniculicolaceae","g__Murispora","s__cicognanii","Other"
"ASV_1073",NA,NA,NA,4.20535383348231,0.158651475206826,0.360944370054522,"k__Fungi","p__Ascomycota","c__Leotiomycetes","o__Helotiales","f__Helotiaceae","g__Tricladium","s__angustum","Other"
"ASV_1075",NA,NA,NA,7.18362903476666,0.0160988074860229,0.0603990720574901,"k__Fungi","p__Ascomycota","c__Dothideomycetes","o__Pleosporales","f__Phaeosphaeriaceae","g__","s__","Other"
"ASV_1086",NA,NA,NA,-0.11035952122097,0.970497403184954,0.981631216605814,"k__Fungi","p__Basidiomycota","c__Agaricomycetes","o__Agaricales","f__Psathyrellaceae","g__Coprinopsis","s__calospora","Other"
"ASV_1093",NA,NA,NA,0.291317503783861,0.922018625596844,0.973476943069463,"k__Fungi","p__Ascomycota","c__Dothideomycetes","o__Pleosporales","f__Phaeosphaeriaceae","g__Poaceicola","s__agrostina","Other"
"ASV_1096",NA,NA,NA,-1.58076308285913,0.595623195714692,0.814172275279256,"k__Fungi","p__Basidiomycota","c__Agaricomycetes","o__Auriculariales","f__Exidiaceae","g__","s__","Other"
"ASV_1104",NA,NA,NA,0.854531188438725,0.773682583705055,0.915610932393678,"k__Fungi","p__Ascomycota","c__Dothideomycetes","o__Pleosporales","f__Phaeosphaeriaceae","g__Pseudoophiobolus","s__italicus","Other"
"ASV_1108",NA,NA,NA,1.80241547754018,0.540895376434415,0.765328320591708,"k__Fungi","p__Ascomycota","c__Dothideomycetes","o__Capnodiales","f__Teratosphaeriaceae","g__Xenoteratosphaeria","s__jonkershoekensis","Other"
"ASV_1120",NA,NA,NA,2.27115713804527,0.445742807777026,0.70699725824326,"k__Fungi","p__Ascomycota","c__Dothideomycetes","o__Capnodiales","f__Neodevriesiaceae","g__Neodevriesia","s__capensis","Other"
"ASV_1139",NA,NA,NA,-2.27414712242524,0.445259246908614,0.70699725824326,"k__Fungi","p__Basidiomycota","c__Agaricomycetes","o__Polyporales","f__Hyphodermataceae","g__Hyphoderma","s__","Other"
"ASV_1140",NA,NA,NA,2.12702805654753,0.475526082740702,0.731259586540207,"k__Fungi","p__Ascomycota","c__Dothideomycetes","o__Pleosporales","f__Phaeosphaeriaceae","g__","s__","Other"
"ASV_1145",NA,NA,NA,-0.629914294092192,0.832538654003774,0.950841926581826,"k__Fungi","p__Ascomycota","c__Orbiliomycetes","o__Orbiliales","f__Orbiliaceae","g__Orbilia","s__","Other"
"ASV_1149",NA,NA,NA,0.341324973222306,0.90876125018452,0.969297152028004,"k__Fungi","p__Ascomycota","c__Dothideomycetes","o__Pleosporales","f__Phaeosphaeriaceae","g__Paraophiobolus","s__arundinis","Other"
"ASV_1154",NA,NA,NA,2.82919955056881,0.342596506837199,0.627105716667399,"k__Fungi","p__Ascomycota","c__Dothideomycetes","o__Pleosporales","f__Massarinaceae","g__Pseudodidymosphaeria","s__phlei","Other"
"ASV_1155",NA,NA,NA,0.27850955062905,0.925631195394971,0.973476943069463,"k__Fungi","p__Ascomycota","c__","o__","f__","g__","s__","Other"
"ASV_1161",NA,NA,NA,0.316581586736064,0.915407395003766,0.969297152028004,"k__Fungi","p__Ascomycota","c__Dothideomycetes","o__Pleosporales","f__Phaeosphaeriaceae","g__","s__","Other"
"ASV_1171",NA,NA,NA,0.552496612259804,0.852975420291403,0.955132562047334,"k__Fungi","p__Ascomycota","c__Eurotiomycetes","o__Eurotiales","f__Aspergillaceae","g__Penicillium","s__salamorum","Other"
"ASV_1172",NA,NA,NA,-1.12957812834194,0.661669799851029,0.855549049165584,"k__Fungi","p__Basidiomycota","c__Agaricomycetes","o__","f__","g__","s__","Other"
"ASV_1177",NA,NA,NA,-2.2356718493967,0.453093430450427,0.713352454488916,"k__Fungi","p__Basidiomycota","c__Agaricomycetes","o__Cantharellales","f__Ceratobasidiaceae","g__","s__","Other"
"ASV_1195",NA,NA,NA,0.2654958782582,0.929038741021039,0.973491014757449,"k__Fungi","p__Ascomycota","c__Dothideomycetes","o__Pleosporales","f__Phaeosphaeriaceae","g__","s__","Other"
"ASV_1199",NA,NA,NA,-6.65402921509293,0.0257681458981102,0.0868238801280273,"k__Fungi","p__Basidiomycota","c__Agaricomycetes","o__Polyporales","f__Polyporaceae","g__Trametes","s__trogii","Other"
"ASV_1200",NA,NA,NA,6.10637928560853,0.04057179628307,0.120014176477978,"k__Fungi","p__Ascomycota","c__Dothideomycetes","o__Pleosporales","f__Lentitheciaceae","g__Keissleriella","s__poagena","Other"
"ASV_1203",NA,NA,NA,7.40465222596697,0.0129733590982152,0.0524744768273132,"k__Fungi","p__Ascomycota","c__","o__","f__","g__","s__","Other"
"ASV_1206",NA,NA,NA,7.30699653805283,0.0142351106752188,0.0545679242550053,"k__Fungi","p__Ascomycota","c__Dothideomycetes","o__Pleosporales","f__Phaeosphaeriaceae","g__Neosetophoma","s__samararum","Other"
"ASV_1212",NA,NA,NA,0.492518126923742,0.868557775827579,0.95540773340218,"k__Fungi","p__Ascomycota","c__Dothideomycetes","o__Botryosphaeriales","f__Botryosphaeriaceae","g__Tiarosporella","s__dactylis","Other"
"ASV_1214",NA,NA,NA,-3.45319596696758,0.246741269304802,0.486331905605285,"k__Fungi","p__Ascomycota","c__Leotiomycetes","o__Helotiales","f__Helotiaceae","g__","s__","Other"
"ASV_1217",NA,NA,NA,-1.00756135517112,0.73533632826681,0.894774795368618,"k__Fungi","p__Ascomycota","c__Dothideomycetes","o__Pleosporales","f__Leptosphaeriaceae","g__Ampelomyces","s__quisqualis","Other"
"ASV_1226",NA,NA,NA,1.34301355300348,0.652619092705211,0.852189894189296,"k__Fungi","p__Basidiomycota","c__Agaricomycetes","o__","f__","g__","s__","Other"
"ASV_1233",NA,NA,NA,2.8360111777625,0.342254260286838,0.627105716667399,"k__Fungi","p__Basidiomycota","c__Agaricomycetes","o__Corticiales","f__Corticiaceae","g__Marchandiobasidium","s__","Other"
"ASV_1235",NA,NA,NA,-1.94760689884468,0.513458040271364,0.750182860438808,"k__Fungi","p__Ascomycota","c__Sordariomycetes","o__Myrmecridiales","f__Myrmecridiaceae","g__Myrmecridium","s__banksiae","Other"
"ASV_1239",NA,NA,NA,-4.86773590481107,0.103169685604006,0.251505823430963,"k__Fungi","p__Ascomycota","c__Dothideomycetes","o__Capnodiales","f__Neodevriesiaceae","g__Neodevriesia","s__capensis","Other"
"ASV_1246",NA,NA,NA,-1.26996846343076,0.670435059647627,0.858741274948171,"k__Fungi","p__Ascomycota","c__Arthoniomycetes","o__Lichenostigmatales","f__Phaeococcomycetaceae","g__Phaeococcomyces","s__","Other"
"ASV_1248",NA,NA,NA,-1.32307302356073,0.657345490485866,0.854387627683103,"k__Fungi","p__Basidiomycota","c__Agaricomycetes","o__Cantharellales","f__Ceratobasidiaceae","g__","s__","Other"
"ASV_1261",NA,NA,NA,6.66395719117168,0.0253845772770515,0.0866351056745823,"k__Fungi","p__Ascomycota","c__Leotiomycetes","o__Helotiales","f__Helotiaceae","g__Tricladium","s__angustum","Other"
"ASV_1277",NA,NA,NA,-2.28498243770608,0.443190005095132,0.70699725824326,"k__Fungi","p__Basidiomycota","c__Agaricomycetes","o__Cantharellales","f__Ceratobasidiaceae","g__","s__","Other"
"ASV_1278",NA,NA,NA,2.02406825055444,0.497985219586594,0.741066659109848,"k__Fungi","p__Basidiomycota","c__Ustilaginomycetes","o__Ustilaginales","f__Ustilaginaceae","g__Ustilago","s__","Other"
"ASV_1287",NA,NA,NA,2.60570057333583,0.352403988769147,0.63843051390027,"k__Fungi","p__Ascomycota","c__Sordariomycetes","o__Diaporthales","f__Gnomoniaceae","g__Ophiognomonia","s__quercus-gambellii","Other"
"ASV_1300",NA,NA,NA,-0.646148786620596,0.828421824738346,0.950065435584935,"k__Fungi","p__Basidiomycota","c__Agaricostilbomycetes","o__Agaricostilbales","f__Kondoaceae","g__Kondoa","s__","Other"
"ASV_1307",NA,NA,NA,-1.09071510786112,0.713928429740282,0.882097064579718,"k__Fungi","p__Basidiomycota","c__Agaricomycetes","o__Cantharellales","f__Ceratobasidiaceae","g__","s__","Other"
"ASV_1309",NA,NA,NA,0.921625384723317,0.757213587326424,0.905214371637315,"k__Fungi","p__Ascomycota","c__Dothideomycetes","o__Pleosporales","f__Leptosphaeriaceae","g__","s__","Other"
"ASV_1312",NA,NA,NA,-1.66466998856544,0.576913405309858,0.798919349237997,"k__Fungi","p__Basidiomycota","c__Agaricomycetes","o__Hymenochaetales","f__Hymenochaetaceae","g__Phellinus","s__viticola","Other"
"ASV_1329",NA,NA,NA,-2.51455818600863,0.399274868603985,0.685767550297104,"k__Fungi","p__Basidiomycota","c__Agaricomycetes","o__Agaricales","f__Psathyrellaceae","g__Coprinellus","s__","Other"
"ASV_1338",NA,NA,NA,6.17269094280958,0.0385369344772438,0.115829763286716,"k__Fungi","p__Ascomycota","c__Dothideomycetes","o__Pleosporales","f__Phaeosphaeriaceae","g__Phaeosphaeria","s__tofieldiae","Other"
"ASV_1339",NA,NA,NA,-5.20098863743574,0.0815107095934226,0.209316336771459,"k__Fungi","p__Basidiomycota","c__Agaricomycetes","o__Agaricales","f__Omphalotaceae","g__Gymnopus","s__earleae","Other"
"ASV_1361",NA,NA,NA,-9.1817237297088,0.00208883591838241,0.0111615575840838,"k__Fungi","p__Basidiomycota","c__Agaricomycetes","o__Agaricales","f__Tricholomataceae","g__Arrhenia","s__","Other"
"ASV_1377",NA,NA,NA,-0.256280901429825,0.93148972596602,0.973830168055385,"k__Fungi","p__Ascomycota","c__Orbiliomycetes","o__Orbiliales","f__Orbiliaceae","g__Orbilia","s__","Other"
"ASV_1379",NA,NA,NA,1.94588839115658,0.514100800579975,0.750182860438808,"k__Fungi","p__Ascomycota","c__Leotiomycetes","o__Helotiales","f__Helotiaceae","g__Tetracladium","s__","Other"
"ASV_1383",NA,NA,NA,-1.43597211163946,0.630492124858102,0.842248318307919,"k__Fungi","p__Basidiomycota","c__Agaricomycetes","o__Cantharellales","f__Botryobasidiaceae","g__Botryobasidium","s__subcoronatum","Other"
"ASV_1400",NA,NA,NA,1.13339273165293,0.703736277082864,0.877430201450871,"k__Fungi","p__Ascomycota","c__Dothideomycetes","o__Botryosphaeriales","f__Planistromellaceae","g__Ramimonilia","s__apicalis","Other"
"ASV_1405",NA,NA,NA,-1.24344705523331,0.677012659154354,0.864224412079374,"k__Fungi","p__Basidiomycota","c__Agaricomycetes","o__Agaricales","f__Omphalotaceae","g__Gymnopus","s__androsaceus","Other"
"ASV_1419",NA,NA,NA,-0.516879632571773,0.862603643926378,0.955132562047334,"k__Fungi","p__Ascomycota","c__Dothideomycetes","o__Dothideales","f__Dothioraceae","g__Hormonema","s__macrosporum","Other"
"ASV_1420",NA,NA,NA,3.73414672653223,0.211431247162761,0.438616195094512,"k__Fungi","p__Ascomycota","c__Dothideomycetes","o__Pleosporales","f__","g__","s__","Other"
"ASV_1424",NA,NA,NA,-1.33824116622943,0.654043661702938,0.852189894189296,"k__Fungi","p__Basidiomycota","c__Agaricomycetes","o__Agaricales","f__Strophariaceae","g__Stropharia","s__coronilla","Other"
"ASV_1428",NA,NA,NA,-1.65803689098037,0.57854249785289,0.799083502256342,"k__Fungi","p__Basidiomycota","c__Agaricomycetes","o__Polyporales","f__Fomitopsidaceae","g__Antrodia","s__","Other"
"ASV_1429",NA,NA,NA,0.961870064803513,0.747117981888516,0.897794771107317,"k__Fungi","p__Ascomycota","c__Dothideomycetes","o__Pleosporales","f__Lophiostomataceae","g__","s__","Other"
"ASV_1455",NA,NA,NA,2.1068815496471,0.480346662046534,0.734402844574036,"k__Fungi","p__Ascomycota","c__Dothideomycetes","o__Capnodiales","f__Cladosporiaceae","g__Rachicladosporium","s__","Other"
"ASV_1458",NA,NA,NA,-0.5152633663709,0.863049838674151,0.955132562047334,"k__Fungi","p__Ascomycota","c__","o__","f__","g__","s__","Other"
"ASV_1468",NA,NA,NA,-4.95403283186923,0.0966139151662866,0.238547365788945,"k__Fungi","p__Ascomycota","c__Leotiomycetes","o__Rhytismatales","f__Rhytismataceae","g__Lophodermium","s__baculiferum","Other"
"ASV_1483",NA,NA,NA,1.55860328871965,0.601446678784274,0.816493726693726,"k__Fungi","p__Ascomycota","c__Sordariomycetes","o__Xylariales","f__Hyponectriaceae","g__Monographella","s__nivalis","Other"
"ASV_1488",NA,NA,NA,0.364576659446055,0.902652651827789,0.969297152028004,"k__Fungi","p__Basidiomycota","c__Agaricomycetes","o__Agaricales","f__Strophariaceae","g__Deconica","s__xeroderma","Other"
"ASV_1502",NA,NA,NA,6.1426857381114,0.0393905583481883,0.117726583989783,"k__Fungi","p__Ascomycota","c__Dothideomycetes","o__Pleosporales","f__","g__Pseudolophiotrema","s__elymicola","Other"
"ASV_1504",NA,NA,NA,-5.47904478658682,0.0662028258798321,0.178680075971588,"k__Fungi","p__Basidiomycota","c__Agaricomycetes","o__Agaricales","f__Psathyrellaceae","g__Coprinopsis","s__igarashii","Other"
"ASV_1518",NA,NA,NA,1.38498736957532,0.642074346526379,0.852189894189296,"k__Fungi","p__Ascomycota","c__Dothideomycetes","o__Pleosporales","f__","g__","s__","Other"
"ASV_1520",NA,NA,NA,-6.95920483649489,0.019717051779135,0.0704751377781243,"k__Fungi","p__Basidiomycota","c__Tremellomycetes","o__Tremellales","f__Bulleribasidiaceae","g__Dioszegia","s__butyracea","Other"
"ASV_1522",NA,NA,NA,-8.75259125566882,0.00340401754776783,0.0172394666261819,"k__Fungi","p__Basidiomycota","c__Agaricomycetes","o__Agaricales","f__","g__","s__","Other"
"ASV_1526",NA,NA,NA,2.22537322908981,0.456342544895957,0.716335923590389,"k__Fungi","p__Ascomycota","c__Dothideomycetes","o__Pleosporales","f__Leptosphaeriaceae","g__","s__","Other"
