"from","to","rho","p","q","edge_sign"
"ASV_19","ASV_21",0.876153846153846,9.53658307878413e-09,2.6502538745938e-06,"Positive"
"ASV_19","ASV_22",0.87,1.61413722388204e-08,4.46729083059394e-06,"Positive"
"ASV_21","ASV_22",0.903846153846154,5.97488281073311e-10,1.67079958398973e-07,"Positive"
"ASV_15","ASV_30",0.917692307692308,1.07147180017364e-10,3.00247604621366e-08,"Positive"
"ASV_26","ASV_33",0.67,0.00024837269726552,0.0321585621933918,"Positive"
"ASV_15","ASV_51",0.650769230769231,0.000427450887497516,0.0427150782676799,"Positive"
"ASV_23","ASV_51",0.79,2.64314920928044e-06,0.000683031903878713,"Positive"
"ASV_35","ASV_59",0.661547183446446,0.00031679072533275,0.0321585621933918,"Positive"
"ASV_35","ASV_60",1,0,0,"Positive"
"ASV_59","ASV_60",0.661547183446446,0.00031679072533275,0.0321585621933918,"Positive"
"ASV_7","ASV_62",-0.646153846153846,0.000484272539595931,0.0481073264952884,"Negative"
"ASV_19","ASV_65",0.868461538461539,1.83349500026964e-08,5.06917084807333e-06,"Positive"
"ASV_21","ASV_65",0.873846153846154,1.16542535621988e-08,3.23208495362956e-06,"Positive"
"ASV_22","ASV_65",0.891538461538462,2.24326202058478e-09,6.26648140622567e-07,"Positive"
"ASV_44","ASV_66",0.661547183446446,0.00031679072533275,0.0321585621933918,"Positive"
"ASV_59","ASV_66",0.721687836487032,4.66433315420289e-05,0.00694002724637873,"Positive"
"ASV_66","ASV_68",0.673456239919576,0.000224356587562813,0.0314837715059258,"Positive"
"ASV_61","ASV_73",0.831172523776006,2.66790228575786e-07,7.24944506862634e-05,"Positive"
"ASV_66","ASV_80",0.761197296513377,9.9366573746984e-06,0.00249121168408666,"Positive"
"ASV_76","ASV_80",0.678528347406514,0.000192789803223903,0.0275279075133043,"Positive"
"ASV_57","ASV_81",1,0,0,"Positive"
"ASV_35","ASV_86",0.661547183446446,0.00031679072533275,0.0321585621933918,"Positive"
"ASV_59","ASV_86",1,0,0,"Positive"
"ASV_60","ASV_86",0.661547183446446,0.00031679072533275,0.0321585621933918,"Positive"
"ASV_66","ASV_86",0.721687836487032,4.66433315420289e-05,0.00694002724637873,"Positive"
"ASV_19","ASV_98",0.735384615384615,2.81332908418364e-05,0.0068181663987867,"Positive"
"ASV_21","ASV_98",0.722307692307692,4.56171346083778e-05,0.00694002724637873,"Positive"
"ASV_22","ASV_98",0.786153846153846,3.19077665889012e-06,0.000823756256991064,"Positive"
"ASV_78","ASV_99",0.764150943396226,8.74931847061333e-06,0.00223307676574778,"Positive"
"ASV_21","ASV_103",0.647692307692308,0.000464643957661437,0.0462770587539655,"Positive"
"ASV_59","ASV_104",0.661547183446446,0.00031679072533275,0.0321585621933918,"Positive"
"ASV_86","ASV_104",0.661547183446446,0.00031679072533275,0.0321585621933918,"Positive"
"ASV_15","ASV_107",0.773846153846154,5.68702542924626e-06,0.00146259311448085,"Positive"
"ASV_23","ASV_107",0.831538461538462,2.60711399358016e-07,7.09142914587454e-05,"Positive"
"ASV_30","ASV_107",0.690769230769231,0.000132077671996189,0.019102336893208,"Positive"
"ASV_51","ASV_107",0.866153846153846,2.21313567472237e-08,6.11250350095214e-06,"Positive"
"ASV_54","ASV_110",0.647005681738003,0.000473317206168389,0.0471060062702791,"Positive"
"ASV_35","ASV_122",0.661547183446446,0.00031679072533275,0.0321585621933918,"Positive"
"ASV_59","ASV_122",1,0,0,"Positive"
"ASV_60","ASV_122",0.661547183446446,0.00031679072533275,0.0321585621933918,"Positive"
"ASV_66","ASV_122",0.721687836487032,4.66433315420289e-05,0.00694002724637873,"Positive"
"ASV_86","ASV_122",1,0,0,"Positive"
"ASV_104","ASV_122",0.661547183446446,0.00031679072533275,0.0321585621933918,"Positive"
"ASV_91","ASV_123",0.721687836487032,4.66433315420289e-05,0.00694002724637873,"Positive"
"ASV_29","ASV_124",1,0,0,"Positive"
"ASV_10","ASV_126",0.667003384427971,0.000270982048110158,0.0321585621933918,"Positive"
"ASV_37","ASV_132",0.798823018394266,1.69058985477477e-06,0.00044369489504665,"Positive"
"ASV_78","ASV_132",0.828878397184345,3.07885976713607e-07,8.27419725091948e-05,"Positive"
"ASV_19","ASV_137",0.654831135743178,0.000382332230913773,0.0385789856602945,"Positive"
"ASV_35","ASV_150",0.833554453976626,2.29396379891611e-07,6.24596655374718e-05,"Positive"
"ASV_60","ASV_150",0.833554453976626,2.29396379891611e-07,6.24596655374718e-05,"Positive"
"ASV_8","ASV_157",1,0,0,"Positive"
"ASV_87","ASV_160",0.793150684931507,2.2587915213812e-06,0.000588259570950068,"Positive"
"ASV_121","ASV_172",0.661547183446446,0.00031679072533275,0.0321585621933918,"Positive"
"ASV_67","ASV_173",-0.736367736204116,2.70990175885721e-05,0.00657342995538267,"Negative"
"ASV_15","ASV_177",0.704388199482015,8.48492400407075e-05,0.0124660725901643,"Positive"
"ASV_30","ASV_177",0.662047925196211,0.000312322582607827,0.0321585621933918,"Positive"
"ASV_51","ASV_177",0.660508278858545,0.000326238980387972,0.0330428743799506,"Positive"
"ASV_131","ASV_178",1,0,0,"Positive"
"ASV_150","ASV_180",0.651726623352027,0.000416419296261461,0.0418458615265566,"Positive"
"ASV_30","ASV_182",-0.678071271356088,0.000195465547700113,0.027865597484025,"Negative"
"ASV_23","ASV_183",0.65,0.000436497613276021,0.0435867332757965,"Positive"
"ASV_57","ASV_189",1,0,0,"Positive"
"ASV_81","ASV_189",1,0,0,"Positive"
"ASV_35","ASV_195",0.661547183446446,0.00031679072533275,0.0321585621933918,"Positive"
"ASV_59","ASV_195",1,0,0,"Positive"
"ASV_60","ASV_195",0.661547183446446,0.00031679072533275,0.0321585621933918,"Positive"
"ASV_66","ASV_195",0.721687836487032,4.66433315420289e-05,0.00694002724637873,"Positive"
"ASV_86","ASV_195",1,0,0,"Positive"
"ASV_104","ASV_195",0.661547183446446,0.00031679072533275,0.0321585621933918,"Positive"
"ASV_122","ASV_195",1,0,0,"Positive"
"ASV_29","ASV_205",0.661547183446446,0.00031679072533275,0.0321585621933918,"Positive"
"ASV_90","ASV_205",0.721687836487032,4.66433315420289e-05,0.00694002724637873,"Positive"
"ASV_124","ASV_205",0.661547183446446,0.00031679072533275,0.0321585621933918,"Positive"
"ASV_35","ASV_208",0.661547183446446,0.00031679072533275,0.0321585621933918,"Positive"
"ASV_59","ASV_208",1,0,0,"Positive"
"ASV_60","ASV_208",0.661547183446446,0.00031679072533275,0.0321585621933918,"Positive"
"ASV_66","ASV_208",0.721687836487032,4.66433315420289e-05,0.00694002724637873,"Positive"
"ASV_86","ASV_208",1,0,0,"Positive"
"ASV_104","ASV_208",0.661547183446446,0.00031679072533275,0.0321585621933918,"Positive"
"ASV_122","ASV_208",1,0,0,"Positive"
"ASV_195","ASV_208",1,0,0,"Positive"
"ASV_2","ASV_217",-0.725670097922013,4.03900974021987e-05,0.00694002724637873,"Negative"
"ASV_123","ASV_218",0.721687836487032,4.66433315420289e-05,0.00694002724637873,"Positive"
"ASV_35","ASV_225",0.661547183446446,0.00031679072533275,0.0321585621933918,"Positive"
"ASV_59","ASV_225",1,0,0,"Positive"
"ASV_60","ASV_225",0.661547183446446,0.00031679072533275,0.0321585621933918,"Positive"
"ASV_66","ASV_225",0.721687836487032,4.66433315420289e-05,0.00694002724637873,"Positive"
"ASV_86","ASV_225",1,0,0,"Positive"
"ASV_104","ASV_225",0.661547183446446,0.00031679072533275,0.0321585621933918,"Positive"
"ASV_122","ASV_225",1,0,0,"Positive"
"ASV_195","ASV_225",1,0,0,"Positive"
"ASV_208","ASV_225",1,0,0,"Positive"
"ASV_18","ASV_228",0.661547183446446,0.00031679072533275,0.0321585621933918,"Positive"
"ASV_35","ASV_228",0.721687836487032,4.66433315420289e-05,0.00694002724637873,"Positive"
"ASV_60","ASV_228",0.721687836487032,4.66433315420289e-05,0.00694002724637873,"Positive"
"ASV_212","ASV_230",0.757874015748031,1.14419151744372e-05,0.0028238541678812,"Positive"
"ASV_35","ASV_231",0.661547183446446,0.00031679072533275,0.0321585621933918,"Positive"
"ASV_59","ASV_231",1,0,0,"Positive"
"ASV_60","ASV_231",0.661547183446446,0.00031679072533275,0.0321585621933918,"Positive"
"ASV_66","ASV_231",0.721687836487032,4.66433315420289e-05,0.00694002724637873,"Positive"
"ASV_86","ASV_231",1,0,0,"Positive"
"ASV_104","ASV_231",0.661547183446446,0.00031679072533275,0.0321585621933918,"Positive"
"ASV_122","ASV_231",1,0,0,"Positive"
"ASV_195","ASV_231",1,0,0,"Positive"
"ASV_208","ASV_231",1,0,0,"Positive"
"ASV_225","ASV_231",1,0,0,"Positive"
"ASV_172","ASV_237",0.706439384359044,7.92117046166663e-05,0.0116696713420778,"Positive"
"ASV_29","ASV_239",1,0,0,"Positive"
"ASV_124","ASV_239",1,0,0,"Positive"
"ASV_205","ASV_239",0.661547183446446,0.00031679072533275,0.0321585621933918,"Positive"
"ASV_146","ASV_240",0.64536388086463,0.000494628313301382,0.0488474512443165,"Positive"
"ASV_40","ASV_246",1,0,0,"Positive"
"ASV_244","ASV_252",0.653725722378472,0.000394180057924354,0.0397595693896844,"Positive"
"ASV_241","ASV_258",0.680940892641737,0.000179190854704858,0.0257089658746713,"Positive"
"ASV_29","ASV_266",0.661547183446446,0.00031679072533275,0.0321585621933918,"Positive"
"ASV_90","ASV_266",0.721687836487032,4.66433315420289e-05,0.00694002724637873,"Positive"
"ASV_124","ASV_266",0.661547183446446,0.00031679072533275,0.0321585621933918,"Positive"
"ASV_205","ASV_266",1,0,0,"Positive"
"ASV_239","ASV_266",0.661547183446446,0.00031679072533275,0.0321585621933918,"Positive"
"ASV_121","ASV_272",1,0,0,"Positive"
"ASV_172","ASV_272",0.661547183446446,0.00031679072533275,0.0321585621933918,"Positive"
"ASV_21","ASV_283",0.649425690047185,0.000443360012361005,0.0442227364795129,"Positive"
"ASV_22","ASV_283",0.654831135743178,0.000382332230913773,0.0385789856602945,"Positive"
"ASV_252","ASV_283",0.730507375487083,3.37983364155914e-05,0.00694002724637873,"Positive"
"ASV_172","ASV_291",0.721687836487032,4.66433315420289e-05,0.00694002724637873,"Positive"
"ASV_233","ASV_292",1,0,0,"Positive"
"ASV_172","ASV_294",0.721687836487032,4.66433315420289e-05,0.00694002724637873,"Positive"
"ASV_291","ASV_294",1,0,0,"Positive"
"ASV_183","ASV_295",0.645111815481889,0.00049797289111897,0.0491597010689193,"Positive"
"ASV_51","ASV_300",0.647109070463187,0.000472002305509367,0.04699252857416,"Positive"
"ASV_148","ASV_301",0.653391926104408,0.000397819907506314,0.0401116683426465,"Positive"
"ASV_291","ASV_305",0.721687836487032,4.66433315420289e-05,0.00694002724637873,"Positive"
"ASV_294","ASV_305",0.721687836487032,4.66433315420289e-05,0.00694002724637873,"Positive"
"ASV_196","ASV_308",1,0,0,"Positive"
"ASV_119","ASV_313",0.651312632148633,0.000421158758886264,0.0422905333657159,"Positive"
"ASV_18","ASV_318",0.661547183446446,0.00031679072533275,0.0321585621933918,"Positive"
"ASV_35","ASV_318",0.721687836487032,4.66433315420289e-05,0.00694002724637873,"Positive"
"ASV_60","ASV_318",0.721687836487032,4.66433315420289e-05,0.00694002724637873,"Positive"
"ASV_228","ASV_318",1,0,0,"Positive"
"ASV_18","ASV_327",0.758303010214847,1.12368643558902e-05,0.00277579441436399,"Positive"
"ASV_218","ASV_327",0.798823018394266,1.69058985477477e-06,0.00044369489504665,"Positive"
"ASV_211","ASV_332",-0.719688148963463,5.0094148875246e-05,0.00744935162138132,"Negative"
"ASV_252","ASV_335",0.646228030678222,0.000483309787669306,0.0480294234542696,"Positive"
"ASV_35","ASV_336",0.661547183446446,0.00031679072533275,0.0321585621933918,"Positive"
"ASV_59","ASV_336",1,0,0,"Positive"
"ASV_60","ASV_336",0.661547183446446,0.00031679072533275,0.0321585621933918,"Positive"
"ASV_66","ASV_336",0.721687836487032,4.66433315420289e-05,0.00694002724637873,"Positive"
"ASV_86","ASV_336",1,0,0,"Positive"
"ASV_104","ASV_336",0.661547183446446,0.00031679072533275,0.0321585621933918,"Positive"
"ASV_122","ASV_336",1,0,0,"Positive"
"ASV_195","ASV_336",1,0,0,"Positive"
"ASV_208","ASV_336",1,0,0,"Positive"
"ASV_225","ASV_336",1,0,0,"Positive"
"ASV_231","ASV_336",1,0,0,"Positive"
"ASV_35","ASV_339",0.833554453976626,2.29396379891611e-07,6.24596655374718e-05,"Positive"
"ASV_60","ASV_339",0.833554453976626,2.29396379891611e-07,6.24596655374718e-05,"Positive"
"ASV_150","ASV_339",0.680940892641737,0.000179190854704858,0.0257089658746713,"Positive"
"ASV_43","ASV_344",0.78161924231135,3.96476136366175e-06,0.0010216134283525,"Positive"
"ASV_350","ASV_357",0.679794033010571,0.000185546937208958,0.0265783637516076,"Positive"
"ASV_121","ASV_372",0.661547183446446,0.00031679072533275,0.0321585621933918,"Positive"
"ASV_272","ASV_372",0.661547183446446,0.00031679072533275,0.0321585621933918,"Positive"
"ASV_35","ASV_373",0.661547183446446,0.00031679072533275,0.0321585621933918,"Positive"
"ASV_59","ASV_373",1,0,0,"Positive"
"ASV_60","ASV_373",0.661547183446446,0.00031679072533275,0.0321585621933918,"Positive"
"ASV_66","ASV_373",0.721687836487032,4.66433315420289e-05,0.00694002724637873,"Positive"
"ASV_86","ASV_373",1,0,0,"Positive"
"ASV_104","ASV_373",0.661547183446446,0.00031679072533275,0.0321585621933918,"Positive"
"ASV_122","ASV_373",1,0,0,"Positive"
"ASV_195","ASV_373",1,0,0,"Positive"
"ASV_208","ASV_373",1,0,0,"Positive"
"ASV_225","ASV_373",1,0,0,"Positive"
"ASV_231","ASV_373",1,0,0,"Positive"
"ASV_336","ASV_373",1,0,0,"Positive"
"ASV_74","ASV_378",0.66133589298459,0.000318692731487991,0.0323394380951776,"Positive"
"ASV_146","ASV_386",0.660943325234177,0.000322253008630424,0.0326637543725241,"Positive"
"ASV_141","ASV_387",0.771184055584286,6.41427992720267e-06,0.00164648078005412,"Positive"
"ASV_18","ASV_388",0.661547183446446,0.00031679072533275,0.0321585621933918,"Positive"
"ASV_35","ASV_388",0.721687836487032,4.66433315420289e-05,0.00694002724637873,"Positive"
"ASV_60","ASV_388",0.721687836487032,4.66433315420289e-05,0.00694002724637873,"Positive"
"ASV_228","ASV_388",1,0,0,"Positive"
"ASV_318","ASV_388",1,0,0,"Positive"
"ASV_18","ASV_390",0.661547183446446,0.00031679072533275,0.0321585621933918,"Positive"
"ASV_35","ASV_390",0.721687836487032,4.66433315420289e-05,0.00694002724637873,"Positive"
"ASV_60","ASV_390",0.721687836487032,4.66433315420289e-05,0.00694002724637873,"Positive"
"ASV_228","ASV_390",1,0,0,"Positive"
"ASV_318","ASV_390",1,0,0,"Positive"
"ASV_388","ASV_390",1,0,0,"Positive"
"ASV_44","ASV_395",0.661547183446446,0.00031679072533275,0.0321585621933918,"Positive"
"ASV_271","ASV_395",0.721687836487032,4.66433315420289e-05,0.00694002724637873,"Positive"
"ASV_304","ASV_397",0.678528347406514,0.000192789803223903,0.0275279075133043,"Positive"
"ASV_37","ASV_399",0.661547183446446,0.00031679072533275,0.0321585621933918,"Positive"
"ASV_91","ASV_399",0.661547183446446,0.00031679072533275,0.0321585621933918,"Positive"
"ASV_95","ASV_400",0.650784077201447,0.000427277898436884,0.0427136583933128,"Positive"
"ASV_66","ASV_401",0.758303010214847,1.12368643558902e-05,0.00277579441436399,"Positive"
"ASV_395","ASV_401",0.833554453976626,2.29396379891611e-07,6.24596655374718e-05,"Positive"
"ASV_18","ASV_404",0.721687836487032,4.66433315420289e-05,0.00694002724637873,"Positive"
"ASV_37","ASV_404",0.721687836487032,4.66433315420289e-05,0.00694002724637873,"Positive"
"ASV_218","ASV_404",0.661547183446446,0.00031679072533275,0.0321585621933918,"Positive"
"ASV_372","ASV_404",0.721687836487032,4.66433315420289e-05,0.00694002724637873,"Positive"
"ASV_347","ASV_408",0.728991512779165,3.57533787043174e-05,0.00694002724637873,"Positive"
"ASV_233","ASV_411",1,0,0,"Positive"
"ASV_292","ASV_411",1,0,0,"Positive"
"ASV_35","ASV_413",0.661547183446446,0.00031679072533275,0.0321585621933918,"Positive"
"ASV_59","ASV_413",1,0,0,"Positive"
"ASV_60","ASV_413",0.661547183446446,0.00031679072533275,0.0321585621933918,"Positive"
"ASV_66","ASV_413",0.721687836487032,4.66433315420289e-05,0.00694002724637873,"Positive"
"ASV_86","ASV_413",1,0,0,"Positive"
"ASV_104","ASV_413",0.661547183446446,0.00031679072533275,0.0321585621933918,"Positive"
"ASV_122","ASV_413",1,0,0,"Positive"
"ASV_195","ASV_413",1,0,0,"Positive"
"ASV_208","ASV_413",1,0,0,"Positive"
"ASV_225","ASV_413",1,0,0,"Positive"
"ASV_231","ASV_413",1,0,0,"Positive"
"ASV_336","ASV_413",1,0,0,"Positive"
"ASV_373","ASV_413",1,0,0,"Positive"
"ASV_273","ASV_428",-0.664652500301621,0.000289956633614308,0.0321585621933918,"Negative"
"ASV_35","ASV_429",0.661547183446446,0.00031679072533275,0.0321585621933918,"Positive"
"ASV_59","ASV_429",1,0,0,"Positive"
"ASV_60","ASV_429",0.661547183446446,0.00031679072533275,0.0321585621933918,"Positive"
"ASV_66","ASV_429",0.721687836487032,4.66433315420289e-05,0.00694002724637873,"Positive"
"ASV_86","ASV_429",1,0,0,"Positive"
"ASV_104","ASV_429",0.661547183446446,0.00031679072533275,0.0321585621933918,"Positive"
"ASV_122","ASV_429",1,0,0,"Positive"
"ASV_195","ASV_429",1,0,0,"Positive"
"ASV_208","ASV_429",1,0,0,"Positive"
"ASV_225","ASV_429",1,0,0,"Positive"
"ASV_231","ASV_429",1,0,0,"Positive"
"ASV_336","ASV_429",1,0,0,"Positive"
"ASV_373","ASV_429",1,0,0,"Positive"
"ASV_413","ASV_429",1,0,0,"Positive"
"ASV_121","ASV_433",1,0,0,"Positive"
"ASV_172","ASV_433",0.661547183446446,0.00031679072533275,0.0321585621933918,"Positive"
"ASV_272","ASV_433",1,0,0,"Positive"
"ASV_372","ASV_433",0.661547183446446,0.00031679072533275,0.0321585621933918,"Positive"
"ASV_33","ASV_435",0.661001706677788,0.000321721351137949,0.0326221569509879,"Positive"
"ASV_183","ASV_435",0.706310600088757,7.95557033690386e-05,0.0117139350405082,"Positive"
"ASV_40","ASV_439",0.721687836487032,4.66433315420289e-05,0.00694002724637873,"Positive"
"ASV_246","ASV_439",0.721687836487032,4.66433315420289e-05,0.00694002724637873,"Positive"
"ASV_8","ASV_441",0.721687836487032,4.66433315420289e-05,0.00694002724637873,"Positive"
"ASV_157","ASV_441",0.721687836487032,4.66433315420289e-05,0.00694002724637873,"Positive"
"ASV_196","ASV_441",0.661547183446446,0.00031679072533275,0.0321585621933918,"Positive"
"ASV_308","ASV_441",0.661547183446446,0.00031679072533275,0.0321585621933918,"Positive"
"ASV_104","ASV_446",0.721687836487032,4.66433315420289e-05,0.00694002724637873,"Positive"
"ASV_90","ASV_454",1,0,0,"Positive"
"ASV_205","ASV_454",0.721687836487032,4.66433315420289e-05,0.00694002724637873,"Positive"
"ASV_266","ASV_454",0.721687836487032,4.66433315420289e-05,0.00694002724637873,"Positive"
"ASV_132","ASV_455",0.711718195376063,6.61904691783288e-05,0.00982669111707032,"Positive"
"ASV_18","ASV_458",0.661547183446446,0.00031679072533275,0.0321585621933918,"Positive"
"ASV_35","ASV_458",0.721687836487032,4.66433315420289e-05,0.00694002724637873,"Positive"
"ASV_60","ASV_458",0.721687836487032,4.66433315420289e-05,0.00694002724637873,"Positive"
"ASV_228","ASV_458",1,0,0,"Positive"
"ASV_318","ASV_458",1,0,0,"Positive"
"ASV_388","ASV_458",1,0,0,"Positive"
"ASV_390","ASV_458",1,0,0,"Positive"
"ASV_61","ASV_460",0.686266108602633,0.000152108300487175,0.0219521491536241,"Positive"
"ASV_44","ASV_461",1,0,0,"Positive"
"ASV_66","ASV_461",0.661547183446446,0.00031679072533275,0.0321585621933918,"Positive"
"ASV_395","ASV_461",0.661547183446446,0.00031679072533275,0.0321585621933918,"Positive"
"ASV_427","ASV_465",0.708525173516648,7.38196653820022e-05,0.0109291700627836,"Positive"
"ASV_18","ASV_467",0.721687836487032,4.66433315420289e-05,0.00694002724637873,"Positive"
"ASV_37","ASV_467",0.721687836487032,4.66433315420289e-05,0.00694002724637873,"Positive"
"ASV_218","ASV_467",0.661547183446446,0.00031679072533275,0.0321585621933918,"Positive"
"ASV_372","ASV_467",0.721687836487032,4.66433315420289e-05,0.00694002724637873,"Positive"
"ASV_404","ASV_467",1,0,0,"Positive"
"ASV_8","ASV_472",0.661547183446446,0.00031679072533275,0.0321585621933918,"Positive"
"ASV_157","ASV_472",0.661547183446446,0.00031679072533275,0.0321585621933918,"Positive"
"ASV_279","ASV_473",0.753356202377399,1.38118721317859e-05,0.00339940122053418,"Positive"
"ASV_153","ASV_474",0.661547183446446,0.00031679072533275,0.0321585621933918,"Positive"
"ASV_332","ASV_481",0.665829970903687,0.000280312928130799,0.0321585621933918,"Positive"
"ASV_74","ASV_482",0.678528347406514,0.000192789803223903,0.0275279075133043,"Positive"
"ASV_271","ASV_483",1,0,0,"Positive"
"ASV_395","ASV_483",0.721687836487032,4.66433315420289e-05,0.00694002724637873,"Positive"
"ASV_18","ASV_489",0.673165065530538,0.00022629841296995,0.0316242921410177,"Positive"
"ASV_18","ASV_490",0.668045939556922,0.00026292033383557,0.0321585621933918,"Positive"
"ASV_131","ASV_498",0.661547183446446,0.00031679072533275,0.0321585621933918,"Positive"
"ASV_178","ASV_498",0.661547183446446,0.00031679072533275,0.0321585621933918,"Positive"
"ASV_228","ASV_498",0.721687836487032,4.66433315420289e-05,0.00694002724637873,"Positive"
"ASV_318","ASV_498",0.721687836487032,4.66433315420289e-05,0.00694002724637873,"Positive"
"ASV_388","ASV_498",0.721687836487032,4.66433315420289e-05,0.00694002724637873,"Positive"
"ASV_390","ASV_498",0.721687836487032,4.66433315420289e-05,0.00694002724637873,"Positive"
"ASV_458","ASV_498",0.721687836487032,4.66433315420289e-05,0.00694002724637873,"Positive"
"ASV_489","ASV_498",0.701320258385428,9.39399897812443e-05,0.0136821280947711,"Positive"
"ASV_175","ASV_501",0.684061613579271,0.000162850161610884,0.0234772158762623,"Positive"
"ASV_313","ASV_503",0.644751858557764,0.000502783086031133,0.049616353909142,"Positive"
"ASV_121","ASV_506",0.721687836487032,4.66433315420289e-05,0.00694002724637873,"Positive"
"ASV_172","ASV_506",0.996527777777778,0,0,"Positive"
"ASV_237","ASV_506",0.701320258385428,9.39399897812443e-05,0.0136821280947711,"Positive"
"ASV_272","ASV_506",0.721687836487032,4.66433315420289e-05,0.00694002724637873,"Positive"
"ASV_291","ASV_506",0.661547183446446,0.00031679072533275,0.0321585621933918,"Positive"
"ASV_294","ASV_506",0.661547183446446,0.00031679072533275,0.0321585621933918,"Positive"
"ASV_433","ASV_506",0.721687836487032,4.66433315420289e-05,0.00694002724637873,"Positive"
"ASV_490","ASV_513",0.725738534884986,4.02894455100444e-05,0.00694002724637873,"Positive"
"ASV_351","ASV_516",0.693155695377867,0.000122431632469944,0.0177358405397803,"Positive"
"ASV_90","ASV_517",1,0,0,"Positive"
"ASV_205","ASV_517",0.721687836487032,4.66433315420289e-05,0.00694002724637873,"Positive"
"ASV_266","ASV_517",0.721687836487032,4.66433315420289e-05,0.00694002724637873,"Positive"
"ASV_454","ASV_517",1,0,0,"Positive"
"ASV_233","ASV_521",0.721687836487032,4.66433315420289e-05,0.00694002724637873,"Positive"
"ASV_291","ASV_521",0.661547183446446,0.00031679072533275,0.0321585621933918,"Positive"
"ASV_292","ASV_521",0.721687836487032,4.66433315420289e-05,0.00694002724637873,"Positive"
"ASV_294","ASV_521",0.661547183446446,0.00031679072533275,0.0321585621933918,"Positive"
"ASV_347","ASV_521",0.793034445797206,2.2720323489267e-06,0.000588259570950068,"Positive"
"ASV_411","ASV_521",0.721687836487032,4.66433315420289e-05,0.00694002724637873,"Positive"
"ASV_90","ASV_526",1,0,0,"Positive"
"ASV_205","ASV_526",0.721687836487032,4.66433315420289e-05,0.00694002724637873,"Positive"
"ASV_266","ASV_526",0.721687836487032,4.66433315420289e-05,0.00694002724637873,"Positive"
"ASV_454","ASV_526",1,0,0,"Positive"
"ASV_517","ASV_526",1,0,0,"Positive"
"ASV_153","ASV_531",1,0,0,"Positive"
"ASV_474","ASV_531",0.661547183446446,0.00031679072533275,0.0321585621933918,"Positive"
"ASV_133","ASV_535",0.668045939556922,0.00026292033383557,0.0321585621933918,"Positive"
"ASV_271","ASV_535",0.721687836487032,4.66433315420289e-05,0.00694002724637873,"Positive"
"ASV_399","ASV_535",0.661547183446446,0.00031679072533275,0.0321585621933918,"Positive"
"ASV_483","ASV_535",0.721687836487032,4.66433315420289e-05,0.00694002724637873,"Positive"
"ASV_121","ASV_537",1,0,0,"Positive"
"ASV_172","ASV_537",0.661547183446446,0.00031679072533275,0.0321585621933918,"Positive"
"ASV_272","ASV_537",1,0,0,"Positive"
"ASV_372","ASV_537",0.661547183446446,0.00031679072533275,0.0321585621933918,"Positive"
"ASV_433","ASV_537",1,0,0,"Positive"
"ASV_506","ASV_537",0.721687836487032,4.66433315420289e-05,0.00694002724637873,"Positive"
"ASV_233","ASV_543",1,0,0,"Positive"
"ASV_292","ASV_543",1,0,0,"Positive"
"ASV_411","ASV_543",1,0,0,"Positive"
"ASV_521","ASV_543",0.721687836487032,4.66433315420289e-05,0.00694002724637873,"Positive"
"ASV_43","ASV_544",0.7112155832227,6.73432457012346e-05,0.00998681029180531,"Positive"
"ASV_205","ASV_546",0.67060550254373,0.000244009900656206,0.0321585621933918,"Positive"
"ASV_266","ASV_546",0.67060550254373,0.000244009900656206,0.0321585621933918,"Positive"
"ASV_57","ASV_549",0.721687836487032,4.66433315420289e-05,0.00694002724637873,"Positive"
"ASV_81","ASV_549",0.721687836487032,4.66433315420289e-05,0.00694002724637873,"Positive"
"ASV_189","ASV_549",0.721687836487032,4.66433315420289e-05,0.00694002724637873,"Positive"
"ASV_291","ASV_549",0.661547183446446,0.00031679072533275,0.0321585621933918,"Positive"
"ASV_294","ASV_549",0.661547183446446,0.00031679072533275,0.0321585621933918,"Positive"
"ASV_29","ASV_550",0.661547183446446,0.00031679072533275,0.0321585621933918,"Positive"
"ASV_124","ASV_550",0.661547183446446,0.00031679072533275,0.0321585621933918,"Positive"
"ASV_239","ASV_550",0.661547183446446,0.00031679072533275,0.0321585621933918,"Positive"
"ASV_404","ASV_550",0.721687836487032,4.66433315420289e-05,0.00694002724637873,"Positive"
"ASV_467","ASV_550",0.721687836487032,4.66433315420289e-05,0.00694002724637873,"Positive"
"ASV_35","ASV_552",0.661547183446446,0.00031679072533275,0.0321585621933918,"Positive"
"ASV_59","ASV_552",1,0,0,"Positive"
"ASV_60","ASV_552",0.661547183446446,0.00031679072533275,0.0321585621933918,"Positive"
"ASV_66","ASV_552",0.721687836487032,4.66433315420289e-05,0.00694002724637873,"Positive"
"ASV_86","ASV_552",1,0,0,"Positive"
"ASV_104","ASV_552",0.661547183446446,0.00031679072533275,0.0321585621933918,"Positive"
"ASV_122","ASV_552",1,0,0,"Positive"
"ASV_195","ASV_552",1,0,0,"Positive"
"ASV_208","ASV_552",1,0,0,"Positive"
"ASV_225","ASV_552",1,0,0,"Positive"
"ASV_231","ASV_552",1,0,0,"Positive"
"ASV_336","ASV_552",1,0,0,"Positive"
"ASV_373","ASV_552",1,0,0,"Positive"
"ASV_413","ASV_552",1,0,0,"Positive"
"ASV_429","ASV_552",1,0,0,"Positive"
"ASV_35","ASV_553",0.673456239919576,0.000224356587562813,0.0314837715059258,"Positive"
"ASV_60","ASV_553",0.673456239919576,0.000224356587562813,0.0314837715059258,"Positive"
"ASV_339","ASV_553",0.785517592647068,3.29052523584394e-06,0.000848693656969909,"Positive"
"ASV_12","ASV_557",0.721687836487032,4.66433315420289e-05,0.00694002724637873,"Positive"
"ASV_439","ASV_557",0.661547183446446,0.00031679072533275,0.0321585621933918,"Positive"
"ASV_291","ASV_559",0.721687836487032,4.66433315420289e-05,0.00694002724637873,"Positive"
"ASV_294","ASV_559",0.721687836487032,4.66433315420289e-05,0.00694002724637873,"Positive"
"ASV_40","ASV_560",1,0,0,"Positive"
"ASV_246","ASV_560",1,0,0,"Positive"
"ASV_439","ASV_560",0.721687836487032,4.66433315420289e-05,0.00694002724637873,"Positive"
"ASV_393","ASV_561",0.678086556514104,0.00019537554537008,0.027865597484025,"Positive"
"ASV_448","ASV_561",0.669186246079049,0.000254343210537522,0.0321585621933918,"Positive"
"ASV_42","ASV_564",0.663203930990397,0.000302216727099847,0.0321585621933918,"Positive"
"ASV_90","ASV_567",0.661547183446446,0.00031679072533275,0.0321585621933918,"Positive"
"ASV_454","ASV_567",0.661547183446446,0.00031679072533275,0.0321585621933918,"Positive"
"ASV_517","ASV_567",0.661547183446446,0.00031679072533275,0.0321585621933918,"Positive"
"ASV_526","ASV_567",0.661547183446446,0.00031679072533275,0.0321585621933918,"Positive"
"ASV_557","ASV_567",0.721687836487032,4.66433315420289e-05,0.00694002724637873,"Positive"
"ASV_25","ASV_569",0.658037530453973,0.000349701594283047,0.0353660058570214,"Positive"
"ASV_358","ASV_570",0.724812150496939,4.167087430762e-05,0.00694002724637873,"Positive"
"ASV_57","ASV_577",1,0,0,"Positive"
"ASV_81","ASV_577",1,0,0,"Positive"
"ASV_189","ASV_577",1,0,0,"Positive"
"ASV_549","ASV_577",0.721687836487032,4.66433315420289e-05,0.00694002724637873,"Positive"
"ASV_258","ASV_579",0.757254552713116,1.1743869173575e-05,0.00289306775664155,"Positive"
"ASV_474","ASV_583",0.721687836487032,4.66433315420289e-05,0.00694002724637873,"Positive"
"ASV_559","ASV_583",0.661547183446446,0.00031679072533275,0.0321585621933918,"Positive"
"ASV_121","ASV_584",1,0,0,"Positive"
"ASV_172","ASV_584",0.661547183446446,0.00031679072533275,0.0321585621933918,"Positive"
"ASV_272","ASV_584",1,0,0,"Positive"
"ASV_372","ASV_584",0.661547183446446,0.00031679072533275,0.0321585621933918,"Positive"
"ASV_433","ASV_584",1,0,0,"Positive"
"ASV_506","ASV_584",0.721687836487032,4.66433315420289e-05,0.00694002724637873,"Positive"
"ASV_537","ASV_584",1,0,0,"Positive"
"ASV_31","ASV_587",1,0,0,"Positive"
"ASV_18","ASV_596",0.721687836487032,4.66433315420289e-05,0.00694002724637873,"Positive"
"ASV_37","ASV_596",0.721687836487032,4.66433315420289e-05,0.00694002724637873,"Positive"
"ASV_218","ASV_596",0.661547183446446,0.00031679072533275,0.0321585621933918,"Positive"
"ASV_372","ASV_596",0.721687836487032,4.66433315420289e-05,0.00694002724637873,"Positive"
"ASV_404","ASV_596",1,0,0,"Positive"
"ASV_467","ASV_596",1,0,0,"Positive"
"ASV_550","ASV_596",0.721687836487032,4.66433315420289e-05,0.00694002724637873,"Positive"
"ASV_371","ASV_597",0.745283018867924,1.91493468171267e-05,0.00470016873779385,"Positive"
"ASV_74","ASV_600",0.645958986731001,0.000486809324075299,0.0481991398891499,"Positive"
"ASV_355","ASV_600",0.650784077201447,0.000427277898436884,0.0427136583933128,"Positive"
"ASV_482","ASV_600",0.650784077201447,0.000427277898436884,0.0427136583933128,"Positive"
"ASV_163","ASV_601",0.651112582266651,0.000423465735253314,0.042490466581958,"Positive"
"ASV_550","ASV_606",0.67060550254373,0.000244009900656206,0.0321585621933918,"Positive"
"ASV_441","ASV_611",0.645395563256261,0.00049420931259414,0.0488239961036586,"Positive"
"ASV_129","ASV_618",0.721687836487032,4.66433315420289e-05,0.00694002724637873,"Positive"
"ASV_393","ASV_618",0.761197296513377,9.9366573746984e-06,0.00249121168408666,"Positive"
"ASV_557","ASV_618",0.661547183446446,0.00031679072533275,0.0321585621933918,"Positive"
"ASV_172","ASV_619",0.721687836487032,4.66433315420289e-05,0.00694002724637873,"Positive"
"ASV_291","ASV_619",1,0,0,"Positive"
"ASV_294","ASV_619",1,0,0,"Positive"
"ASV_305","ASV_619",0.721687836487032,4.66433315420289e-05,0.00694002724637873,"Positive"
"ASV_506","ASV_619",0.661547183446446,0.00031679072533275,0.0321585621933918,"Positive"
"ASV_521","ASV_619",0.661547183446446,0.00031679072533275,0.0321585621933918,"Positive"
"ASV_549","ASV_619",0.661547183446446,0.00031679072533275,0.0321585621933918,"Positive"
"ASV_559","ASV_619",0.721687836487032,4.66433315420289e-05,0.00694002724637873,"Positive"
"ASV_121","ASV_638",0.661547183446446,0.00031679072533275,0.0321585621933918,"Positive"
"ASV_228","ASV_638",0.721687836487032,4.66433315420289e-05,0.00694002724637873,"Positive"
"ASV_272","ASV_638",0.661547183446446,0.00031679072533275,0.0321585621933918,"Positive"
"ASV_318","ASV_638",0.721687836487032,4.66433315420289e-05,0.00694002724637873,"Positive"
"ASV_388","ASV_638",0.721687836487032,4.66433315420289e-05,0.00694002724637873,"Positive"
"ASV_390","ASV_638",0.721687836487032,4.66433315420289e-05,0.00694002724637873,"Positive"
"ASV_433","ASV_638",0.661547183446446,0.00031679072533275,0.0321585621933918,"Positive"
"ASV_458","ASV_638",0.721687836487032,4.66433315420289e-05,0.00694002724637873,"Positive"
"ASV_537","ASV_638",0.661547183446446,0.00031679072533275,0.0321585621933918,"Positive"
"ASV_584","ASV_638",0.661547183446446,0.00031679072533275,0.0321585621933918,"Positive"
"ASV_35","ASV_639",0.661547183446446,0.00031679072533275,0.0321585621933918,"Positive"
"ASV_59","ASV_639",1,0,0,"Positive"
"ASV_60","ASV_639",0.661547183446446,0.00031679072533275,0.0321585621933918,"Positive"
"ASV_66","ASV_639",0.721687836487032,4.66433315420289e-05,0.00694002724637873,"Positive"
"ASV_86","ASV_639",1,0,0,"Positive"
"ASV_104","ASV_639",0.661547183446446,0.00031679072533275,0.0321585621933918,"Positive"
"ASV_122","ASV_639",1,0,0,"Positive"
"ASV_195","ASV_639",1,0,0,"Positive"
"ASV_208","ASV_639",1,0,0,"Positive"
"ASV_225","ASV_639",1,0,0,"Positive"
"ASV_231","ASV_639",1,0,0,"Positive"
"ASV_336","ASV_639",1,0,0,"Positive"
"ASV_373","ASV_639",1,0,0,"Positive"
"ASV_413","ASV_639",1,0,0,"Positive"
"ASV_429","ASV_639",1,0,0,"Positive"
"ASV_552","ASV_639",1,0,0,"Positive"
"ASV_153","ASV_640",1,0,0,"Positive"
"ASV_474","ASV_640",0.661547183446446,0.00031679072533275,0.0321585621933918,"Positive"
"ASV_531","ASV_640",1,0,0,"Positive"
"ASV_369","ASV_641",0.692553610303675,0.000124805000256689,0.0180699235328591,"Positive"
"ASV_549","ASV_641",0.67060550254373,0.000244009900656206,0.0321585621933918,"Positive"
"ASV_233","ASV_647",1,0,0,"Positive"
"ASV_292","ASV_647",1,0,0,"Positive"
"ASV_411","ASV_647",1,0,0,"Positive"
"ASV_521","ASV_647",0.721687836487032,4.66433315420289e-05,0.00694002724637873,"Positive"
"ASV_543","ASV_647",1,0,0,"Positive"
"ASV_104","ASV_650",0.721687836487032,4.66433315420289e-05,0.00694002724637873,"Positive"
"ASV_446","ASV_650",1,0,0,"Positive"
"ASV_631","ASV_660",0.702628563251209,8.9963633231438e-05,0.0131958598359991,"Positive"
"ASV_347","ASV_661",0.678528347406514,0.000192789803223903,0.0275279075133043,"Positive"
"ASV_369","ASV_661",0.652336915209398,0.000409517143741045,0.0411830341513728,"Positive"
"ASV_408","ASV_661",0.749457852041681,1.61968070728769e-05,0.00397910435386454,"Positive"
"ASV_131","ASV_664",0.721687836487032,4.66433315420289e-05,0.00694002724637873,"Positive"
"ASV_178","ASV_664",0.721687836487032,4.66433315420289e-05,0.00694002724637873,"Positive"
"ASV_446","ASV_664",0.661547183446446,0.00031679072533275,0.0321585621933918,"Positive"
"ASV_650","ASV_664",0.661547183446446,0.00031679072533275,0.0321585621933918,"Positive"
"ASV_8","ASV_665",0.661547183446446,0.00031679072533275,0.0321585621933918,"Positive"
"ASV_121","ASV_665",0.721687836487032,4.66433315420289e-05,0.00694002724637873,"Positive"
"ASV_157","ASV_665",0.661547183446446,0.00031679072533275,0.0321585621933918,"Positive"
"ASV_272","ASV_665",0.721687836487032,4.66433315420289e-05,0.00694002724637873,"Positive"
"ASV_433","ASV_665",0.721687836487032,4.66433315420289e-05,0.00694002724637873,"Positive"
"ASV_537","ASV_665",0.721687836487032,4.66433315420289e-05,0.00694002724637873,"Positive"
"ASV_584","ASV_665",0.721687836487032,4.66433315420289e-05,0.00694002724637873,"Positive"
"ASV_70","ASV_669",0.733010464092251,3.07762853244409e-05,0.00694002724637873,"Positive"
"ASV_498","ASV_669",0.701320258385428,9.39399897812443e-05,0.0136821280947711,"Positive"
"ASV_29","ASV_670",0.721687836487032,4.66433315420289e-05,0.00694002724637873,"Positive"
"ASV_124","ASV_670",0.721687836487032,4.66433315420289e-05,0.00694002724637873,"Positive"
"ASV_196","ASV_670",0.661547183446446,0.00031679072533275,0.0321585621933918,"Positive"
"ASV_239","ASV_670",0.721687836487032,4.66433315420289e-05,0.00694002724637873,"Positive"
"ASV_308","ASV_670",0.661547183446446,0.00031679072533275,0.0321585621933918,"Positive"
"ASV_605","ASV_675",0.656770833333333,0.000362290333317361,0.036611602124732,"Positive"
"ASV_384","ASV_687",0.769685039370079,6.85922322540833e-06,0.00175733952294316,"Positive"
"ASV_8","ASV_691",0.661547183446446,0.00031679072533275,0.0321585621933918,"Positive"
"ASV_90","ASV_691",0.721687836487032,4.66433315420289e-05,0.00694002724637873,"Positive"
"ASV_157","ASV_691",0.661547183446446,0.00031679072533275,0.0321585621933918,"Positive"
"ASV_454","ASV_691",0.721687836487032,4.66433315420289e-05,0.00694002724637873,"Positive"
"ASV_517","ASV_691",0.721687836487032,4.66433315420289e-05,0.00694002724637873,"Positive"
"ASV_526","ASV_691",0.721687836487032,4.66433315420289e-05,0.00694002724637873,"Positive"
"ASV_18","ASV_698",0.661547183446446,0.00031679072533275,0.0321585621933918,"Positive"
"ASV_35","ASV_698",0.721687836487032,4.66433315420289e-05,0.00694002724637873,"Positive"
"ASV_60","ASV_698",0.721687836487032,4.66433315420289e-05,0.00694002724637873,"Positive"
"ASV_228","ASV_698",1,0,0,"Positive"
"ASV_318","ASV_698",1,0,0,"Positive"
"ASV_388","ASV_698",1,0,0,"Positive"
"ASV_390","ASV_698",1,0,0,"Positive"
"ASV_458","ASV_698",1,0,0,"Positive"
"ASV_498","ASV_698",0.721687836487032,4.66433315420289e-05,0.00694002724637873,"Positive"
"ASV_638","ASV_698",0.721687836487032,4.66433315420289e-05,0.00694002724637873,"Positive"
"ASV_35","ASV_701",0.661547183446446,0.00031679072533275,0.0321585621933918,"Positive"
"ASV_59","ASV_701",1,0,0,"Positive"
"ASV_60","ASV_701",0.661547183446446,0.00031679072533275,0.0321585621933918,"Positive"
"ASV_66","ASV_701",0.721687836487032,4.66433315420289e-05,0.00694002724637873,"Positive"
"ASV_86","ASV_701",1,0,0,"Positive"
"ASV_104","ASV_701",0.661547183446446,0.00031679072533275,0.0321585621933918,"Positive"
"ASV_122","ASV_701",1,0,0,"Positive"
"ASV_195","ASV_701",1,0,0,"Positive"
"ASV_208","ASV_701",1,0,0,"Positive"
"ASV_225","ASV_701",1,0,0,"Positive"
"ASV_231","ASV_701",1,0,0,"Positive"
"ASV_336","ASV_701",1,0,0,"Positive"
"ASV_373","ASV_701",1,0,0,"Positive"
"ASV_413","ASV_701",1,0,0,"Positive"
"ASV_429","ASV_701",1,0,0,"Positive"
"ASV_552","ASV_701",1,0,0,"Positive"
"ASV_639","ASV_701",1,0,0,"Positive"
"ASV_98","ASV_705",0.656866176542025,0.000361329247651643,0.0365282007666351,"Positive"
"ASV_608","ASV_705",0.64982989641261,0.000438520480591897,0.0437562436960337,"Positive"
"ASV_121","ASV_709",0.661547183446446,0.00031679072533275,0.0321585621933918,"Positive"
"ASV_272","ASV_709",0.661547183446446,0.00031679072533275,0.0321585621933918,"Positive"
"ASV_274","ASV_709",0.761197296513377,9.9366573746984e-06,0.00249121168408666,"Positive"
"ASV_433","ASV_709",0.661547183446446,0.00031679072533275,0.0321585621933918,"Positive"
"ASV_446","ASV_709",0.721687836487032,4.66433315420289e-05,0.00694002724637873,"Positive"
"ASV_537","ASV_709",0.661547183446446,0.00031679072533275,0.0321585621933918,"Positive"
"ASV_584","ASV_709",0.661547183446446,0.00031679072533275,0.0321585621933918,"Positive"
"ASV_650","ASV_709",0.721687836487032,4.66433315420289e-05,0.00694002724637873,"Positive"
"ASV_20","ASV_717",0.734594577213933,2.89895827321196e-05,0.00694002724637873,"Positive"
"ASV_31","ASV_717",0.661547183446446,0.00031679072533275,0.0321585621933918,"Positive"
"ASV_557","ASV_717",0.721687836487032,4.66433315420289e-05,0.00694002724637873,"Positive"
"ASV_587","ASV_717",0.661547183446446,0.00031679072533275,0.0321585621933918,"Positive"
"ASV_18","ASV_720",0.721687836487032,4.66433315420289e-05,0.00694002724637873,"Positive"
"ASV_37","ASV_720",0.721687836487032,4.66433315420289e-05,0.00694002724637873,"Positive"
"ASV_218","ASV_720",0.661547183446446,0.00031679072533275,0.0321585621933918,"Positive"
"ASV_372","ASV_720",0.721687836487032,4.66433315420289e-05,0.00694002724637873,"Positive"
"ASV_404","ASV_720",1,0,0,"Positive"
"ASV_467","ASV_720",1,0,0,"Positive"
"ASV_550","ASV_720",0.721687836487032,4.66433315420289e-05,0.00694002724637873,"Positive"
"ASV_596","ASV_720",1,0,0,"Positive"
"ASV_230","ASV_727",0.651396366091905,0.00042019638804236,0.0422096529289258,"Positive"
"ASV_35","ASV_730",0.661547183446446,0.00031679072533275,0.0321585621933918,"Positive"
"ASV_59","ASV_730",1,0,0,"Positive"
"ASV_60","ASV_730",0.661547183446446,0.00031679072533275,0.0321585621933918,"Positive"
"ASV_66","ASV_730",0.721687836487032,4.66433315420289e-05,0.00694002724637873,"Positive"
"ASV_86","ASV_730",1,0,0,"Positive"
"ASV_104","ASV_730",0.661547183446446,0.00031679072533275,0.0321585621933918,"Positive"
"ASV_122","ASV_730",1,0,0,"Positive"
"ASV_195","ASV_730",1,0,0,"Positive"
"ASV_208","ASV_730",1,0,0,"Positive"
"ASV_225","ASV_730",1,0,0,"Positive"
"ASV_231","ASV_730",1,0,0,"Positive"
"ASV_336","ASV_730",1,0,0,"Positive"
"ASV_373","ASV_730",1,0,0,"Positive"
"ASV_413","ASV_730",1,0,0,"Positive"
"ASV_429","ASV_730",1,0,0,"Positive"
"ASV_552","ASV_730",1,0,0,"Positive"
"ASV_639","ASV_730",1,0,0,"Positive"
"ASV_701","ASV_730",1,0,0,"Positive"
"ASV_291","ASV_746",0.661547183446446,0.00031679072533275,0.0321585621933918,"Positive"
"ASV_294","ASV_746",0.661547183446446,0.00031679072533275,0.0321585621933918,"Positive"
"ASV_557","ASV_746",0.721687836487032,4.66433315420289e-05,0.00694002724637873,"Positive"
"ASV_619","ASV_746",0.661547183446446,0.00031679072533275,0.0321585621933918,"Positive"
"ASV_731","ASV_746",0.798823018394266,1.69058985477477e-06,0.00044369489504665,"Positive"
"ASV_35","ASV_752",0.661547183446446,0.00031679072533275,0.0321585621933918,"Positive"
"ASV_59","ASV_752",1,0,0,"Positive"
"ASV_60","ASV_752",0.661547183446446,0.00031679072533275,0.0321585621933918,"Positive"
"ASV_66","ASV_752",0.721687836487032,4.66433315420289e-05,0.00694002724637873,"Positive"
"ASV_86","ASV_752",1,0,0,"Positive"
"ASV_104","ASV_752",0.661547183446446,0.00031679072533275,0.0321585621933918,"Positive"
"ASV_122","ASV_752",1,0,0,"Positive"
"ASV_195","ASV_752",1,0,0,"Positive"
"ASV_208","ASV_752",1,0,0,"Positive"
"ASV_225","ASV_752",1,0,0,"Positive"
"ASV_231","ASV_752",1,0,0,"Positive"
"ASV_336","ASV_752",1,0,0,"Positive"
"ASV_373","ASV_752",1,0,0,"Positive"
"ASV_413","ASV_752",1,0,0,"Positive"
"ASV_429","ASV_752",1,0,0,"Positive"
"ASV_552","ASV_752",1,0,0,"Positive"
"ASV_639","ASV_752",1,0,0,"Positive"
"ASV_701","ASV_752",1,0,0,"Positive"
"ASV_730","ASV_752",1,0,0,"Positive"
"ASV_8","ASV_765",1,0,0,"Positive"
"ASV_157","ASV_765",1,0,0,"Positive"
"ASV_441","ASV_765",0.721687836487032,4.66433315420289e-05,0.00694002724637873,"Positive"
"ASV_472","ASV_765",0.661547183446446,0.00031679072533275,0.0321585621933918,"Positive"
"ASV_665","ASV_765",0.661547183446446,0.00031679072533275,0.0321585621933918,"Positive"
"ASV_691","ASV_765",0.661547183446446,0.00031679072533275,0.0321585621933918,"Positive"
"ASV_657","ASV_767",0.662556053811659,0.0003078447853615,0.0321585621933918,"Positive"
"ASV_121","ASV_771",0.661547183446446,0.00031679072533275,0.0321585621933918,"Positive"
"ASV_272","ASV_771",0.661547183446446,0.00031679072533275,0.0321585621933918,"Positive"
"ASV_433","ASV_771",0.661547183446446,0.00031679072533275,0.0321585621933918,"Positive"
"ASV_537","ASV_771",0.661547183446446,0.00031679072533275,0.0321585621933918,"Positive"
"ASV_584","ASV_771",0.661547183446446,0.00031679072533275,0.0321585621933918,"Positive"
"ASV_723","ASV_771",0.798823018394266,1.69058985477477e-06,0.00044369489504665,"Positive"
"ASV_37","ASV_777",0.661547183446446,0.00031679072533275,0.0321585621933918,"Positive"
"ASV_91","ASV_777",0.661547183446446,0.00031679072533275,0.0321585621933918,"Positive"
"ASV_399","ASV_777",1,0,0,"Positive"
"ASV_535","ASV_777",0.661547183446446,0.00031679072533275,0.0321585621933918,"Positive"
"ASV_12","ASV_782",0.661547183446446,0.00031679072533275,0.0321585621933918,"Positive"
"ASV_305","ASV_782",0.661547183446446,0.00031679072533275,0.0321585621933918,"Positive"
"ASV_35","ASV_786",0.661547183446446,0.00031679072533275,0.0321585621933918,"Positive"
"ASV_59","ASV_786",1,0,0,"Positive"
"ASV_60","ASV_786",0.661547183446446,0.00031679072533275,0.0321585621933918,"Positive"
"ASV_66","ASV_786",0.721687836487032,4.66433315420289e-05,0.00694002724637873,"Positive"
"ASV_86","ASV_786",1,0,0,"Positive"
"ASV_104","ASV_786",0.661547183446446,0.00031679072533275,0.0321585621933918,"Positive"
"ASV_122","ASV_786",1,0,0,"Positive"
"ASV_195","ASV_786",1,0,0,"Positive"
"ASV_208","ASV_786",1,0,0,"Positive"
"ASV_225","ASV_786",1,0,0,"Positive"
"ASV_231","ASV_786",1,0,0,"Positive"
"ASV_336","ASV_786",1,0,0,"Positive"
"ASV_373","ASV_786",1,0,0,"Positive"
"ASV_413","ASV_786",1,0,0,"Positive"
"ASV_429","ASV_786",1,0,0,"Positive"
"ASV_552","ASV_786",1,0,0,"Positive"
"ASV_639","ASV_786",1,0,0,"Positive"
"ASV_701","ASV_786",1,0,0,"Positive"
"ASV_730","ASV_786",1,0,0,"Positive"
"ASV_752","ASV_786",1,0,0,"Positive"
"ASV_123","ASV_789",0.661547183446446,0.00031679072533275,0.0321585621933918,"Positive"
"ASV_218","ASV_789",0.996527777777778,0,0,"Positive"
"ASV_327","ASV_789",0.793034445797206,2.2720323489267e-06,0.000588259570950068,"Positive"
"ASV_404","ASV_789",0.721687836487032,4.66433315420289e-05,0.00694002724637873,"Positive"
"ASV_467","ASV_789",0.721687836487032,4.66433315420289e-05,0.00694002724637873,"Positive"
"ASV_596","ASV_789",0.721687836487032,4.66433315420289e-05,0.00694002724637873,"Positive"
"ASV_720","ASV_789",0.721687836487032,4.66433315420289e-05,0.00694002724637873,"Positive"
"ASV_172","ASV_791",0.721687836487032,4.66433315420289e-05,0.00694002724637873,"Positive"
"ASV_291","ASV_791",1,0,0,"Positive"
"ASV_294","ASV_791",1,0,0,"Positive"
"ASV_305","ASV_791",0.721687836487032,4.66433315420289e-05,0.00694002724637873,"Positive"
"ASV_506","ASV_791",0.661547183446446,0.00031679072533275,0.0321585621933918,"Positive"
"ASV_521","ASV_791",0.661547183446446,0.00031679072533275,0.0321585621933918,"Positive"
"ASV_549","ASV_791",0.661547183446446,0.00031679072533275,0.0321585621933918,"Positive"
"ASV_559","ASV_791",0.721687836487032,4.66433315420289e-05,0.00694002724637873,"Positive"
"ASV_619","ASV_791",1,0,0,"Positive"
"ASV_746","ASV_791",0.661547183446446,0.00031679072533275,0.0321585621933918,"Positive"
"ASV_35","ASV_792",0.661547183446446,0.00031679072533275,0.0321585621933918,"Positive"
"ASV_59","ASV_792",1,0,0,"Positive"
"ASV_60","ASV_792",0.661547183446446,0.00031679072533275,0.0321585621933918,"Positive"
"ASV_66","ASV_792",0.721687836487032,4.66433315420289e-05,0.00694002724637873,"Positive"
"ASV_86","ASV_792",1,0,0,"Positive"
"ASV_104","ASV_792",0.661547183446446,0.00031679072533275,0.0321585621933918,"Positive"
"ASV_122","ASV_792",1,0,0,"Positive"
"ASV_195","ASV_792",1,0,0,"Positive"
"ASV_208","ASV_792",1,0,0,"Positive"
"ASV_225","ASV_792",1,0,0,"Positive"
"ASV_231","ASV_792",1,0,0,"Positive"
"ASV_336","ASV_792",1,0,0,"Positive"
"ASV_373","ASV_792",1,0,0,"Positive"
"ASV_413","ASV_792",1,0,0,"Positive"
"ASV_429","ASV_792",1,0,0,"Positive"
"ASV_552","ASV_792",1,0,0,"Positive"
"ASV_639","ASV_792",1,0,0,"Positive"
"ASV_701","ASV_792",1,0,0,"Positive"
"ASV_730","ASV_792",1,0,0,"Positive"
"ASV_752","ASV_792",1,0,0,"Positive"
"ASV_786","ASV_792",1,0,0,"Positive"
"ASV_12","ASV_793",0.661547183446446,0.00031679072533275,0.0321585621933918,"Positive"
"ASV_305","ASV_793",0.661547183446446,0.00031679072533275,0.0321585621933918,"Positive"
"ASV_782","ASV_793",1,0,0,"Positive"
"ASV_631","ASV_796",0.706264416101151,7.96793863473422e-05,0.0117193173322498,"Positive"
"ASV_717","ASV_796",0.798823018394266,1.69058985477477e-06,0.00044369489504665,"Positive"
"ASV_40","ASV_798",1,0,0,"Positive"
"ASV_246","ASV_798",1,0,0,"Positive"
"ASV_439","ASV_798",0.721687836487032,4.66433315420289e-05,0.00694002724637873,"Positive"
"ASV_560","ASV_798",1,0,0,"Positive"
"ASV_91","ASV_800",0.721687836487032,4.66433315420289e-05,0.00694002724637873,"Positive"
"ASV_123","ASV_800",1,0,0,"Positive"
"ASV_218","ASV_800",0.721687836487032,4.66433315420289e-05,0.00694002724637873,"Positive"
"ASV_789","ASV_800",0.661547183446446,0.00031679072533275,0.0321585621933918,"Positive"
"ASV_104","ASV_801",0.830660167678096,2.75515047887254e-07,7.4116578547198e-05,"Positive"
"ASV_222","ASV_805",0.665349614069071,0.000284212802480033,0.0321585621933918,"Positive"
"ASV_131","ASV_806",1,0,0,"Positive"
"ASV_178","ASV_806",1,0,0,"Positive"
"ASV_498","ASV_806",0.661547183446446,0.00031679072533275,0.0321585621933918,"Positive"
"ASV_664","ASV_806",0.721687836487032,4.66433315420289e-05,0.00694002724637873,"Positive"
"ASV_271","ASV_809",1,0,0,"Positive"
"ASV_395","ASV_809",0.721687836487032,4.66433315420289e-05,0.00694002724637873,"Positive"
"ASV_483","ASV_809",1,0,0,"Positive"
"ASV_535","ASV_809",0.721687836487032,4.66433315420289e-05,0.00694002724637873,"Positive"
"ASV_119","ASV_811",0.724968029075424,4.143554167646e-05,0.00694002724637873,"Positive"
"ASV_153","ASV_814",1,0,0,"Positive"
"ASV_474","ASV_814",0.661547183446446,0.00031679072533275,0.0321585621933918,"Positive"
"ASV_531","ASV_814",1,0,0,"Positive"
"ASV_640","ASV_814",1,0,0,"Positive"
"ASV_474","ASV_816",0.721687836487032,4.66433315420289e-05,0.00694002724637873,"Positive"
"ASV_559","ASV_816",0.661547183446446,0.00031679072533275,0.0321585621933918,"Positive"
"ASV_583","ASV_816",1,0,0,"Positive"
"ASV_439","ASV_817",0.645395563256261,0.00049420931259414,0.0488239961036586,"Positive"
"ASV_29","ASV_821",0.721687836487032,4.66433315420289e-05,0.00694002724637873,"Positive"
"ASV_124","ASV_821",0.721687836487032,4.66433315420289e-05,0.00694002724637873,"Positive"
"ASV_239","ASV_821",0.721687836487032,4.66433315420289e-05,0.00694002724637873,"Positive"
"ASV_583","ASV_821",0.661547183446446,0.00031679072533275,0.0321585621933918,"Positive"
"ASV_816","ASV_821",0.661547183446446,0.00031679072533275,0.0321585621933918,"Positive"
"ASV_35","ASV_822",0.661547183446446,0.00031679072533275,0.0321585621933918,"Positive"
"ASV_59","ASV_822",1,0,0,"Positive"
"ASV_60","ASV_822",0.661547183446446,0.00031679072533275,0.0321585621933918,"Positive"
"ASV_66","ASV_822",0.721687836487032,4.66433315420289e-05,0.00694002724637873,"Positive"
"ASV_86","ASV_822",1,0,0,"Positive"
"ASV_104","ASV_822",0.661547183446446,0.00031679072533275,0.0321585621933918,"Positive"
"ASV_122","ASV_822",1,0,0,"Positive"
"ASV_195","ASV_822",1,0,0,"Positive"
"ASV_208","ASV_822",1,0,0,"Positive"
"ASV_225","ASV_822",1,0,0,"Positive"
"ASV_231","ASV_822",1,0,0,"Positive"
"ASV_336","ASV_822",1,0,0,"Positive"
"ASV_373","ASV_822",1,0,0,"Positive"
"ASV_413","ASV_822",1,0,0,"Positive"
"ASV_429","ASV_822",1,0,0,"Positive"
"ASV_552","ASV_822",1,0,0,"Positive"
"ASV_639","ASV_822",1,0,0,"Positive"
"ASV_701","ASV_822",1,0,0,"Positive"
"ASV_730","ASV_822",1,0,0,"Positive"
"ASV_752","ASV_822",1,0,0,"Positive"
"ASV_786","ASV_822",1,0,0,"Positive"
"ASV_792","ASV_822",1,0,0,"Positive"
"ASV_35","ASV_823",0.661547183446446,0.00031679072533275,0.0321585621933918,"Positive"
"ASV_59","ASV_823",1,0,0,"Positive"
"ASV_60","ASV_823",0.661547183446446,0.00031679072533275,0.0321585621933918,"Positive"
"ASV_66","ASV_823",0.721687836487032,4.66433315420289e-05,0.00694002724637873,"Positive"
"ASV_86","ASV_823",1,0,0,"Positive"
"ASV_104","ASV_823",0.661547183446446,0.00031679072533275,0.0321585621933918,"Positive"
"ASV_122","ASV_823",1,0,0,"Positive"
"ASV_195","ASV_823",1,0,0,"Positive"
"ASV_208","ASV_823",1,0,0,"Positive"
"ASV_225","ASV_823",1,0,0,"Positive"
"ASV_231","ASV_823",1,0,0,"Positive"
"ASV_336","ASV_823",1,0,0,"Positive"
"ASV_373","ASV_823",1,0,0,"Positive"
"ASV_413","ASV_823",1,0,0,"Positive"
"ASV_429","ASV_823",1,0,0,"Positive"
"ASV_552","ASV_823",1,0,0,"Positive"
"ASV_639","ASV_823",1,0,0,"Positive"
"ASV_701","ASV_823",1,0,0,"Positive"
"ASV_730","ASV_823",1,0,0,"Positive"
"ASV_752","ASV_823",1,0,0,"Positive"
"ASV_786","ASV_823",1,0,0,"Positive"
"ASV_792","ASV_823",1,0,0,"Positive"
"ASV_822","ASV_823",1,0,0,"Positive"
"ASV_121","ASV_824",1,0,0,"Positive"
"ASV_172","ASV_824",0.661547183446446,0.00031679072533275,0.0321585621933918,"Positive"
"ASV_272","ASV_824",1,0,0,"Positive"
"ASV_372","ASV_824",0.661547183446446,0.00031679072533275,0.0321585621933918,"Positive"
"ASV_433","ASV_824",1,0,0,"Positive"
"ASV_506","ASV_824",0.721687836487032,4.66433315420289e-05,0.00694002724637873,"Positive"
"ASV_537","ASV_824",1,0,0,"Positive"
"ASV_584","ASV_824",1,0,0,"Positive"
"ASV_638","ASV_824",0.661547183446446,0.00031679072533275,0.0321585621933918,"Positive"
"ASV_665","ASV_824",0.721687836487032,4.66433315420289e-05,0.00694002724637873,"Positive"
"ASV_709","ASV_824",0.661547183446446,0.00031679072533275,0.0321585621933918,"Positive"
"ASV_771","ASV_824",0.661547183446446,0.00031679072533275,0.0321585621933918,"Positive"
"ASV_375","ASV_828",0.765118297726305,8.38885193443772e-06,0.002145145862866,"Positive"
"ASV_475","ASV_829",0.660584052149564,0.000325541657949069,0.0329846655165864,"Positive"
"ASV_196","ASV_834",1,0,0,"Positive"
"ASV_308","ASV_834",1,0,0,"Positive"
"ASV_441","ASV_834",0.661547183446446,0.00031679072533275,0.0321585621933918,"Positive"
"ASV_670","ASV_834",0.661547183446446,0.00031679072533275,0.0321585621933918,"Positive"
"ASV_29","ASV_835",0.661547183446446,0.00031679072533275,0.0321585621933918,"Positive"
"ASV_124","ASV_835",0.661547183446446,0.00031679072533275,0.0321585621933918,"Positive"
"ASV_239","ASV_835",0.661547183446446,0.00031679072533275,0.0321585621933918,"Positive"
"ASV_271","ASV_835",0.721687836487032,4.66433315420289e-05,0.00694002724637873,"Positive"
"ASV_483","ASV_835",0.721687836487032,4.66433315420289e-05,0.00694002724637873,"Positive"
"ASV_702","ASV_835",0.675724628517346,0.000209720858997731,0.0296464624276608,"Positive"
"ASV_809","ASV_835",0.721687836487032,4.66433315420289e-05,0.00694002724637873,"Positive"
"ASV_31","ASV_836",0.721687836487032,4.66433315420289e-05,0.00694002724637873,"Positive"
"ASV_78","ASV_836",0.706439384359044,7.92117046166663e-05,0.0116696713420778,"Positive"
"ASV_99","ASV_836",0.701320258385428,9.39399897812443e-05,0.0136821280947711,"Positive"
"ASV_132","ASV_836",0.830660167678096,2.75515047887254e-07,7.4116578547198e-05,"Positive"
"ASV_404","ASV_836",0.661547183446446,0.00031679072533275,0.0321585621933918,"Positive"
"ASV_467","ASV_836",0.661547183446446,0.00031679072533275,0.0321585621933918,"Positive"
"ASV_587","ASV_836",0.721687836487032,4.66433315420289e-05,0.00694002724637873,"Positive"
"ASV_596","ASV_836",0.661547183446446,0.00031679072533275,0.0321585621933918,"Positive"
"ASV_720","ASV_836",0.661547183446446,0.00031679072533275,0.0321585621933918,"Positive"
"ASV_549","ASV_839",0.793034445797206,2.2720323489267e-06,0.000588259570950068,"Positive"
"ASV_233","ASV_843",1,0,0,"Positive"
"ASV_292","ASV_843",1,0,0,"Positive"
"ASV_411","ASV_843",1,0,0,"Positive"
"ASV_521","ASV_843",0.721687836487032,4.66433315420289e-05,0.00694002724637873,"Positive"
"ASV_543","ASV_843",1,0,0,"Positive"
"ASV_647","ASV_843",1,0,0,"Positive"
"ASV_601","ASV_844",0.774409448818898,5.54290364029875e-06,0.00142689191500517,"Positive"
"ASV_805","ASV_847",0.688994115063928,0.000139678796158726,0.0201908289271656,"Positive"
"ASV_836","ASV_847",0.758303010214847,1.12368643558902e-05,0.00277579441436399,"Positive"
"ASV_342","ASV_849",-0.647937099730445,0.000461585387854679,0.0459894617674723,"Negative"
"ASV_90","ASV_852",0.661547183446446,0.00031679072533275,0.0321585621933918,"Positive"
"ASV_222","ASV_852",0.673456239919576,0.000224356587562813,0.0314837715059258,"Positive"
"ASV_404","ASV_852",0.721687836487032,4.66433315420289e-05,0.00694002724637873,"Positive"
"ASV_454","ASV_852",0.661547183446446,0.00031679072533275,0.0321585621933918,"Positive"
"ASV_467","ASV_852",0.721687836487032,4.66433315420289e-05,0.00694002724637873,"Positive"
"ASV_517","ASV_852",0.661547183446446,0.00031679072533275,0.0321585621933918,"Positive"
"ASV_526","ASV_852",0.661547183446446,0.00031679072533275,0.0321585621933918,"Positive"
"ASV_596","ASV_852",0.721687836487032,4.66433315420289e-05,0.00694002724637873,"Positive"
"ASV_720","ASV_852",0.721687836487032,4.66433315420289e-05,0.00694002724637873,"Positive"
"ASV_291","ASV_861",0.661547183446446,0.00031679072533275,0.0321585621933918,"Positive"
"ASV_294","ASV_861",0.661547183446446,0.00031679072533275,0.0321585621933918,"Positive"
"ASV_559","ASV_861",0.996527777777778,0,0,"Positive"
"ASV_583","ASV_861",0.721687836487032,4.66433315420289e-05,0.00694002724637873,"Positive"
"ASV_619","ASV_861",0.661547183446446,0.00031679072533275,0.0321585621933918,"Positive"
"ASV_791","ASV_861",0.661547183446446,0.00031679072533275,0.0321585621933918,"Positive"
"ASV_816","ASV_861",0.721687836487032,4.66433315420289e-05,0.00694002724637873,"Positive"
"ASV_347","ASV_863",0.645958986731001,0.000486809324075299,0.0481991398891499,"Positive"
"ASV_516","ASV_863",0.650784077201447,0.000427277898436884,0.0427136583933128,"Positive"
"ASV_521","ASV_863",0.833554453976626,2.29396379891611e-07,6.24596655374718e-05,"Positive"
"ASV_335","ASV_871",0.674284332347813,0.000218913459764991,0.0308810323675092,"Positive"
"ASV_153","ASV_893",1,0,0,"Positive"
"ASV_474","ASV_893",0.661547183446446,0.00031679072533275,0.0321585621933918,"Positive"
"ASV_531","ASV_893",1,0,0,"Positive"
"ASV_640","ASV_893",1,0,0,"Positive"
"ASV_814","ASV_893",1,0,0,"Positive"
"ASV_670","ASV_894",0.671117850197633,0.000240370739857054,0.0321585621933918,"Positive"
"ASV_12","ASV_895",0.798823018394266,1.69058985477477e-06,0.00044369489504665,"Positive"
"ASV_717","ASV_895",0.833554453976626,2.29396379891611e-07,6.24596655374718e-05,"Positive"
"ASV_796","ASV_895",0.650784077201447,0.000427277898436884,0.0427136583933128,"Positive"
"ASV_404","ASV_898",0.721687836487032,4.66433315420289e-05,0.00694002724637873,"Positive"
"ASV_467","ASV_898",0.721687836487032,4.66433315420289e-05,0.00694002724637873,"Positive"
"ASV_557","ASV_898",0.661547183446446,0.00031679072533275,0.0321585621933918,"Positive"
"ASV_596","ASV_898",0.721687836487032,4.66433315420289e-05,0.00694002724637873,"Positive"
"ASV_720","ASV_898",0.721687836487032,4.66433315420289e-05,0.00694002724637873,"Positive"
"ASV_305","ASV_901",0.758303010214847,1.12368643558902e-05,0.00277579441436399,"Positive"
"ASV_172","ASV_904",0.721687836487032,4.66433315420289e-05,0.00694002724637873,"Positive"
"ASV_291","ASV_904",1,0,0,"Positive"
"ASV_294","ASV_904",1,0,0,"Positive"
"ASV_305","ASV_904",0.721687836487032,4.66433315420289e-05,0.00694002724637873,"Positive"
"ASV_506","ASV_904",0.661547183446446,0.00031679072533275,0.0321585621933918,"Positive"
"ASV_521","ASV_904",0.661547183446446,0.00031679072533275,0.0321585621933918,"Positive"
"ASV_549","ASV_904",0.661547183446446,0.00031679072533275,0.0321585621933918,"Positive"
"ASV_559","ASV_904",0.721687836487032,4.66433315420289e-05,0.00694002724637873,"Positive"
"ASV_619","ASV_904",1,0,0,"Positive"
"ASV_746","ASV_904",0.661547183446446,0.00031679072533275,0.0321585621933918,"Positive"
"ASV_791","ASV_904",1,0,0,"Positive"
"ASV_861","ASV_904",0.661547183446446,0.00031679072533275,0.0321585621933918,"Positive"
"ASV_31","ASV_905",0.721687836487032,4.66433315420289e-05,0.00694002724637873,"Positive"
"ASV_40","ASV_905",0.661547183446446,0.00031679072533275,0.0321585621933918,"Positive"
"ASV_74","ASV_905",0.793034445797206,2.2720323489267e-06,0.000588259570950068,"Positive"
"ASV_246","ASV_905",0.661547183446446,0.00031679072533275,0.0321585621933918,"Positive"
"ASV_560","ASV_905",0.661547183446446,0.00031679072533275,0.0321585621933918,"Positive"
"ASV_587","ASV_905",0.721687836487032,4.66433315420289e-05,0.00694002724637873,"Positive"
"ASV_798","ASV_905",0.661547183446446,0.00031679072533275,0.0321585621933918,"Positive"
"ASV_817","ASV_905",0.671117850197633,0.000240370739857054,0.0321585621933918,"Positive"
"ASV_57","ASV_906",1,0,0,"Positive"
"ASV_81","ASV_906",1,0,0,"Positive"
"ASV_189","ASV_906",1,0,0,"Positive"
"ASV_549","ASV_906",0.721687836487032,4.66433315420289e-05,0.00694002724637873,"Positive"
"ASV_577","ASV_906",1,0,0,"Positive"
"ASV_233","ASV_908",1,0,0,"Positive"
"ASV_292","ASV_908",1,0,0,"Positive"
"ASV_411","ASV_908",1,0,0,"Positive"
"ASV_521","ASV_908",0.721687836487032,4.66433315420289e-05,0.00694002724637873,"Positive"
"ASV_543","ASV_908",1,0,0,"Positive"
"ASV_647","ASV_908",1,0,0,"Positive"
"ASV_843","ASV_908",1,0,0,"Positive"
"ASV_12","ASV_911",0.721687836487032,4.66433315420289e-05,0.00694002724637873,"Positive"
"ASV_439","ASV_911",0.661547183446446,0.00031679072533275,0.0321585621933918,"Positive"
"ASV_557","ASV_911",1,0,0,"Positive"
"ASV_567","ASV_911",0.721687836487032,4.66433315420289e-05,0.00694002724637873,"Positive"
"ASV_618","ASV_911",0.661547183446446,0.00031679072533275,0.0321585621933918,"Positive"
"ASV_717","ASV_911",0.721687836487032,4.66433315420289e-05,0.00694002724637873,"Positive"
"ASV_746","ASV_911",0.721687836487032,4.66433315420289e-05,0.00694002724637873,"Positive"
"ASV_898","ASV_911",0.661547183446446,0.00031679072533275,0.0321585621933918,"Positive"
"ASV_196","ASV_912",0.661547183446446,0.00031679072533275,0.0321585621933918,"Positive"
"ASV_308","ASV_912",0.661547183446446,0.00031679072533275,0.0321585621933918,"Positive"
"ASV_834","ASV_912",0.661547183446446,0.00031679072533275,0.0321585621933918,"Positive"
"ASV_274","ASV_917",0.645958986731001,0.000486809324075299,0.0481991398891499,"Positive"
"ASV_885","ASV_917",0.805983931909584,1.15724984617316e-06,0.000310072647777776,"Positive"
"ASV_9","ASV_919",0.706439384359044,7.92117046166663e-05,0.0116696713420778,"Positive"
"ASV_59","ASV_919",0.721687836487032,4.66433315420289e-05,0.00694002724637873,"Positive"
"ASV_86","ASV_919",0.721687836487032,4.66433315420289e-05,0.00694002724637873,"Positive"
"ASV_122","ASV_919",0.721687836487032,4.66433315420289e-05,0.00694002724637873,"Positive"
"ASV_195","ASV_919",0.721687836487032,4.66433315420289e-05,0.00694002724637873,"Positive"
"ASV_208","ASV_919",0.721687836487032,4.66433315420289e-05,0.00694002724637873,"Positive"
"ASV_225","ASV_919",0.721687836487032,4.66433315420289e-05,0.00694002724637873,"Positive"
"ASV_231","ASV_919",0.721687836487032,4.66433315420289e-05,0.00694002724637873,"Positive"
"ASV_271","ASV_919",0.661547183446446,0.00031679072533275,0.0321585621933918,"Positive"
"ASV_336","ASV_919",0.721687836487032,4.66433315420289e-05,0.00694002724637873,"Positive"
"ASV_373","ASV_919",0.721687836487032,4.66433315420289e-05,0.00694002724637873,"Positive"
"ASV_401","ASV_919",0.793034445797206,2.2720323489267e-06,0.000588259570950068,"Positive"
"ASV_413","ASV_919",0.721687836487032,4.66433315420289e-05,0.00694002724637873,"Positive"
"ASV_429","ASV_919",0.721687836487032,4.66433315420289e-05,0.00694002724637873,"Positive"
"ASV_483","ASV_919",0.661547183446446,0.00031679072533275,0.0321585621933918,"Positive"
"ASV_552","ASV_919",0.721687836487032,4.66433315420289e-05,0.00694002724637873,"Positive"
"ASV_639","ASV_919",0.721687836487032,4.66433315420289e-05,0.00694002724637873,"Positive"
"ASV_701","ASV_919",0.721687836487032,4.66433315420289e-05,0.00694002724637873,"Positive"
"ASV_730","ASV_919",0.721687836487032,4.66433315420289e-05,0.00694002724637873,"Positive"
"ASV_752","ASV_919",0.721687836487032,4.66433315420289e-05,0.00694002724637873,"Positive"
"ASV_786","ASV_919",0.721687836487032,4.66433315420289e-05,0.00694002724637873,"Positive"
"ASV_792","ASV_919",0.721687836487032,4.66433315420289e-05,0.00694002724637873,"Positive"
"ASV_809","ASV_919",0.661547183446446,0.00031679072533275,0.0321585621933918,"Positive"
"ASV_822","ASV_919",0.721687836487032,4.66433315420289e-05,0.00694002724637873,"Positive"
"ASV_823","ASV_919",0.721687836487032,4.66433315420289e-05,0.00694002724637873,"Positive"
"ASV_172","ASV_920",0.798823018394266,1.69058985477477e-06,0.00044369489504665,"Positive"
"ASV_506","ASV_920",0.793034445797206,2.2720323489267e-06,0.000588259570950068,"Positive"
"ASV_715","ASV_920",0.680940892641737,0.000179190854704858,0.0257089658746713,"Positive"
"ASV_475","ASV_921",0.696875,0.000108629093925838,0.0157703298359869,"Positive"
"ASV_476","ASV_922",0.667563101226871,0.000266627542051978,0.0321585621933918,"Positive"
"ASV_912","ASV_927",0.737154140200741,2.62960636661091e-05,0.00638441370296362,"Positive"
"ASV_205","ASV_928",0.734594577213933,2.89895827321196e-05,0.00694002724637873,"Positive"
"ASV_266","ASV_928",0.734594577213933,2.89895827321196e-05,0.00694002724637873,"Positive"
"ASV_400","ASV_931",0.697174783976297,0.000107578599845004,0.015626256329862,"Positive"
"ASV_347","ASV_933",0.702677648013072,8.98173743659747e-05,0.0131815939419341,"Positive"
"ASV_635","ASV_933",0.65286512903687,0.000403623812312404,0.0406663840351955,"Positive"
"ASV_896","ASV_933",0.652440762177187,0.000408352638570086,0.041112032804782,"Positive"
"ASV_18","ASV_937",0.706439384359044,7.92117046166663e-05,0.0116696713420778,"Positive"
"ASV_489","ASV_937",0.69622641509434,0.000110932726352431,0.016096075322974,"Positive"
"ASV_852","ASV_937",0.675724628517346,0.000209720858997731,0.0296464624276608,"Positive"
"ASV_344","ASV_938",0.708525173516648,7.38196653820022e-05,0.0109291700627836,"Positive"
"ASV_567","ASV_938",0.761197296513377,9.9366573746984e-06,0.00249121168408666,"Positive"
"ASV_852","ASV_938",0.798823018394266,1.69058985477477e-06,0.00044369489504665,"Positive"
"ASV_898","ASV_938",0.833554453976626,2.29396379891611e-07,6.24596655374718e-05,"Positive"
"ASV_474","ASV_940",0.721687836487032,4.66433315420289e-05,0.00694002724637873,"Positive"
"ASV_559","ASV_940",0.661547183446446,0.00031679072533275,0.0321585621933918,"Positive"
"ASV_583","ASV_940",1,0,0,"Positive"
"ASV_816","ASV_940",1,0,0,"Positive"
"ASV_821","ASV_940",0.661547183446446,0.00031679072533275,0.0321585621933918,"Positive"
"ASV_861","ASV_940",0.721687836487032,4.66433315420289e-05,0.00694002724637873,"Positive"
"ASV_397","ASV_945",0.761152903048834,9.95554452520864e-06,0.00249130324490316,"Positive"
"ASV_601","ASV_945",0.790944881889764,2.52217788077047e-06,0.00065239768642687,"Positive"
"ASV_544","ASV_947",0.64652829521903,0.000479429975239754,0.0476790894895458,"Positive"
"ASV_386","ASV_949",0.872219354456161,1.33927000600664e-08,3.71038479491095e-06,"Positive"
"ASV_9","ASV_952",0.769811320754717,6.82070845314797e-06,0.00174913784717806,"Positive"
"ASV_919","ASV_952",0.673165065530538,0.00022629841296995,0.0316242921410177,"Positive"
"ASV_372","ASV_953",0.645395563256261,0.00049420931259414,0.0488239961036586,"Positive"
"ASV_805","ASV_953",0.742459668679725,2.14072997271053e-05,0.00524480792977079,"Positive"
"ASV_90","ASV_958",0.721687836487032,4.66433315420289e-05,0.00694002724637873,"Positive"
"ASV_95","ASV_958",0.798823018394266,1.69058985477477e-06,0.00044369489504665,"Positive"
"ASV_196","ASV_958",0.661547183446446,0.00031679072533275,0.0321585621933918,"Positive"
"ASV_308","ASV_958",0.661547183446446,0.00031679072533275,0.0321585621933918,"Positive"
"ASV_400","ASV_958",0.833554453976626,2.29396379891611e-07,6.24596655374718e-05,"Positive"
"ASV_454","ASV_958",0.721687836487032,4.66433315420289e-05,0.00694002724637873,"Positive"
"ASV_517","ASV_958",0.721687836487032,4.66433315420289e-05,0.00694002724637873,"Positive"
"ASV_526","ASV_958",0.721687836487032,4.66433315420289e-05,0.00694002724637873,"Positive"
"ASV_834","ASV_958",0.661547183446446,0.00031679072533275,0.0321585621933918,"Positive"
"ASV_31","ASV_960",1,0,0,"Positive"
"ASV_587","ASV_960",1,0,0,"Positive"
"ASV_717","ASV_960",0.661547183446446,0.00031679072533275,0.0321585621933918,"Positive"
"ASV_836","ASV_960",0.721687836487032,4.66433315420289e-05,0.00694002724637873,"Positive"
"ASV_905","ASV_960",0.721687836487032,4.66433315420289e-05,0.00694002724637873,"Positive"
"ASV_717","ASV_965",0.737154140200741,2.62960636661091e-05,0.00638441370296362,"Positive"
"ASV_44","ASV_966",0.661547183446446,0.00031679072533275,0.0321585621933918,"Positive"
"ASV_461","ASV_966",0.661547183446446,0.00031679072533275,0.0321585621933918,"Positive"
"ASV_8","ASV_967",0.661547183446446,0.00031679072533275,0.0321585621933918,"Positive"
"ASV_157","ASV_967",0.661547183446446,0.00031679072533275,0.0321585621933918,"Positive"
"ASV_557","ASV_967",0.721687836487032,4.66433315420289e-05,0.00694002724637873,"Positive"
"ASV_765","ASV_967",0.661547183446446,0.00031679072533275,0.0321585621933918,"Positive"
"ASV_911","ASV_967",0.721687836487032,4.66433315420289e-05,0.00694002724637873,"Positive"
"ASV_218","ASV_975",0.675724628517346,0.000209720858997731,0.0296464624276608,"Positive"
"ASV_501","ASV_975",0.718466605677722,5.23112163368644e-05,0.00777474730276035,"Positive"
"ASV_789","ASV_975",0.668045939556922,0.00026292033383557,0.0321585621933918,"Positive"
"ASV_35","ASV_976",0.661547183446446,0.00031679072533275,0.0321585621933918,"Positive"
"ASV_59","ASV_976",1,0,0,"Positive"
"ASV_60","ASV_976",0.661547183446446,0.00031679072533275,0.0321585621933918,"Positive"
"ASV_66","ASV_976",0.721687836487032,4.66433315420289e-05,0.00694002724637873,"Positive"
"ASV_86","ASV_976",1,0,0,"Positive"
"ASV_104","ASV_976",0.661547183446446,0.00031679072533275,0.0321585621933918,"Positive"
"ASV_122","ASV_976",1,0,0,"Positive"
"ASV_195","ASV_976",1,0,0,"Positive"
"ASV_208","ASV_976",1,0,0,"Positive"
"ASV_225","ASV_976",1,0,0,"Positive"
"ASV_231","ASV_976",1,0,0,"Positive"
"ASV_336","ASV_976",1,0,0,"Positive"
"ASV_373","ASV_976",1,0,0,"Positive"
"ASV_413","ASV_976",1,0,0,"Positive"
"ASV_429","ASV_976",1,0,0,"Positive"
"ASV_552","ASV_976",1,0,0,"Positive"
"ASV_639","ASV_976",1,0,0,"Positive"
"ASV_701","ASV_976",1,0,0,"Positive"
"ASV_730","ASV_976",1,0,0,"Positive"
"ASV_752","ASV_976",1,0,0,"Positive"
"ASV_786","ASV_976",1,0,0,"Positive"
"ASV_792","ASV_976",1,0,0,"Positive"
"ASV_822","ASV_976",1,0,0,"Positive"
"ASV_823","ASV_976",1,0,0,"Positive"
"ASV_919","ASV_976",0.721687836487032,4.66433315420289e-05,0.00694002724637873,"Positive"
"ASV_153","ASV_977",1,0,0,"Positive"
"ASV_474","ASV_977",0.661547183446446,0.00031679072533275,0.0321585621933918,"Positive"
"ASV_531","ASV_977",1,0,0,"Positive"
"ASV_640","ASV_977",1,0,0,"Positive"
"ASV_814","ASV_977",1,0,0,"Positive"
"ASV_893","ASV_977",1,0,0,"Positive"
"ASV_804","ASV_978",0.646715983776868,0.000477018557357267,0.0474568192060783,"Positive"
"ASV_852","ASV_978",0.833554453976626,2.29396379891611e-07,6.24596655374718e-05,"Positive"
"ASV_938","ASV_978",0.650784077201447,0.000427277898436884,0.0427136583933128,"Positive"
"ASV_35","ASV_982",0.661547183446446,0.00031679072533275,0.0321585621933918,"Positive"
"ASV_59","ASV_982",1,0,0,"Positive"
"ASV_60","ASV_982",0.661547183446446,0.00031679072533275,0.0321585621933918,"Positive"
"ASV_66","ASV_982",0.721687836487032,4.66433315420289e-05,0.00694002724637873,"Positive"
"ASV_86","ASV_982",1,0,0,"Positive"
"ASV_104","ASV_982",0.661547183446446,0.00031679072533275,0.0321585621933918,"Positive"
"ASV_122","ASV_982",1,0,0,"Positive"
"ASV_195","ASV_982",1,0,0,"Positive"
"ASV_208","ASV_982",1,0,0,"Positive"
"ASV_225","ASV_982",1,0,0,"Positive"
"ASV_231","ASV_982",1,0,0,"Positive"
"ASV_336","ASV_982",1,0,0,"Positive"
"ASV_373","ASV_982",1,0,0,"Positive"
"ASV_413","ASV_982",1,0,0,"Positive"
"ASV_429","ASV_982",1,0,0,"Positive"
"ASV_552","ASV_982",1,0,0,"Positive"
"ASV_639","ASV_982",1,0,0,"Positive"
"ASV_701","ASV_982",1,0,0,"Positive"
"ASV_730","ASV_982",1,0,0,"Positive"
"ASV_752","ASV_982",1,0,0,"Positive"
"ASV_786","ASV_982",1,0,0,"Positive"
"ASV_792","ASV_982",1,0,0,"Positive"
"ASV_822","ASV_982",1,0,0,"Positive"
"ASV_823","ASV_982",1,0,0,"Positive"
"ASV_919","ASV_982",0.721687836487032,4.66433315420289e-05,0.00694002724637873,"Positive"
"ASV_976","ASV_982",1,0,0,"Positive"
"ASV_652","ASV_992",0.695147858686955,0.000114858592783929,0.0166567250153086,"Positive"
"ASV_133","ASV_997",0.820344256672794,5.15351461949365e-07,0.000138220550479024,"Positive"
"ASV_535","ASV_997",0.798823018394266,1.69058985477477e-06,0.00044369489504665,"Positive"
"ASV_172","ASV_999",0.721687836487032,4.66433315420289e-05,0.00694002724637873,"Positive"
"ASV_291","ASV_999",1,0,0,"Positive"
"ASV_294","ASV_999",1,0,0,"Positive"
"ASV_305","ASV_999",0.721687836487032,4.66433315420289e-05,0.00694002724637873,"Positive"
"ASV_506","ASV_999",0.661547183446446,0.00031679072533275,0.0321585621933918,"Positive"
"ASV_521","ASV_999",0.661547183446446,0.00031679072533275,0.0321585621933918,"Positive"
"ASV_549","ASV_999",0.661547183446446,0.00031679072533275,0.0321585621933918,"Positive"
"ASV_559","ASV_999",0.721687836487032,4.66433315420289e-05,0.00694002724637873,"Positive"
"ASV_619","ASV_999",1,0,0,"Positive"
"ASV_746","ASV_999",0.661547183446446,0.00031679072533275,0.0321585621933918,"Positive"
"ASV_791","ASV_999",1,0,0,"Positive"
"ASV_861","ASV_999",0.661547183446446,0.00031679072533275,0.0321585621933918,"Positive"
"ASV_904","ASV_999",1,0,0,"Positive"
"ASV_31","ASV_1004",1,0,0,"Positive"
"ASV_587","ASV_1004",1,0,0,"Positive"
"ASV_717","ASV_1004",0.661547183446446,0.00031679072533275,0.0321585621933918,"Positive"
"ASV_836","ASV_1004",0.721687836487032,4.66433315420289e-05,0.00694002724637873,"Positive"
"ASV_905","ASV_1004",0.721687836487032,4.66433315420289e-05,0.00694002724637873,"Positive"
"ASV_960","ASV_1004",1,0,0,"Positive"
"ASV_69","ASV_1006",0.653210209865496,0.000399813680112882,0.0402975938182264,"Positive"
"ASV_819","ASV_1006",0.651272369353774,0.000421622189170412,0.0423212711682544,"Positive"
"ASV_90","ASV_1009",0.661547183446446,0.00031679072533275,0.0321585621933918,"Positive"
"ASV_131","ASV_1009",0.721687836487032,4.66433315420289e-05,0.00694002724637873,"Positive"
"ASV_178","ASV_1009",0.721687836487032,4.66433315420289e-05,0.00694002724637873,"Positive"
"ASV_454","ASV_1009",0.661547183446446,0.00031679072533275,0.0321585621933918,"Positive"
"ASV_517","ASV_1009",0.661547183446446,0.00031679072533275,0.0321585621933918,"Positive"
"ASV_526","ASV_1009",0.661547183446446,0.00031679072533275,0.0321585621933918,"Positive"
"ASV_806","ASV_1009",0.721687836487032,4.66433315420289e-05,0.00694002724637873,"Positive"
"ASV_271","ASV_1011",1,0,0,"Positive"
"ASV_395","ASV_1011",0.721687836487032,4.66433315420289e-05,0.00694002724637873,"Positive"
"ASV_483","ASV_1011",1,0,0,"Positive"
"ASV_535","ASV_1011",0.721687836487032,4.66433315420289e-05,0.00694002724637873,"Positive"
"ASV_809","ASV_1011",1,0,0,"Positive"
"ASV_835","ASV_1011",0.721687836487032,4.66433315420289e-05,0.00694002724637873,"Positive"
"ASV_919","ASV_1011",0.661547183446446,0.00031679072533275,0.0321585621933918,"Positive"
"ASV_347","ASV_1012",0.773822541639915,5.6931389078585e-06,0.00146276694435714,"Positive"
"ASV_938","ASV_1019",0.659615903666035,0.000334549744601897,0.0338718710369217,"Positive"
"ASV_121","ASV_1023",0.721687836487032,4.66433315420289e-05,0.00694002724637873,"Positive"
"ASV_272","ASV_1023",0.721687836487032,4.66433315420289e-05,0.00694002724637873,"Positive"
"ASV_433","ASV_1023",0.721687836487032,4.66433315420289e-05,0.00694002724637873,"Positive"
"ASV_537","ASV_1023",0.721687836487032,4.66433315420289e-05,0.00694002724637873,"Positive"
"ASV_583","ASV_1023",0.661547183446446,0.00031679072533275,0.0321585621933918,"Positive"
"ASV_584","ASV_1023",0.721687836487032,4.66433315420289e-05,0.00694002724637873,"Positive"
"ASV_816","ASV_1023",0.661547183446446,0.00031679072533275,0.0321585621933918,"Positive"
"ASV_824","ASV_1023",0.721687836487032,4.66433315420289e-05,0.00694002724637873,"Positive"
"ASV_844","ASV_1023",0.671117850197633,0.000240370739857054,0.0321585621933918,"Positive"
"ASV_940","ASV_1023",0.661547183446446,0.00031679072533275,0.0321585621933918,"Positive"
"ASV_121","ASV_1026",1,0,0,"Positive"
"ASV_172","ASV_1026",0.661547183446446,0.00031679072533275,0.0321585621933918,"Positive"
"ASV_272","ASV_1026",1,0,0,"Positive"
"ASV_372","ASV_1026",0.661547183446446,0.00031679072533275,0.0321585621933918,"Positive"
"ASV_433","ASV_1026",1,0,0,"Positive"
"ASV_506","ASV_1026",0.721687836487032,4.66433315420289e-05,0.00694002724637873,"Positive"
"ASV_537","ASV_1026",1,0,0,"Positive"
"ASV_584","ASV_1026",1,0,0,"Positive"
"ASV_638","ASV_1026",0.661547183446446,0.00031679072533275,0.0321585621933918,"Positive"
"ASV_665","ASV_1026",0.721687836487032,4.66433315420289e-05,0.00694002724637873,"Positive"
"ASV_709","ASV_1026",0.661547183446446,0.00031679072533275,0.0321585621933918,"Positive"
"ASV_771","ASV_1026",0.661547183446446,0.00031679072533275,0.0321585621933918,"Positive"
"ASV_824","ASV_1026",1,0,0,"Positive"
"ASV_1023","ASV_1026",0.721687836487032,4.66433315420289e-05,0.00694002724637873,"Positive"
"ASV_35","ASV_1027",0.661547183446446,0.00031679072533275,0.0321585621933918,"Positive"
"ASV_59","ASV_1027",1,0,0,"Positive"
"ASV_60","ASV_1027",0.661547183446446,0.00031679072533275,0.0321585621933918,"Positive"
"ASV_66","ASV_1027",0.721687836487032,4.66433315420289e-05,0.00694002724637873,"Positive"
"ASV_86","ASV_1027",1,0,0,"Positive"
"ASV_104","ASV_1027",0.661547183446446,0.00031679072533275,0.0321585621933918,"Positive"
"ASV_122","ASV_1027",1,0,0,"Positive"
"ASV_195","ASV_1027",1,0,0,"Positive"
"ASV_208","ASV_1027",1,0,0,"Positive"
"ASV_225","ASV_1027",1,0,0,"Positive"
"ASV_231","ASV_1027",1,0,0,"Positive"
"ASV_336","ASV_1027",1,0,0,"Positive"
"ASV_373","ASV_1027",1,0,0,"Positive"
"ASV_413","ASV_1027",1,0,0,"Positive"
"ASV_429","ASV_1027",1,0,0,"Positive"
"ASV_552","ASV_1027",1,0,0,"Positive"
"ASV_639","ASV_1027",1,0,0,"Positive"
"ASV_701","ASV_1027",1,0,0,"Positive"
"ASV_730","ASV_1027",1,0,0,"Positive"
"ASV_752","ASV_1027",1,0,0,"Positive"
"ASV_786","ASV_1027",1,0,0,"Positive"
"ASV_792","ASV_1027",1,0,0,"Positive"
"ASV_822","ASV_1027",1,0,0,"Positive"
"ASV_823","ASV_1027",1,0,0,"Positive"
"ASV_919","ASV_1027",0.721687836487032,4.66433315420289e-05,0.00694002724637873,"Positive"
"ASV_976","ASV_1027",1,0,0,"Positive"
"ASV_982","ASV_1027",1,0,0,"Positive"
"ASV_233","ASV_1029",0.661547183446446,0.00031679072533275,0.0321585621933918,"Positive"
"ASV_292","ASV_1029",0.661547183446446,0.00031679072533275,0.0321585621933918,"Positive"
"ASV_399","ASV_1029",0.721687836487032,4.66433315420289e-05,0.00694002724637873,"Positive"
"ASV_411","ASV_1029",0.661547183446446,0.00031679072533275,0.0321585621933918,"Positive"
"ASV_516","ASV_1029",0.830660167678096,2.75515047887254e-07,7.4116578547198e-05,"Positive"
"ASV_543","ASV_1029",0.661547183446446,0.00031679072533275,0.0321585621933918,"Positive"
"ASV_647","ASV_1029",0.661547183446446,0.00031679072533275,0.0321585621933918,"Positive"
"ASV_777","ASV_1029",0.721687836487032,4.66433315420289e-05,0.00694002724637873,"Positive"
"ASV_843","ASV_1029",0.661547183446446,0.00031679072533275,0.0321585621933918,"Positive"
"ASV_863","ASV_1029",0.793034445797206,2.2720323489267e-06,0.000588259570950068,"Positive"
"ASV_908","ASV_1029",0.661547183446446,0.00031679072533275,0.0321585621933918,"Positive"
"ASV_850","ASV_1031",0.668215850258812,0.000261626513821334,0.0321585621933918,"Positive"
"ASV_9","ASV_1034",0.737154140200741,2.62960636661091e-05,0.00638441370296362,"Positive"
"ASV_40","ASV_1034",0.661547183446446,0.00031679072533275,0.0321585621933918,"Positive"
"ASV_59","ASV_1034",0.721687836487032,4.66433315420289e-05,0.00694002724637873,"Positive"
"ASV_86","ASV_1034",0.721687836487032,4.66433315420289e-05,0.00694002724637873,"Positive"
"ASV_122","ASV_1034",0.721687836487032,4.66433315420289e-05,0.00694002724637873,"Positive"
"ASV_195","ASV_1034",0.721687836487032,4.66433315420289e-05,0.00694002724637873,"Positive"
"ASV_208","ASV_1034",0.721687836487032,4.66433315420289e-05,0.00694002724637873,"Positive"
"ASV_225","ASV_1034",0.721687836487032,4.66433315420289e-05,0.00694002724637873,"Positive"
"ASV_231","ASV_1034",0.721687836487032,4.66433315420289e-05,0.00694002724637873,"Positive"
"ASV_246","ASV_1034",0.661547183446446,0.00031679072533275,0.0321585621933918,"Positive"
"ASV_336","ASV_1034",0.721687836487032,4.66433315420289e-05,0.00694002724637873,"Positive"
"ASV_371","ASV_1034",0.67060550254373,0.000244009900656206,0.0321585621933918,"Positive"
"ASV_373","ASV_1034",0.721687836487032,4.66433315420289e-05,0.00694002724637873,"Positive"
"ASV_413","ASV_1034",0.721687836487032,4.66433315420289e-05,0.00694002724637873,"Positive"
"ASV_429","ASV_1034",0.721687836487032,4.66433315420289e-05,0.00694002724637873,"Positive"
"ASV_552","ASV_1034",0.721687836487032,4.66433315420289e-05,0.00694002724637873,"Positive"
"ASV_560","ASV_1034",0.661547183446446,0.00031679072533275,0.0321585621933918,"Positive"
"ASV_639","ASV_1034",0.721687836487032,4.66433315420289e-05,0.00694002724637873,"Positive"
"ASV_701","ASV_1034",0.721687836487032,4.66433315420289e-05,0.00694002724637873,"Positive"
"ASV_730","ASV_1034",0.721687836487032,4.66433315420289e-05,0.00694002724637873,"Positive"
"ASV_752","ASV_1034",0.721687836487032,4.66433315420289e-05,0.00694002724637873,"Positive"
"ASV_786","ASV_1034",0.721687836487032,4.66433315420289e-05,0.00694002724637873,"Positive"
"ASV_792","ASV_1034",0.721687836487032,4.66433315420289e-05,0.00694002724637873,"Positive"
"ASV_798","ASV_1034",0.661547183446446,0.00031679072533275,0.0321585621933918,"Positive"
"ASV_822","ASV_1034",0.721687836487032,4.66433315420289e-05,0.00694002724637873,"Positive"
"ASV_823","ASV_1034",0.721687836487032,4.66433315420289e-05,0.00694002724637873,"Positive"
"ASV_952","ASV_1034",0.734594577213933,2.89895827321196e-05,0.00694002724637873,"Positive"
"ASV_976","ASV_1034",0.721687836487032,4.66433315420289e-05,0.00694002724637873,"Positive"
"ASV_982","ASV_1034",0.721687836487032,4.66433315420289e-05,0.00694002724637873,"Positive"
"ASV_1027","ASV_1034",0.721687836487032,4.66433315420289e-05,0.00694002724637873,"Positive"
"ASV_31","ASV_1036",0.661547183446446,0.00031679072533275,0.0321585621933918,"Positive"
"ASV_59","ASV_1036",0.721687836487032,4.66433315420289e-05,0.00694002724637873,"Positive"
"ASV_86","ASV_1036",0.721687836487032,4.66433315420289e-05,0.00694002724637873,"Positive"
"ASV_122","ASV_1036",0.721687836487032,4.66433315420289e-05,0.00694002724637873,"Positive"
"ASV_195","ASV_1036",0.721687836487032,4.66433315420289e-05,0.00694002724637873,"Positive"
"ASV_208","ASV_1036",0.721687836487032,4.66433315420289e-05,0.00694002724637873,"Positive"
"ASV_225","ASV_1036",0.721687836487032,4.66433315420289e-05,0.00694002724637873,"Positive"
"ASV_231","ASV_1036",0.721687836487032,4.66433315420289e-05,0.00694002724637873,"Positive"
"ASV_336","ASV_1036",0.721687836487032,4.66433315420289e-05,0.00694002724637873,"Positive"
"ASV_373","ASV_1036",0.721687836487032,4.66433315420289e-05,0.00694002724637873,"Positive"
"ASV_413","ASV_1036",0.721687836487032,4.66433315420289e-05,0.00694002724637873,"Positive"
"ASV_429","ASV_1036",0.721687836487032,4.66433315420289e-05,0.00694002724637873,"Positive"
"ASV_552","ASV_1036",0.721687836487032,4.66433315420289e-05,0.00694002724637873,"Positive"
"ASV_587","ASV_1036",0.661547183446446,0.00031679072533275,0.0321585621933918,"Positive"
"ASV_617","ASV_1036",0.671117850197633,0.000240370739857054,0.0321585621933918,"Positive"
"ASV_639","ASV_1036",0.721687836487032,4.66433315420289e-05,0.00694002724637873,"Positive"
"ASV_701","ASV_1036",0.721687836487032,4.66433315420289e-05,0.00694002724637873,"Positive"
"ASV_730","ASV_1036",0.721687836487032,4.66433315420289e-05,0.00694002724637873,"Positive"
"ASV_752","ASV_1036",0.721687836487032,4.66433315420289e-05,0.00694002724637873,"Positive"
"ASV_786","ASV_1036",0.721687836487032,4.66433315420289e-05,0.00694002724637873,"Positive"
"ASV_792","ASV_1036",0.721687836487032,4.66433315420289e-05,0.00694002724637873,"Positive"
"ASV_822","ASV_1036",0.721687836487032,4.66433315420289e-05,0.00694002724637873,"Positive"
"ASV_823","ASV_1036",0.721687836487032,4.66433315420289e-05,0.00694002724637873,"Positive"
"ASV_960","ASV_1036",0.661547183446446,0.00031679072533275,0.0321585621933918,"Positive"
"ASV_976","ASV_1036",0.721687836487032,4.66433315420289e-05,0.00694002724637873,"Positive"
"ASV_982","ASV_1036",0.721687836487032,4.66433315420289e-05,0.00694002724637873,"Positive"
"ASV_1004","ASV_1036",0.661547183446446,0.00031679072533275,0.0321585621933918,"Positive"
"ASV_1027","ASV_1036",0.721687836487032,4.66433315420289e-05,0.00694002724637873,"Positive"
"ASV_371","ASV_1037",0.851280516027165,6.88748462707167e-08,1.90031705334685e-05,"Positive"
"ASV_597","ASV_1037",0.875816169997873,9.82299042107115e-09,2.72703041915663e-06,"Positive"
"ASV_709","ASV_1040",0.734594577213933,2.89895827321196e-05,0.00694002724637873,"Positive"
"ASV_233","ASV_1041",1,0,0,"Positive"
"ASV_292","ASV_1041",1,0,0,"Positive"
"ASV_411","ASV_1041",1,0,0,"Positive"
"ASV_521","ASV_1041",0.721687836487032,4.66433315420289e-05,0.00694002724637873,"Positive"
"ASV_543","ASV_1041",1,0,0,"Positive"
"ASV_647","ASV_1041",1,0,0,"Positive"
"ASV_843","ASV_1041",1,0,0,"Positive"
"ASV_908","ASV_1041",1,0,0,"Positive"
"ASV_1029","ASV_1041",0.661547183446446,0.00031679072533275,0.0321585621933918,"Positive"
"ASV_8","ASV_1043",0.721687836487032,4.66433315420289e-05,0.00694002724637873,"Positive"
"ASV_44","ASV_1043",0.661547183446446,0.00031679072533275,0.0321585621933918,"Positive"
"ASV_157","ASV_1043",0.721687836487032,4.66433315420289e-05,0.00694002724637873,"Positive"
"ASV_461","ASV_1043",0.661547183446446,0.00031679072533275,0.0321585621933918,"Positive"
"ASV_765","ASV_1043",0.721687836487032,4.66433315420289e-05,0.00694002724637873,"Positive"
"ASV_1037","ASV_1044",0.678528347406514,0.000192789803223903,0.0275279075133043,"Positive"
"ASV_474","ASV_1050",0.721687836487032,4.66433315420289e-05,0.00694002724637873,"Positive"
"ASV_559","ASV_1050",0.661547183446446,0.00031679072533275,0.0321585621933918,"Positive"
"ASV_583","ASV_1050",1,0,0,"Positive"
"ASV_816","ASV_1050",1,0,0,"Positive"
"ASV_821","ASV_1050",0.661547183446446,0.00031679072533275,0.0321585621933918,"Positive"
"ASV_861","ASV_1050",0.721687836487032,4.66433315420289e-05,0.00694002724637873,"Positive"
"ASV_940","ASV_1050",1,0,0,"Positive"
"ASV_1023","ASV_1050",0.661547183446446,0.00031679072533275,0.0321585621933918,"Positive"
"ASV_327","ASV_1055",0.678528347406514,0.000192789803223903,0.0275279075133043,"Positive"
"ASV_819","ASV_1055",0.706264416101151,7.96793863473422e-05,0.0117193173322498,"Positive"
"ASV_129","ASV_1060",1,0,0,"Positive"
"ASV_618","ASV_1060",0.721687836487032,4.66433315420289e-05,0.00694002724637873,"Positive"
"ASV_279","ASV_1061",0.742913385826772,2.10292639835075e-05,0.00515688544527559,"Positive"
"ASV_473","ASV_1061",0.698779297677354,0.000102106368723431,0.0148474250576535,"Positive"
"ASV_68","ASV_1062",0.655897443984462,0.000371198435888287,0.0374836570708498,"Positive"
"ASV_474","ASV_1062",0.830660167678096,2.75515047887254e-07,7.4116578547198e-05,"Positive"
"ASV_70","ASV_1063",0.66303766413194,0.000303652447157354,0.0321585621933918,"Positive"
"ASV_57","ASV_1067",1,0,0,"Positive"
"ASV_81","ASV_1067",1,0,0,"Positive"
"ASV_189","ASV_1067",1,0,0,"Positive"
"ASV_549","ASV_1067",0.721687836487032,4.66433315420289e-05,0.00694002724637873,"Positive"
"ASV_577","ASV_1067",1,0,0,"Positive"
"ASV_906","ASV_1067",1,0,0,"Positive"
"ASV_472","ASV_1068",0.721687836487032,4.66433315420289e-05,0.00694002724637873,"Positive"
"ASV_771","ASV_1068",0.721687836487032,4.66433315420289e-05,0.00694002724637873,"Positive"
"ASV_912","ASV_1068",0.721687836487032,4.66433315420289e-05,0.00694002724637873,"Positive"
"ASV_966","ASV_1068",0.721687836487032,4.66433315420289e-05,0.00694002724637873,"Positive"
"ASV_276","ASV_1072",-0.666467063435321,0.000275212636306144,0.0321585621933918,"Negative"
"ASV_339","ASV_1072",0.674450703664162,0.000217833921694055,0.0307448694170196,"Positive"
"ASV_95","ASV_1076",0.882216775381536,5.5222568740021e-09,1.5394278175463e-06,"Positive"
"ASV_958","ASV_1076",0.737154140200741,2.62960636661091e-05,0.00638441370296362,"Positive"
"ASV_156","ASV_1080",0.675471698113208,0.000211310302036249,0.029855459906026,"Positive"
"ASV_50","ASV_1081",0.668082586827805,0.000262640804226333,0.0321585621933918,"Positive"
"ASV_607","ASV_1084",0.676365336156307,0.000205741271262827,0.0292994521565296,"Positive"
"ASV_933","ASV_1089",0.738763621771399,2.47180465071661e-05,0.00605043349312035,"Positive"
"ASV_508","ASV_1090",0.712082488379959,6.53658367242294e-05,0.00970962402154702,"Positive"
"ASV_631","ASV_1090",0.710881265362981,6.81197849186077e-05,0.0100964030086719,"Positive"
"ASV_710","ASV_1090",0.65832544265845,0.00034689398965293,0.0350952610193773,"Positive"
"ASV_29","ASV_1091",1,0,0,"Positive"
"ASV_124","ASV_1091",1,0,0,"Positive"
"ASV_205","ASV_1091",0.661547183446446,0.00031679072533275,0.0321585621933918,"Positive"
"ASV_239","ASV_1091",1,0,0,"Positive"
"ASV_266","ASV_1091",0.661547183446446,0.00031679072533275,0.0321585621933918,"Positive"
"ASV_550","ASV_1091",0.661547183446446,0.00031679072533275,0.0321585621933918,"Positive"
"ASV_670","ASV_1091",0.721687836487032,4.66433315420289e-05,0.00694002724637873,"Positive"
"ASV_821","ASV_1091",0.721687836487032,4.66433315420289e-05,0.00694002724637873,"Positive"
"ASV_835","ASV_1091",0.661547183446446,0.00031679072533275,0.0321585621933918,"Positive"
"ASV_631","ASV_1092",0.646249497672539,0.000483031503621278,0.0480195076942586,"Positive"
"ASV_233","ASV_1095",0.721687836487032,4.66433315420289e-05,0.00694002724637873,"Positive"
"ASV_292","ASV_1095",0.721687836487032,4.66433315420289e-05,0.00694002724637873,"Positive"
"ASV_411","ASV_1095",0.721687836487032,4.66433315420289e-05,0.00694002724637873,"Positive"
"ASV_543","ASV_1095",0.721687836487032,4.66433315420289e-05,0.00694002724637873,"Positive"
"ASV_583","ASV_1095",0.661547183446446,0.00031679072533275,0.0321585621933918,"Positive"
"ASV_601","ASV_1095",0.673456239919576,0.000224356587562813,0.0314837715059258,"Positive"
"ASV_647","ASV_1095",0.721687836487032,4.66433315420289e-05,0.00694002724637873,"Positive"
"ASV_816","ASV_1095",0.661547183446446,0.00031679072533275,0.0321585621933918,"Positive"
"ASV_843","ASV_1095",0.721687836487032,4.66433315420289e-05,0.00694002724637873,"Positive"
"ASV_896","ASV_1095",0.673165065530538,0.00022629841296995,0.0316242921410177,"Positive"
"ASV_908","ASV_1095",0.721687836487032,4.66433315420289e-05,0.00694002724637873,"Positive"
"ASV_940","ASV_1095",0.661547183446446,0.00031679072533275,0.0321585621933918,"Positive"
"ASV_1041","ASV_1095",0.721687836487032,4.66433315420289e-05,0.00694002724637873,"Positive"
"ASV_1050","ASV_1095",0.661547183446446,0.00031679072533275,0.0321585621933918,"Positive"
"ASV_1062","ASV_1095",0.758303010214847,1.12368643558902e-05,0.00277579441436399,"Positive"
"ASV_1080","ASV_1095",0.668045939556922,0.00026292033383557,0.0321585621933918,"Positive"
"ASV_35","ASV_1097",0.661547183446446,0.00031679072533275,0.0321585621933918,"Positive"
"ASV_59","ASV_1097",1,0,0,"Positive"
"ASV_60","ASV_1097",0.661547183446446,0.00031679072533275,0.0321585621933918,"Positive"
"ASV_66","ASV_1097",0.721687836487032,4.66433315420289e-05,0.00694002724637873,"Positive"
"ASV_86","ASV_1097",1,0,0,"Positive"
"ASV_104","ASV_1097",0.661547183446446,0.00031679072533275,0.0321585621933918,"Positive"
"ASV_122","ASV_1097",1,0,0,"Positive"
"ASV_195","ASV_1097",1,0,0,"Positive"
"ASV_208","ASV_1097",1,0,0,"Positive"
"ASV_225","ASV_1097",1,0,0,"Positive"
"ASV_231","ASV_1097",1,0,0,"Positive"
"ASV_336","ASV_1097",1,0,0,"Positive"
"ASV_373","ASV_1097",1,0,0,"Positive"
"ASV_413","ASV_1097",1,0,0,"Positive"
"ASV_429","ASV_1097",1,0,0,"Positive"
"ASV_552","ASV_1097",1,0,0,"Positive"
"ASV_639","ASV_1097",1,0,0,"Positive"
"ASV_701","ASV_1097",1,0,0,"Positive"
"ASV_730","ASV_1097",1,0,0,"Positive"
"ASV_752","ASV_1097",1,0,0,"Positive"
"ASV_786","ASV_1097",1,0,0,"Positive"
"ASV_792","ASV_1097",1,0,0,"Positive"
"ASV_822","ASV_1097",1,0,0,"Positive"
"ASV_823","ASV_1097",1,0,0,"Positive"
"ASV_919","ASV_1097",0.721687836487032,4.66433315420289e-05,0.00694002724637873,"Positive"
"ASV_976","ASV_1097",1,0,0,"Positive"
"ASV_982","ASV_1097",1,0,0,"Positive"
"ASV_1027","ASV_1097",1,0,0,"Positive"
"ASV_1034","ASV_1097",0.721687836487032,4.66433315420289e-05,0.00694002724637873,"Positive"
"ASV_1036","ASV_1097",0.721687836487032,4.66433315420289e-05,0.00694002724637873,"Positive"
"ASV_35","ASV_1103",0.758303010214847,1.12368643558902e-05,0.00277579441436399,"Positive"
"ASV_60","ASV_1103",0.758303010214847,1.12368643558902e-05,0.00277579441436399,"Positive"
"ASV_31","ASV_1110",0.721687836487032,4.66433315420289e-05,0.00694002724637873,"Positive"
"ASV_59","ASV_1110",0.661547183446446,0.00031679072533275,0.0321585621933918,"Positive"
"ASV_86","ASV_1110",0.661547183446446,0.00031679072533275,0.0321585621933918,"Positive"
"ASV_122","ASV_1110",0.661547183446446,0.00031679072533275,0.0321585621933918,"Positive"
"ASV_195","ASV_1110",0.661547183446446,0.00031679072533275,0.0321585621933918,"Positive"
"ASV_208","ASV_1110",0.661547183446446,0.00031679072533275,0.0321585621933918,"Positive"
"ASV_225","ASV_1110",0.661547183446446,0.00031679072533275,0.0321585621933918,"Positive"
"ASV_231","ASV_1110",0.661547183446446,0.00031679072533275,0.0321585621933918,"Positive"
"ASV_336","ASV_1110",0.661547183446446,0.00031679072533275,0.0321585621933918,"Positive"
"ASV_373","ASV_1110",0.661547183446446,0.00031679072533275,0.0321585621933918,"Positive"
"ASV_413","ASV_1110",0.661547183446446,0.00031679072533275,0.0321585621933918,"Positive"
"ASV_429","ASV_1110",0.661547183446446,0.00031679072533275,0.0321585621933918,"Positive"
"ASV_552","ASV_1110",0.661547183446446,0.00031679072533275,0.0321585621933918,"Positive"
"ASV_587","ASV_1110",0.721687836487032,4.66433315420289e-05,0.00694002724637873,"Positive"
"ASV_617","ASV_1110",0.673456239919576,0.000224356587562813,0.0314837715059258,"Positive"
"ASV_639","ASV_1110",0.661547183446446,0.00031679072533275,0.0321585621933918,"Positive"
"ASV_701","ASV_1110",0.661547183446446,0.00031679072533275,0.0321585621933918,"Positive"
"ASV_730","ASV_1110",0.661547183446446,0.00031679072533275,0.0321585621933918,"Positive"
"ASV_752","ASV_1110",0.661547183446446,0.00031679072533275,0.0321585621933918,"Positive"
"ASV_786","ASV_1110",0.661547183446446,0.00031679072533275,0.0321585621933918,"Positive"
"ASV_792","ASV_1110",0.661547183446446,0.00031679072533275,0.0321585621933918,"Positive"
"ASV_822","ASV_1110",0.661547183446446,0.00031679072533275,0.0321585621933918,"Positive"
"ASV_823","ASV_1110",0.661547183446446,0.00031679072533275,0.0321585621933918,"Positive"
"ASV_960","ASV_1110",0.721687836487032,4.66433315420289e-05,0.00694002724637873,"Positive"
"ASV_976","ASV_1110",0.661547183446446,0.00031679072533275,0.0321585621933918,"Positive"
"ASV_982","ASV_1110",0.661547183446446,0.00031679072533275,0.0321585621933918,"Positive"
"ASV_1004","ASV_1110",0.721687836487032,4.66433315420289e-05,0.00694002724637873,"Positive"
"ASV_1027","ASV_1110",0.661547183446446,0.00031679072533275,0.0321585621933918,"Positive"
"ASV_1036","ASV_1110",0.996527777777778,0,0,"Positive"
"ASV_1097","ASV_1110",0.661547183446446,0.00031679072533275,0.0321585621933918,"Positive"
"ASV_35","ASV_1112",0.661547183446446,0.00031679072533275,0.0321585621933918,"Positive"
"ASV_59","ASV_1112",1,0,0,"Positive"
"ASV_60","ASV_1112",0.661547183446446,0.00031679072533275,0.0321585621933918,"Positive"
"ASV_66","ASV_1112",0.721687836487032,4.66433315420289e-05,0.00694002724637873,"Positive"
"ASV_86","ASV_1112",1,0,0,"Positive"
"ASV_104","ASV_1112",0.661547183446446,0.00031679072533275,0.0321585621933918,"Positive"
"ASV_122","ASV_1112",1,0,0,"Positive"
"ASV_195","ASV_1112",1,0,0,"Positive"
"ASV_208","ASV_1112",1,0,0,"Positive"
"ASV_225","ASV_1112",1,0,0,"Positive"
"ASV_231","ASV_1112",1,0,0,"Positive"
"ASV_336","ASV_1112",1,0,0,"Positive"
"ASV_373","ASV_1112",1,0,0,"Positive"
"ASV_413","ASV_1112",1,0,0,"Positive"
"ASV_429","ASV_1112",1,0,0,"Positive"
"ASV_552","ASV_1112",1,0,0,"Positive"
"ASV_639","ASV_1112",1,0,0,"Positive"
"ASV_701","ASV_1112",1,0,0,"Positive"
"ASV_730","ASV_1112",1,0,0,"Positive"
"ASV_752","ASV_1112",1,0,0,"Positive"
"ASV_786","ASV_1112",1,0,0,"Positive"
"ASV_792","ASV_1112",1,0,0,"Positive"
"ASV_822","ASV_1112",1,0,0,"Positive"
"ASV_823","ASV_1112",1,0,0,"Positive"
"ASV_919","ASV_1112",0.721687836487032,4.66433315420289e-05,0.00694002724637873,"Positive"
"ASV_976","ASV_1112",1,0,0,"Positive"
"ASV_982","ASV_1112",1,0,0,"Positive"
"ASV_1027","ASV_1112",1,0,0,"Positive"
"ASV_1034","ASV_1112",0.721687836487032,4.66433315420289e-05,0.00694002724637873,"Positive"
"ASV_1036","ASV_1112",0.721687836487032,4.66433315420289e-05,0.00694002724637873,"Positive"
"ASV_1097","ASV_1112",1,0,0,"Positive"
"ASV_1110","ASV_1112",0.661547183446446,0.00031679072533275,0.0321585621933918,"Positive"
"ASV_8","ASV_1115",1,0,0,"Positive"
"ASV_157","ASV_1115",1,0,0,"Positive"
"ASV_441","ASV_1115",0.721687836487032,4.66433315420289e-05,0.00694002724637873,"Positive"
"ASV_472","ASV_1115",0.661547183446446,0.00031679072533275,0.0321585621933918,"Positive"
"ASV_665","ASV_1115",0.661547183446446,0.00031679072533275,0.0321585621933918,"Positive"
"ASV_691","ASV_1115",0.661547183446446,0.00031679072533275,0.0321585621933918,"Positive"
"ASV_765","ASV_1115",1,0,0,"Positive"
"ASV_967","ASV_1115",0.661547183446446,0.00031679072533275,0.0321585621933918,"Positive"
"ASV_1043","ASV_1115",0.721687836487032,4.66433315420289e-05,0.00694002724637873,"Positive"
"ASV_37","ASV_1117",0.706439384359044,7.92117046166663e-05,0.0116696713420778,"Positive"
"ASV_372","ASV_1117",0.675724628517346,0.000209720858997731,0.0296464624276608,"Positive"
"ASV_18","ASV_1119",0.661547183446446,0.00031679072533275,0.0321585621933918,"Positive"
"ASV_35","ASV_1119",0.721687836487032,4.66433315420289e-05,0.00694002724637873,"Positive"
"ASV_60","ASV_1119",0.721687836487032,4.66433315420289e-05,0.00694002724637873,"Positive"
"ASV_228","ASV_1119",1,0,0,"Positive"
"ASV_318","ASV_1119",1,0,0,"Positive"
"ASV_388","ASV_1119",1,0,0,"Positive"
"ASV_390","ASV_1119",1,0,0,"Positive"
"ASV_458","ASV_1119",1,0,0,"Positive"
"ASV_498","ASV_1119",0.721687836487032,4.66433315420289e-05,0.00694002724637873,"Positive"
"ASV_638","ASV_1119",0.721687836487032,4.66433315420289e-05,0.00694002724637873,"Positive"
"ASV_698","ASV_1119",1,0,0,"Positive"
"ASV_29","ASV_1122",0.721687836487032,4.66433315420289e-05,0.00694002724637873,"Positive"
"ASV_124","ASV_1122",0.721687836487032,4.66433315420289e-05,0.00694002724637873,"Positive"
"ASV_239","ASV_1122",0.721687836487032,4.66433315420289e-05,0.00694002724637873,"Positive"
"ASV_291","ASV_1122",0.661547183446446,0.00031679072533275,0.0321585621933918,"Positive"
"ASV_294","ASV_1122",0.661547183446446,0.00031679072533275,0.0321585621933918,"Positive"
"ASV_619","ASV_1122",0.661547183446446,0.00031679072533275,0.0321585621933918,"Positive"
"ASV_620","ASV_1122",0.671117850197633,0.000240370739857054,0.0321585621933918,"Positive"
"ASV_731","ASV_1122",0.761197296513377,9.9366573746984e-06,0.00249121168408666,"Positive"
"ASV_791","ASV_1122",0.661547183446446,0.00031679072533275,0.0321585621933918,"Positive"
"ASV_904","ASV_1122",0.661547183446446,0.00031679072533275,0.0321585621933918,"Positive"
"ASV_999","ASV_1122",0.661547183446446,0.00031679072533275,0.0321585621933918,"Positive"
"ASV_1091","ASV_1122",0.721687836487032,4.66433315420289e-05,0.00694002724637873,"Positive"
"ASV_521","ASV_1128",0.673165065530538,0.00022629841296995,0.0316242921410177,"Positive"
"ASV_672","ASV_1128",0.679936236836604,0.000184748255057876,0.0264780569213502,"Positive"
"ASV_90","ASV_1131",1,0,0,"Positive"
"ASV_205","ASV_1131",0.721687836487032,4.66433315420289e-05,0.00694002724637873,"Positive"
"ASV_266","ASV_1131",0.721687836487032,4.66433315420289e-05,0.00694002724637873,"Positive"
"ASV_454","ASV_1131",1,0,0,"Positive"
"ASV_517","ASV_1131",1,0,0,"Positive"
"ASV_526","ASV_1131",1,0,0,"Positive"
"ASV_567","ASV_1131",0.661547183446446,0.00031679072533275,0.0321585621933918,"Positive"
"ASV_691","ASV_1131",0.721687836487032,4.66433315420289e-05,0.00694002724637873,"Positive"
"ASV_852","ASV_1131",0.661547183446446,0.00031679072533275,0.0321585621933918,"Positive"
"ASV_958","ASV_1131",0.721687836487032,4.66433315420289e-05,0.00694002724637873,"Positive"
"ASV_1009","ASV_1131",0.661547183446446,0.00031679072533275,0.0321585621933918,"Positive"
"ASV_182","ASV_1134",0.663113072213842,0.000303000560483602,0.0321585621933918,"Positive"
"ASV_549","ASV_1134",0.706439384359044,7.92117046166663e-05,0.0116696713420778,"Positive"
"ASV_839","ASV_1134",0.822477791800682,4.54236679381381e-07,0.000121950761833398,"Positive"
"ASV_271","ASV_1136",0.661547183446446,0.00031679072533275,0.0321585621933918,"Positive"
"ASV_291","ASV_1136",0.721687836487032,4.66433315420289e-05,0.00694002724637873,"Positive"
"ASV_294","ASV_1136",0.721687836487032,4.66433315420289e-05,0.00694002724637873,"Positive"
"ASV_483","ASV_1136",0.661547183446446,0.00031679072533275,0.0321585621933918,"Positive"
"ASV_619","ASV_1136",0.721687836487032,4.66433315420289e-05,0.00694002724637873,"Positive"
"ASV_791","ASV_1136",0.721687836487032,4.66433315420289e-05,0.00694002724637873,"Positive"
"ASV_809","ASV_1136",0.661547183446446,0.00031679072533275,0.0321585621933918,"Positive"
"ASV_904","ASV_1136",0.721687836487032,4.66433315420289e-05,0.00694002724637873,"Positive"
"ASV_999","ASV_1136",0.721687836487032,4.66433315420289e-05,0.00694002724637873,"Positive"
"ASV_1011","ASV_1136",0.661547183446446,0.00031679072533275,0.0321585621933918,"Positive"
"ASV_35","ASV_1137",0.661547183446446,0.00031679072533275,0.0321585621933918,"Positive"
"ASV_59","ASV_1137",1,0,0,"Positive"
"ASV_60","ASV_1137",0.661547183446446,0.00031679072533275,0.0321585621933918,"Positive"
"ASV_66","ASV_1137",0.721687836487032,4.66433315420289e-05,0.00694002724637873,"Positive"
"ASV_86","ASV_1137",1,0,0,"Positive"
"ASV_104","ASV_1137",0.661547183446446,0.00031679072533275,0.0321585621933918,"Positive"
"ASV_122","ASV_1137",1,0,0,"Positive"
"ASV_195","ASV_1137",1,0,0,"Positive"
"ASV_208","ASV_1137",1,0,0,"Positive"
"ASV_225","ASV_1137",1,0,0,"Positive"
"ASV_231","ASV_1137",1,0,0,"Positive"
"ASV_336","ASV_1137",1,0,0,"Positive"
"ASV_373","ASV_1137",1,0,0,"Positive"
"ASV_413","ASV_1137",1,0,0,"Positive"
"ASV_429","ASV_1137",1,0,0,"Positive"
"ASV_552","ASV_1137",1,0,0,"Positive"
"ASV_639","ASV_1137",1,0,0,"Positive"
"ASV_701","ASV_1137",1,0,0,"Positive"
"ASV_730","ASV_1137",1,0,0,"Positive"
"ASV_752","ASV_1137",1,0,0,"Positive"
"ASV_786","ASV_1137",1,0,0,"Positive"
"ASV_792","ASV_1137",1,0,0,"Positive"
"ASV_822","ASV_1137",1,0,0,"Positive"
"ASV_823","ASV_1137",1,0,0,"Positive"
"ASV_919","ASV_1137",0.721687836487032,4.66433315420289e-05,0.00694002724637873,"Positive"
"ASV_976","ASV_1137",1,0,0,"Positive"
"ASV_982","ASV_1137",1,0,0,"Positive"
"ASV_1027","ASV_1137",1,0,0,"Positive"
"ASV_1034","ASV_1137",0.721687836487032,4.66433315420289e-05,0.00694002724637873,"Positive"
"ASV_1036","ASV_1137",0.721687836487032,4.66433315420289e-05,0.00694002724637873,"Positive"
"ASV_1097","ASV_1137",1,0,0,"Positive"
"ASV_1110","ASV_1137",0.661547183446446,0.00031679072533275,0.0321585621933918,"Positive"
"ASV_1112","ASV_1137",1,0,0,"Positive"
"ASV_78","ASV_1138",0.680652573799947,0.000180770557153487,0.0259217848349769,"Positive"
"ASV_31","ASV_1141",0.721687836487032,4.66433315420289e-05,0.00694002724637873,"Positive"
"ASV_587","ASV_1141",0.721687836487032,4.66433315420289e-05,0.00694002724637873,"Positive"
"ASV_782","ASV_1141",0.661547183446446,0.00031679072533275,0.0321585621933918,"Positive"
"ASV_793","ASV_1141",0.661547183446446,0.00031679072533275,0.0321585621933918,"Positive"
"ASV_885","ASV_1141",0.645395563256261,0.00049420931259414,0.0488239961036586,"Positive"
"ASV_895","ASV_1141",0.761197296513377,9.9366573746984e-06,0.00249121168408666,"Positive"
"ASV_917","ASV_1141",0.761197296513377,9.9366573746984e-06,0.00249121168408666,"Positive"
"ASV_960","ASV_1141",0.721687836487032,4.66433315420289e-05,0.00694002724637873,"Positive"
"ASV_1004","ASV_1141",0.721687836487032,4.66433315420289e-05,0.00694002724637873,"Positive"
"ASV_90","ASV_1143",1,0,0,"Positive"
"ASV_205","ASV_1143",0.721687836487032,4.66433315420289e-05,0.00694002724637873,"Positive"
"ASV_266","ASV_1143",0.721687836487032,4.66433315420289e-05,0.00694002724637873,"Positive"
"ASV_454","ASV_1143",1,0,0,"Positive"
"ASV_517","ASV_1143",1,0,0,"Positive"
"ASV_526","ASV_1143",1,0,0,"Positive"
"ASV_567","ASV_1143",0.661547183446446,0.00031679072533275,0.0321585621933918,"Positive"
"ASV_691","ASV_1143",0.721687836487032,4.66433315420289e-05,0.00694002724637873,"Positive"
"ASV_852","ASV_1143",0.661547183446446,0.00031679072533275,0.0321585621933918,"Positive"
"ASV_958","ASV_1143",0.721687836487032,4.66433315420289e-05,0.00694002724637873,"Positive"
"ASV_1009","ASV_1143",0.661547183446446,0.00031679072533275,0.0321585621933918,"Positive"
"ASV_1131","ASV_1143",1,0,0,"Positive"
"ASV_131","ASV_1146",1,0,0,"Positive"
"ASV_178","ASV_1146",1,0,0,"Positive"
"ASV_498","ASV_1146",0.661547183446446,0.00031679072533275,0.0321585621933918,"Positive"
"ASV_664","ASV_1146",0.721687836487032,4.66433315420289e-05,0.00694002724637873,"Positive"
"ASV_806","ASV_1146",1,0,0,"Positive"
"ASV_1009","ASV_1146",0.721687836487032,4.66433315420289e-05,0.00694002724637873,"Positive"
"ASV_129","ASV_1147",1,0,0,"Positive"
"ASV_618","ASV_1147",0.721687836487032,4.66433315420289e-05,0.00694002724637873,"Positive"
"ASV_1060","ASV_1147",1,0,0,"Positive"
"ASV_104","ASV_1151",0.761197296513377,9.9366573746984e-06,0.00249121168408666,"Positive"
"ASV_1103","ASV_1151",0.650784077201447,0.000427277898436884,0.0427136583933128,"Positive"
"ASV_35","ASV_1158",0.661547183446446,0.00031679072533275,0.0321585621933918,"Positive"
"ASV_59","ASV_1158",1,0,0,"Positive"
"ASV_60","ASV_1158",0.661547183446446,0.00031679072533275,0.0321585621933918,"Positive"
"ASV_66","ASV_1158",0.721687836487032,4.66433315420289e-05,0.00694002724637873,"Positive"
"ASV_86","ASV_1158",1,0,0,"Positive"
"ASV_104","ASV_1158",0.661547183446446,0.00031679072533275,0.0321585621933918,"Positive"
"ASV_122","ASV_1158",1,0,0,"Positive"
"ASV_195","ASV_1158",1,0,0,"Positive"
"ASV_208","ASV_1158",1,0,0,"Positive"
"ASV_225","ASV_1158",1,0,0,"Positive"
"ASV_231","ASV_1158",1,0,0,"Positive"
"ASV_336","ASV_1158",1,0,0,"Positive"
"ASV_373","ASV_1158",1,0,0,"Positive"
"ASV_413","ASV_1158",1,0,0,"Positive"
"ASV_429","ASV_1158",1,0,0,"Positive"
"ASV_552","ASV_1158",1,0,0,"Positive"
"ASV_639","ASV_1158",1,0,0,"Positive"
"ASV_701","ASV_1158",1,0,0,"Positive"
"ASV_730","ASV_1158",1,0,0,"Positive"
"ASV_752","ASV_1158",1,0,0,"Positive"
"ASV_786","ASV_1158",1,0,0,"Positive"
"ASV_792","ASV_1158",1,0,0,"Positive"
"ASV_822","ASV_1158",1,0,0,"Positive"
"ASV_823","ASV_1158",1,0,0,"Positive"
"ASV_919","ASV_1158",0.721687836487032,4.66433315420289e-05,0.00694002724637873,"Positive"
"ASV_976","ASV_1158",1,0,0,"Positive"
"ASV_982","ASV_1158",1,0,0,"Positive"
"ASV_1027","ASV_1158",1,0,0,"Positive"
"ASV_1034","ASV_1158",0.721687836487032,4.66433315420289e-05,0.00694002724637873,"Positive"
"ASV_1036","ASV_1158",0.721687836487032,4.66433315420289e-05,0.00694002724637873,"Positive"
"ASV_1097","ASV_1158",1,0,0,"Positive"
"ASV_1110","ASV_1158",0.661547183446446,0.00031679072533275,0.0321585621933918,"Positive"
"ASV_1112","ASV_1158",1,0,0,"Positive"
"ASV_1137","ASV_1158",1,0,0,"Positive"
"ASV_198","ASV_1165",0.663584981311706,0.000298948652395215,0.0321585621933918,"Positive"
"ASV_817","ASV_1165",0.64992760314694,0.00043735756097929,0.0436563988261966,"Positive"
"ASV_91","ASV_1167",0.798823018394266,1.69058985477477e-06,0.00044369489504665,"Positive"
"ASV_37","ASV_1168",0.996527777777778,0,0,"Positive"
"ASV_132","ASV_1168",0.793034445797206,2.2720323489267e-06,0.000588259570950068,"Positive"
"ASV_399","ASV_1168",0.721687836487032,4.66433315420289e-05,0.00694002724637873,"Positive"
"ASV_404","ASV_1168",0.661547183446446,0.00031679072533275,0.0321585621933918,"Positive"
"ASV_467","ASV_1168",0.661547183446446,0.00031679072533275,0.0321585621933918,"Positive"
"ASV_596","ASV_1168",0.661547183446446,0.00031679072533275,0.0321585621933918,"Positive"
"ASV_720","ASV_1168",0.661547183446446,0.00031679072533275,0.0321585621933918,"Positive"
"ASV_777","ASV_1168",0.721687836487032,4.66433315420289e-05,0.00694002724637873,"Positive"
"ASV_1117","ASV_1168",0.701320258385428,9.39399897812443e-05,0.0136821280947711,"Positive"
"ASV_153","ASV_1169",1,0,0,"Positive"
"ASV_474","ASV_1169",0.661547183446446,0.00031679072533275,0.0321585621933918,"Positive"
"ASV_531","ASV_1169",1,0,0,"Positive"
"ASV_640","ASV_1169",1,0,0,"Positive"
"ASV_814","ASV_1169",1,0,0,"Positive"
"ASV_893","ASV_1169",1,0,0,"Positive"
"ASV_977","ASV_1169",1,0,0,"Positive"
"ASV_965","ASV_1170",0.7,9.810847593128e-05,0.0142815255512714,"Positive"
"ASV_8","ASV_1171",0.661547183446446,0.00031679072533275,0.0321585621933918,"Positive"
"ASV_59","ASV_1171",0.721687836487032,4.66433315420289e-05,0.00694002724637873,"Positive"
"ASV_86","ASV_1171",0.721687836487032,4.66433315420289e-05,0.00694002724637873,"Positive"
"ASV_122","ASV_1171",0.721687836487032,4.66433315420289e-05,0.00694002724637873,"Positive"
"ASV_157","ASV_1171",0.661547183446446,0.00031679072533275,0.0321585621933918,"Positive"
"ASV_195","ASV_1171",0.721687836487032,4.66433315420289e-05,0.00694002724637873,"Positive"
"ASV_208","ASV_1171",0.721687836487032,4.66433315420289e-05,0.00694002724637873,"Positive"
"ASV_225","ASV_1171",0.721687836487032,4.66433315420289e-05,0.00694002724637873,"Positive"
"ASV_231","ASV_1171",0.721687836487032,4.66433315420289e-05,0.00694002724637873,"Positive"
"ASV_336","ASV_1171",0.721687836487032,4.66433315420289e-05,0.00694002724637873,"Positive"
"ASV_373","ASV_1171",0.721687836487032,4.66433315420289e-05,0.00694002724637873,"Positive"
"ASV_413","ASV_1171",0.721687836487032,4.66433315420289e-05,0.00694002724637873,"Positive"
"ASV_429","ASV_1171",0.721687836487032,4.66433315420289e-05,0.00694002724637873,"Positive"
"ASV_552","ASV_1171",0.721687836487032,4.66433315420289e-05,0.00694002724637873,"Positive"
"ASV_639","ASV_1171",0.721687836487032,4.66433315420289e-05,0.00694002724637873,"Positive"
"ASV_701","ASV_1171",0.721687836487032,4.66433315420289e-05,0.00694002724637873,"Positive"
"ASV_730","ASV_1171",0.721687836487032,4.66433315420289e-05,0.00694002724637873,"Positive"
"ASV_752","ASV_1171",0.721687836487032,4.66433315420289e-05,0.00694002724637873,"Positive"
"ASV_765","ASV_1171",0.661547183446446,0.00031679072533275,0.0321585621933918,"Positive"
"ASV_786","ASV_1171",0.721687836487032,4.66433315420289e-05,0.00694002724637873,"Positive"
"ASV_792","ASV_1171",0.721687836487032,4.66433315420289e-05,0.00694002724637873,"Positive"
"ASV_822","ASV_1171",0.721687836487032,4.66433315420289e-05,0.00694002724637873,"Positive"
"ASV_823","ASV_1171",0.721687836487032,4.66433315420289e-05,0.00694002724637873,"Positive"
"ASV_976","ASV_1171",0.721687836487032,4.66433315420289e-05,0.00694002724637873,"Positive"
"ASV_982","ASV_1171",0.721687836487032,4.66433315420289e-05,0.00694002724637873,"Positive"
"ASV_1027","ASV_1171",0.721687836487032,4.66433315420289e-05,0.00694002724637873,"Positive"
"ASV_1097","ASV_1171",0.721687836487032,4.66433315420289e-05,0.00694002724637873,"Positive"
"ASV_1103","ASV_1171",0.830660167678096,2.75515047887254e-07,7.4116578547198e-05,"Positive"
"ASV_1112","ASV_1171",0.721687836487032,4.66433315420289e-05,0.00694002724637873,"Positive"
"ASV_1115","ASV_1171",0.661547183446446,0.00031679072533275,0.0321585621933918,"Positive"
"ASV_1137","ASV_1171",0.721687836487032,4.66433315420289e-05,0.00694002724637873,"Positive"
"ASV_1151","ASV_1171",0.793034445797206,2.2720323489267e-06,0.000588259570950068,"Positive"
"ASV_1158","ASV_1171",0.721687836487032,4.66433315420289e-05,0.00694002724637873,"Positive"
"ASV_8","ASV_1174",1,0,0,"Positive"
"ASV_157","ASV_1174",1,0,0,"Positive"
"ASV_441","ASV_1174",0.721687836487032,4.66433315420289e-05,0.00694002724637873,"Positive"
"ASV_472","ASV_1174",0.661547183446446,0.00031679072533275,0.0321585621933918,"Positive"
"ASV_665","ASV_1174",0.661547183446446,0.00031679072533275,0.0321585621933918,"Positive"
"ASV_691","ASV_1174",0.661547183446446,0.00031679072533275,0.0321585621933918,"Positive"
"ASV_765","ASV_1174",1,0,0,"Positive"
"ASV_967","ASV_1174",0.661547183446446,0.00031679072533275,0.0321585621933918,"Positive"
"ASV_1043","ASV_1174",0.721687836487032,4.66433315420289e-05,0.00694002724637873,"Positive"
"ASV_1115","ASV_1174",1,0,0,"Positive"
"ASV_1171","ASV_1174",0.661547183446446,0.00031679072533275,0.0321585621933918,"Positive"
"ASV_844","ASV_1175",0.711615646835463,6.64242498711332e-05,0.00985595911863398,"Positive"
"ASV_96","ASV_1179",0.678086556514104,0.00019537554537008,0.027865597484025,"Positive"
"ASV_901","ASV_1179",0.690812041488899,0.000131898927215213,0.0190867468042451,"Positive"
"ASV_439","ASV_1180",0.701320258385428,9.39399897812443e-05,0.0136821280947711,"Positive"
"ASV_631","ASV_1180",0.766865171839758,7.77122256989671e-06,0.00198910024238866,"Positive"
"ASV_717","ASV_1180",0.737154140200741,2.62960636661091e-05,0.00638441370296362,"Positive"
"ASV_746","ASV_1180",0.675724628517346,0.000209720858997731,0.0296464624276608,"Positive"
"ASV_817","ASV_1180",0.688639589140783,0.000141242015375909,0.0203948769717062,"Positive"
"ASV_905","ASV_1180",0.673165065530538,0.00022629841296995,0.0316242921410177,"Positive"
"ASV_18","ASV_1185",0.721687836487032,4.66433315420289e-05,0.00694002724637873,"Positive"
"ASV_37","ASV_1185",0.721687836487032,4.66433315420289e-05,0.00694002724637873,"Positive"
"ASV_218","ASV_1185",0.661547183446446,0.00031679072533275,0.0321585621933918,"Positive"
"ASV_372","ASV_1185",0.721687836487032,4.66433315420289e-05,0.00694002724637873,"Positive"
"ASV_404","ASV_1185",1,0,0,"Positive"
"ASV_467","ASV_1185",1,0,0,"Positive"
"ASV_550","ASV_1185",0.721687836487032,4.66433315420289e-05,0.00694002724637873,"Positive"
"ASV_596","ASV_1185",1,0,0,"Positive"
"ASV_720","ASV_1185",1,0,0,"Positive"
"ASV_789","ASV_1185",0.721687836487032,4.66433315420289e-05,0.00694002724637873,"Positive"
"ASV_836","ASV_1185",0.661547183446446,0.00031679072533275,0.0321585621933918,"Positive"
"ASV_852","ASV_1185",0.721687836487032,4.66433315420289e-05,0.00694002724637873,"Positive"
"ASV_898","ASV_1185",0.721687836487032,4.66433315420289e-05,0.00694002724637873,"Positive"
"ASV_1168","ASV_1185",0.661547183446446,0.00031679072533275,0.0321585621933918,"Positive"
"ASV_618","ASV_1188",0.675724628517346,0.000209720858997731,0.0296464624276608,"Positive"
"ASV_90","ASV_1189",1,0,0,"Positive"
"ASV_205","ASV_1189",0.721687836487032,4.66433315420289e-05,0.00694002724637873,"Positive"
"ASV_266","ASV_1189",0.721687836487032,4.66433315420289e-05,0.00694002724637873,"Positive"
"ASV_454","ASV_1189",1,0,0,"Positive"
"ASV_517","ASV_1189",1,0,0,"Positive"
"ASV_526","ASV_1189",1,0,0,"Positive"
"ASV_567","ASV_1189",0.661547183446446,0.00031679072533275,0.0321585621933918,"Positive"
"ASV_691","ASV_1189",0.721687836487032,4.66433315420289e-05,0.00694002724637873,"Positive"
"ASV_852","ASV_1189",0.661547183446446,0.00031679072533275,0.0321585621933918,"Positive"
"ASV_958","ASV_1189",0.721687836487032,4.66433315420289e-05,0.00694002724637873,"Positive"
"ASV_1009","ASV_1189",0.661547183446446,0.00031679072533275,0.0321585621933918,"Positive"
"ASV_1131","ASV_1189",1,0,0,"Positive"
"ASV_1143","ASV_1189",1,0,0,"Positive"
"ASV_1012","ASV_1190",0.655897443984462,0.000371198435888287,0.0374836570708498,"Positive"
"ASV_153","ASV_1191",1,0,0,"Positive"
"ASV_474","ASV_1191",0.661547183446446,0.00031679072533275,0.0321585621933918,"Positive"
"ASV_531","ASV_1191",1,0,0,"Positive"
"ASV_640","ASV_1191",1,0,0,"Positive"
"ASV_814","ASV_1191",1,0,0,"Positive"
"ASV_893","ASV_1191",1,0,0,"Positive"
"ASV_977","ASV_1191",1,0,0,"Positive"
"ASV_1169","ASV_1191",1,0,0,"Positive"
"ASV_351","ASV_1193",0.664775871621701,0.000288932809745734,0.0321585621933918,"Positive"
"ASV_516","ASV_1193",0.645958986731001,0.000486809324075299,0.0481991398891499,"Positive"
"ASV_1071","ASV_1193",0.650784077201447,0.000427277898436884,0.0427136583933128,"Positive"
"ASV_59","ASV_1197",0.721687836487032,4.66433315420289e-05,0.00694002724637873,"Positive"
"ASV_68","ASV_1197",0.645395563256261,0.00049420931259414,0.0488239961036586,"Positive"
"ASV_73","ASV_1197",0.701320258385428,9.39399897812443e-05,0.0136821280947711,"Positive"
"ASV_76","ASV_1197",0.798823018394266,1.69058985477477e-06,0.00044369489504665,"Positive"
"ASV_86","ASV_1197",0.721687836487032,4.66433315420289e-05,0.00694002724637873,"Positive"
"ASV_122","ASV_1197",0.721687836487032,4.66433315420289e-05,0.00694002724637873,"Positive"
"ASV_195","ASV_1197",0.721687836487032,4.66433315420289e-05,0.00694002724637873,"Positive"
"ASV_208","ASV_1197",0.721687836487032,4.66433315420289e-05,0.00694002724637873,"Positive"
"ASV_225","ASV_1197",0.721687836487032,4.66433315420289e-05,0.00694002724637873,"Positive"
"ASV_231","ASV_1197",0.721687836487032,4.66433315420289e-05,0.00694002724637873,"Positive"
"ASV_233","ASV_1197",0.661547183446446,0.00031679072533275,0.0321585621933918,"Positive"
"ASV_292","ASV_1197",0.661547183446446,0.00031679072533275,0.0321585621933918,"Positive"
"ASV_336","ASV_1197",0.721687836487032,4.66433315420289e-05,0.00694002724637873,"Positive"
"ASV_373","ASV_1197",0.721687836487032,4.66433315420289e-05,0.00694002724637873,"Positive"
"ASV_411","ASV_1197",0.661547183446446,0.00031679072533275,0.0321585621933918,"Positive"
"ASV_413","ASV_1197",0.721687836487032,4.66433315420289e-05,0.00694002724637873,"Positive"
"ASV_429","ASV_1197",0.721687836487032,4.66433315420289e-05,0.00694002724637873,"Positive"
"ASV_543","ASV_1197",0.661547183446446,0.00031679072533275,0.0321585621933918,"Positive"
"ASV_552","ASV_1197",0.721687836487032,4.66433315420289e-05,0.00694002724637873,"Positive"
"ASV_639","ASV_1197",0.721687836487032,4.66433315420289e-05,0.00694002724637873,"Positive"
"ASV_647","ASV_1197",0.661547183446446,0.00031679072533275,0.0321585621933918,"Positive"
"ASV_701","ASV_1197",0.721687836487032,4.66433315420289e-05,0.00694002724637873,"Positive"
"ASV_730","ASV_1197",0.721687836487032,4.66433315420289e-05,0.00694002724637873,"Positive"
"ASV_752","ASV_1197",0.721687836487032,4.66433315420289e-05,0.00694002724637873,"Positive"
"ASV_786","ASV_1197",0.721687836487032,4.66433315420289e-05,0.00694002724637873,"Positive"
"ASV_792","ASV_1197",0.721687836487032,4.66433315420289e-05,0.00694002724637873,"Positive"
"ASV_801","ASV_1197",0.798823018394266,1.69058985477477e-06,0.00044369489504665,"Positive"
"ASV_822","ASV_1197",0.721687836487032,4.66433315420289e-05,0.00694002724637873,"Positive"
"ASV_823","ASV_1197",0.721687836487032,4.66433315420289e-05,0.00694002724637873,"Positive"
"ASV_843","ASV_1197",0.661547183446446,0.00031679072533275,0.0321585621933918,"Positive"
"ASV_908","ASV_1197",0.661547183446446,0.00031679072533275,0.0321585621933918,"Positive"
"ASV_976","ASV_1197",0.721687836487032,4.66433315420289e-05,0.00694002724637873,"Positive"
"ASV_982","ASV_1197",0.721687836487032,4.66433315420289e-05,0.00694002724637873,"Positive"
"ASV_1027","ASV_1197",0.721687836487032,4.66433315420289e-05,0.00694002724637873,"Positive"
"ASV_1041","ASV_1197",0.661547183446446,0.00031679072533275,0.0321585621933918,"Positive"
"ASV_1097","ASV_1197",0.721687836487032,4.66433315420289e-05,0.00694002724637873,"Positive"
"ASV_1112","ASV_1197",0.721687836487032,4.66433315420289e-05,0.00694002724637873,"Positive"
"ASV_1137","ASV_1197",0.721687836487032,4.66433315420289e-05,0.00694002724637873,"Positive"
"ASV_1158","ASV_1197",0.721687836487032,4.66433315420289e-05,0.00694002724637873,"Positive"
"ASV_967","ASV_1199",0.830660167678096,2.75515047887254e-07,7.4116578547198e-05,"Positive"
"ASV_35","ASV_1201",0.661547183446446,0.00031679072533275,0.0321585621933918,"Positive"
"ASV_59","ASV_1201",1,0,0,"Positive"
"ASV_60","ASV_1201",0.661547183446446,0.00031679072533275,0.0321585621933918,"Positive"
"ASV_66","ASV_1201",0.721687836487032,4.66433315420289e-05,0.00694002724637873,"Positive"
"ASV_86","ASV_1201",1,0,0,"Positive"
"ASV_104","ASV_1201",0.661547183446446,0.00031679072533275,0.0321585621933918,"Positive"
"ASV_122","ASV_1201",1,0,0,"Positive"
"ASV_195","ASV_1201",1,0,0,"Positive"
"ASV_208","ASV_1201",1,0,0,"Positive"
"ASV_225","ASV_1201",1,0,0,"Positive"
"ASV_231","ASV_1201",1,0,0,"Positive"
"ASV_336","ASV_1201",1,0,0,"Positive"
"ASV_373","ASV_1201",1,0,0,"Positive"
"ASV_413","ASV_1201",1,0,0,"Positive"
"ASV_429","ASV_1201",1,0,0,"Positive"
"ASV_552","ASV_1201",1,0,0,"Positive"
"ASV_639","ASV_1201",1,0,0,"Positive"
"ASV_701","ASV_1201",1,0,0,"Positive"
"ASV_730","ASV_1201",1,0,0,"Positive"
"ASV_752","ASV_1201",1,0,0,"Positive"
"ASV_786","ASV_1201",1,0,0,"Positive"
"ASV_792","ASV_1201",1,0,0,"Positive"
"ASV_822","ASV_1201",1,0,0,"Positive"
"ASV_823","ASV_1201",1,0,0,"Positive"
"ASV_919","ASV_1201",0.721687836487032,4.66433315420289e-05,0.00694002724637873,"Positive"
"ASV_976","ASV_1201",1,0,0,"Positive"
"ASV_982","ASV_1201",1,0,0,"Positive"
"ASV_1027","ASV_1201",1,0,0,"Positive"
"ASV_1034","ASV_1201",0.721687836487032,4.66433315420289e-05,0.00694002724637873,"Positive"
"ASV_1036","ASV_1201",0.721687836487032,4.66433315420289e-05,0.00694002724637873,"Positive"
"ASV_1097","ASV_1201",1,0,0,"Positive"
"ASV_1110","ASV_1201",0.661547183446446,0.00031679072533275,0.0321585621933918,"Positive"
"ASV_1112","ASV_1201",1,0,0,"Positive"
"ASV_1137","ASV_1201",1,0,0,"Positive"
"ASV_1158","ASV_1201",1,0,0,"Positive"
"ASV_1171","ASV_1201",0.721687836487032,4.66433315420289e-05,0.00694002724637873,"Positive"
"ASV_1197","ASV_1201",0.721687836487032,4.66433315420289e-05,0.00694002724637873,"Positive"
"ASV_233","ASV_1207",1,0,0,"Positive"
"ASV_292","ASV_1207",1,0,0,"Positive"
"ASV_411","ASV_1207",1,0,0,"Positive"
"ASV_521","ASV_1207",0.721687836487032,4.66433315420289e-05,0.00694002724637873,"Positive"
"ASV_543","ASV_1207",1,0,0,"Positive"
"ASV_647","ASV_1207",1,0,0,"Positive"
"ASV_843","ASV_1207",1,0,0,"Positive"
"ASV_908","ASV_1207",1,0,0,"Positive"
"ASV_1029","ASV_1207",0.661547183446446,0.00031679072533275,0.0321585621933918,"Positive"
"ASV_1041","ASV_1207",1,0,0,"Positive"
"ASV_1095","ASV_1207",0.721687836487032,4.66433315420289e-05,0.00694002724637873,"Positive"
"ASV_1197","ASV_1207",0.661547183446446,0.00031679072533275,0.0321585621933918,"Positive"
"ASV_40","ASV_1215",1,0,0,"Positive"
"ASV_246","ASV_1215",1,0,0,"Positive"
"ASV_439","ASV_1215",0.721687836487032,4.66433315420289e-05,0.00694002724637873,"Positive"
"ASV_560","ASV_1215",1,0,0,"Positive"
"ASV_798","ASV_1215",1,0,0,"Positive"
"ASV_905","ASV_1215",0.661547183446446,0.00031679072533275,0.0321585621933918,"Positive"
"ASV_1034","ASV_1215",0.661547183446446,0.00031679072533275,0.0321585621933918,"Positive"
"ASV_664","ASV_1221",0.668045939556922,0.00026292033383557,0.0321585621933918,"Positive"
"ASV_9","ASV_1247",0.677358490566038,0.000199703046289912,0.0284546166236735,"Positive"
"ASV_387","ASV_1247",0.69811320754717,0.000104347654041437,0.0151651360136904,"Positive"
"ASV_1034","ASV_1247",0.673165065530538,0.00022629841296995,0.0316242921410177,"Positive"
"ASV_40","ASV_1255",0.721687836487032,4.66433315420289e-05,0.00694002724637873,"Positive"
"ASV_153","ASV_1255",0.661547183446446,0.00031679072533275,0.0321585621933918,"Positive"
"ASV_246","ASV_1255",0.721687836487032,4.66433315420289e-05,0.00694002724637873,"Positive"
"ASV_416","ASV_1255",0.833554453976626,2.29396379891611e-07,6.24596655374718e-05,"Positive"
"ASV_531","ASV_1255",0.661547183446446,0.00031679072533275,0.0321585621933918,"Positive"
"ASV_560","ASV_1255",0.721687836487032,4.66433315420289e-05,0.00694002724637873,"Positive"
"ASV_640","ASV_1255",0.661547183446446,0.00031679072533275,0.0321585621933918,"Positive"
"ASV_798","ASV_1255",0.721687836487032,4.66433315420289e-05,0.00694002724637873,"Positive"
"ASV_814","ASV_1255",0.661547183446446,0.00031679072533275,0.0321585621933918,"Positive"
"ASV_893","ASV_1255",0.661547183446446,0.00031679072533275,0.0321585621933918,"Positive"
"ASV_949","ASV_1255",0.675724628517346,0.000209720858997731,0.0296464624276608,"Positive"
"ASV_952","ASV_1255",0.675724628517346,0.000209720858997731,0.0296464624276608,"Positive"
"ASV_977","ASV_1255",0.661547183446446,0.00031679072533275,0.0321585621933918,"Positive"
"ASV_1169","ASV_1255",0.661547183446446,0.00031679072533275,0.0321585621933918,"Positive"
"ASV_1191","ASV_1255",0.661547183446446,0.00031679072533275,0.0321585621933918,"Positive"
"ASV_1215","ASV_1255",0.721687836487032,4.66433315420289e-05,0.00694002724637873,"Positive"
"ASV_121","ASV_1256",0.661547183446446,0.00031679072533275,0.0321585621933918,"Positive"
"ASV_228","ASV_1256",0.721687836487032,4.66433315420289e-05,0.00694002724637873,"Positive"
"ASV_272","ASV_1256",0.661547183446446,0.00031679072533275,0.0321585621933918,"Positive"
"ASV_318","ASV_1256",0.721687836487032,4.66433315420289e-05,0.00694002724637873,"Positive"
"ASV_388","ASV_1256",0.721687836487032,4.66433315420289e-05,0.00694002724637873,"Positive"
"ASV_390","ASV_1256",0.721687836487032,4.66433315420289e-05,0.00694002724637873,"Positive"
"ASV_433","ASV_1256",0.661547183446446,0.00031679072533275,0.0321585621933918,"Positive"
"ASV_458","ASV_1256",0.721687836487032,4.66433315420289e-05,0.00694002724637873,"Positive"
"ASV_537","ASV_1256",0.661547183446446,0.00031679072533275,0.0321585621933918,"Positive"
"ASV_584","ASV_1256",0.661547183446446,0.00031679072533275,0.0321585621933918,"Positive"
"ASV_638","ASV_1256",1,0,0,"Positive"
"ASV_698","ASV_1256",0.721687836487032,4.66433315420289e-05,0.00694002724637873,"Positive"
"ASV_824","ASV_1256",0.661547183446446,0.00031679072533275,0.0321585621933918,"Positive"
"ASV_1026","ASV_1256",0.661547183446446,0.00031679072533275,0.0321585621933918,"Positive"
"ASV_1119","ASV_1256",0.721687836487032,4.66433315420289e-05,0.00694002724637873,"Positive"
"ASV_35","ASV_1257",0.661547183446446,0.00031679072533275,0.0321585621933918,"Positive"
"ASV_59","ASV_1257",1,0,0,"Positive"
"ASV_60","ASV_1257",0.661547183446446,0.00031679072533275,0.0321585621933918,"Positive"
"ASV_66","ASV_1257",0.721687836487032,4.66433315420289e-05,0.00694002724637873,"Positive"
"ASV_86","ASV_1257",1,0,0,"Positive"
"ASV_104","ASV_1257",0.661547183446446,0.00031679072533275,0.0321585621933918,"Positive"
"ASV_122","ASV_1257",1,0,0,"Positive"
"ASV_195","ASV_1257",1,0,0,"Positive"
"ASV_208","ASV_1257",1,0,0,"Positive"
"ASV_225","ASV_1257",1,0,0,"Positive"
"ASV_231","ASV_1257",1,0,0,"Positive"
"ASV_336","ASV_1257",1,0,0,"Positive"
"ASV_373","ASV_1257",1,0,0,"Positive"
"ASV_413","ASV_1257",1,0,0,"Positive"
"ASV_429","ASV_1257",1,0,0,"Positive"
"ASV_552","ASV_1257",1,0,0,"Positive"
"ASV_639","ASV_1257",1,0,0,"Positive"
"ASV_701","ASV_1257",1,0,0,"Positive"
"ASV_730","ASV_1257",1,0,0,"Positive"
"ASV_752","ASV_1257",1,0,0,"Positive"
"ASV_786","ASV_1257",1,0,0,"Positive"
"ASV_792","ASV_1257",1,0,0,"Positive"
"ASV_822","ASV_1257",1,0,0,"Positive"
"ASV_823","ASV_1257",1,0,0,"Positive"
"ASV_919","ASV_1257",0.721687836487032,4.66433315420289e-05,0.00694002724637873,"Positive"
"ASV_976","ASV_1257",1,0,0,"Positive"
"ASV_982","ASV_1257",1,0,0,"Positive"
"ASV_1027","ASV_1257",1,0,0,"Positive"
"ASV_1034","ASV_1257",0.721687836487032,4.66433315420289e-05,0.00694002724637873,"Positive"
"ASV_1036","ASV_1257",0.721687836487032,4.66433315420289e-05,0.00694002724637873,"Positive"
"ASV_1097","ASV_1257",1,0,0,"Positive"
"ASV_1110","ASV_1257",0.661547183446446,0.00031679072533275,0.0321585621933918,"Positive"
"ASV_1112","ASV_1257",1,0,0,"Positive"
"ASV_1137","ASV_1257",1,0,0,"Positive"
"ASV_1158","ASV_1257",1,0,0,"Positive"
"ASV_1171","ASV_1257",0.721687836487032,4.66433315420289e-05,0.00694002724637873,"Positive"
"ASV_1197","ASV_1257",0.721687836487032,4.66433315420289e-05,0.00694002724637873,"Positive"
"ASV_1201","ASV_1257",1,0,0,"Positive"
"ASV_125","ASV_1262",0.675249561061326,0.000212714913036649,0.0300381372550667,"Positive"
"ASV_938","ASV_1262",0.668087961176764,0.000262599832825394,0.0321585621933918,"Positive"
"ASV_358","ASV_1263",0.675934948491713,0.000208407155178669,0.0296464624276608,"Positive"
"ASV_1142","ASV_1263",0.695130401187414,0.000114923127108479,0.0166571041738034,"Positive"
"ASV_18","ASV_1269",0.793034445797206,2.2720323489267e-06,0.000588259570950068,"Positive"
"ASV_1103","ASV_1269",0.645958986731001,0.000486809324075299,0.0481991398891499,"Positive"
"ASV_29","ASV_1271",0.661547183446446,0.00031679072533275,0.0321585621933918,"Positive"
"ASV_73","ASV_1271",0.675724628517346,0.000209720858997731,0.0296464624276608,"Positive"
"ASV_124","ASV_1271",0.661547183446446,0.00031679072533275,0.0321585621933918,"Positive"
"ASV_233","ASV_1271",0.721687836487032,4.66433315420289e-05,0.00694002724637873,"Positive"
"ASV_239","ASV_1271",0.661547183446446,0.00031679072533275,0.0321585621933918,"Positive"
"ASV_292","ASV_1271",0.721687836487032,4.66433315420289e-05,0.00694002724637873,"Positive"
"ASV_411","ASV_1271",0.721687836487032,4.66433315420289e-05,0.00694002724637873,"Positive"
"ASV_490","ASV_1271",0.67060550254373,0.000244009900656206,0.0321585621933918,"Positive"
"ASV_543","ASV_1271",0.721687836487032,4.66433315420289e-05,0.00694002724637873,"Positive"
"ASV_647","ASV_1271",0.721687836487032,4.66433315420289e-05,0.00694002724637873,"Positive"
"ASV_843","ASV_1271",0.721687836487032,4.66433315420289e-05,0.00694002724637873,"Positive"
"ASV_908","ASV_1271",0.721687836487032,4.66433315420289e-05,0.00694002724637873,"Positive"
"ASV_1041","ASV_1271",0.721687836487032,4.66433315420289e-05,0.00694002724637873,"Positive"
"ASV_1091","ASV_1271",0.661547183446446,0.00031679072533275,0.0321585621933918,"Positive"
"ASV_1207","ASV_1271",0.721687836487032,4.66433315420289e-05,0.00694002724637873,"Positive"
"ASV_44","ASV_1278",1,0,0,"Positive"
"ASV_66","ASV_1278",0.661547183446446,0.00031679072533275,0.0321585621933918,"Positive"
"ASV_395","ASV_1278",0.661547183446446,0.00031679072533275,0.0321585621933918,"Positive"
"ASV_461","ASV_1278",1,0,0,"Positive"
"ASV_966","ASV_1278",0.661547183446446,0.00031679072533275,0.0321585621933918,"Positive"
"ASV_1043","ASV_1278",0.661547183446446,0.00031679072533275,0.0321585621933918,"Positive"
"ASV_723","ASV_1279",0.680940892641737,0.000179190854704858,0.0257089658746713,"Positive"
"ASV_35","ASV_1283",0.661547183446446,0.00031679072533275,0.0321585621933918,"Positive"
"ASV_59","ASV_1283",1,0,0,"Positive"
"ASV_60","ASV_1283",0.661547183446446,0.00031679072533275,0.0321585621933918,"Positive"
"ASV_66","ASV_1283",0.721687836487032,4.66433315420289e-05,0.00694002724637873,"Positive"
"ASV_86","ASV_1283",1,0,0,"Positive"
"ASV_104","ASV_1283",0.661547183446446,0.00031679072533275,0.0321585621933918,"Positive"
"ASV_122","ASV_1283",1,0,0,"Positive"
"ASV_195","ASV_1283",1,0,0,"Positive"
"ASV_208","ASV_1283",1,0,0,"Positive"
"ASV_225","ASV_1283",1,0,0,"Positive"
"ASV_231","ASV_1283",1,0,0,"Positive"
"ASV_336","ASV_1283",1,0,0,"Positive"
"ASV_373","ASV_1283",1,0,0,"Positive"
"ASV_413","ASV_1283",1,0,0,"Positive"
"ASV_429","ASV_1283",1,0,0,"Positive"
"ASV_552","ASV_1283",1,0,0,"Positive"
"ASV_639","ASV_1283",1,0,0,"Positive"
"ASV_701","ASV_1283",1,0,0,"Positive"
"ASV_730","ASV_1283",1,0,0,"Positive"
"ASV_752","ASV_1283",1,0,0,"Positive"
"ASV_786","ASV_1283",1,0,0,"Positive"
"ASV_792","ASV_1283",1,0,0,"Positive"
"ASV_822","ASV_1283",1,0,0,"Positive"
"ASV_823","ASV_1283",1,0,0,"Positive"
"ASV_919","ASV_1283",0.721687836487032,4.66433315420289e-05,0.00694002724637873,"Positive"
"ASV_976","ASV_1283",1,0,0,"Positive"
"ASV_982","ASV_1283",1,0,0,"Positive"
"ASV_1027","ASV_1283",1,0,0,"Positive"
"ASV_1034","ASV_1283",0.721687836487032,4.66433315420289e-05,0.00694002724637873,"Positive"
"ASV_1036","ASV_1283",0.721687836487032,4.66433315420289e-05,0.00694002724637873,"Positive"
"ASV_1097","ASV_1283",1,0,0,"Positive"
"ASV_1110","ASV_1283",0.661547183446446,0.00031679072533275,0.0321585621933918,"Positive"
"ASV_1112","ASV_1283",1,0,0,"Positive"
"ASV_1137","ASV_1283",1,0,0,"Positive"
"ASV_1158","ASV_1283",1,0,0,"Positive"
"ASV_1171","ASV_1283",0.721687836487032,4.66433315420289e-05,0.00694002724637873,"Positive"
"ASV_1197","ASV_1283",0.721687836487032,4.66433315420289e-05,0.00694002724637873,"Positive"
"ASV_1201","ASV_1283",1,0,0,"Positive"
"ASV_1257","ASV_1283",1,0,0,"Positive"
"ASV_408","ASV_1290",0.650717008512254,0.000428059859642005,0.0427600486083013,"Positive"
"ASV_661","ASV_1290",0.87794970512576,8.13611755745569e-09,2.26339722879908e-06,"Positive"
"ASV_12","ASV_1291",0.661547183446446,0.00031679072533275,0.0321585621933918,"Positive"
"ASV_305","ASV_1291",0.661547183446446,0.00031679072533275,0.0321585621933918,"Positive"
"ASV_782","ASV_1291",1,0,0,"Positive"
"ASV_793","ASV_1291",1,0,0,"Positive"
"ASV_1141","ASV_1291",0.661547183446446,0.00031679072533275,0.0321585621933918,"Positive"
"ASV_40","ASV_1292",0.721687836487032,4.66433315420289e-05,0.00694002724637873,"Positive"
"ASV_131","ASV_1292",0.661547183446446,0.00031679072533275,0.0321585621933918,"Positive"
"ASV_178","ASV_1292",0.661547183446446,0.00031679072533275,0.0321585621933918,"Positive"
"ASV_246","ASV_1292",0.721687836487032,4.66433315420289e-05,0.00694002724637873,"Positive"
"ASV_560","ASV_1292",0.721687836487032,4.66433315420289e-05,0.00694002724637873,"Positive"
"ASV_798","ASV_1292",0.721687836487032,4.66433315420289e-05,0.00694002724637873,"Positive"
"ASV_806","ASV_1292",0.661547183446446,0.00031679072533275,0.0321585621933918,"Positive"
"ASV_1146","ASV_1292",0.661547183446446,0.00031679072533275,0.0321585621933918,"Positive"
"ASV_1215","ASV_1292",0.721687836487032,4.66433315420289e-05,0.00694002724637873,"Positive"
"ASV_1247","ASV_1292",0.701320258385428,9.39399897812443e-05,0.0136821280947711,"Positive"
"ASV_275","ASV_1295",0.685912295298579,0.000153789316619912,0.0221828513958387,"Positive"
"ASV_690","ASV_1295",0.705757946329628,8.10468792620256e-05,0.0119139355394299,"Positive"
"ASV_907","ASV_1296",0.681132075471698,0.000178150036877156,0.0256416905138366,"Positive"
"ASV_1142","ASV_1296",0.652830188679245,0.000404011353569933,0.0406901902789971,"Positive"
"ASV_350","ASV_1298",0.910141935084689,2.83057799421726e-10,7.92358602291759e-08,"Positive"
"ASV_1012","ASV_1298",0.648993254847321,0.000448588861436061,0.0447277013357214,"Positive"
"ASV_96","ASV_1302",0.664452108326823,0.000291626375344745,0.0321585621933918,"Positive"
"ASV_150","ASV_1306",0.798823018394266,1.69058985477477e-06,0.00044369489504665,"Positive"
"ASV_228","ASV_1306",0.721687836487032,4.66433315420289e-05,0.00694002724637873,"Positive"
"ASV_318","ASV_1306",0.721687836487032,4.66433315420289e-05,0.00694002724637873,"Positive"
"ASV_388","ASV_1306",0.721687836487032,4.66433315420289e-05,0.00694002724637873,"Positive"
"ASV_390","ASV_1306",0.721687836487032,4.66433315420289e-05,0.00694002724637873,"Positive"
"ASV_458","ASV_1306",0.721687836487032,4.66433315420289e-05,0.00694002724637873,"Positive"
"ASV_698","ASV_1306",0.721687836487032,4.66433315420289e-05,0.00694002724637873,"Positive"
"ASV_782","ASV_1306",0.661547183446446,0.00031679072533275,0.0321585621933918,"Positive"
"ASV_793","ASV_1306",0.661547183446446,0.00031679072533275,0.0321585621933918,"Positive"
"ASV_1119","ASV_1306",0.721687836487032,4.66433315420289e-05,0.00694002724637873,"Positive"
"ASV_1291","ASV_1306",0.661547183446446,0.00031679072533275,0.0321585621933918,"Positive"
"ASV_57","ASV_1308",1,0,0,"Positive"
"ASV_81","ASV_1308",1,0,0,"Positive"
"ASV_189","ASV_1308",1,0,0,"Positive"
"ASV_549","ASV_1308",0.721687836487032,4.66433315420289e-05,0.00694002724637873,"Positive"
"ASV_577","ASV_1308",1,0,0,"Positive"
"ASV_906","ASV_1308",1,0,0,"Positive"
"ASV_1067","ASV_1308",1,0,0,"Positive"
"ASV_35","ASV_1314",0.661547183446446,0.00031679072533275,0.0321585621933918,"Positive"
"ASV_59","ASV_1314",1,0,0,"Positive"
"ASV_60","ASV_1314",0.661547183446446,0.00031679072533275,0.0321585621933918,"Positive"
"ASV_66","ASV_1314",0.721687836487032,4.66433315420289e-05,0.00694002724637873,"Positive"
"ASV_86","ASV_1314",1,0,0,"Positive"
"ASV_104","ASV_1314",0.661547183446446,0.00031679072533275,0.0321585621933918,"Positive"
"ASV_122","ASV_1314",1,0,0,"Positive"
"ASV_195","ASV_1314",1,0,0,"Positive"
"ASV_208","ASV_1314",1,0,0,"Positive"
"ASV_225","ASV_1314",1,0,0,"Positive"
"ASV_231","ASV_1314",1,0,0,"Positive"
"ASV_336","ASV_1314",1,0,0,"Positive"
"ASV_373","ASV_1314",1,0,0,"Positive"
"ASV_413","ASV_1314",1,0,0,"Positive"
"ASV_429","ASV_1314",1,0,0,"Positive"
"ASV_552","ASV_1314",1,0,0,"Positive"
"ASV_639","ASV_1314",1,0,0,"Positive"
"ASV_701","ASV_1314",1,0,0,"Positive"
"ASV_730","ASV_1314",1,0,0,"Positive"
"ASV_752","ASV_1314",1,0,0,"Positive"
"ASV_786","ASV_1314",1,0,0,"Positive"
"ASV_792","ASV_1314",1,0,0,"Positive"
"ASV_822","ASV_1314",1,0,0,"Positive"
"ASV_823","ASV_1314",1,0,0,"Positive"
"ASV_919","ASV_1314",0.721687836487032,4.66433315420289e-05,0.00694002724637873,"Positive"
"ASV_976","ASV_1314",1,0,0,"Positive"
"ASV_982","ASV_1314",1,0,0,"Positive"
"ASV_1027","ASV_1314",1,0,0,"Positive"
"ASV_1034","ASV_1314",0.721687836487032,4.66433315420289e-05,0.00694002724637873,"Positive"
"ASV_1036","ASV_1314",0.721687836487032,4.66433315420289e-05,0.00694002724637873,"Positive"
"ASV_1097","ASV_1314",1,0,0,"Positive"
"ASV_1110","ASV_1314",0.661547183446446,0.00031679072533275,0.0321585621933918,"Positive"
"ASV_1112","ASV_1314",1,0,0,"Positive"
"ASV_1137","ASV_1314",1,0,0,"Positive"
"ASV_1158","ASV_1314",1,0,0,"Positive"
"ASV_1171","ASV_1314",0.721687836487032,4.66433315420289e-05,0.00694002724637873,"Positive"
"ASV_1197","ASV_1314",0.721687836487032,4.66433315420289e-05,0.00694002724637873,"Positive"
"ASV_1201","ASV_1314",1,0,0,"Positive"
"ASV_1257","ASV_1314",1,0,0,"Positive"
"ASV_1283","ASV_1314",1,0,0,"Positive"
"ASV_29","ASV_1318",0.721687836487032,4.66433315420289e-05,0.00694002724637873,"Positive"
"ASV_124","ASV_1318",0.721687836487032,4.66433315420289e-05,0.00694002724637873,"Positive"
"ASV_228","ASV_1318",0.661547183446446,0.00031679072533275,0.0321585621933918,"Positive"
"ASV_239","ASV_1318",0.721687836487032,4.66433315420289e-05,0.00694002724637873,"Positive"
"ASV_318","ASV_1318",0.661547183446446,0.00031679072533275,0.0321585621933918,"Positive"
"ASV_339","ASV_1318",0.793034445797206,2.2720323489267e-06,0.000588259570950068,"Positive"
"ASV_388","ASV_1318",0.661547183446446,0.00031679072533275,0.0321585621933918,"Positive"
"ASV_390","ASV_1318",0.661547183446446,0.00031679072533275,0.0321585621933918,"Positive"
"ASV_458","ASV_1318",0.661547183446446,0.00031679072533275,0.0321585621933918,"Positive"
"ASV_490","ASV_1318",0.734594577213933,2.89895827321196e-05,0.00694002724637873,"Positive"
"ASV_698","ASV_1318",0.661547183446446,0.00031679072533275,0.0321585621933918,"Positive"
"ASV_928","ASV_1318",0.706439384359044,7.92117046166663e-05,0.0116696713420778,"Positive"
"ASV_1091","ASV_1318",0.721687836487032,4.66433315420289e-05,0.00694002724637873,"Positive"
"ASV_1119","ASV_1318",0.661547183446446,0.00031679072533275,0.0321585621933918,"Positive"
"ASV_8","ASV_1319",0.721687836487032,4.66433315420289e-05,0.00694002724637873,"Positive"
"ASV_129","ASV_1319",0.661547183446446,0.00031679072533275,0.0321585621933918,"Positive"
"ASV_157","ASV_1319",0.721687836487032,4.66433315420289e-05,0.00694002724637873,"Positive"
"ASV_765","ASV_1319",0.721687836487032,4.66433315420289e-05,0.00694002724637873,"Positive"
"ASV_1060","ASV_1319",0.661547183446446,0.00031679072533275,0.0321585621933918,"Positive"
"ASV_1115","ASV_1319",0.721687836487032,4.66433315420289e-05,0.00694002724637873,"Positive"
"ASV_1147","ASV_1319",0.661547183446446,0.00031679072533275,0.0321585621933918,"Positive"
"ASV_1174","ASV_1319",0.721687836487032,4.66433315420289e-05,0.00694002724637873,"Positive"
"ASV_76","ASV_1322",0.650784077201447,0.000427277898436884,0.0427136583933128,"Positive"
"ASV_80","ASV_1322",0.645958986731001,0.000486809324075299,0.0481991398891499,"Positive"
"ASV_104","ASV_1322",0.830660167678096,2.75515047887254e-07,7.4116578547198e-05,"Positive"
"ASV_664","ASV_1322",0.758303010214847,1.12368643558902e-05,0.00277579441436399,"Positive"
"ASV_801","ASV_1322",0.680940892641737,0.000179190854704858,0.0257089658746713,"Positive"
"ASV_691","ASV_1323",0.701320258385428,9.39399897812443e-05,0.0136821280947711,"Positive"
"ASV_1043","ASV_1323",0.737154140200741,2.62960636661091e-05,0.00638441370296362,"Positive"
"ASV_1319","ASV_1323",0.675724628517346,0.000209720858997731,0.0296464624276608,"Positive"
"ASV_29","ASV_1324",0.661547183446446,0.00031679072533275,0.0321585621933918,"Positive"
"ASV_124","ASV_1324",0.661547183446446,0.00031679072533275,0.0321585621933918,"Positive"
"ASV_239","ASV_1324",0.661547183446446,0.00031679072533275,0.0321585621933918,"Positive"
"ASV_606","ASV_1324",0.737154140200741,2.62960636661091e-05,0.00638441370296362,"Positive"
"ASV_782","ASV_1324",0.721687836487032,4.66433315420289e-05,0.00694002724637873,"Positive"
"ASV_793","ASV_1324",0.721687836487032,4.66433315420289e-05,0.00694002724637873,"Positive"
"ASV_1091","ASV_1324",0.661547183446446,0.00031679072533275,0.0321585621933918,"Positive"
"ASV_1291","ASV_1324",0.721687836487032,4.66433315420289e-05,0.00694002724637873,"Positive"
"ASV_8","ASV_1328",0.661547183446446,0.00031679072533275,0.0321585621933918,"Positive"
"ASV_157","ASV_1328",0.661547183446446,0.00031679072533275,0.0321585621933918,"Positive"
"ASV_233","ASV_1328",0.721687836487032,4.66433315420289e-05,0.00694002724637873,"Positive"
"ASV_292","ASV_1328",0.721687836487032,4.66433315420289e-05,0.00694002724637873,"Positive"
"ASV_347","ASV_1328",0.758303010214847,1.12368643558902e-05,0.00277579441436399,"Positive"
"ASV_411","ASV_1328",0.721687836487032,4.66433315420289e-05,0.00694002724637873,"Positive"
"ASV_543","ASV_1328",0.721687836487032,4.66433315420289e-05,0.00694002724637873,"Positive"
"ASV_647","ASV_1328",0.721687836487032,4.66433315420289e-05,0.00694002724637873,"Positive"
"ASV_765","ASV_1328",0.661547183446446,0.00031679072533275,0.0321585621933918,"Positive"
"ASV_843","ASV_1328",0.721687836487032,4.66433315420289e-05,0.00694002724637873,"Positive"
"ASV_908","ASV_1328",0.721687836487032,4.66433315420289e-05,0.00694002724637873,"Positive"
"ASV_1012","ASV_1328",0.673456239919576,0.000224356587562813,0.0314837715059258,"Positive"
"ASV_1041","ASV_1328",0.721687836487032,4.66433315420289e-05,0.00694002724637873,"Positive"
"ASV_1084","ASV_1328",0.673456239919576,0.000224356587562813,0.0314837715059258,"Positive"
"ASV_1115","ASV_1328",0.661547183446446,0.00031679072533275,0.0321585621933918,"Positive"
"ASV_1174","ASV_1328",0.661547183446446,0.00031679072533275,0.0321585621933918,"Positive"
"ASV_1199","ASV_1328",0.793034445797206,2.2720323489267e-06,0.000588259570950068,"Positive"
"ASV_1207","ASV_1328",0.721687836487032,4.66433315420289e-05,0.00694002724637873,"Positive"
"ASV_1298","ASV_1328",0.675724628517346,0.000209720858997731,0.0296464624276608,"Positive"
"ASV_472","ASV_1332",0.721687836487032,4.66433315420289e-05,0.00694002724637873,"Positive"
"ASV_771","ASV_1332",0.721687836487032,4.66433315420289e-05,0.00694002724637873,"Positive"
"ASV_912","ASV_1332",0.721687836487032,4.66433315420289e-05,0.00694002724637873,"Positive"
"ASV_966","ASV_1332",0.721687836487032,4.66433315420289e-05,0.00694002724637873,"Positive"
"ASV_1068","ASV_1332",1,0,0,"Positive"
"ASV_31","ASV_1333",0.661547183446446,0.00031679072533275,0.0321585621933918,"Positive"
"ASV_96","ASV_1333",0.758303010214847,1.12368643558902e-05,0.00277579441436399,"Positive"
"ASV_123","ASV_1333",0.721687836487032,4.66433315420289e-05,0.00694002724637873,"Positive"
"ASV_563","ASV_1333",0.673456239919576,0.000224356587562813,0.0314837715059258,"Positive"
"ASV_587","ASV_1333",0.661547183446446,0.00031679072533275,0.0321585621933918,"Positive"
"ASV_800","ASV_1333",0.721687836487032,4.66433315420289e-05,0.00694002724637873,"Positive"
"ASV_960","ASV_1333",0.661547183446446,0.00031679072533275,0.0321585621933918,"Positive"
"ASV_1004","ASV_1333",0.661547183446446,0.00031679072533275,0.0321585621933918,"Positive"
"ASV_1039","ASV_1333",0.798823018394266,1.69058985477477e-06,0.00044369489504665,"Positive"
"ASV_31","ASV_1334",0.721687836487032,4.66433315420289e-05,0.00694002724637873,"Positive"
"ASV_129","ASV_1334",0.661547183446446,0.00031679072533275,0.0321585621933918,"Positive"
"ASV_587","ASV_1334",0.721687836487032,4.66433315420289e-05,0.00694002724637873,"Positive"
"ASV_960","ASV_1334",0.721687836487032,4.66433315420289e-05,0.00694002724637873,"Positive"
"ASV_1004","ASV_1334",0.721687836487032,4.66433315420289e-05,0.00694002724637873,"Positive"
"ASV_1060","ASV_1334",0.661547183446446,0.00031679072533275,0.0321585621933918,"Positive"
"ASV_1147","ASV_1334",0.661547183446446,0.00031679072533275,0.0321585621933918,"Positive"
"ASV_8","ASV_1346",0.661547183446446,0.00031679072533275,0.0321585621933918,"Positive"
"ASV_131","ASV_1346",0.721687836487032,4.66433315420289e-05,0.00694002724637873,"Positive"
"ASV_157","ASV_1346",0.661547183446446,0.00031679072533275,0.0321585621933918,"Positive"
"ASV_178","ASV_1346",0.721687836487032,4.66433315420289e-05,0.00694002724637873,"Positive"
"ASV_765","ASV_1346",0.661547183446446,0.00031679072533275,0.0321585621933918,"Positive"
"ASV_806","ASV_1346",0.721687836487032,4.66433315420289e-05,0.00694002724637873,"Positive"
"ASV_1115","ASV_1346",0.661547183446446,0.00031679072533275,0.0321585621933918,"Positive"
"ASV_1146","ASV_1346",0.721687836487032,4.66433315420289e-05,0.00694002724637873,"Positive"
"ASV_1174","ASV_1346",0.661547183446446,0.00031679072533275,0.0321585621933918,"Positive"
"ASV_76","ASV_1347",0.761197296513377,9.9366573746984e-06,0.00249121168408666,"Positive"
"ASV_131","ASV_1347",0.721687836487032,4.66433315420289e-05,0.00694002724637873,"Positive"
"ASV_178","ASV_1347",0.721687836487032,4.66433315420289e-05,0.00694002724637873,"Positive"
"ASV_233","ASV_1347",0.661547183446446,0.00031679072533275,0.0321585621933918,"Positive"
"ASV_292","ASV_1347",0.661547183446446,0.00031679072533275,0.0321585621933918,"Positive"
"ASV_304","ASV_1347",0.830660167678096,2.75515047887254e-07,7.4116578547198e-05,"Positive"
"ASV_397","ASV_1347",0.833554453976626,2.29396379891611e-07,6.24596655374718e-05,"Positive"
"ASV_411","ASV_1347",0.661547183446446,0.00031679072533275,0.0321585621933918,"Positive"
"ASV_543","ASV_1347",0.661547183446446,0.00031679072533275,0.0321585621933918,"Positive"
"ASV_647","ASV_1347",0.661547183446446,0.00031679072533275,0.0321585621933918,"Positive"
"ASV_806","ASV_1347",0.721687836487032,4.66433315420289e-05,0.00694002724637873,"Positive"
"ASV_843","ASV_1347",0.661547183446446,0.00031679072533275,0.0321585621933918,"Positive"
"ASV_908","ASV_1347",0.661547183446446,0.00031679072533275,0.0321585621933918,"Positive"
"ASV_945","ASV_1347",0.645395563256261,0.00049420931259414,0.0488239961036586,"Positive"
"ASV_1041","ASV_1347",0.661547183446446,0.00031679072533275,0.0321585621933918,"Positive"
"ASV_1146","ASV_1347",0.721687836487032,4.66433315420289e-05,0.00694002724637873,"Positive"
"ASV_1207","ASV_1347",0.661547183446446,0.00031679072533275,0.0321585621933918,"Positive"
"ASV_1298","ASV_1347",0.701320258385428,9.39399897812443e-05,0.0136821280947711,"Positive"
"ASV_35","ASV_1348",0.661547183446446,0.00031679072533275,0.0321585621933918,"Positive"
"ASV_59","ASV_1348",1,0,0,"Positive"
"ASV_60","ASV_1348",0.661547183446446,0.00031679072533275,0.0321585621933918,"Positive"
"ASV_66","ASV_1348",0.721687836487032,4.66433315420289e-05,0.00694002724637873,"Positive"
"ASV_86","ASV_1348",1,0,0,"Positive"
"ASV_104","ASV_1348",0.661547183446446,0.00031679072533275,0.0321585621933918,"Positive"
"ASV_122","ASV_1348",1,0,0,"Positive"
"ASV_195","ASV_1348",1,0,0,"Positive"
"ASV_208","ASV_1348",1,0,0,"Positive"
"ASV_225","ASV_1348",1,0,0,"Positive"
"ASV_231","ASV_1348",1,0,0,"Positive"
"ASV_336","ASV_1348",1,0,0,"Positive"
"ASV_373","ASV_1348",1,0,0,"Positive"
"ASV_413","ASV_1348",1,0,0,"Positive"
"ASV_429","ASV_1348",1,0,0,"Positive"
"ASV_552","ASV_1348",1,0,0,"Positive"
"ASV_639","ASV_1348",1,0,0,"Positive"
"ASV_701","ASV_1348",1,0,0,"Positive"
"ASV_730","ASV_1348",1,0,0,"Positive"
"ASV_752","ASV_1348",1,0,0,"Positive"
"ASV_786","ASV_1348",1,0,0,"Positive"
"ASV_792","ASV_1348",1,0,0,"Positive"
"ASV_822","ASV_1348",1,0,0,"Positive"
"ASV_823","ASV_1348",1,0,0,"Positive"
"ASV_919","ASV_1348",0.721687836487032,4.66433315420289e-05,0.00694002724637873,"Positive"
"ASV_976","ASV_1348",1,0,0,"Positive"
"ASV_982","ASV_1348",1,0,0,"Positive"
"ASV_1027","ASV_1348",1,0,0,"Positive"
"ASV_1034","ASV_1348",0.721687836487032,4.66433315420289e-05,0.00694002724637873,"Positive"
"ASV_1036","ASV_1348",0.721687836487032,4.66433315420289e-05,0.00694002724637873,"Positive"
"ASV_1097","ASV_1348",1,0,0,"Positive"
"ASV_1110","ASV_1348",0.661547183446446,0.00031679072533275,0.0321585621933918,"Positive"
"ASV_1112","ASV_1348",1,0,0,"Positive"
"ASV_1137","ASV_1348",1,0,0,"Positive"
"ASV_1158","ASV_1348",1,0,0,"Positive"
"ASV_1171","ASV_1348",0.721687836487032,4.66433315420289e-05,0.00694002724637873,"Positive"
"ASV_1197","ASV_1348",0.721687836487032,4.66433315420289e-05,0.00694002724637873,"Positive"
"ASV_1201","ASV_1348",1,0,0,"Positive"
"ASV_1257","ASV_1348",1,0,0,"Positive"
"ASV_1283","ASV_1348",1,0,0,"Positive"
"ASV_1314","ASV_1348",1,0,0,"Positive"
"ASV_679","ASV_1354",0.725562698877825,4.05484994514538e-05,0.00694002724637873,"Positive"
"ASV_57","ASV_1357",0.721687836487032,4.66433315420289e-05,0.00694002724637873,"Positive"
"ASV_81","ASV_1357",0.721687836487032,4.66433315420289e-05,0.00694002724637873,"Positive"
"ASV_121","ASV_1357",0.661547183446446,0.00031679072533275,0.0321585621933918,"Positive"
"ASV_189","ASV_1357",0.721687836487032,4.66433315420289e-05,0.00694002724637873,"Positive"
"ASV_272","ASV_1357",0.661547183446446,0.00031679072533275,0.0321585621933918,"Positive"
"ASV_284","ASV_1357",0.706439384359044,7.92117046166663e-05,0.0116696713420778,"Positive"
"ASV_433","ASV_1357",0.661547183446446,0.00031679072533275,0.0321585621933918,"Positive"
"ASV_537","ASV_1357",0.661547183446446,0.00031679072533275,0.0321585621933918,"Positive"
"ASV_577","ASV_1357",0.721687836487032,4.66433315420289e-05,0.00694002724637873,"Positive"
"ASV_584","ASV_1357",0.661547183446446,0.00031679072533275,0.0321585621933918,"Positive"
"ASV_824","ASV_1357",0.661547183446446,0.00031679072533275,0.0321585621933918,"Positive"
"ASV_906","ASV_1357",0.721687836487032,4.66433315420289e-05,0.00694002724637873,"Positive"
"ASV_1026","ASV_1357",0.661547183446446,0.00031679072533275,0.0321585621933918,"Positive"
"ASV_1067","ASV_1357",0.721687836487032,4.66433315420289e-05,0.00694002724637873,"Positive"
"ASV_1135","ASV_1357",0.673456239919576,0.000224356587562813,0.0314837715059258,"Positive"
"ASV_1308","ASV_1357",0.721687836487032,4.66433315420289e-05,0.00694002724637873,"Positive"
"ASV_153","ASV_1375",0.661547183446446,0.00031679072533275,0.0321585621933918,"Positive"
"ASV_291","ASV_1375",0.721687836487032,4.66433315420289e-05,0.00694002724637873,"Positive"
"ASV_294","ASV_1375",0.721687836487032,4.66433315420289e-05,0.00694002724637873,"Positive"
"ASV_531","ASV_1375",0.661547183446446,0.00031679072533275,0.0321585621933918,"Positive"
"ASV_619","ASV_1375",0.721687836487032,4.66433315420289e-05,0.00694002724637873,"Positive"
"ASV_640","ASV_1375",0.661547183446446,0.00031679072533275,0.0321585621933918,"Positive"
"ASV_791","ASV_1375",0.721687836487032,4.66433315420289e-05,0.00694002724637873,"Positive"
"ASV_814","ASV_1375",0.661547183446446,0.00031679072533275,0.0321585621933918,"Positive"
"ASV_893","ASV_1375",0.661547183446446,0.00031679072533275,0.0321585621933918,"Positive"
"ASV_904","ASV_1375",0.721687836487032,4.66433315420289e-05,0.00694002724637873,"Positive"
"ASV_977","ASV_1375",0.661547183446446,0.00031679072533275,0.0321585621933918,"Positive"
"ASV_999","ASV_1375",0.721687836487032,4.66433315420289e-05,0.00694002724637873,"Positive"
"ASV_1169","ASV_1375",0.661547183446446,0.00031679072533275,0.0321585621933918,"Positive"
"ASV_1190","ASV_1375",0.793034445797206,2.2720323489267e-06,0.000588259570950068,"Positive"
"ASV_1191","ASV_1375",0.661547183446446,0.00031679072533275,0.0321585621933918,"Positive"
"ASV_18","ASV_1376",0.661547183446446,0.00031679072533275,0.0321585621933918,"Positive"
"ASV_35","ASV_1376",0.721687836487032,4.66433315420289e-05,0.00694002724637873,"Positive"
"ASV_60","ASV_1376",0.721687836487032,4.66433315420289e-05,0.00694002724637873,"Positive"
"ASV_228","ASV_1376",1,0,0,"Positive"
"ASV_318","ASV_1376",1,0,0,"Positive"
"ASV_388","ASV_1376",1,0,0,"Positive"
"ASV_390","ASV_1376",1,0,0,"Positive"
"ASV_458","ASV_1376",1,0,0,"Positive"
"ASV_498","ASV_1376",0.721687836487032,4.66433315420289e-05,0.00694002724637873,"Positive"
"ASV_638","ASV_1376",0.721687836487032,4.66433315420289e-05,0.00694002724637873,"Positive"
"ASV_698","ASV_1376",1,0,0,"Positive"
"ASV_1119","ASV_1376",1,0,0,"Positive"
"ASV_1256","ASV_1376",0.721687836487032,4.66433315420289e-05,0.00694002724637873,"Positive"
"ASV_1306","ASV_1376",0.721687836487032,4.66433315420289e-05,0.00694002724637873,"Positive"
"ASV_1318","ASV_1376",0.661547183446446,0.00031679072533275,0.0321585621933918,"Positive"
"ASV_836","ASV_1380",0.737154140200741,2.62960636661091e-05,0.00638441370296362,"Positive"
"ASV_291","ASV_1392",0.721687836487032,4.66433315420289e-05,0.00694002724637873,"Positive"
"ASV_294","ASV_1392",0.721687836487032,4.66433315420289e-05,0.00694002724637873,"Positive"
"ASV_305","ASV_1392",1,0,0,"Positive"
"ASV_619","ASV_1392",0.721687836487032,4.66433315420289e-05,0.00694002724637873,"Positive"
"ASV_782","ASV_1392",0.661547183446446,0.00031679072533275,0.0321585621933918,"Positive"
"ASV_791","ASV_1392",0.721687836487032,4.66433315420289e-05,0.00694002724637873,"Positive"
"ASV_793","ASV_1392",0.661547183446446,0.00031679072533275,0.0321585621933918,"Positive"
"ASV_901","ASV_1392",0.758303010214847,1.12368643558902e-05,0.00277579441436399,"Positive"
"ASV_904","ASV_1392",0.721687836487032,4.66433315420289e-05,0.00694002724637873,"Positive"
"ASV_999","ASV_1392",0.721687836487032,4.66433315420289e-05,0.00694002724637873,"Positive"
"ASV_1291","ASV_1392",0.661547183446446,0.00031679072533275,0.0321585621933918,"Positive"
"ASV_44","ASV_1395",0.721687836487032,4.66433315420289e-05,0.00694002724637873,"Positive"
"ASV_59","ASV_1395",0.661547183446446,0.00031679072533275,0.0321585621933918,"Positive"
"ASV_66","ASV_1395",0.996527777777778,0,0,"Positive"
"ASV_68","ASV_1395",0.671117850197633,0.000240370739857054,0.0321585621933918,"Positive"
"ASV_80","ASV_1395",0.758303010214847,1.12368643558902e-05,0.00277579441436399,"Positive"
"ASV_86","ASV_1395",0.661547183446446,0.00031679072533275,0.0321585621933918,"Positive"
"ASV_122","ASV_1395",0.661547183446446,0.00031679072533275,0.0321585621933918,"Positive"
"ASV_195","ASV_1395",0.661547183446446,0.00031679072533275,0.0321585621933918,"Positive"
"ASV_208","ASV_1395",0.661547183446446,0.00031679072533275,0.0321585621933918,"Positive"
"ASV_225","ASV_1395",0.661547183446446,0.00031679072533275,0.0321585621933918,"Positive"
"ASV_231","ASV_1395",0.661547183446446,0.00031679072533275,0.0321585621933918,"Positive"
"ASV_336","ASV_1395",0.661547183446446,0.00031679072533275,0.0321585621933918,"Positive"
"ASV_373","ASV_1395",0.661547183446446,0.00031679072533275,0.0321585621933918,"Positive"
"ASV_401","ASV_1395",0.761197296513377,9.9366573746984e-06,0.00249121168408666,"Positive"
"ASV_413","ASV_1395",0.661547183446446,0.00031679072533275,0.0321585621933918,"Positive"
"ASV_429","ASV_1395",0.661547183446446,0.00031679072533275,0.0321585621933918,"Positive"
"ASV_461","ASV_1395",0.721687836487032,4.66433315420289e-05,0.00694002724637873,"Positive"
"ASV_552","ASV_1395",0.661547183446446,0.00031679072533275,0.0321585621933918,"Positive"
"ASV_639","ASV_1395",0.661547183446446,0.00031679072533275,0.0321585621933918,"Positive"
"ASV_701","ASV_1395",0.661547183446446,0.00031679072533275,0.0321585621933918,"Positive"
"ASV_730","ASV_1395",0.661547183446446,0.00031679072533275,0.0321585621933918,"Positive"
"ASV_752","ASV_1395",0.661547183446446,0.00031679072533275,0.0321585621933918,"Positive"
"ASV_786","ASV_1395",0.661547183446446,0.00031679072533275,0.0321585621933918,"Positive"
"ASV_792","ASV_1395",0.661547183446446,0.00031679072533275,0.0321585621933918,"Positive"
"ASV_822","ASV_1395",0.661547183446446,0.00031679072533275,0.0321585621933918,"Positive"
"ASV_823","ASV_1395",0.661547183446446,0.00031679072533275,0.0321585621933918,"Positive"
"ASV_976","ASV_1395",0.661547183446446,0.00031679072533275,0.0321585621933918,"Positive"
"ASV_982","ASV_1395",0.661547183446446,0.00031679072533275,0.0321585621933918,"Positive"
"ASV_1027","ASV_1395",0.661547183446446,0.00031679072533275,0.0321585621933918,"Positive"
"ASV_1097","ASV_1395",0.661547183446446,0.00031679072533275,0.0321585621933918,"Positive"
"ASV_1112","ASV_1395",0.661547183446446,0.00031679072533275,0.0321585621933918,"Positive"
"ASV_1137","ASV_1395",0.661547183446446,0.00031679072533275,0.0321585621933918,"Positive"
"ASV_1158","ASV_1395",0.661547183446446,0.00031679072533275,0.0321585621933918,"Positive"
"ASV_1201","ASV_1395",0.661547183446446,0.00031679072533275,0.0321585621933918,"Positive"
"ASV_1257","ASV_1395",0.661547183446446,0.00031679072533275,0.0321585621933918,"Positive"
"ASV_1278","ASV_1395",0.721687836487032,4.66433315420289e-05,0.00694002724637873,"Positive"
"ASV_1283","ASV_1395",0.661547183446446,0.00031679072533275,0.0321585621933918,"Positive"
"ASV_1314","ASV_1395",0.661547183446446,0.00031679072533275,0.0321585621933918,"Positive"
"ASV_1348","ASV_1395",0.661547183446446,0.00031679072533275,0.0321585621933918,"Positive"
"ASV_90","ASV_1399",1,0,0,"Positive"
"ASV_205","ASV_1399",0.721687836487032,4.66433315420289e-05,0.00694002724637873,"Positive"
"ASV_266","ASV_1399",0.721687836487032,4.66433315420289e-05,0.00694002724637873,"Positive"
"ASV_454","ASV_1399",1,0,0,"Positive"
"ASV_517","ASV_1399",1,0,0,"Positive"
"ASV_526","ASV_1399",1,0,0,"Positive"
"ASV_567","ASV_1399",0.661547183446446,0.00031679072533275,0.0321585621933918,"Positive"
"ASV_691","ASV_1399",0.721687836487032,4.66433315420289e-05,0.00694002724637873,"Positive"
"ASV_852","ASV_1399",0.661547183446446,0.00031679072533275,0.0321585621933918,"Positive"
"ASV_958","ASV_1399",0.721687836487032,4.66433315420289e-05,0.00694002724637873,"Positive"
"ASV_1009","ASV_1399",0.661547183446446,0.00031679072533275,0.0321585621933918,"Positive"
"ASV_1131","ASV_1399",1,0,0,"Positive"
"ASV_1143","ASV_1399",1,0,0,"Positive"
"ASV_1189","ASV_1399",1,0,0,"Positive"
"ASV_522","ASV_1402",0.698992710401268,0.000101397272523229,0.0147522886310148,"Positive"
"ASV_664","ASV_1402",0.761197296513377,9.9366573746984e-06,0.00249121168408666,"Positive"
"ASV_885","ASV_1402",0.757254552713116,1.1743869173575e-05,0.00289306775664155,"Positive"
"ASV_917","ASV_1402",0.645958986731001,0.000486809324075299,0.0481991398891499,"Positive"
"ASV_271","ASV_1403",1,0,0,"Positive"
"ASV_395","ASV_1403",0.721687836487032,4.66433315420289e-05,0.00694002724637873,"Positive"
"ASV_483","ASV_1403",1,0,0,"Positive"
"ASV_535","ASV_1403",0.721687836487032,4.66433315420289e-05,0.00694002724637873,"Positive"
"ASV_809","ASV_1403",1,0,0,"Positive"
"ASV_835","ASV_1403",0.721687836487032,4.66433315420289e-05,0.00694002724637873,"Positive"
"ASV_919","ASV_1403",0.661547183446446,0.00031679072533275,0.0321585621933918,"Positive"
"ASV_1011","ASV_1403",1,0,0,"Positive"
"ASV_1136","ASV_1403",0.661547183446446,0.00031679072533275,0.0321585621933918,"Positive"
"ASV_57","ASV_1407",1,0,0,"Positive"
"ASV_81","ASV_1407",1,0,0,"Positive"
"ASV_189","ASV_1407",1,0,0,"Positive"
"ASV_549","ASV_1407",0.721687836487032,4.66433315420289e-05,0.00694002724637873,"Positive"
"ASV_577","ASV_1407",1,0,0,"Positive"
"ASV_906","ASV_1407",1,0,0,"Positive"
"ASV_1067","ASV_1407",1,0,0,"Positive"
"ASV_1308","ASV_1407",1,0,0,"Positive"
"ASV_1357","ASV_1407",0.721687836487032,4.66433315420289e-05,0.00694002724637873,"Positive"
"ASV_153","ASV_1408",1,0,0,"Positive"
"ASV_474","ASV_1408",0.661547183446446,0.00031679072533275,0.0321585621933918,"Positive"
"ASV_531","ASV_1408",1,0,0,"Positive"
"ASV_640","ASV_1408",1,0,0,"Positive"
"ASV_814","ASV_1408",1,0,0,"Positive"
"ASV_893","ASV_1408",1,0,0,"Positive"
"ASV_977","ASV_1408",1,0,0,"Positive"
"ASV_1169","ASV_1408",1,0,0,"Positive"
"ASV_1191","ASV_1408",1,0,0,"Positive"
"ASV_1255","ASV_1408",0.661547183446446,0.00031679072533275,0.0321585621933918,"Positive"
"ASV_1375","ASV_1408",0.661547183446446,0.00031679072533275,0.0321585621933918,"Positive"
"ASV_121","ASV_1411",1,0,0,"Positive"
"ASV_172","ASV_1411",0.661547183446446,0.00031679072533275,0.0321585621933918,"Positive"
"ASV_272","ASV_1411",1,0,0,"Positive"
"ASV_372","ASV_1411",0.661547183446446,0.00031679072533275,0.0321585621933918,"Positive"
"ASV_433","ASV_1411",1,0,0,"Positive"
"ASV_506","ASV_1411",0.721687836487032,4.66433315420289e-05,0.00694002724637873,"Positive"
"ASV_537","ASV_1411",1,0,0,"Positive"
"ASV_584","ASV_1411",1,0,0,"Positive"
"ASV_638","ASV_1411",0.661547183446446,0.00031679072533275,0.0321585621933918,"Positive"
"ASV_665","ASV_1411",0.721687836487032,4.66433315420289e-05,0.00694002724637873,"Positive"
"ASV_709","ASV_1411",0.661547183446446,0.00031679072533275,0.0321585621933918,"Positive"
"ASV_771","ASV_1411",0.661547183446446,0.00031679072533275,0.0321585621933918,"Positive"
"ASV_824","ASV_1411",1,0,0,"Positive"
"ASV_1023","ASV_1411",0.721687836487032,4.66433315420289e-05,0.00694002724637873,"Positive"
"ASV_1026","ASV_1411",1,0,0,"Positive"
"ASV_1256","ASV_1411",0.661547183446446,0.00031679072533275,0.0321585621933918,"Positive"
"ASV_1357","ASV_1411",0.661547183446446,0.00031679072533275,0.0321585621933918,"Positive"
"ASV_328","ASV_1413",0.680940892641737,0.000179190854704858,0.0257089658746713,"Positive"
"ASV_549","ASV_1413",0.798823018394266,1.69058985477477e-06,0.00044369489504665,"Positive"
"ASV_196","ASV_1415",1,0,0,"Positive"
"ASV_308","ASV_1415",1,0,0,"Positive"
"ASV_441","ASV_1415",0.661547183446446,0.00031679072533275,0.0321585621933918,"Positive"
"ASV_670","ASV_1415",0.661547183446446,0.00031679072533275,0.0321585621933918,"Positive"
"ASV_834","ASV_1415",1,0,0,"Positive"
"ASV_912","ASV_1415",0.661547183446446,0.00031679072533275,0.0321585621933918,"Positive"
"ASV_958","ASV_1415",0.661547183446446,0.00031679072533275,0.0321585621933918,"Positive"
"ASV_172","ASV_1416",0.721687836487032,4.66433315420289e-05,0.00694002724637873,"Positive"
"ASV_291","ASV_1416",1,0,0,"Positive"
"ASV_294","ASV_1416",1,0,0,"Positive"
"ASV_305","ASV_1416",0.721687836487032,4.66433315420289e-05,0.00694002724637873,"Positive"
"ASV_506","ASV_1416",0.661547183446446,0.00031679072533275,0.0321585621933918,"Positive"
"ASV_521","ASV_1416",0.661547183446446,0.00031679072533275,0.0321585621933918,"Positive"
"ASV_549","ASV_1416",0.661547183446446,0.00031679072533275,0.0321585621933918,"Positive"
"ASV_559","ASV_1416",0.721687836487032,4.66433315420289e-05,0.00694002724637873,"Positive"
"ASV_619","ASV_1416",1,0,0,"Positive"
"ASV_746","ASV_1416",0.661547183446446,0.00031679072533275,0.0321585621933918,"Positive"
"ASV_791","ASV_1416",1,0,0,"Positive"
"ASV_861","ASV_1416",0.661547183446446,0.00031679072533275,0.0321585621933918,"Positive"
"ASV_904","ASV_1416",1,0,0,"Positive"
"ASV_999","ASV_1416",1,0,0,"Positive"
"ASV_1122","ASV_1416",0.661547183446446,0.00031679072533275,0.0321585621933918,"Positive"
"ASV_1136","ASV_1416",0.721687836487032,4.66433315420289e-05,0.00694002724637873,"Positive"
"ASV_1375","ASV_1416",0.721687836487032,4.66433315420289e-05,0.00694002724637873,"Positive"
"ASV_1392","ASV_1416",0.721687836487032,4.66433315420289e-05,0.00694002724637873,"Positive"
"ASV_40","ASV_1417",1,0,0,"Positive"
"ASV_246","ASV_1417",1,0,0,"Positive"
"ASV_439","ASV_1417",0.721687836487032,4.66433315420289e-05,0.00694002724637873,"Positive"
"ASV_560","ASV_1417",1,0,0,"Positive"
"ASV_798","ASV_1417",1,0,0,"Positive"
"ASV_905","ASV_1417",0.661547183446446,0.00031679072533275,0.0321585621933918,"Positive"
"ASV_1034","ASV_1417",0.661547183446446,0.00031679072533275,0.0321585621933918,"Positive"
"ASV_1215","ASV_1417",1,0,0,"Positive"
"ASV_1255","ASV_1417",0.721687836487032,4.66433315420289e-05,0.00694002724637873,"Positive"
"ASV_1292","ASV_1417",0.721687836487032,4.66433315420289e-05,0.00694002724637873,"Positive"
"ASV_222","ASV_1421",0.734839038282741,2.87221909831548e-05,0.00694002724637873,"Positive"
"ASV_476","ASV_1421",0.661121618114508,0.000320631760573065,0.0325239330857921,"Positive"
"ASV_891","ASV_1421",0.87794970512576,8.13611755745569e-09,2.26339722879908e-06,"Positive"
"ASV_136","ASV_1422",0.734839038282741,2.87221909831548e-05,0.00694002724637873,"Positive"
"ASV_144","ASV_1422",0.688639589140783,0.000141242015375909,0.0203948769717062,"Positive"
"ASV_121","ASV_1423",1,0,0,"Positive"
"ASV_172","ASV_1423",0.661547183446446,0.00031679072533275,0.0321585621933918,"Positive"
"ASV_272","ASV_1423",1,0,0,"Positive"
"ASV_372","ASV_1423",0.661547183446446,0.00031679072533275,0.0321585621933918,"Positive"
"ASV_433","ASV_1423",1,0,0,"Positive"
"ASV_506","ASV_1423",0.721687836487032,4.66433315420289e-05,0.00694002724637873,"Positive"
"ASV_537","ASV_1423",1,0,0,"Positive"
"ASV_584","ASV_1423",1,0,0,"Positive"
"ASV_638","ASV_1423",0.661547183446446,0.00031679072533275,0.0321585621933918,"Positive"
"ASV_665","ASV_1423",0.721687836487032,4.66433315420289e-05,0.00694002724637873,"Positive"
"ASV_709","ASV_1423",0.661547183446446,0.00031679072533275,0.0321585621933918,"Positive"
"ASV_771","ASV_1423",0.661547183446446,0.00031679072533275,0.0321585621933918,"Positive"
"ASV_824","ASV_1423",1,0,0,"Positive"
"ASV_1023","ASV_1423",0.721687836487032,4.66433315420289e-05,0.00694002724637873,"Positive"
"ASV_1026","ASV_1423",1,0,0,"Positive"
"ASV_1256","ASV_1423",0.661547183446446,0.00031679072533275,0.0321585621933918,"Positive"
"ASV_1357","ASV_1423",0.661547183446446,0.00031679072533275,0.0321585621933918,"Positive"
"ASV_1411","ASV_1423",1,0,0,"Positive"
"ASV_44","ASV_1426",1,0,0,"Positive"
"ASV_66","ASV_1426",0.661547183446446,0.00031679072533275,0.0321585621933918,"Positive"
"ASV_395","ASV_1426",0.661547183446446,0.00031679072533275,0.0321585621933918,"Positive"
"ASV_461","ASV_1426",1,0,0,"Positive"
"ASV_966","ASV_1426",0.661547183446446,0.00031679072533275,0.0321585621933918,"Positive"
"ASV_1043","ASV_1426",0.661547183446446,0.00031679072533275,0.0321585621933918,"Positive"
"ASV_1278","ASV_1426",1,0,0,"Positive"
"ASV_1395","ASV_1426",0.721687836487032,4.66433315420289e-05,0.00694002724637873,"Positive"
"ASV_12","ASV_1430",0.661547183446446,0.00031679072533275,0.0321585621933918,"Positive"
"ASV_305","ASV_1430",0.661547183446446,0.00031679072533275,0.0321585621933918,"Positive"
"ASV_782","ASV_1430",1,0,0,"Positive"
"ASV_793","ASV_1430",1,0,0,"Positive"
"ASV_1141","ASV_1430",0.661547183446446,0.00031679072533275,0.0321585621933918,"Positive"
"ASV_1291","ASV_1430",1,0,0,"Positive"
"ASV_1306","ASV_1430",0.661547183446446,0.00031679072533275,0.0321585621933918,"Positive"
"ASV_1324","ASV_1430",0.721687836487032,4.66433315420289e-05,0.00694002724637873,"Positive"
"ASV_1392","ASV_1430",0.661547183446446,0.00031679072533275,0.0321585621933918,"Positive"
"ASV_37","ASV_1431",0.661547183446446,0.00031679072533275,0.0321585621933918,"Positive"
"ASV_91","ASV_1431",0.661547183446446,0.00031679072533275,0.0321585621933918,"Positive"
"ASV_399","ASV_1431",1,0,0,"Positive"
"ASV_535","ASV_1431",0.661547183446446,0.00031679072533275,0.0321585621933918,"Positive"
"ASV_777","ASV_1431",1,0,0,"Positive"
"ASV_1029","ASV_1431",0.721687836487032,4.66433315420289e-05,0.00694002724637873,"Positive"
"ASV_1168","ASV_1431",0.721687836487032,4.66433315420289e-05,0.00694002724637873,"Positive"
"ASV_40","ASV_1432",0.661547183446446,0.00031679072533275,0.0321585621933918,"Positive"
"ASV_246","ASV_1432",0.661547183446446,0.00031679072533275,0.0321585621933918,"Positive"
"ASV_404","ASV_1432",0.721687836487032,4.66433315420289e-05,0.00694002724637873,"Positive"
"ASV_467","ASV_1432",0.721687836487032,4.66433315420289e-05,0.00694002724637873,"Positive"
"ASV_560","ASV_1432",0.661547183446446,0.00031679072533275,0.0321585621933918,"Positive"
"ASV_596","ASV_1432",0.721687836487032,4.66433315420289e-05,0.00694002724637873,"Positive"
"ASV_720","ASV_1432",0.721687836487032,4.66433315420289e-05,0.00694002724637873,"Positive"
"ASV_798","ASV_1432",0.661547183446446,0.00031679072533275,0.0321585621933918,"Positive"
"ASV_891","ASV_1432",0.737154140200741,2.62960636661091e-05,0.00638441370296362,"Positive"
"ASV_922","ASV_1432",0.673165065530538,0.00022629841296995,0.0316242921410177,"Positive"
"ASV_1185","ASV_1432",0.721687836487032,4.66433315420289e-05,0.00694002724637873,"Positive"
"ASV_1215","ASV_1432",0.661547183446446,0.00031679072533275,0.0321585621933918,"Positive"
"ASV_1417","ASV_1432",0.661547183446446,0.00031679072533275,0.0321585621933918,"Positive"
"ASV_1421","ASV_1432",0.761197296513377,9.9366573746984e-06,0.00249121168408666,"Positive"
"ASV_160","ASV_1434",0.673427810266378,0.000224545539599941,0.0314938582655473,"Positive"
"ASV_118","ASV_1435",0.67060550254373,0.000244009900656206,0.0321585621933918,"Positive"
"ASV_291","ASV_1435",0.661547183446446,0.00031679072533275,0.0321585621933918,"Positive"
"ASV_294","ASV_1435",0.661547183446446,0.00031679072533275,0.0321585621933918,"Positive"
"ASV_404","ASV_1435",0.721687836487032,4.66433315420289e-05,0.00694002724637873,"Positive"
"ASV_467","ASV_1435",0.721687836487032,4.66433315420289e-05,0.00694002724637873,"Positive"
"ASV_596","ASV_1435",0.721687836487032,4.66433315420289e-05,0.00694002724637873,"Positive"
"ASV_619","ASV_1435",0.661547183446446,0.00031679072533275,0.0321585621933918,"Positive"
"ASV_720","ASV_1435",0.721687836487032,4.66433315420289e-05,0.00694002724637873,"Positive"
"ASV_791","ASV_1435",0.661547183446446,0.00031679072533275,0.0321585621933918,"Positive"
"ASV_904","ASV_1435",0.661547183446446,0.00031679072533275,0.0321585621933918,"Positive"
"ASV_978","ASV_1435",0.798823018394266,1.69058985477477e-06,0.00044369489504665,"Positive"
"ASV_999","ASV_1435",0.661547183446446,0.00031679072533275,0.0321585621933918,"Positive"
"ASV_1185","ASV_1435",0.721687836487032,4.66433315420289e-05,0.00694002724637873,"Positive"
"ASV_1416","ASV_1435",0.661547183446446,0.00031679072533275,0.0321585621933918,"Positive"
"ASV_131","ASV_1437",1,0,0,"Positive"
"ASV_178","ASV_1437",1,0,0,"Positive"
"ASV_498","ASV_1437",0.661547183446446,0.00031679072533275,0.0321585621933918,"Positive"
"ASV_664","ASV_1437",0.721687836487032,4.66433315420289e-05,0.00694002724637873,"Positive"
"ASV_806","ASV_1437",1,0,0,"Positive"
"ASV_1009","ASV_1437",0.721687836487032,4.66433315420289e-05,0.00694002724637873,"Positive"
"ASV_1146","ASV_1437",1,0,0,"Positive"
"ASV_1292","ASV_1437",0.661547183446446,0.00031679072533275,0.0321585621933918,"Positive"
"ASV_1346","ASV_1437",0.721687836487032,4.66433315420289e-05,0.00694002724637873,"Positive"
"ASV_1347","ASV_1437",0.721687836487032,4.66433315420289e-05,0.00694002724637873,"Positive"
"ASV_709","ASV_1439",0.675724628517346,0.000209720858997731,0.0296464624276608,"Positive"
"ASV_990","ASV_1439",0.734464849933704,2.91323708059288e-05,0.00694002724637873,"Positive"
"ASV_1222","ASV_1439",0.707298985890913,7.69489360945563e-05,0.0113861992561786,"Positive"
"ASV_304","ASV_1440",0.882216775381536,5.5222568740021e-09,1.5394278175463e-06,"Positive"
"ASV_1347","ASV_1440",0.701320258385428,9.39399897812443e-05,0.0136821280947711,"Positive"
"ASV_131","ASV_1441",1,0,0,"Positive"
"ASV_178","ASV_1441",1,0,0,"Positive"
"ASV_498","ASV_1441",0.661547183446446,0.00031679072533275,0.0321585621933918,"Positive"
"ASV_664","ASV_1441",0.721687836487032,4.66433315420289e-05,0.00694002724637873,"Positive"
"ASV_806","ASV_1441",1,0,0,"Positive"
"ASV_1009","ASV_1441",0.721687836487032,4.66433315420289e-05,0.00694002724637873,"Positive"
"ASV_1146","ASV_1441",1,0,0,"Positive"
"ASV_1292","ASV_1441",0.661547183446446,0.00031679072533275,0.0321585621933918,"Positive"
"ASV_1346","ASV_1441",0.721687836487032,4.66433315420289e-05,0.00694002724637873,"Positive"
"ASV_1347","ASV_1441",0.721687836487032,4.66433315420289e-05,0.00694002724637873,"Positive"
"ASV_1437","ASV_1441",1,0,0,"Positive"
"ASV_91","ASV_1447",0.721687836487032,4.66433315420289e-05,0.00694002724637873,"Positive"
"ASV_123","ASV_1447",1,0,0,"Positive"
"ASV_218","ASV_1447",0.721687836487032,4.66433315420289e-05,0.00694002724637873,"Positive"
"ASV_789","ASV_1447",0.661547183446446,0.00031679072533275,0.0321585621933918,"Positive"
"ASV_800","ASV_1447",1,0,0,"Positive"
"ASV_1333","ASV_1447",0.721687836487032,4.66433315420289e-05,0.00694002724637873,"Positive"
"ASV_12","ASV_1448",0.721687836487032,4.66433315420289e-05,0.00694002724637873,"Positive"
"ASV_439","ASV_1448",0.661547183446446,0.00031679072533275,0.0321585621933918,"Positive"
"ASV_557","ASV_1448",1,0,0,"Positive"
"ASV_567","ASV_1448",0.721687836487032,4.66433315420289e-05,0.00694002724637873,"Positive"
"ASV_618","ASV_1448",0.661547183446446,0.00031679072533275,0.0321585621933918,"Positive"
"ASV_717","ASV_1448",0.721687836487032,4.66433315420289e-05,0.00694002724637873,"Positive"
"ASV_746","ASV_1448",0.721687836487032,4.66433315420289e-05,0.00694002724637873,"Positive"
"ASV_898","ASV_1448",0.661547183446446,0.00031679072533275,0.0321585621933918,"Positive"
"ASV_911","ASV_1448",1,0,0,"Positive"
"ASV_967","ASV_1448",0.721687836487032,4.66433315420289e-05,0.00694002724637873,"Positive"
"ASV_8","ASV_1451",0.721687836487032,4.66433315420289e-05,0.00694002724637873,"Positive"
"ASV_157","ASV_1451",0.721687836487032,4.66433315420289e-05,0.00694002724637873,"Positive"
"ASV_228","ASV_1451",0.661547183446446,0.00031679072533275,0.0321585621933918,"Positive"
"ASV_318","ASV_1451",0.661547183446446,0.00031679072533275,0.0321585621933918,"Positive"
"ASV_388","ASV_1451",0.661547183446446,0.00031679072533275,0.0321585621933918,"Positive"
"ASV_390","ASV_1451",0.661547183446446,0.00031679072533275,0.0321585621933918,"Positive"
"ASV_458","ASV_1451",0.661547183446446,0.00031679072533275,0.0321585621933918,"Positive"
"ASV_698","ASV_1451",0.661547183446446,0.00031679072533275,0.0321585621933918,"Positive"
"ASV_765","ASV_1451",0.721687836487032,4.66433315420289e-05,0.00694002724637873,"Positive"
"ASV_1103","ASV_1451",0.798823018394266,1.69058985477477e-06,0.00044369489504665,"Positive"
"ASV_1115","ASV_1451",0.721687836487032,4.66433315420289e-05,0.00694002724637873,"Positive"
"ASV_1119","ASV_1451",0.661547183446446,0.00031679072533275,0.0321585621933918,"Positive"
"ASV_1174","ASV_1451",0.721687836487032,4.66433315420289e-05,0.00694002724637873,"Positive"
"ASV_1269","ASV_1451",0.830660167678096,2.75515047887254e-07,7.4116578547198e-05,"Positive"
"ASV_1294","ASV_1451",0.761197296513377,9.9366573746984e-06,0.00249121168408666,"Positive"
"ASV_1376","ASV_1451",0.661547183446446,0.00031679072533275,0.0321585621933918,"Positive"
"ASV_1438","ASV_1451",0.701320258385428,9.39399897812443e-05,0.0136821280947711,"Positive"
"ASV_579","ASV_1452",0.648458840201975,0.000455124790219585,0.0453625694485961,"Positive"
"ASV_1294","ASV_1452",0.751712576725421,1.47764757305602e-05,0.00363348675754454,"Positive"
"ASV_863","ASV_1457",0.683540335789016,0.000165485252573427,0.0238315595717507,"Positive"
"ASV_8","ASV_1462",0.721687836487032,4.66433315420289e-05,0.00694002724637873,"Positive"
"ASV_153","ASV_1462",0.661547183446446,0.00031679072533275,0.0321585621933918,"Positive"
"ASV_157","ASV_1462",0.721687836487032,4.66433315420289e-05,0.00694002724637873,"Positive"
"ASV_531","ASV_1462",0.661547183446446,0.00031679072533275,0.0321585621933918,"Positive"
"ASV_640","ASV_1462",0.661547183446446,0.00031679072533275,0.0321585621933918,"Positive"
"ASV_765","ASV_1462",0.721687836487032,4.66433315420289e-05,0.00694002724637873,"Positive"
"ASV_814","ASV_1462",0.661547183446446,0.00031679072533275,0.0321585621933918,"Positive"
"ASV_893","ASV_1462",0.661547183446446,0.00031679072533275,0.0321585621933918,"Positive"
"ASV_977","ASV_1462",0.661547183446446,0.00031679072533275,0.0321585621933918,"Positive"
"ASV_1115","ASV_1462",0.721687836487032,4.66433315420289e-05,0.00694002724637873,"Positive"
"ASV_1169","ASV_1462",0.661547183446446,0.00031679072533275,0.0321585621933918,"Positive"
"ASV_1174","ASV_1462",0.721687836487032,4.66433315420289e-05,0.00694002724637873,"Positive"
"ASV_1191","ASV_1462",0.661547183446446,0.00031679072533275,0.0321585621933918,"Positive"
"ASV_1408","ASV_1462",0.661547183446446,0.00031679072533275,0.0321585621933918,"Positive"
"ASV_734","ASV_1463",0.658641547445241,0.000343834092788153,0.0347987784556185,"Positive"
"ASV_1141","ASV_1463",0.734594577213933,2.89895827321196e-05,0.00694002724637873,"Positive"
"ASV_57","ASV_1464",0.661547183446446,0.00031679072533275,0.0321585621933918,"Positive"
"ASV_81","ASV_1464",0.661547183446446,0.00031679072533275,0.0321585621933918,"Positive"
"ASV_156","ASV_1464",0.67060550254373,0.000244009900656206,0.0321585621933918,"Positive"
"ASV_189","ASV_1464",0.661547183446446,0.00031679072533275,0.0321585621933918,"Positive"
"ASV_196","ASV_1464",0.721687836487032,4.66433315420289e-05,0.00694002724637873,"Positive"
"ASV_279","ASV_1464",0.671117850197633,0.000240370739857054,0.0321585621933918,"Positive"
"ASV_308","ASV_1464",0.721687836487032,4.66433315420289e-05,0.00694002724637873,"Positive"
"ASV_473","ASV_1464",0.798823018394266,1.69058985477477e-06,0.00044369489504665,"Positive"
"ASV_577","ASV_1464",0.661547183446446,0.00031679072533275,0.0321585621933918,"Positive"
"ASV_834","ASV_1464",0.721687836487032,4.66433315420289e-05,0.00694002724637873,"Positive"
"ASV_839","ASV_1464",0.761197296513377,9.9366573746984e-06,0.00249121168408666,"Positive"
"ASV_906","ASV_1464",0.661547183446446,0.00031679072533275,0.0321585621933918,"Positive"
"ASV_1067","ASV_1464",0.661547183446446,0.00031679072533275,0.0321585621933918,"Positive"
"ASV_1134","ASV_1464",0.668045939556922,0.00026292033383557,0.0321585621933918,"Positive"
"ASV_1308","ASV_1464",0.661547183446446,0.00031679072533275,0.0321585621933918,"Positive"
"ASV_1407","ASV_1464",0.661547183446446,0.00031679072533275,0.0321585621933918,"Positive"
"ASV_1415","ASV_1464",0.721687836487032,4.66433315420289e-05,0.00694002724637873,"Positive"
"ASV_723","ASV_1466",0.645958986731001,0.000486809324075299,0.0481991398891499,"Positive"
"ASV_771","ASV_1466",0.830660167678096,2.75515047887254e-07,7.4116578547198e-05,"Positive"
"ASV_305","ASV_1469",0.758303010214847,1.12368643558902e-05,0.00277579441436399,"Positive"
"ASV_710","ASV_1469",0.652336915209398,0.000409517143741045,0.0411830341513728,"Positive"
"ASV_885","ASV_1469",0.761152903048834,9.95554452520864e-06,0.00249130324490316,"Positive"
"ASV_1141","ASV_1469",0.833554453976626,2.29396379891611e-07,6.24596655374718e-05,"Positive"
"ASV_1392","ASV_1469",0.758303010214847,1.12368643558902e-05,0.00277579441436399,"Positive"
"ASV_35","ASV_1476",0.661547183446446,0.00031679072533275,0.0321585621933918,"Positive"
"ASV_59","ASV_1476",1,0,0,"Positive"
"ASV_60","ASV_1476",0.661547183446446,0.00031679072533275,0.0321585621933918,"Positive"
"ASV_66","ASV_1476",0.721687836487032,4.66433315420289e-05,0.00694002724637873,"Positive"
"ASV_86","ASV_1476",1,0,0,"Positive"
"ASV_104","ASV_1476",0.661547183446446,0.00031679072533275,0.0321585621933918,"Positive"
"ASV_122","ASV_1476",1,0,0,"Positive"
"ASV_195","ASV_1476",1,0,0,"Positive"
"ASV_208","ASV_1476",1,0,0,"Positive"
"ASV_225","ASV_1476",1,0,0,"Positive"
"ASV_231","ASV_1476",1,0,0,"Positive"
"ASV_336","ASV_1476",1,0,0,"Positive"
"ASV_373","ASV_1476",1,0,0,"Positive"
"ASV_413","ASV_1476",1,0,0,"Positive"
"ASV_429","ASV_1476",1,0,0,"Positive"
"ASV_552","ASV_1476",1,0,0,"Positive"
"ASV_639","ASV_1476",1,0,0,"Positive"
"ASV_701","ASV_1476",1,0,0,"Positive"
"ASV_730","ASV_1476",1,0,0,"Positive"
"ASV_752","ASV_1476",1,0,0,"Positive"
"ASV_786","ASV_1476",1,0,0,"Positive"
"ASV_792","ASV_1476",1,0,0,"Positive"
"ASV_822","ASV_1476",1,0,0,"Positive"
"ASV_823","ASV_1476",1,0,0,"Positive"
"ASV_919","ASV_1476",0.721687836487032,4.66433315420289e-05,0.00694002724637873,"Positive"
"ASV_976","ASV_1476",1,0,0,"Positive"
"ASV_982","ASV_1476",1,0,0,"Positive"
"ASV_1027","ASV_1476",1,0,0,"Positive"
"ASV_1034","ASV_1476",0.721687836487032,4.66433315420289e-05,0.00694002724637873,"Positive"
"ASV_1036","ASV_1476",0.721687836487032,4.66433315420289e-05,0.00694002724637873,"Positive"
"ASV_1097","ASV_1476",1,0,0,"Positive"
"ASV_1110","ASV_1476",0.661547183446446,0.00031679072533275,0.0321585621933918,"Positive"
"ASV_1112","ASV_1476",1,0,0,"Positive"
"ASV_1137","ASV_1476",1,0,0,"Positive"
"ASV_1158","ASV_1476",1,0,0,"Positive"
"ASV_1171","ASV_1476",0.721687836487032,4.66433315420289e-05,0.00694002724637873,"Positive"
"ASV_1197","ASV_1476",0.721687836487032,4.66433315420289e-05,0.00694002724637873,"Positive"
"ASV_1201","ASV_1476",1,0,0,"Positive"
"ASV_1257","ASV_1476",1,0,0,"Positive"
"ASV_1283","ASV_1476",1,0,0,"Positive"
"ASV_1314","ASV_1476",1,0,0,"Positive"
"ASV_1348","ASV_1476",1,0,0,"Positive"
"ASV_1395","ASV_1476",0.661547183446446,0.00031679072533275,0.0321585621933918,"Positive"
"ASV_121","ASV_1480",1,0,0,"Positive"
"ASV_172","ASV_1480",0.661547183446446,0.00031679072533275,0.0321585621933918,"Positive"
"ASV_272","ASV_1480",1,0,0,"Positive"
"ASV_372","ASV_1480",0.661547183446446,0.00031679072533275,0.0321585621933918,"Positive"
"ASV_433","ASV_1480",1,0,0,"Positive"
"ASV_506","ASV_1480",0.721687836487032,4.66433315420289e-05,0.00694002724637873,"Positive"
"ASV_537","ASV_1480",1,0,0,"Positive"
"ASV_584","ASV_1480",1,0,0,"Positive"
"ASV_638","ASV_1480",0.661547183446446,0.00031679072533275,0.0321585621933918,"Positive"
"ASV_665","ASV_1480",0.721687836487032,4.66433315420289e-05,0.00694002724637873,"Positive"
"ASV_709","ASV_1480",0.661547183446446,0.00031679072533275,0.0321585621933918,"Positive"
"ASV_771","ASV_1480",0.661547183446446,0.00031679072533275,0.0321585621933918,"Positive"
"ASV_824","ASV_1480",1,0,0,"Positive"
"ASV_1023","ASV_1480",0.721687836487032,4.66433315420289e-05,0.00694002724637873,"Positive"
"ASV_1026","ASV_1480",1,0,0,"Positive"
"ASV_1256","ASV_1480",0.661547183446446,0.00031679072533275,0.0321585621933918,"Positive"
"ASV_1357","ASV_1480",0.661547183446446,0.00031679072533275,0.0321585621933918,"Positive"
"ASV_1411","ASV_1480",1,0,0,"Positive"
"ASV_1423","ASV_1480",1,0,0,"Positive"
"ASV_626","ASV_1481",0.652336915209398,0.000409517143741045,0.0411830341513728,"Positive"
"ASV_1084","ASV_1485",0.652130747564387,0.000411837601046461,0.0414009136379333,"Positive"
"ASV_271","ASV_1490",1,0,0,"Positive"
"ASV_395","ASV_1490",0.721687836487032,4.66433315420289e-05,0.00694002724637873,"Positive"
"ASV_483","ASV_1490",1,0,0,"Positive"
"ASV_535","ASV_1490",0.721687836487032,4.66433315420289e-05,0.00694002724637873,"Positive"
"ASV_809","ASV_1490",1,0,0,"Positive"
"ASV_835","ASV_1490",0.721687836487032,4.66433315420289e-05,0.00694002724637873,"Positive"
"ASV_919","ASV_1490",0.661547183446446,0.00031679072533275,0.0321585621933918,"Positive"
"ASV_1011","ASV_1490",1,0,0,"Positive"
"ASV_1136","ASV_1490",0.661547183446446,0.00031679072533275,0.0321585621933918,"Positive"
"ASV_1403","ASV_1490",1,0,0,"Positive"
"ASV_702","ASV_1492",0.704256839715038,8.52220030407302e-05,0.0125140045087281,"Positive"
"ASV_35","ASV_1493",0.661547183446446,0.00031679072533275,0.0321585621933918,"Positive"
"ASV_59","ASV_1493",1,0,0,"Positive"
"ASV_60","ASV_1493",0.661547183446446,0.00031679072533275,0.0321585621933918,"Positive"
"ASV_66","ASV_1493",0.721687836487032,4.66433315420289e-05,0.00694002724637873,"Positive"
"ASV_86","ASV_1493",1,0,0,"Positive"
"ASV_104","ASV_1493",0.661547183446446,0.00031679072533275,0.0321585621933918,"Positive"
"ASV_122","ASV_1493",1,0,0,"Positive"
"ASV_195","ASV_1493",1,0,0,"Positive"
"ASV_208","ASV_1493",1,0,0,"Positive"
"ASV_225","ASV_1493",1,0,0,"Positive"
"ASV_231","ASV_1493",1,0,0,"Positive"
"ASV_336","ASV_1493",1,0,0,"Positive"
"ASV_373","ASV_1493",1,0,0,"Positive"
"ASV_413","ASV_1493",1,0,0,"Positive"
"ASV_429","ASV_1493",1,0,0,"Positive"
"ASV_552","ASV_1493",1,0,0,"Positive"
"ASV_639","ASV_1493",1,0,0,"Positive"
"ASV_701","ASV_1493",1,0,0,"Positive"
"ASV_730","ASV_1493",1,0,0,"Positive"
"ASV_752","ASV_1493",1,0,0,"Positive"
"ASV_786","ASV_1493",1,0,0,"Positive"
"ASV_792","ASV_1493",1,0,0,"Positive"
"ASV_822","ASV_1493",1,0,0,"Positive"
"ASV_823","ASV_1493",1,0,0,"Positive"
"ASV_919","ASV_1493",0.721687836487032,4.66433315420289e-05,0.00694002724637873,"Positive"
"ASV_976","ASV_1493",1,0,0,"Positive"
"ASV_982","ASV_1493",1,0,0,"Positive"
"ASV_1027","ASV_1493",1,0,0,"Positive"
"ASV_1034","ASV_1493",0.721687836487032,4.66433315420289e-05,0.00694002724637873,"Positive"
"ASV_1036","ASV_1493",0.721687836487032,4.66433315420289e-05,0.00694002724637873,"Positive"
"ASV_1097","ASV_1493",1,0,0,"Positive"
"ASV_1110","ASV_1493",0.661547183446446,0.00031679072533275,0.0321585621933918,"Positive"
"ASV_1112","ASV_1493",1,0,0,"Positive"
"ASV_1137","ASV_1493",1,0,0,"Positive"
"ASV_1158","ASV_1493",1,0,0,"Positive"
"ASV_1171","ASV_1493",0.721687836487032,4.66433315420289e-05,0.00694002724637873,"Positive"
"ASV_1197","ASV_1493",0.721687836487032,4.66433315420289e-05,0.00694002724637873,"Positive"
"ASV_1201","ASV_1493",1,0,0,"Positive"
"ASV_1257","ASV_1493",1,0,0,"Positive"
"ASV_1283","ASV_1493",1,0,0,"Positive"
"ASV_1314","ASV_1493",1,0,0,"Positive"
"ASV_1348","ASV_1493",1,0,0,"Positive"
"ASV_1395","ASV_1493",0.661547183446446,0.00031679072533275,0.0321585621933918,"Positive"
"ASV_1476","ASV_1493",1,0,0,"Positive"
"ASV_29","ASV_1494",1,0,0,"Positive"
"ASV_124","ASV_1494",1,0,0,"Positive"
"ASV_205","ASV_1494",0.661547183446446,0.00031679072533275,0.0321585621933918,"Positive"
"ASV_239","ASV_1494",1,0,0,"Positive"
"ASV_266","ASV_1494",0.661547183446446,0.00031679072533275,0.0321585621933918,"Positive"
"ASV_550","ASV_1494",0.661547183446446,0.00031679072533275,0.0321585621933918,"Positive"
"ASV_670","ASV_1494",0.721687836487032,4.66433315420289e-05,0.00694002724637873,"Positive"
"ASV_821","ASV_1494",0.721687836487032,4.66433315420289e-05,0.00694002724637873,"Positive"
"ASV_835","ASV_1494",0.661547183446446,0.00031679072533275,0.0321585621933918,"Positive"
"ASV_1091","ASV_1494",1,0,0,"Positive"
"ASV_1122","ASV_1494",0.721687836487032,4.66433315420289e-05,0.00694002724637873,"Positive"
"ASV_1271","ASV_1494",0.661547183446446,0.00031679072533275,0.0321585621933918,"Positive"
"ASV_1318","ASV_1494",0.721687836487032,4.66433315420289e-05,0.00694002724637873,"Positive"
"ASV_1324","ASV_1494",0.661547183446446,0.00031679072533275,0.0321585621933918,"Positive"
"ASV_136","ASV_1495",0.650784077201447,0.000427277898436884,0.0427136583933128,"Positive"
"ASV_1255","ASV_1495",0.761197296513377,9.9366573746984e-06,0.00249121168408666,"Positive"
"ASV_131","ASV_1496",1,0,0,"Positive"
"ASV_178","ASV_1496",1,0,0,"Positive"
"ASV_498","ASV_1496",0.661547183446446,0.00031679072533275,0.0321585621933918,"Positive"
"ASV_664","ASV_1496",0.721687836487032,4.66433315420289e-05,0.00694002724637873,"Positive"
"ASV_806","ASV_1496",1,0,0,"Positive"
"ASV_1009","ASV_1496",0.721687836487032,4.66433315420289e-05,0.00694002724637873,"Positive"
"ASV_1146","ASV_1496",1,0,0,"Positive"
"ASV_1292","ASV_1496",0.661547183446446,0.00031679072533275,0.0321585621933918,"Positive"
"ASV_1346","ASV_1496",0.721687836487032,4.66433315420289e-05,0.00694002724637873,"Positive"
"ASV_1347","ASV_1496",0.721687836487032,4.66433315420289e-05,0.00694002724637873,"Positive"
"ASV_1437","ASV_1496",1,0,0,"Positive"
"ASV_1441","ASV_1496",1,0,0,"Positive"
"ASV_474","ASV_1497",0.721687836487032,4.66433315420289e-05,0.00694002724637873,"Positive"
"ASV_559","ASV_1497",0.661547183446446,0.00031679072533275,0.0321585621933918,"Positive"
"ASV_583","ASV_1497",1,0,0,"Positive"
"ASV_816","ASV_1497",1,0,0,"Positive"
"ASV_821","ASV_1497",0.661547183446446,0.00031679072533275,0.0321585621933918,"Positive"
"ASV_861","ASV_1497",0.721687836487032,4.66433315420289e-05,0.00694002724637873,"Positive"
"ASV_940","ASV_1497",1,0,0,"Positive"
"ASV_1023","ASV_1497",0.661547183446446,0.00031679072533275,0.0321585621933918,"Positive"
"ASV_1050","ASV_1497",1,0,0,"Positive"
"ASV_1095","ASV_1497",0.661547183446446,0.00031679072533275,0.0321585621933918,"Positive"
"ASV_40","ASV_1498",1,0,0,"Positive"
"ASV_246","ASV_1498",1,0,0,"Positive"
"ASV_439","ASV_1498",0.721687836487032,4.66433315420289e-05,0.00694002724637873,"Positive"
"ASV_560","ASV_1498",1,0,0,"Positive"
"ASV_798","ASV_1498",1,0,0,"Positive"
"ASV_905","ASV_1498",0.661547183446446,0.00031679072533275,0.0321585621933918,"Positive"
"ASV_1034","ASV_1498",0.661547183446446,0.00031679072533275,0.0321585621933918,"Positive"
"ASV_1215","ASV_1498",1,0,0,"Positive"
"ASV_1255","ASV_1498",0.721687836487032,4.66433315420289e-05,0.00694002724637873,"Positive"
"ASV_1292","ASV_1498",0.721687836487032,4.66433315420289e-05,0.00694002724637873,"Positive"
"ASV_1417","ASV_1498",1,0,0,"Positive"
"ASV_1432","ASV_1498",0.661547183446446,0.00031679072533275,0.0321585621933918,"Positive"
"ASV_18","ASV_1499",0.661547183446446,0.00031679072533275,0.0321585621933918,"Positive"
"ASV_35","ASV_1499",0.721687836487032,4.66433315420289e-05,0.00694002724637873,"Positive"
"ASV_60","ASV_1499",0.721687836487032,4.66433315420289e-05,0.00694002724637873,"Positive"
"ASV_228","ASV_1499",1,0,0,"Positive"
"ASV_318","ASV_1499",1,0,0,"Positive"
"ASV_388","ASV_1499",1,0,0,"Positive"
"ASV_390","ASV_1499",1,0,0,"Positive"
"ASV_458","ASV_1499",1,0,0,"Positive"
"ASV_498","ASV_1499",0.721687836487032,4.66433315420289e-05,0.00694002724637873,"Positive"
"ASV_638","ASV_1499",0.721687836487032,4.66433315420289e-05,0.00694002724637873,"Positive"
"ASV_698","ASV_1499",1,0,0,"Positive"
"ASV_1119","ASV_1499",1,0,0,"Positive"
"ASV_1256","ASV_1499",0.721687836487032,4.66433315420289e-05,0.00694002724637873,"Positive"
"ASV_1306","ASV_1499",0.721687836487032,4.66433315420289e-05,0.00694002724637873,"Positive"
"ASV_1318","ASV_1499",0.661547183446446,0.00031679072533275,0.0321585621933918,"Positive"
"ASV_1376","ASV_1499",1,0,0,"Positive"
"ASV_1451","ASV_1499",0.661547183446446,0.00031679072533275,0.0321585621933918,"Positive"
"ASV_448","ASV_1501",0.66762304349531,0.000266164841901784,0.0321585621933918,"Positive"
"ASV_1462","ASV_1510",0.761197296513377,9.9366573746984e-06,0.00249121168408666,"Positive"
"ASV_683","ASV_1511",0.732889863114882,3.09162147469344e-05,0.00694002724637873,"Positive"
"ASV_1319","ASV_1511",0.761197296513377,9.9366573746984e-06,0.00249121168408666,"Positive"
"ASV_274","ASV_1514",0.645958986731001,0.000486809324075299,0.0481991398891499,"Positive"
"ASV_1023","ASV_1514",0.798823018394266,1.69058985477477e-06,0.00044369489504665,"Positive"
"ASV_196","ASV_1515",1,0,0,"Positive"
"ASV_308","ASV_1515",1,0,0,"Positive"
"ASV_441","ASV_1515",0.661547183446446,0.00031679072533275,0.0321585621933918,"Positive"
"ASV_670","ASV_1515",0.661547183446446,0.00031679072533275,0.0321585621933918,"Positive"
"ASV_834","ASV_1515",1,0,0,"Positive"
"ASV_912","ASV_1515",0.661547183446446,0.00031679072533275,0.0321585621933918,"Positive"
"ASV_958","ASV_1515",0.661547183446446,0.00031679072533275,0.0321585621933918,"Positive"
"ASV_1415","ASV_1515",1,0,0,"Positive"
"ASV_1464","ASV_1515",0.721687836487032,4.66433315420289e-05,0.00694002724637873,"Positive"
"ASV_44","ASV_1516",1,0,0,"Positive"
"ASV_66","ASV_1516",0.661547183446446,0.00031679072533275,0.0321585621933918,"Positive"
"ASV_395","ASV_1516",0.661547183446446,0.00031679072533275,0.0321585621933918,"Positive"
"ASV_461","ASV_1516",1,0,0,"Positive"
"ASV_966","ASV_1516",0.661547183446446,0.00031679072533275,0.0321585621933918,"Positive"
"ASV_1043","ASV_1516",0.661547183446446,0.00031679072533275,0.0321585621933918,"Positive"
"ASV_1278","ASV_1516",1,0,0,"Positive"
"ASV_1395","ASV_1516",0.721687836487032,4.66433315420289e-05,0.00694002724637873,"Positive"
"ASV_1426","ASV_1516",1,0,0,"Positive"
"ASV_40","ASV_1521",0.721687836487032,4.66433315420289e-05,0.00694002724637873,"Positive"
"ASV_233","ASV_1521",0.661547183446446,0.00031679072533275,0.0321585621933918,"Positive"
"ASV_246","ASV_1521",0.721687836487032,4.66433315420289e-05,0.00694002724637873,"Positive"
"ASV_292","ASV_1521",0.661547183446446,0.00031679072533275,0.0321585621933918,"Positive"
"ASV_411","ASV_1521",0.661547183446446,0.00031679072533275,0.0321585621933918,"Positive"
"ASV_543","ASV_1521",0.661547183446446,0.00031679072533275,0.0321585621933918,"Positive"
"ASV_560","ASV_1521",0.721687836487032,4.66433315420289e-05,0.00694002724637873,"Positive"
"ASV_647","ASV_1521",0.661547183446446,0.00031679072533275,0.0321585621933918,"Positive"
"ASV_798","ASV_1521",0.721687836487032,4.66433315420289e-05,0.00694002724637873,"Positive"
"ASV_843","ASV_1521",0.661547183446446,0.00031679072533275,0.0321585621933918,"Positive"
"ASV_907","ASV_1521",0.668045939556922,0.00026292033383557,0.0321585621933918,"Positive"
"ASV_908","ASV_1521",0.661547183446446,0.00031679072533275,0.0321585621933918,"Positive"
"ASV_1041","ASV_1521",0.661547183446446,0.00031679072533275,0.0321585621933918,"Positive"
"ASV_1207","ASV_1521",0.661547183446446,0.00031679072533275,0.0321585621933918,"Positive"
"ASV_1215","ASV_1521",0.721687836487032,4.66433315420289e-05,0.00694002724637873,"Positive"
"ASV_1270","ASV_1521",0.675724628517346,0.000209720858997731,0.0296464624276608,"Positive"
"ASV_1296","ASV_1521",0.668045939556922,0.00026292033383557,0.0321585621933918,"Positive"
"ASV_1417","ASV_1521",0.721687836487032,4.66433315420289e-05,0.00694002724637873,"Positive"
"ASV_1498","ASV_1521",0.721687836487032,4.66433315420289e-05,0.00694002724637873,"Positive"
"ASV_8","ASV_1523",1,0,0,"Positive"
"ASV_157","ASV_1523",1,0,0,"Positive"
"ASV_441","ASV_1523",0.721687836487032,4.66433315420289e-05,0.00694002724637873,"Positive"
"ASV_472","ASV_1523",0.661547183446446,0.00031679072533275,0.0321585621933918,"Positive"
"ASV_665","ASV_1523",0.661547183446446,0.00031679072533275,0.0321585621933918,"Positive"
"ASV_691","ASV_1523",0.661547183446446,0.00031679072533275,0.0321585621933918,"Positive"
"ASV_765","ASV_1523",1,0,0,"Positive"
"ASV_967","ASV_1523",0.661547183446446,0.00031679072533275,0.0321585621933918,"Positive"
"ASV_1043","ASV_1523",0.721687836487032,4.66433315420289e-05,0.00694002724637873,"Positive"
"ASV_1115","ASV_1523",1,0,0,"Positive"
"ASV_1171","ASV_1523",0.661547183446446,0.00031679072533275,0.0321585621933918,"Positive"
"ASV_1174","ASV_1523",1,0,0,"Positive"
"ASV_1319","ASV_1523",0.721687836487032,4.66433315420289e-05,0.00694002724637873,"Positive"
"ASV_1328","ASV_1523",0.661547183446446,0.00031679072533275,0.0321585621933918,"Positive"
"ASV_1346","ASV_1523",0.661547183446446,0.00031679072533275,0.0321585621933918,"Positive"
"ASV_1451","ASV_1523",0.721687836487032,4.66433315420289e-05,0.00694002724637873,"Positive"
"ASV_1462","ASV_1523",0.721687836487032,4.66433315420289e-05,0.00694002724637873,"Positive"
"ASV_153","ASV_1524",1,0,0,"Positive"
"ASV_474","ASV_1524",0.661547183446446,0.00031679072533275,0.0321585621933918,"Positive"
"ASV_531","ASV_1524",1,0,0,"Positive"
"ASV_640","ASV_1524",1,0,0,"Positive"
"ASV_814","ASV_1524",1,0,0,"Positive"
"ASV_893","ASV_1524",1,0,0,"Positive"
"ASV_977","ASV_1524",1,0,0,"Positive"
"ASV_1169","ASV_1524",1,0,0,"Positive"
"ASV_1191","ASV_1524",1,0,0,"Positive"
"ASV_1255","ASV_1524",0.661547183446446,0.00031679072533275,0.0321585621933918,"Positive"
"ASV_1375","ASV_1524",0.661547183446446,0.00031679072533275,0.0321585621933918,"Positive"
"ASV_1408","ASV_1524",1,0,0,"Positive"
"ASV_1462","ASV_1524",0.661547183446446,0.00031679072533275,0.0321585621933918,"Positive"
"ASV_328","ASV_1532",0.80220920808575,1.41586630064694e-06,0.000378988666072969,"Positive"
"ASV_1080","ASV_1532",0.764150943396226,8.74931847061333e-06,0.00223307676574778,"Positive"
"ASV_305","ASV_1534",0.761197296513377,9.9366573746984e-06,0.00249121168408666,"Positive"
"ASV_901","ASV_1534",0.997587454764777,0,0,"Positive"
"ASV_1179","ASV_1534",0.683540335789016,0.000165485252573427,0.0238315595717507,"Positive"
"ASV_1392","ASV_1534",0.761197296513377,9.9366573746984e-06,0.00249121168408666,"Positive"
"ASV_29","ASV_1536",0.721687836487032,4.66433315420289e-05,0.00694002724637873,"Positive"
"ASV_123","ASV_1536",0.661547183446446,0.00031679072533275,0.0321585621933918,"Positive"
"ASV_124","ASV_1536",0.721687836487032,4.66433315420289e-05,0.00694002724637873,"Positive"
"ASV_239","ASV_1536",0.721687836487032,4.66433315420289e-05,0.00694002724637873,"Positive"
"ASV_800","ASV_1536",0.661547183446446,0.00031679072533275,0.0321585621933918,"Positive"
"ASV_975","ASV_1536",0.734594577213933,2.89895827321196e-05,0.00694002724637873,"Positive"
"ASV_1091","ASV_1536",0.721687836487032,4.66433315420289e-05,0.00694002724637873,"Positive"
"ASV_1393","ASV_1536",0.701320258385428,9.39399897812443e-05,0.0136821280947711,"Positive"
"ASV_1447","ASV_1536",0.661547183446446,0.00031679072533275,0.0321585621933918,"Positive"
"ASV_1494","ASV_1536",0.721687836487032,4.66433315420289e-05,0.00694002724637873,"Positive"
