"from","to","rho","p","q","edge_sign"
"ASV_23","ASV_28",-0.657968469294047,0.000191358684103582,0.00871347196894458,"Negative"
"ASV_3","ASV_33",0.616550245031371,0.000615299032519001,0.0272012150176321,"Positive"
"ASV_35","ASV_36",0.652151639344262,0.000227836393568381,0.0103523044281977,"Positive"
"ASV_47","ASV_48",0.614681428039249,0.00064612054658042,0.0284416522682978,"Positive"
"ASV_37","ASV_49",0.665147715805747,0.000153494525760411,0.00699625213424714,"Positive"
"ASV_25","ASV_57",0.616664271355505,0.000613460673911659,0.0271249522358802,"Positive"
"ASV_29","ASV_60",0.720576692122892,2.24538803994534e-05,0.00156051363512379,"Positive"
"ASV_49","ASV_60",0.720576692122892,2.24538803994534e-05,0.00156051363512379,"Positive"
"ASV_6","ASV_61",-0.616545089251384,0.000615382268575715,0.0272012150176321,"Negative"
"ASV_48","ASV_64",0.720576692122892,2.24538803994534e-05,0.00156051363512379,"Positive"
"ASV_57","ASV_64",0.720576692122892,2.24538803994534e-05,0.00156051363512379,"Positive"
"ASV_8","ASV_75",0.665147715805747,0.000153494525760411,0.00699625213424714,"Positive"
"ASV_65","ASV_75",0.720576692122892,2.24538803994534e-05,0.00156051363512379,"Positive"
"ASV_19","ASV_76",0.626408225946918,0.000473009393750612,0.0212030334730934,"Positive"
"ASV_59","ASV_81",0.671758178668325,0.000124640607513715,0.00699625213424714,"Positive"
"ASV_40","ASV_90",0.720576692122892,2.24538803994534e-05,0.00156051363512379,"Positive"
"ASV_14","ASV_91",0.699464136766922,4.90866207640828e-05,0.00336658700563509,"Positive"
"ASV_65","ASV_94",0.732629469939241,1.39156190015477e-05,0.00156051363512379,"Positive"
"ASV_41","ASV_97",0.792517133742832,8.33880536621479e-07,0.000107651211957044,"Positive"
"ASV_8","ASV_98",0.671758178668325,0.000124640607513715,0.00699625213424714,"Positive"
"ASV_65","ASV_98",0.706541773680277,3.8048701537452e-05,0.00262650072680959,"Positive"
"ASV_65","ASV_100",0.665147715805747,0.000153494525760411,0.00699625213424714,"Positive"
"ASV_81","ASV_100",0.720576692122892,2.24538803994534e-05,0.00156051363512379,"Positive"
"ASV_8","ASV_104",0.720576692122892,2.24538803994534e-05,0.00156051363512379,"Positive"
"ASV_31","ASV_104",0.720576692122892,2.24538803994534e-05,0.00156051363512379,"Positive"
"ASV_84","ASV_104",0.665147715805747,0.000153494525760411,0.00699625213424714,"Positive"
"ASV_8","ASV_109",0.671758178668325,0.000124640607513715,0.00699625213424714,"Positive"
"ASV_35","ASV_110",0.8002304995806,5.43241576611564e-07,7.10936547391713e-05,"Positive"
"ASV_62","ASV_110",0.706541773680277,3.8048701537452e-05,0.00262650072680959,"Positive"
"ASV_75","ASV_110",0.720576692122892,2.24538803994534e-05,0.00156051363512379,"Positive"
"ASV_65","ASV_111",0.702193824303783,4.45318073913903e-05,0.00305723135512934,"Positive"
"ASV_32","ASV_117",0.665147715805747,0.000153494525760411,0.00699625213424714,"Positive"
"ASV_24","ASV_118",0.665147715805747,0.000153494525760411,0.00699625213424714,"Positive"
"ASV_32","ASV_118",0.720576692122892,2.24538803994534e-05,0.00156051363512379,"Positive"
"ASV_65","ASV_122",0.665147715805747,0.000153494525760411,0.00699625213424714,"Positive"
"ASV_81","ASV_122",0.720576692122892,2.24538803994534e-05,0.00156051363512379,"Positive"
"ASV_100","ASV_122",1,0,0,"Positive"
"ASV_8","ASV_127",0.665147715805747,0.000153494525760411,0.00699625213424714,"Positive"
"ASV_65","ASV_127",0.720576692122892,2.24538803994534e-05,0.00156051363512379,"Positive"
"ASV_75","ASV_127",1,0,0,"Positive"
"ASV_110","ASV_127",0.720576692122892,2.24538803994534e-05,0.00156051363512379,"Positive"
"ASV_24","ASV_134",0.720576692122892,2.24538803994534e-05,0.00156051363512379,"Positive"
"ASV_36","ASV_137",0.832239719563824,7.36862437733521e-08,9.94947876598897e-06,"Positive"
"ASV_54","ASV_137",0.624019968958515,0.000504535981971088,0.0225942526365653,"Positive"
"ASV_75","ASV_137",0.720576692122892,2.24538803994534e-05,0.00156051363512379,"Positive"
"ASV_98","ASV_137",0.734803444627488,1.27308589377151e-05,0.00156051363512379,"Positive"
"ASV_127","ASV_137",0.720576692122892,2.24538803994534e-05,0.00156051363512379,"Positive"
"ASV_109","ASV_139",0.66372193859885,0.000160439103384036,0.00731037362659643,"Positive"
"ASV_8","ASV_145",0.702193824303783,4.45318073913903e-05,0.00305723135512934,"Positive"
"ASV_109","ASV_145",0.749201277955272,6.90666770575277e-06,0.000867321820626643,"Positive"
"ASV_142","ASV_145",0.615582541802673,0.000631094925250153,0.0278779148089246,"Positive"
"ASV_57","ASV_149",0.600019200921649,0.000938331035804207,0.035870838792321,"Positive"
"ASV_111","ASV_155",0.708568015531204,3.53250782749726e-05,0.0024482724009251,"Positive"
"ASV_150","ASV_157",1,0,0,"Positive"
"ASV_35","ASV_159",0.8002304995806,5.43241576611564e-07,7.10936547391713e-05,"Positive"
"ASV_62","ASV_159",0.706541773680277,3.8048701537452e-05,0.00262650072680959,"Positive"
"ASV_75","ASV_159",0.720576692122892,2.24538803994534e-05,0.00156051363512379,"Positive"
"ASV_110","ASV_159",1,0,0,"Positive"
"ASV_127","ASV_159",0.720576692122892,2.24538803994534e-05,0.00156051363512379,"Positive"
"ASV_117","ASV_161",0.720576692122892,2.24538803994534e-05,0.00156051363512379,"Positive"
"ASV_150","ASV_161",0.665147715805747,0.000153494525760411,0.00699625213424714,"Positive"
"ASV_157","ASV_161",0.665147715805747,0.000153494525760411,0.00699625213424714,"Positive"
"ASV_29","ASV_166",0.720576692122892,2.24538803994534e-05,0.00156051363512379,"Positive"
"ASV_49","ASV_166",0.720576692122892,2.24538803994534e-05,0.00156051363512379,"Positive"
"ASV_60","ASV_166",1,0,0,"Positive"
"ASV_9","ASV_172",0.619324434363904,0.000571910617922944,0.0254465240102109,"Positive"
"ASV_62","ASV_174",0.659744408945687,0.000181298398513885,0.00825673952144402,"Positive"
"ASV_105","ASV_174",0.680511182108626,9.38478710152957e-05,0.00641899929649682,"Positive"
"ASV_110","ASV_174",0.673932153356572,0.00011625979537655,0.00699625213424714,"Positive"
"ASV_159","ASV_174",0.673932153356572,0.00011625979537655,0.00699625213424714,"Positive"
"ASV_84","ASV_181",0.600019200921649,0.000938331035804207,0.035870838792321,"Positive"
"ASV_36","ASV_183",0.646432269726453,0.000269528194802637,0.012178603062068,"Positive"
"ASV_7","ASV_193",-0.608629929840628,0.000755349682502349,0.0331284720477498,"Negative"
"ASV_37","ASV_195",1,0,0,"Positive"
"ASV_49","ASV_195",0.665147715805747,0.000153494525760411,0.00699625213424714,"Positive"
"ASV_90","ASV_196",0.665147715805747,0.000153494525760411,0.00699625213424714,"Positive"
"ASV_70","ASV_203",0.650704246688043,0.000237811713959868,0.0108020059969847,"Positive"
"ASV_150","ASV_211",0.665147715805747,0.000153494525760411,0.00699625213424714,"Positive"
"ASV_157","ASV_211",0.665147715805747,0.000153494525760411,0.00699625213424714,"Positive"
"ASV_131","ASV_217",0.720576692122892,2.24538803994534e-05,0.00156051363512379,"Positive"
"ASV_36","ASV_218",0.620742657997566,0.00055077932847869,0.0245656290582856,"Positive"
"ASV_48","ASV_220",0.665147715805747,0.000153494525760411,0.00699625213424714,"Positive"
"ASV_131","ASV_220",0.665147715805747,0.000153494525760411,0.00699625213424714,"Positive"
"ASV_8","ASV_222",0.665147715805747,0.000153494525760411,0.00699625213424714,"Positive"
"ASV_65","ASV_222",0.720576692122892,2.24538803994534e-05,0.00156051363512379,"Positive"
"ASV_75","ASV_222",1,0,0,"Positive"
"ASV_110","ASV_222",0.720576692122892,2.24538803994534e-05,0.00156051363512379,"Positive"
"ASV_127","ASV_222",1,0,0,"Positive"
"ASV_137","ASV_222",0.720576692122892,2.24538803994534e-05,0.00156051363512379,"Positive"
"ASV_159","ASV_222",0.720576692122892,2.24538803994534e-05,0.00156051363512379,"Positive"
"ASV_161","ASV_224",0.668218197578152,0.000139432194518285,0.00699625213424714,"Positive"
"ASV_211","ASV_224",0.640458391150573,0.000320088686899478,0.0143972713920697,"Positive"
"ASV_140","ASV_227",-0.620017143960129,0.000561502615875842,0.024991477780615,"Negative"
"ASV_24","ASV_233",0.720576692122892,2.24538803994534e-05,0.00156051363512379,"Positive"
"ASV_134","ASV_233",1,0,0,"Positive"
"ASV_65","ASV_235",0.673932153356572,0.00011625979537655,0.00699625213424714,"Positive"
"ASV_8","ASV_237",0.720576692122892,2.24538803994534e-05,0.00156051363512379,"Positive"
"ASV_31","ASV_237",0.720576692122892,2.24538803994534e-05,0.00156051363512379,"Positive"
"ASV_84","ASV_237",0.665147715805747,0.000153494525760411,0.00699625213424714,"Positive"
"ASV_104","ASV_237",1,0,0,"Positive"
"ASV_42","ASV_239",0.665147715805747,0.000153494525760411,0.00699625213424714,"Positive"
"ASV_226","ASV_239",0.665147715805747,0.000153494525760411,0.00699625213424714,"Positive"
"ASV_100","ASV_240",0.665147715805747,0.000153494525760411,0.00699625213424714,"Positive"
"ASV_122","ASV_240",0.665147715805747,0.000153494525760411,0.00699625213424714,"Positive"
"ASV_24","ASV_242",0.665147715805747,0.000153494525760411,0.00699625213424714,"Positive"
"ASV_32","ASV_242",0.720576692122892,2.24538803994534e-05,0.00156051363512379,"Positive"
"ASV_118","ASV_242",1,0,0,"Positive"
"ASV_150","ASV_247",1,0,0,"Positive"
"ASV_157","ASV_247",1,0,0,"Positive"
"ASV_161","ASV_247",0.665147715805747,0.000153494525760411,0.00699625213424714,"Positive"
"ASV_211","ASV_247",0.665147715805747,0.000153494525760411,0.00699625213424714,"Positive"
"ASV_131","ASV_251",0.720576692122892,2.24538803994534e-05,0.00156051363512379,"Positive"
"ASV_217","ASV_251",1,0,0,"Positive"
"ASV_44","ASV_252",0.665147715805747,0.000153494525760411,0.00699625213424714,"Positive"
"ASV_75","ASV_252",0.720576692122892,2.24538803994534e-05,0.00156051363512379,"Positive"
"ASV_111","ASV_252",0.673932153356572,0.00011625979537655,0.00699625213424714,"Positive"
"ASV_127","ASV_252",0.720576692122892,2.24538803994534e-05,0.00156051363512379,"Positive"
"ASV_145","ASV_252",0.678280102733066,0.000100977333874486,0.00687431802304738,"Positive"
"ASV_222","ASV_252",0.720576692122892,2.24538803994534e-05,0.00156051363512379,"Positive"
"ASV_8","ASV_257",0.665147715805747,0.000153494525760411,0.00699625213424714,"Positive"
"ASV_65","ASV_257",0.720576692122892,2.24538803994534e-05,0.00156051363512379,"Positive"
"ASV_75","ASV_257",1,0,0,"Positive"
"ASV_110","ASV_257",0.720576692122892,2.24538803994534e-05,0.00156051363512379,"Positive"
"ASV_127","ASV_257",1,0,0,"Positive"
"ASV_137","ASV_257",0.720576692122892,2.24538803994534e-05,0.00156051363512379,"Positive"
"ASV_159","ASV_257",0.720576692122892,2.24538803994534e-05,0.00156051363512379,"Positive"
"ASV_222","ASV_257",1,0,0,"Positive"
"ASV_252","ASV_257",0.720576692122892,2.24538803994534e-05,0.00156051363512379,"Positive"
"ASV_90","ASV_258",0.720576692122892,2.24538803994534e-05,0.00156051363512379,"Positive"
"ASV_252","ASV_261",0.678280102733066,0.000100977333874486,0.00687431802304738,"Positive"
"ASV_151","ASV_264",0.647631263232609,0.00026027201018497,0.0117680586499403,"Positive"
"ASV_155","ASV_264",0.61604347707738,0.000623527500865251,0.0275568447600179,"Positive"
"ASV_252","ASV_264",0.829777471872807,8.71652050538074e-08,1.15771811706161e-05,"Positive"
"ASV_252","ASV_267",0.600019200921649,0.000938331035804207,0.035870838792321,"Positive"
"ASV_145","ASV_268",0.613114740088222,0.000672987454316765,0.029614876679404,"Positive"
"ASV_8","ASV_270",0.763296784215341,3.64471975866643e-06,0.000458945768754608,"Positive"
"ASV_150","ASV_271",0.665147715805747,0.000153494525760411,0.00699625213424714,"Positive"
"ASV_157","ASV_271",0.665147715805747,0.000153494525760411,0.00699625213424714,"Positive"
"ASV_247","ASV_271",0.665147715805747,0.000153494525760411,0.00699625213424714,"Positive"
"ASV_137","ASV_272",0.665147715805747,0.000153494525760411,0.00699625213424714,"Positive"
"ASV_211","ASV_272",0.720576692122892,2.24538803994534e-05,0.00156051363512379,"Positive"
"ASV_148","ASV_273",0.604433706013495,0.000840217870862192,0.035870838792321,"Positive"
"ASV_8","ASV_274",0.665147715805747,0.000153494525760411,0.00699625213424714,"Positive"
"ASV_65","ASV_274",0.720576692122892,2.24538803994534e-05,0.00156051363512379,"Positive"
"ASV_75","ASV_274",1,0,0,"Positive"
"ASV_110","ASV_274",0.720576692122892,2.24538803994534e-05,0.00156051363512379,"Positive"
"ASV_127","ASV_274",1,0,0,"Positive"
"ASV_137","ASV_274",0.720576692122892,2.24538803994534e-05,0.00156051363512379,"Positive"
"ASV_159","ASV_274",0.720576692122892,2.24538803994534e-05,0.00156051363512379,"Positive"
"ASV_222","ASV_274",1,0,0,"Positive"
"ASV_252","ASV_274",0.720576692122892,2.24538803994534e-05,0.00156051363512379,"Positive"
"ASV_257","ASV_274",1,0,0,"Positive"
"ASV_29","ASV_278",0.665147715805747,0.000153494525760411,0.00699625213424714,"Positive"
"ASV_81","ASV_278",0.665147715805747,0.000153494525760411,0.00699625213424714,"Positive"
"ASV_57","ASV_281",0.644424077783084,0.000285679961085528,0.0128831454599764,"Positive"
"ASV_149","ASV_281",0.760341635253229,4.18221342046721e-06,0.000526147956560516,"Positive"
"ASV_261","ASV_281",0.610483041456379,0.000720311882728808,0.0316118328260895,"Positive"
"ASV_8","ASV_282",0.795306004198565,7.15677216822641e-07,9.2434728981734e-05,"Positive"
"ASV_109","ASV_282",0.835881855217119,5.71876048738318e-08,7.80949863473696e-06,"Positive"
"ASV_8","ASV_283",0.665147715805747,0.000153494525760411,0.00699625213424714,"Positive"
"ASV_65","ASV_283",0.720576692122892,2.24538803994534e-05,0.00156051363512379,"Positive"
"ASV_75","ASV_283",1,0,0,"Positive"
"ASV_110","ASV_283",0.720576692122892,2.24538803994534e-05,0.00156051363512379,"Positive"
"ASV_127","ASV_283",1,0,0,"Positive"
"ASV_137","ASV_283",0.720576692122892,2.24538803994534e-05,0.00156051363512379,"Positive"
"ASV_159","ASV_283",0.720576692122892,2.24538803994534e-05,0.00156051363512379,"Positive"
"ASV_222","ASV_283",1,0,0,"Positive"
"ASV_252","ASV_283",0.720576692122892,2.24538803994534e-05,0.00156051363512379,"Positive"
"ASV_257","ASV_283",1,0,0,"Positive"
"ASV_274","ASV_283",1,0,0,"Positive"
"ASV_66","ASV_285",0.734803444627488,1.27308589377151e-05,0.00156051363512379,"Positive"
"ASV_90","ASV_285",0.665147715805747,0.000153494525760411,0.00699625213424714,"Positive"
"ASV_95","ASV_285",0.763296784215341,3.64471975866643e-06,0.000458945768754608,"Positive"
"ASV_239","ASV_285",0.720576692122892,2.24538803994534e-05,0.00156051363512379,"Positive"
"ASV_75","ASV_287",0.665147715805747,0.000153494525760411,0.00699625213424714,"Positive"
"ASV_127","ASV_287",0.665147715805747,0.000153494525760411,0.00699625213424714,"Positive"
"ASV_186","ASV_287",0.829777471872807,8.71652050538074e-08,1.15771811706161e-05,"Positive"
"ASV_222","ASV_287",0.665147715805747,0.000153494525760411,0.00699625213424714,"Positive"
"ASV_257","ASV_287",0.665147715805747,0.000153494525760411,0.00699625213424714,"Positive"
"ASV_274","ASV_287",0.665147715805747,0.000153494525760411,0.00699625213424714,"Positive"
"ASV_278","ASV_287",0.720576692122892,2.24538803994534e-05,0.00156051363512379,"Positive"
"ASV_283","ASV_287",0.665147715805747,0.000153494525760411,0.00699625213424714,"Positive"
"ASV_104","ASV_293",0.720576692122892,2.24538803994534e-05,0.00156051363512379,"Positive"
"ASV_220","ASV_293",0.665147715805747,0.000153494525760411,0.00699625213424714,"Positive"
"ASV_237","ASV_293",0.720576692122892,2.24538803994534e-05,0.00156051363512379,"Positive"
"ASV_19","ASV_295",0.608582705206639,0.000756261626312815,0.0331632061663267,"Positive"
"ASV_36","ASV_295",0.719487620940385,2.34178447091615e-05,0.00162628105684257,"Positive"
"ASV_76","ASV_295",0.653841702801156,0.000216655765491458,0.00986049513564582,"Positive"
"ASV_105","ASV_295",0.651279044226733,0.000233805218452288,0.0106217664627447,"Positive"
"ASV_137","ASV_295",0.61864711467176,0.000582249754618402,0.0258773923745792,"Positive"
"ASV_19","ASV_296",0.706744813513979,3.776761103369e-05,0.00261624476673378,"Positive"
"ASV_36","ASV_296",0.652151639344262,0.000227836393568381,0.0103523044281977,"Positive"
"ASV_70","ASV_296",0.620389344262295,0.000555978856660477,0.0247496105758623,"Positive"
"ASV_137","ASV_296",0.8002304995806,5.43241576611564e-07,7.10936547391713e-05,"Positive"
"ASV_281","ASV_296",0.687308702113923,7.47914837369024e-05,0.00512065071561676,"Positive"
"ASV_40","ASV_298",0.665147715805747,0.000153494525760411,0.00699625213424714,"Positive"
"ASV_226","ASV_298",0.720576692122892,2.24538803994534e-05,0.00156051363512379,"Positive"
"ASV_44","ASV_299",0.720576692122892,2.24538803994534e-05,0.00156051363512379,"Positive"
"ASV_75","ASV_299",0.665147715805747,0.000153494525760411,0.00699625213424714,"Positive"
"ASV_111","ASV_299",0.676106128044819,0.000108380732493973,0.00699625213424714,"Positive"
"ASV_127","ASV_299",0.665147715805747,0.000153494525760411,0.00699625213424714,"Positive"
"ASV_145","ASV_299",0.671758178668325,0.000124640607513715,0.00699625213424714,"Positive"
"ASV_222","ASV_299",0.665147715805747,0.000153494525760411,0.00699625213424714,"Positive"
"ASV_252","ASV_299",0.997041420118343,0,0,"Positive"
"ASV_257","ASV_299",0.665147715805747,0.000153494525760411,0.00699625213424714,"Positive"
"ASV_261","ASV_299",0.671758178668325,0.000124640607513715,0.00699625213424714,"Positive"
"ASV_264","ASV_299",0.832239719563824,7.36862437733521e-08,9.94947876598897e-06,"Positive"
"ASV_274","ASV_299",0.665147715805747,0.000153494525760411,0.00699625213424714,"Positive"
"ASV_283","ASV_299",0.665147715805747,0.000153494525760411,0.00699625213424714,"Positive"
"ASV_19","ASV_300",0.61163793211545,0.000699198912295307,0.0306950099369081,"Positive"
"ASV_62","ASV_300",0.654306129964107,0.000213669160663565,0.00972777159129745,"Positive"
"ASV_119","ASV_301",0.636745983426463,0.000355540087487949,0.0159814373103463,"Positive"
"ASV_60","ASV_304",0.665147715805747,0.000153494525760411,0.00699625213424714,"Positive"
"ASV_134","ASV_304",0.720576692122892,2.24538803994534e-05,0.00156051363512379,"Positive"
"ASV_166","ASV_304",0.665147715805747,0.000153494525760411,0.00699625213424714,"Positive"
"ASV_167","ASV_304",0.832239719563824,7.36862437733521e-08,9.94947876598897e-06,"Positive"
"ASV_233","ASV_304",0.720576692122892,2.24538803994534e-05,0.00156051363512379,"Positive"
"ASV_279","ASV_304",0.622173756032602,0.000530150243934546,0.0236569917375739,"Positive"
"ASV_290","ASV_306",0.619671530534844,0.000566674626852892,0.0252176139371489,"Positive"
"ASV_42","ASV_311",0.665147715805747,0.000153494525760411,0.00699625213424714,"Positive"
"ASV_226","ASV_311",0.665147715805747,0.000153494525760411,0.00699625213424714,"Positive"
"ASV_239","ASV_311",1,0,0,"Positive"
"ASV_285","ASV_311",0.720576692122892,2.24538803994534e-05,0.00156051363512379,"Positive"
"ASV_150","ASV_316",1,0,0,"Positive"
"ASV_157","ASV_316",1,0,0,"Positive"
"ASV_161","ASV_316",0.665147715805747,0.000153494525760411,0.00699625213424714,"Positive"
"ASV_211","ASV_316",0.665147715805747,0.000153494525760411,0.00699625213424714,"Positive"
"ASV_247","ASV_316",1,0,0,"Positive"
"ASV_271","ASV_316",0.665147715805747,0.000153494525760411,0.00699625213424714,"Positive"
"ASV_37","ASV_317",1,0,0,"Positive"
"ASV_49","ASV_317",0.665147715805747,0.000153494525760411,0.00699625213424714,"Positive"
"ASV_195","ASV_317",1,0,0,"Positive"
"ASV_24","ASV_320",0.665147715805747,0.000153494525760411,0.00699625213424714,"Positive"
"ASV_32","ASV_320",0.720576692122892,2.24538803994534e-05,0.00156051363512379,"Positive"
"ASV_118","ASV_320",1,0,0,"Positive"
"ASV_242","ASV_320",1,0,0,"Positive"
"ASV_64","ASV_321",0.665147715805747,0.000153494525760411,0.00699625213424714,"Positive"
"ASV_75","ASV_321",0.720576692122892,2.24538803994534e-05,0.00156051363512379,"Positive"
"ASV_103","ASV_321",0.706541773680277,3.8048701537452e-05,0.00262650072680959,"Positive"
"ASV_127","ASV_321",0.720576692122892,2.24538803994534e-05,0.00156051363512379,"Positive"
"ASV_222","ASV_321",0.720576692122892,2.24538803994534e-05,0.00156051363512379,"Positive"
"ASV_257","ASV_321",0.720576692122892,2.24538803994534e-05,0.00156051363512379,"Positive"
"ASV_261","ASV_321",0.734803444627488,1.27308589377151e-05,0.00156051363512379,"Positive"
"ASV_274","ASV_321",0.720576692122892,2.24538803994534e-05,0.00156051363512379,"Positive"
"ASV_281","ASV_321",0.612698584722994,0.000680285588452456,0.0298789473233601,"Positive"
"ASV_283","ASV_321",0.720576692122892,2.24538803994534e-05,0.00156051363512379,"Positive"
"ASV_290","ASV_328",0.618340163934426,0.000586988732612204,0.0260503111334429,"Positive"
"ASV_12","ASV_331",1,0,0,"Positive"
"ASV_75","ASV_335",0.720576692122892,2.24538803994534e-05,0.00156051363512379,"Positive"
"ASV_127","ASV_335",0.720576692122892,2.24538803994534e-05,0.00156051363512379,"Positive"
"ASV_134","ASV_335",0.665147715805747,0.000153494525760411,0.00699625213424714,"Positive"
"ASV_222","ASV_335",0.720576692122892,2.24538803994534e-05,0.00156051363512379,"Positive"
"ASV_233","ASV_335",0.665147715805747,0.000153494525760411,0.00699625213424714,"Positive"
"ASV_235","ASV_335",0.702193824303783,4.45318073913903e-05,0.00305723135512934,"Positive"
"ASV_257","ASV_335",0.720576692122892,2.24538803994534e-05,0.00156051363512379,"Positive"
"ASV_274","ASV_335",0.720576692122892,2.24538803994534e-05,0.00156051363512379,"Positive"
"ASV_283","ASV_335",0.720576692122892,2.24538803994534e-05,0.00156051363512379,"Positive"
"ASV_258","ASV_336",0.665147715805747,0.000153494525760411,0.00699625213424714,"Positive"
"ASV_65","ASV_337",0.665147715805747,0.000153494525760411,0.00699625213424714,"Positive"
"ASV_81","ASV_337",0.720576692122892,2.24538803994534e-05,0.00156051363512379,"Positive"
"ASV_100","ASV_337",1,0,0,"Positive"
"ASV_122","ASV_337",1,0,0,"Positive"
"ASV_240","ASV_337",0.665147715805747,0.000153494525760411,0.00699625213424714,"Positive"
"ASV_234","ASV_339",0.632732522981714,0.000397692970747432,0.0178587727607973,"Positive"
"ASV_64","ASV_342",0.720576692122892,2.24538803994534e-05,0.00156051363512379,"Positive"
"ASV_75","ASV_342",0.665147715805747,0.000153494525760411,0.00699625213424714,"Positive"
"ASV_103","ASV_342",0.702193824303783,4.45318073913903e-05,0.00305723135512934,"Positive"
"ASV_127","ASV_342",0.665147715805747,0.000153494525760411,0.00699625213424714,"Positive"
"ASV_222","ASV_342",0.665147715805747,0.000153494525760411,0.00699625213424714,"Positive"
"ASV_257","ASV_342",0.665147715805747,0.000153494525760411,0.00699625213424714,"Positive"
"ASV_261","ASV_342",0.732629469939241,1.39156190015477e-05,0.00156051363512379,"Positive"
"ASV_274","ASV_342",0.665147715805747,0.000153494525760411,0.00699625213424714,"Positive"
"ASV_281","ASV_342",0.61864711467176,0.000582249754618402,0.0258773923745792,"Positive"
"ASV_283","ASV_342",0.665147715805747,0.000153494525760411,0.00699625213424714,"Positive"
"ASV_321","ASV_342",0.997041420118343,0,0,"Positive"
"ASV_196","ASV_343",0.671758178668325,0.000124640607513715,0.00699625213424714,"Positive"
"ASV_234","ASV_344",0.615710029423576,0.000628993924705057,0.0277895468051117,"Positive"
"ASV_48","ASV_349",0.720576692122892,2.24538803994534e-05,0.00156051363512379,"Positive"
"ASV_57","ASV_349",0.720576692122892,2.24538803994534e-05,0.00156051363512379,"Positive"
"ASV_64","ASV_349",1,0,0,"Positive"
"ASV_321","ASV_349",0.665147715805747,0.000153494525760411,0.00699625213424714,"Positive"
"ASV_342","ASV_349",0.720576692122892,2.24538803994534e-05,0.00156051363512379,"Positive"
"ASV_48","ASV_351",0.665147715805747,0.000153494525760411,0.00699625213424714,"Positive"
"ASV_131","ASV_351",0.665147715805747,0.000153494525760411,0.00699625213424714,"Positive"
"ASV_220","ASV_351",1,0,0,"Positive"
"ASV_293","ASV_351",0.665147715805747,0.000153494525760411,0.00699625213424714,"Positive"
"ASV_8","ASV_352",0.665147715805747,0.000153494525760411,0.00699625213424714,"Positive"
"ASV_65","ASV_352",0.720576692122892,2.24538803994534e-05,0.00156051363512379,"Positive"
"ASV_75","ASV_352",1,0,0,"Positive"
"ASV_110","ASV_352",0.720576692122892,2.24538803994534e-05,0.00156051363512379,"Positive"
"ASV_127","ASV_352",1,0,0,"Positive"
"ASV_137","ASV_352",0.720576692122892,2.24538803994534e-05,0.00156051363512379,"Positive"
"ASV_159","ASV_352",0.720576692122892,2.24538803994534e-05,0.00156051363512379,"Positive"
"ASV_222","ASV_352",1,0,0,"Positive"
"ASV_252","ASV_352",0.720576692122892,2.24538803994534e-05,0.00156051363512379,"Positive"
"ASV_257","ASV_352",1,0,0,"Positive"
"ASV_274","ASV_352",1,0,0,"Positive"
"ASV_283","ASV_352",1,0,0,"Positive"
"ASV_287","ASV_352",0.665147715805747,0.000153494525760411,0.00699625213424714,"Positive"
"ASV_299","ASV_352",0.665147715805747,0.000153494525760411,0.00699625213424714,"Positive"
"ASV_321","ASV_352",0.720576692122892,2.24538803994534e-05,0.00156051363512379,"Positive"
"ASV_335","ASV_352",0.720576692122892,2.24538803994534e-05,0.00156051363512379,"Positive"
"ASV_342","ASV_352",0.665147715805747,0.000153494525760411,0.00699625213424714,"Positive"
"ASV_32","ASV_354",0.665147715805747,0.000153494525760411,0.00699625213424714,"Positive"
"ASV_117","ASV_354",1,0,0,"Positive"
"ASV_161","ASV_354",0.720576692122892,2.24538803994534e-05,0.00156051363512379,"Positive"
"ASV_313","ASV_355",0.638248847926267,0.00034079442851298,0.0153211152998168,"Positive"
"ASV_172","ASV_357",0.626806352467576,0.000467924884131943,0.0209955464731384,"Positive"
"ASV_44","ASV_359",0.665147715805747,0.000153494525760411,0.00699625213424714,"Positive"
"ASV_75","ASV_359",0.720576692122892,2.24538803994534e-05,0.00156051363512379,"Positive"
"ASV_111","ASV_359",0.673932153356572,0.00011625979537655,0.00699625213424714,"Positive"
"ASV_127","ASV_359",0.720576692122892,2.24538803994534e-05,0.00156051363512379,"Positive"
"ASV_145","ASV_359",0.678280102733066,0.000100977333874486,0.00687431802304738,"Positive"
"ASV_222","ASV_359",0.720576692122892,2.24538803994534e-05,0.00156051363512379,"Positive"
"ASV_252","ASV_359",1,0,0,"Positive"
"ASV_257","ASV_359",0.720576692122892,2.24538803994534e-05,0.00156051363512379,"Positive"
"ASV_261","ASV_359",0.678280102733066,0.000100977333874486,0.00687431802304738,"Positive"
"ASV_264","ASV_359",0.829777471872807,8.71652050538074e-08,1.15771811706161e-05,"Positive"
"ASV_267","ASV_359",0.600019200921649,0.000938331035804207,0.035870838792321,"Positive"
"ASV_274","ASV_359",0.720576692122892,2.24538803994534e-05,0.00156051363512379,"Positive"
"ASV_283","ASV_359",0.720576692122892,2.24538803994534e-05,0.00156051363512379,"Positive"
"ASV_299","ASV_359",0.997041420118343,0,0,"Positive"
"ASV_352","ASV_359",0.720576692122892,2.24538803994534e-05,0.00156051363512379,"Positive"
"ASV_65","ASV_360",0.997041420118343,0,0,"Positive"
"ASV_75","ASV_360",0.665147715805747,0.000153494525760411,0.00699625213424714,"Positive"
"ASV_94","ASV_360",0.734803444627488,1.27308589377151e-05,0.00156051363512379,"Positive"
"ASV_98","ASV_360",0.702193824303783,4.45318073913903e-05,0.00305723135512934,"Positive"
"ASV_100","ASV_360",0.720576692122892,2.24538803994534e-05,0.00156051363512379,"Positive"
"ASV_111","ASV_360",0.706541773680277,3.8048701537452e-05,0.00262650072680959,"Positive"
"ASV_122","ASV_360",0.720576692122892,2.24538803994534e-05,0.00156051363512379,"Positive"
"ASV_127","ASV_360",0.665147715805747,0.000153494525760411,0.00699625213424714,"Positive"
"ASV_222","ASV_360",0.665147715805747,0.000153494525760411,0.00699625213424714,"Positive"
"ASV_235","ASV_360",0.676106128044819,0.000108380732493973,0.00699625213424714,"Positive"
"ASV_257","ASV_360",0.665147715805747,0.000153494525760411,0.00699625213424714,"Positive"
"ASV_274","ASV_360",0.665147715805747,0.000153494525760411,0.00699625213424714,"Positive"
"ASV_283","ASV_360",0.665147715805747,0.000153494525760411,0.00699625213424714,"Positive"
"ASV_337","ASV_360",0.720576692122892,2.24538803994534e-05,0.00156051363512379,"Positive"
"ASV_352","ASV_360",0.665147715805747,0.000153494525760411,0.00699625213424714,"Positive"
"ASV_136","ASV_363",0.633066542989968,0.000394025198247716,0.0176969432393363,"Positive"
"ASV_110","ASV_364",0.665147715805747,0.000153494525760411,0.00699625213424714,"Positive"
"ASV_159","ASV_364",0.665147715805747,0.000153494525760411,0.00699625213424714,"Positive"
"ASV_196","ASV_364",0.720576692122892,2.24538803994534e-05,0.00156051363512379,"Positive"
"ASV_305","ASV_364",0.665147715805747,0.000153494525760411,0.00699625213424714,"Positive"
"ASV_8","ASV_366",0.665147715805747,0.000153494525760411,0.00699625213424714,"Positive"
"ASV_65","ASV_366",0.720576692122892,2.24538803994534e-05,0.00156051363512379,"Positive"
"ASV_75","ASV_366",1,0,0,"Positive"
"ASV_110","ASV_366",0.720576692122892,2.24538803994534e-05,0.00156051363512379,"Positive"
"ASV_127","ASV_366",1,0,0,"Positive"
"ASV_137","ASV_366",0.720576692122892,2.24538803994534e-05,0.00156051363512379,"Positive"
"ASV_159","ASV_366",0.720576692122892,2.24538803994534e-05,0.00156051363512379,"Positive"
"ASV_222","ASV_366",1,0,0,"Positive"
"ASV_252","ASV_366",0.720576692122892,2.24538803994534e-05,0.00156051363512379,"Positive"
"ASV_257","ASV_366",1,0,0,"Positive"
"ASV_274","ASV_366",1,0,0,"Positive"
"ASV_283","ASV_366",1,0,0,"Positive"
"ASV_287","ASV_366",0.665147715805747,0.000153494525760411,0.00699625213424714,"Positive"
"ASV_299","ASV_366",0.665147715805747,0.000153494525760411,0.00699625213424714,"Positive"
"ASV_321","ASV_366",0.720576692122892,2.24538803994534e-05,0.00156051363512379,"Positive"
"ASV_335","ASV_366",0.720576692122892,2.24538803994534e-05,0.00156051363512379,"Positive"
"ASV_342","ASV_366",0.665147715805747,0.000153494525760411,0.00699625213424714,"Positive"
"ASV_352","ASV_366",1,0,0,"Positive"
"ASV_359","ASV_366",0.720576692122892,2.24538803994534e-05,0.00156051363512379,"Positive"
"ASV_360","ASV_366",0.665147715805747,0.000153494525760411,0.00699625213424714,"Positive"
"ASV_347","ASV_370",0.608329789310814,0.000761161949423883,0.0333727979335285,"Positive"
"ASV_60","ASV_371",0.665147715805747,0.000153494525760411,0.00699625213424714,"Positive"
"ASV_100","ASV_371",0.720576692122892,2.24538803994534e-05,0.00156051363512379,"Positive"
"ASV_122","ASV_371",0.720576692122892,2.24538803994534e-05,0.00156051363512379,"Positive"
"ASV_166","ASV_371",0.665147715805747,0.000153494525760411,0.00699625213424714,"Positive"
"ASV_173","ASV_371",0.647844457097608,0.000258655734379776,0.0116988071280695,"Positive"
"ASV_262","ASV_371",0.763296784215341,3.64471975866643e-06,0.000458945768754608,"Positive"
"ASV_337","ASV_371",0.720576692122892,2.24538803994534e-05,0.00156051363512379,"Positive"
"ASV_64","ASV_373",0.720576692122892,2.24538803994534e-05,0.00156051363512379,"Positive"
"ASV_134","ASV_373",0.665147715805747,0.000153494525760411,0.00699625213424714,"Positive"
"ASV_233","ASV_373",0.665147715805747,0.000153494525760411,0.00699625213424714,"Positive"
"ASV_349","ASV_373",0.720576692122892,2.24538803994534e-05,0.00156051363512379,"Positive"
"ASV_99","ASV_374",0.615983668685686,0.000624504919290558,0.0275956293640661,"Positive"
"ASV_120","ASV_374",0.733404573374945,1.34823733628497e-05,0.00156051363512379,"Positive"
"ASV_134","ASV_383",0.720576692122892,2.24538803994534e-05,0.00156051363512379,"Positive"
"ASV_233","ASV_383",0.720576692122892,2.24538803994534e-05,0.00156051363512379,"Positive"
"ASV_272","ASV_383",0.665147715805747,0.000153494525760411,0.00699625213424714,"Positive"
"ASV_341","ASV_383",0.8002304995806,5.43241576611564e-07,7.10936547391713e-05,"Positive"
"ASV_8","ASV_384",0.665147715805747,0.000153494525760411,0.00699625213424714,"Positive"
"ASV_65","ASV_384",0.720576692122892,2.24538803994534e-05,0.00156051363512379,"Positive"
"ASV_75","ASV_384",1,0,0,"Positive"
"ASV_110","ASV_384",0.720576692122892,2.24538803994534e-05,0.00156051363512379,"Positive"
"ASV_127","ASV_384",1,0,0,"Positive"
"ASV_137","ASV_384",0.720576692122892,2.24538803994534e-05,0.00156051363512379,"Positive"
"ASV_159","ASV_384",0.720576692122892,2.24538803994534e-05,0.00156051363512379,"Positive"
"ASV_222","ASV_384",1,0,0,"Positive"
"ASV_252","ASV_384",0.720576692122892,2.24538803994534e-05,0.00156051363512379,"Positive"
"ASV_257","ASV_384",1,0,0,"Positive"
"ASV_274","ASV_384",1,0,0,"Positive"
"ASV_283","ASV_384",1,0,0,"Positive"
"ASV_287","ASV_384",0.665147715805747,0.000153494525760411,0.00699625213424714,"Positive"
"ASV_299","ASV_384",0.665147715805747,0.000153494525760411,0.00699625213424714,"Positive"
"ASV_321","ASV_384",0.720576692122892,2.24538803994534e-05,0.00156051363512379,"Positive"
"ASV_335","ASV_384",0.720576692122892,2.24538803994534e-05,0.00156051363512379,"Positive"
"ASV_342","ASV_384",0.665147715805747,0.000153494525760411,0.00699625213424714,"Positive"
"ASV_352","ASV_384",1,0,0,"Positive"
"ASV_359","ASV_384",0.720576692122892,2.24538803994534e-05,0.00156051363512379,"Positive"
"ASV_360","ASV_384",0.665147715805747,0.000153494525760411,0.00699625213424714,"Positive"
"ASV_366","ASV_384",1,0,0,"Positive"
"ASV_104","ASV_387",0.720576692122892,2.24538803994534e-05,0.00156051363512379,"Positive"
"ASV_237","ASV_387",0.720576692122892,2.24538803994534e-05,0.00156051363512379,"Positive"
"ASV_65","ASV_389",0.732629469939241,1.39156190015477e-05,0.00156051363512379,"Positive"
"ASV_98","ASV_389",0.742811501597444,9.10459746972236e-06,0.00114281304370635,"Positive"
"ASV_137","ASV_389",0.647844457097608,0.000258655734379776,0.0116988071280695,"Positive"
"ASV_296","ASV_389",0.809647467986279,3.13788549366478e-07,4.16370138697538e-05,"Positive"
"ASV_360","ASV_389",0.734803444627488,1.27308589377151e-05,0.00156051363512379,"Positive"
"ASV_371","ASV_389",0.706541773680277,3.8048701537452e-05,0.00262650072680959,"Positive"
"ASV_48","ASV_392",0.702193824303783,4.45318073913903e-05,0.00305723135512934,"Positive"
"ASV_136","ASV_392",0.626510042544732,0.000471704510576654,0.0211479707875661,"Positive"
"ASV_148","ASV_392",0.716255914433894,2.64990475660198e-05,0.0018393346938869,"Positive"
"ASV_174","ASV_392",0.730031948881789,1.54596100316873e-05,0.00156051363512379,"Positive"
"ASV_240","ASV_393",0.8002304995806,5.43241576611564e-07,7.10936547391713e-05,"Positive"
"ASV_40","ASV_397",0.720576692122892,2.24538803994534e-05,0.00156051363512379,"Positive"
"ASV_90","ASV_397",1,0,0,"Positive"
"ASV_196","ASV_397",0.665147715805747,0.000153494525760411,0.00699625213424714,"Positive"
"ASV_258","ASV_397",0.720576692122892,2.24538803994534e-05,0.00156051363512379,"Positive"
"ASV_285","ASV_397",0.665147715805747,0.000153494525760411,0.00699625213424714,"Positive"
"ASV_12","ASV_399",0.665147715805747,0.000153494525760411,0.00699625213424714,"Positive"
"ASV_31","ASV_399",0.665147715805747,0.000153494525760411,0.00699625213424714,"Positive"
"ASV_271","ASV_399",0.720576692122892,2.24538803994534e-05,0.00156051363512379,"Positive"
"ASV_331","ASV_399",0.665147715805747,0.000153494525760411,0.00699625213424714,"Positive"
"ASV_110","ASV_401",0.665147715805747,0.000153494525760411,0.00699625213424714,"Positive"
"ASV_159","ASV_401",0.665147715805747,0.000153494525760411,0.00699625213424714,"Positive"
"ASV_196","ASV_401",0.720576692122892,2.24538803994534e-05,0.00156051363512379,"Positive"
"ASV_305","ASV_401",0.665147715805747,0.000153494525760411,0.00699625213424714,"Positive"
"ASV_364","ASV_401",1,0,0,"Positive"
"ASV_48","ASV_404",0.720576692122892,2.24538803994534e-05,0.00156051363512379,"Positive"
"ASV_57","ASV_404",0.720576692122892,2.24538803994534e-05,0.00156051363512379,"Positive"
"ASV_64","ASV_404",1,0,0,"Positive"
"ASV_321","ASV_404",0.665147715805747,0.000153494525760411,0.00699625213424714,"Positive"
"ASV_342","ASV_404",0.720576692122892,2.24538803994534e-05,0.00156051363512379,"Positive"
"ASV_349","ASV_404",1,0,0,"Positive"
"ASV_373","ASV_404",0.720576692122892,2.24538803994534e-05,0.00156051363512379,"Positive"
"ASV_60","ASV_407",0.665147715805747,0.000153494525760411,0.00699625213424714,"Positive"
"ASV_166","ASV_407",0.665147715805747,0.000153494525760411,0.00699625213424714,"Positive"
"ASV_217","ASV_407",0.720576692122892,2.24538803994534e-05,0.00156051363512379,"Positive"
"ASV_251","ASV_407",0.720576692122892,2.24538803994534e-05,0.00156051363512379,"Positive"
"ASV_32","ASV_408",0.665147715805747,0.000153494525760411,0.00699625213424714,"Positive"
"ASV_117","ASV_408",1,0,0,"Positive"
"ASV_161","ASV_408",0.720576692122892,2.24538803994534e-05,0.00156051363512379,"Positive"
"ASV_354","ASV_408",1,0,0,"Positive"
"ASV_40","ASV_409",0.665147715805747,0.000153494525760411,0.00699625213424714,"Positive"
"ASV_226","ASV_409",0.720576692122892,2.24538803994534e-05,0.00156051363512379,"Positive"
"ASV_298","ASV_409",1,0,0,"Positive"
"ASV_32","ASV_410",0.665147715805747,0.000153494525760411,0.00699625213424714,"Positive"
"ASV_117","ASV_410",1,0,0,"Positive"
"ASV_161","ASV_410",0.720576692122892,2.24538803994534e-05,0.00156051363512379,"Positive"
"ASV_354","ASV_410",1,0,0,"Positive"
"ASV_408","ASV_410",1,0,0,"Positive"
"ASV_44","ASV_411",0.720576692122892,2.24538803994534e-05,0.00156051363512379,"Positive"
"ASV_118","ASV_411",0.665147715805747,0.000153494525760411,0.00699625213424714,"Positive"
"ASV_242","ASV_411",0.665147715805747,0.000153494525760411,0.00699625213424714,"Positive"
"ASV_320","ASV_411",0.665147715805747,0.000153494525760411,0.00699625213424714,"Positive"
"ASV_49","ASV_413",0.640458391150573,0.000320088686899478,0.0143972713920697,"Positive"
"ASV_48","ASV_414",0.720576692122892,2.24538803994534e-05,0.00156051363512379,"Positive"
"ASV_57","ASV_414",0.720576692122892,2.24538803994534e-05,0.00156051363512379,"Positive"
"ASV_64","ASV_414",1,0,0,"Positive"
"ASV_321","ASV_414",0.665147715805747,0.000153494525760411,0.00699625213424714,"Positive"
"ASV_342","ASV_414",0.720576692122892,2.24538803994534e-05,0.00156051363512379,"Positive"
"ASV_349","ASV_414",1,0,0,"Positive"
"ASV_373","ASV_414",0.720576692122892,2.24538803994534e-05,0.00156051363512379,"Positive"
"ASV_404","ASV_414",1,0,0,"Positive"
"ASV_8","ASV_419",1,0,0,"Positive"
"ASV_75","ASV_419",0.665147715805747,0.000153494525760411,0.00699625213424714,"Positive"
"ASV_98","ASV_419",0.671758178668325,0.000124640607513715,0.00699625213424714,"Positive"
"ASV_104","ASV_419",0.720576692122892,2.24538803994534e-05,0.00156051363512379,"Positive"
"ASV_109","ASV_419",0.671758178668325,0.000124640607513715,0.00699625213424714,"Positive"
"ASV_127","ASV_419",0.665147715805747,0.000153494525760411,0.00699625213424714,"Positive"
"ASV_145","ASV_419",0.702193824303783,4.45318073913903e-05,0.00305723135512934,"Positive"
"ASV_222","ASV_419",0.665147715805747,0.000153494525760411,0.00699625213424714,"Positive"
"ASV_237","ASV_419",0.720576692122892,2.24538803994534e-05,0.00156051363512379,"Positive"
"ASV_257","ASV_419",0.665147715805747,0.000153494525760411,0.00699625213424714,"Positive"
"ASV_270","ASV_419",0.763296784215341,3.64471975866643e-06,0.000458945768754608,"Positive"
"ASV_274","ASV_419",0.665147715805747,0.000153494525760411,0.00699625213424714,"Positive"
"ASV_282","ASV_419",0.795306004198565,7.15677216822641e-07,9.2434728981734e-05,"Positive"
"ASV_283","ASV_419",0.665147715805747,0.000153494525760411,0.00699625213424714,"Positive"
"ASV_352","ASV_419",0.665147715805747,0.000153494525760411,0.00699625213424714,"Positive"
"ASV_366","ASV_419",0.665147715805747,0.000153494525760411,0.00699625213424714,"Positive"
"ASV_384","ASV_419",0.665147715805747,0.000153494525760411,0.00699625213424714,"Positive"
"ASV_8","ASV_421",0.665147715805747,0.000153494525760411,0.00699625213424714,"Positive"
"ASV_65","ASV_421",0.720576692122892,2.24538803994534e-05,0.00156051363512379,"Positive"
"ASV_75","ASV_421",1,0,0,"Positive"
"ASV_110","ASV_421",0.720576692122892,2.24538803994534e-05,0.00156051363512379,"Positive"
"ASV_127","ASV_421",1,0,0,"Positive"
"ASV_137","ASV_421",0.720576692122892,2.24538803994534e-05,0.00156051363512379,"Positive"
"ASV_159","ASV_421",0.720576692122892,2.24538803994534e-05,0.00156051363512379,"Positive"
"ASV_222","ASV_421",1,0,0,"Positive"
"ASV_252","ASV_421",0.720576692122892,2.24538803994534e-05,0.00156051363512379,"Positive"
"ASV_257","ASV_421",1,0,0,"Positive"
"ASV_274","ASV_421",1,0,0,"Positive"
"ASV_283","ASV_421",1,0,0,"Positive"
"ASV_287","ASV_421",0.665147715805747,0.000153494525760411,0.00699625213424714,"Positive"
"ASV_299","ASV_421",0.665147715805747,0.000153494525760411,0.00699625213424714,"Positive"
"ASV_321","ASV_421",0.720576692122892,2.24538803994534e-05,0.00156051363512379,"Positive"
"ASV_335","ASV_421",0.720576692122892,2.24538803994534e-05,0.00156051363512379,"Positive"
"ASV_342","ASV_421",0.665147715805747,0.000153494525760411,0.00699625213424714,"Positive"
"ASV_352","ASV_421",1,0,0,"Positive"
"ASV_359","ASV_421",0.720576692122892,2.24538803994534e-05,0.00156051363512379,"Positive"
"ASV_360","ASV_421",0.665147715805747,0.000153494525760411,0.00699625213424714,"Positive"
"ASV_366","ASV_421",1,0,0,"Positive"
"ASV_384","ASV_421",1,0,0,"Positive"
"ASV_419","ASV_421",0.665147715805747,0.000153494525760411,0.00699625213424714,"Positive"
"ASV_134","ASV_422",0.665147715805747,0.000153494525760411,0.00699625213424714,"Positive"
"ASV_233","ASV_422",0.665147715805747,0.000153494525760411,0.00699625213424714,"Positive"
"ASV_272","ASV_422",0.720576692122892,2.24538803994534e-05,0.00156051363512379,"Positive"
"ASV_341","ASV_422",0.795306004198565,7.15677216822641e-07,9.2434728981734e-05,"Positive"
"ASV_383","ASV_422",0.997041420118343,0,0,"Positive"
"ASV_35","ASV_423",0.829777471872807,8.71652050538074e-08,1.15771811706161e-05,"Positive"
"ASV_36","ASV_423",0.795306004198565,7.15677216822641e-07,9.2434728981734e-05,"Positive"
"ASV_75","ASV_423",0.665147715805747,0.000153494525760411,0.00699625213424714,"Positive"
"ASV_105","ASV_423",0.732629469939241,1.39156190015477e-05,0.00156051363512379,"Positive"
"ASV_111","ASV_423",0.615234836773903,0.00063685624331411,0.0280740858416343,"Positive"
"ASV_127","ASV_423",0.665147715805747,0.000153494525760411,0.00699625213424714,"Positive"
"ASV_222","ASV_423",0.665147715805747,0.000153494525760411,0.00699625213424714,"Positive"
"ASV_239","ASV_423",0.720576692122892,2.24538803994534e-05,0.00156051363512379,"Positive"
"ASV_257","ASV_423",0.665147715805747,0.000153494525760411,0.00699625213424714,"Positive"
"ASV_274","ASV_423",0.665147715805747,0.000153494525760411,0.00699625213424714,"Positive"
"ASV_283","ASV_423",0.665147715805747,0.000153494525760411,0.00699625213424714,"Positive"
"ASV_311","ASV_423",0.720576692122892,2.24538803994534e-05,0.00156051363512379,"Positive"
"ASV_352","ASV_423",0.665147715805747,0.000153494525760411,0.00699625213424714,"Positive"
"ASV_366","ASV_423",0.665147715805747,0.000153494525760411,0.00699625213424714,"Positive"
"ASV_384","ASV_423",0.665147715805747,0.000153494525760411,0.00699625213424714,"Positive"
"ASV_421","ASV_423",0.665147715805747,0.000153494525760411,0.00699625213424714,"Positive"
"ASV_59","ASV_429",0.635782747603834,0.000365282392699839,0.0164166816605959,"Positive"
"ASV_262","ASV_429",0.881113557339258,1.31344934928279e-09,1.79629958606812e-07,"Positive"
"ASV_371","ASV_429",0.702193824303783,4.45318073913903e-05,0.00305723135512934,"Positive"
"ASV_8","ASV_431",0.665147715805747,0.000153494525760411,0.00699625213424714,"Positive"
"ASV_65","ASV_431",0.720576692122892,2.24538803994534e-05,0.00156051363512379,"Positive"
"ASV_75","ASV_431",1,0,0,"Positive"
"ASV_110","ASV_431",0.720576692122892,2.24538803994534e-05,0.00156051363512379,"Positive"
"ASV_127","ASV_431",1,0,0,"Positive"
"ASV_137","ASV_431",0.720576692122892,2.24538803994534e-05,0.00156051363512379,"Positive"
"ASV_159","ASV_431",0.720576692122892,2.24538803994534e-05,0.00156051363512379,"Positive"
"ASV_222","ASV_431",1,0,0,"Positive"
"ASV_252","ASV_431",0.720576692122892,2.24538803994534e-05,0.00156051363512379,"Positive"
"ASV_257","ASV_431",1,0,0,"Positive"
"ASV_274","ASV_431",1,0,0,"Positive"
"ASV_283","ASV_431",1,0,0,"Positive"
"ASV_287","ASV_431",0.665147715805747,0.000153494525760411,0.00699625213424714,"Positive"
"ASV_299","ASV_431",0.665147715805747,0.000153494525760411,0.00699625213424714,"Positive"
"ASV_321","ASV_431",0.720576692122892,2.24538803994534e-05,0.00156051363512379,"Positive"
"ASV_335","ASV_431",0.720576692122892,2.24538803994534e-05,0.00156051363512379,"Positive"
"ASV_342","ASV_431",0.665147715805747,0.000153494525760411,0.00699625213424714,"Positive"
"ASV_352","ASV_431",1,0,0,"Positive"
"ASV_359","ASV_431",0.720576692122892,2.24538803994534e-05,0.00156051363512379,"Positive"
"ASV_360","ASV_431",0.665147715805747,0.000153494525760411,0.00699625213424714,"Positive"
"ASV_366","ASV_431",1,0,0,"Positive"
"ASV_384","ASV_431",1,0,0,"Positive"
"ASV_419","ASV_431",0.665147715805747,0.000153494525760411,0.00699625213424714,"Positive"
"ASV_421","ASV_431",1,0,0,"Positive"
"ASV_423","ASV_431",0.665147715805747,0.000153494525760411,0.00699625213424714,"Positive"
"ASV_8","ASV_435",0.616664271355505,0.000613460673911659,0.0271249522358802,"Positive"
"ASV_70","ASV_435",0.73846493204317,1.09377917680842e-05,0.00137167055060408,"Positive"
"ASV_109","ASV_435",0.668034545364557,0.000140240144183235,0.00699625213424714,"Positive"
"ASV_145","ASV_435",0.689161046799205,7.02328652844031e-05,0.0048121177573495,"Positive"
"ASV_270","ASV_435",0.731864128181332,1.43555625657932e-05,0.00156051363512379,"Positive"
"ASV_419","ASV_435",0.616664271355505,0.000613460673911659,0.0271249522358802,"Positive"
"ASV_8","ASV_437",0.997041420118343,0,0,"Positive"
"ASV_75","ASV_437",0.720576692122892,2.24538803994534e-05,0.00156051363512379,"Positive"
"ASV_98","ASV_437",0.678280102733066,0.000100977333874486,0.00687431802304738,"Positive"
"ASV_104","ASV_437",0.665147715805747,0.000153494525760411,0.00699625213424714,"Positive"
"ASV_109","ASV_437",0.678280102733066,0.000100977333874486,0.00687431802304738,"Positive"
"ASV_127","ASV_437",0.720576692122892,2.24538803994534e-05,0.00156051363512379,"Positive"
"ASV_145","ASV_437",0.706541773680277,3.8048701537452e-05,0.00262650072680959,"Positive"
"ASV_222","ASV_437",0.720576692122892,2.24538803994534e-05,0.00156051363512379,"Positive"
"ASV_237","ASV_437",0.665147715805747,0.000153494525760411,0.00699625213424714,"Positive"
"ASV_257","ASV_437",0.720576692122892,2.24538803994534e-05,0.00156051363512379,"Positive"
"ASV_270","ASV_437",0.765759031906359,3.24513858140918e-06,0.000415059381465605,"Positive"
"ASV_274","ASV_437",0.720576692122892,2.24538803994534e-05,0.00156051363512379,"Positive"
"ASV_282","ASV_437",0.8002304995806,5.43241576611564e-07,7.10936547391713e-05,"Positive"
"ASV_283","ASV_437",0.720576692122892,2.24538803994534e-05,0.00156051363512379,"Positive"
"ASV_352","ASV_437",0.720576692122892,2.24538803994534e-05,0.00156051363512379,"Positive"
"ASV_366","ASV_437",0.720576692122892,2.24538803994534e-05,0.00156051363512379,"Positive"
"ASV_384","ASV_437",0.720576692122892,2.24538803994534e-05,0.00156051363512379,"Positive"
"ASV_419","ASV_437",0.997041420118343,0,0,"Positive"
"ASV_421","ASV_437",0.720576692122892,2.24538803994534e-05,0.00156051363512379,"Positive"
"ASV_431","ASV_437",0.720576692122892,2.24538803994534e-05,0.00156051363512379,"Positive"
"ASV_435","ASV_437",0.614681428039249,0.00064612054658042,0.0284416522682978,"Positive"
"ASV_60","ASV_441",0.720576692122892,2.24538803994534e-05,0.00156051363512379,"Positive"
"ASV_90","ASV_441",0.665147715805747,0.000153494525760411,0.00699625213424714,"Positive"
"ASV_166","ASV_441",0.720576692122892,2.24538803994534e-05,0.00156051363512379,"Positive"
"ASV_173","ASV_441",0.671758178668325,0.000124640607513715,0.00699625213424714,"Positive"
"ASV_397","ASV_441",0.665147715805747,0.000153494525760411,0.00699625213424714,"Positive"
"ASV_426","ASV_441",0.644424077783084,0.000285679961085528,0.0128831454599764,"Positive"
"ASV_336","ASV_442",0.665147715805747,0.000153494525760411,0.00699625213424714,"Positive"
"ASV_29","ASV_447",0.720576692122892,2.24538803994534e-05,0.00156051363512379,"Positive"
"ASV_49","ASV_447",0.720576692122892,2.24538803994534e-05,0.00156051363512379,"Positive"
"ASV_60","ASV_447",1,0,0,"Positive"
"ASV_166","ASV_447",1,0,0,"Positive"
"ASV_304","ASV_447",0.665147715805747,0.000153494525760411,0.00699625213424714,"Positive"
"ASV_371","ASV_447",0.665147715805747,0.000153494525760411,0.00699625213424714,"Positive"
"ASV_407","ASV_447",0.665147715805747,0.000153494525760411,0.00699625213424714,"Positive"
"ASV_441","ASV_447",0.720576692122892,2.24538803994534e-05,0.00156051363512379,"Positive"
"ASV_40","ASV_448",0.720576692122892,2.24538803994534e-05,0.00156051363512379,"Positive"
"ASV_90","ASV_448",1,0,0,"Positive"
"ASV_196","ASV_448",0.665147715805747,0.000153494525760411,0.00699625213424714,"Positive"
"ASV_258","ASV_448",0.720576692122892,2.24538803994534e-05,0.00156051363512379,"Positive"
"ASV_285","ASV_448",0.665147715805747,0.000153494525760411,0.00699625213424714,"Positive"
"ASV_397","ASV_448",1,0,0,"Positive"
"ASV_441","ASV_448",0.665147715805747,0.000153494525760411,0.00699625213424714,"Positive"
"ASV_24","ASV_453",0.665147715805747,0.000153494525760411,0.00699625213424714,"Positive"
"ASV_32","ASV_453",0.720576692122892,2.24538803994534e-05,0.00156051363512379,"Positive"
"ASV_118","ASV_453",1,0,0,"Positive"
"ASV_242","ASV_453",1,0,0,"Positive"
"ASV_320","ASV_453",1,0,0,"Positive"
"ASV_411","ASV_453",0.665147715805747,0.000153494525760411,0.00699625213424714,"Positive"
"ASV_246","ASV_455",0.829777471872807,8.71652050538074e-08,1.15771811706161e-05,"Positive"
"ASV_272","ASV_455",0.720576692122892,2.24538803994534e-05,0.00156051363512379,"Positive"
"ASV_8","ASV_460",0.720576692122892,2.24538803994534e-05,0.00156051363512379,"Positive"
"ASV_31","ASV_460",0.720576692122892,2.24538803994534e-05,0.00156051363512379,"Positive"
"ASV_84","ASV_460",0.665147715805747,0.000153494525760411,0.00699625213424714,"Positive"
"ASV_104","ASV_460",1,0,0,"Positive"
"ASV_237","ASV_460",1,0,0,"Positive"
"ASV_293","ASV_460",0.720576692122892,2.24538803994534e-05,0.00156051363512379,"Positive"
"ASV_387","ASV_460",0.720576692122892,2.24538803994534e-05,0.00156051363512379,"Positive"
"ASV_419","ASV_460",0.720576692122892,2.24538803994534e-05,0.00156051363512379,"Positive"
"ASV_437","ASV_460",0.665147715805747,0.000153494525760411,0.00699625213424714,"Positive"
"ASV_455","ASV_464",0.665147715805747,0.000153494525760411,0.00699625213424714,"Positive"
"ASV_48","ASV_469",0.665147715805747,0.000153494525760411,0.00699625213424714,"Positive"
"ASV_131","ASV_469",0.665147715805747,0.000153494525760411,0.00699625213424714,"Positive"
"ASV_220","ASV_469",1,0,0,"Positive"
"ASV_293","ASV_469",0.665147715805747,0.000153494525760411,0.00699625213424714,"Positive"
"ASV_351","ASV_469",1,0,0,"Positive"
"ASV_387","ASV_472",0.600019200921649,0.000938331035804207,0.035870838792321,"Positive"
"ASV_150","ASV_474",0.720576692122892,2.24538803994534e-05,0.00156051363512379,"Positive"
"ASV_157","ASV_474",0.720576692122892,2.24538803994534e-05,0.00156051363512379,"Positive"
"ASV_247","ASV_474",0.720576692122892,2.24538803994534e-05,0.00156051363512379,"Positive"
"ASV_278","ASV_474",0.665147715805747,0.000153494525760411,0.00699625213424714,"Positive"
"ASV_316","ASV_474",0.720576692122892,2.24538803994534e-05,0.00156051363512379,"Positive"
"ASV_8","ASV_475",0.615234836773903,0.00063685624331411,0.0280740858416343,"Positive"
"ASV_162","ASV_475",0.646968117291612,0.000265356344664625,0.0119940199901756,"Positive"
"ASV_387","ASV_475",0.671758178668325,0.000124640607513715,0.00699625213424714,"Positive"
"ASV_419","ASV_475",0.615234836773903,0.00063685624331411,0.0280740858416343,"Positive"
"ASV_437","ASV_475",0.61740881146215,0.000601574330445054,0.0266505431379534,"Positive"
"ASV_73","ASV_476",0.832239719563824,7.36862437733521e-08,9.94947876598897e-06,"Positive"
"ASV_134","ASV_476",0.720576692122892,2.24538803994534e-05,0.00156051363512379,"Positive"
"ASV_233","ASV_476",0.720576692122892,2.24538803994534e-05,0.00156051363512379,"Positive"
"ASV_364","ASV_476",0.665147715805747,0.000153494525760411,0.00699625213424714,"Positive"
"ASV_401","ASV_476",0.665147715805747,0.000153494525760411,0.00699625213424714,"Positive"
"ASV_48","ASV_477",0.795306004198565,7.15677216822641e-07,9.2434728981734e-05,"Positive"
"ASV_136","ASV_477",0.731864128181332,1.43555625657932e-05,0.00156051363512379,"Positive"
"ASV_392","ASV_477",0.882922825424143,1.09539555204208e-09,1.50031193757295e-07,"Positive"
"ASV_81","ASV_479",0.795306004198565,7.15677216822641e-07,9.2434728981734e-05,"Positive"
"ASV_175","ASV_479",0.671915500322325,0.000124016700560059,0.00699625213424714,"Positive"
"ASV_201","ASV_479",0.648053278688525,0.000257081160242034,0.0116466488061395,"Positive"
"ASV_304","ASV_481",0.61740881146215,0.000601574330445054,0.0266505431379534,"Positive"
"ASV_313","ASV_481",0.600975402542087,0.000916274727053468,0.035870838792321,"Positive"
"ASV_407","ASV_481",0.678280102733066,0.000100977333874486,0.00687431802304738,"Positive"
"ASV_262","ASV_483",0.648053278688525,0.000257081160242034,0.0116466488061395,"Positive"
"ASV_374","ASV_483",0.6240251946838,0.000504465043170921,0.0225942526365653,"Positive"
"ASV_27","ASV_490",0.711295681063123,3.19327871007857e-05,0.00221371824015771,"Positive"
"ASV_131","ASV_493",0.720576692122892,2.24538803994534e-05,0.00156051363512379,"Positive"
"ASV_217","ASV_493",1,0,0,"Positive"
"ASV_251","ASV_493",1,0,0,"Positive"
"ASV_407","ASV_493",0.720576692122892,2.24538803994534e-05,0.00156051363512379,"Positive"
"ASV_65","ASV_494",0.665147715805747,0.000153494525760411,0.00699625213424714,"Positive"
"ASV_81","ASV_494",0.720576692122892,2.24538803994534e-05,0.00156051363512379,"Positive"
"ASV_100","ASV_494",1,0,0,"Positive"
"ASV_122","ASV_494",1,0,0,"Positive"
"ASV_240","ASV_494",0.665147715805747,0.000153494525760411,0.00699625213424714,"Positive"
"ASV_337","ASV_494",1,0,0,"Positive"
"ASV_360","ASV_494",0.720576692122892,2.24538803994534e-05,0.00156051363512379,"Positive"
"ASV_371","ASV_494",0.720576692122892,2.24538803994534e-05,0.00156051363512379,"Positive"
"ASV_131","ASV_497",0.832239719563824,7.36862437733521e-08,9.94947876598897e-06,"Positive"
"ASV_24","ASV_501",0.720576692122892,2.24538803994534e-05,0.00156051363512379,"Positive"
"ASV_134","ASV_501",1,0,0,"Positive"
"ASV_233","ASV_501",1,0,0,"Positive"
"ASV_304","ASV_501",0.720576692122892,2.24538803994534e-05,0.00156051363512379,"Positive"
"ASV_335","ASV_501",0.665147715805747,0.000153494525760411,0.00699625213424714,"Positive"
"ASV_373","ASV_501",0.665147715805747,0.000153494525760411,0.00699625213424714,"Positive"
"ASV_383","ASV_501",0.720576692122892,2.24538803994534e-05,0.00156051363512379,"Positive"
"ASV_422","ASV_501",0.665147715805747,0.000153494525760411,0.00699625213424714,"Positive"
"ASV_476","ASV_501",0.720576692122892,2.24538803994534e-05,0.00156051363512379,"Positive"
"ASV_29","ASV_502",0.720576692122892,2.24538803994534e-05,0.00156051363512379,"Positive"
"ASV_49","ASV_502",0.720576692122892,2.24538803994534e-05,0.00156051363512379,"Positive"
"ASV_60","ASV_502",1,0,0,"Positive"
"ASV_166","ASV_502",1,0,0,"Positive"
"ASV_304","ASV_502",0.665147715805747,0.000153494525760411,0.00699625213424714,"Positive"
"ASV_371","ASV_502",0.665147715805747,0.000153494525760411,0.00699625213424714,"Positive"
"ASV_407","ASV_502",0.665147715805747,0.000153494525760411,0.00699625213424714,"Positive"
"ASV_441","ASV_502",0.720576692122892,2.24538803994534e-05,0.00156051363512379,"Positive"
"ASV_447","ASV_502",1,0,0,"Positive"
"ASV_8","ASV_503",1,0,0,"Positive"
"ASV_75","ASV_503",0.665147715805747,0.000153494525760411,0.00699625213424714,"Positive"
"ASV_98","ASV_503",0.671758178668325,0.000124640607513715,0.00699625213424714,"Positive"
"ASV_104","ASV_503",0.720576692122892,2.24538803994534e-05,0.00156051363512379,"Positive"
"ASV_109","ASV_503",0.671758178668325,0.000124640607513715,0.00699625213424714,"Positive"
"ASV_127","ASV_503",0.665147715805747,0.000153494525760411,0.00699625213424714,"Positive"
"ASV_145","ASV_503",0.702193824303783,4.45318073913903e-05,0.00305723135512934,"Positive"
"ASV_222","ASV_503",0.665147715805747,0.000153494525760411,0.00699625213424714,"Positive"
"ASV_237","ASV_503",0.720576692122892,2.24538803994534e-05,0.00156051363512379,"Positive"
"ASV_257","ASV_503",0.665147715805747,0.000153494525760411,0.00699625213424714,"Positive"
"ASV_270","ASV_503",0.763296784215341,3.64471975866643e-06,0.000458945768754608,"Positive"
"ASV_274","ASV_503",0.665147715805747,0.000153494525760411,0.00699625213424714,"Positive"
"ASV_282","ASV_503",0.795306004198565,7.15677216822641e-07,9.2434728981734e-05,"Positive"
"ASV_283","ASV_503",0.665147715805747,0.000153494525760411,0.00699625213424714,"Positive"
"ASV_352","ASV_503",0.665147715805747,0.000153494525760411,0.00699625213424714,"Positive"
"ASV_366","ASV_503",0.665147715805747,0.000153494525760411,0.00699625213424714,"Positive"
"ASV_384","ASV_503",0.665147715805747,0.000153494525760411,0.00699625213424714,"Positive"
"ASV_419","ASV_503",1,0,0,"Positive"
"ASV_421","ASV_503",0.665147715805747,0.000153494525760411,0.00699625213424714,"Positive"
"ASV_431","ASV_503",0.665147715805747,0.000153494525760411,0.00699625213424714,"Positive"
"ASV_435","ASV_503",0.616664271355505,0.000613460673911659,0.0271249522358802,"Positive"
"ASV_437","ASV_503",0.997041420118343,0,0,"Positive"
"ASV_460","ASV_503",0.720576692122892,2.24538803994534e-05,0.00156051363512379,"Positive"
"ASV_475","ASV_503",0.615234836773903,0.00063685624331411,0.0280740858416343,"Positive"
"ASV_110","ASV_507",0.665147715805747,0.000153494525760411,0.00699625213424714,"Positive"
"ASV_159","ASV_507",0.665147715805747,0.000153494525760411,0.00699625213424714,"Positive"
"ASV_196","ASV_507",0.720576692122892,2.24538803994534e-05,0.00156051363512379,"Positive"
"ASV_305","ASV_507",0.665147715805747,0.000153494525760411,0.00699625213424714,"Positive"
"ASV_364","ASV_507",1,0,0,"Positive"
"ASV_401","ASV_507",1,0,0,"Positive"
"ASV_476","ASV_507",0.665147715805747,0.000153494525760411,0.00699625213424714,"Positive"
"ASV_142","ASV_508",0.714537018044006,2.82807127645057e-05,0.00196250963727299,"Positive"
"ASV_48","ASV_512",0.665147715805747,0.000153494525760411,0.00699625213424714,"Positive"
"ASV_131","ASV_512",0.665147715805747,0.000153494525760411,0.00699625213424714,"Positive"
"ASV_220","ASV_512",1,0,0,"Positive"
"ASV_293","ASV_512",0.665147715805747,0.000153494525760411,0.00699625213424714,"Positive"
"ASV_351","ASV_512",1,0,0,"Positive"
"ASV_469","ASV_512",1,0,0,"Positive"
"ASV_30","ASV_517",-0.674919046675595,0.000112622438046994,0.00699625213424714,"Negative"
"ASV_12","ASV_519",0.665147715805747,0.000153494525760411,0.00699625213424714,"Positive"
"ASV_31","ASV_519",0.665147715805747,0.000153494525760411,0.00699625213424714,"Positive"
"ASV_271","ASV_519",0.720576692122892,2.24538803994534e-05,0.00156051363512379,"Positive"
"ASV_331","ASV_519",0.665147715805747,0.000153494525760411,0.00699625213424714,"Positive"
"ASV_399","ASV_519",1,0,0,"Positive"
"ASV_87","ASV_521",0.832239719563824,7.36862437733521e-08,9.94947876598897e-06,"Positive"
"ASV_134","ASV_521",0.665147715805747,0.000153494525760411,0.00699625213424714,"Positive"
"ASV_150","ASV_521",0.720576692122892,2.24538803994534e-05,0.00156051363512379,"Positive"
"ASV_157","ASV_521",0.720576692122892,2.24538803994534e-05,0.00156051363512379,"Positive"
"ASV_233","ASV_521",0.665147715805747,0.000153494525760411,0.00699625213424714,"Positive"
"ASV_247","ASV_521",0.720576692122892,2.24538803994534e-05,0.00156051363512379,"Positive"
"ASV_316","ASV_521",0.720576692122892,2.24538803994534e-05,0.00156051363512379,"Positive"
"ASV_501","ASV_521",0.665147715805747,0.000153494525760411,0.00699625213424714,"Positive"
"ASV_19","ASV_522",0.703842370748007,4.19665587063633e-05,0.00289405912180739,"Positive"
"ASV_36","ASV_522",0.648053278688525,0.000257081160242034,0.0116466488061395,"Positive"
"ASV_137","ASV_522",0.795306004198565,7.15677216822641e-07,9.2434728981734e-05,"Positive"
"ASV_281","ASV_522",0.693909505975761,5.96514304669338e-05,0.00408914106531216,"Positive"
"ASV_296","ASV_522",0.991803278688525,0,0,"Positive"
"ASV_389","ASV_522",0.802410395646737,4.79669782116332e-07,6.3556476077577e-05,"Positive"
"ASV_271","ASV_532",0.644424077783084,0.000285679961085528,0.0128831454599764,"Positive"
"ASV_521","ASV_534",0.668218197578152,0.000139432194518285,0.00699625213424714,"Positive"
"ASV_65","ASV_535",0.665147715805747,0.000153494525760411,0.00699625213424714,"Positive"
"ASV_81","ASV_535",0.720576692122892,2.24538803994534e-05,0.00156051363512379,"Positive"
"ASV_100","ASV_535",1,0,0,"Positive"
"ASV_122","ASV_535",1,0,0,"Positive"
"ASV_240","ASV_535",0.665147715805747,0.000153494525760411,0.00699625213424714,"Positive"
"ASV_337","ASV_535",1,0,0,"Positive"
"ASV_360","ASV_535",0.720576692122892,2.24538803994534e-05,0.00156051363512379,"Positive"
"ASV_371","ASV_535",0.720576692122892,2.24538803994534e-05,0.00156051363512379,"Positive"
"ASV_494","ASV_535",1,0,0,"Positive"
"ASV_8","ASV_538",0.665147715805747,0.000153494525760411,0.00699625213424714,"Positive"
"ASV_65","ASV_538",0.720576692122892,2.24538803994534e-05,0.00156051363512379,"Positive"
"ASV_75","ASV_538",1,0,0,"Positive"
"ASV_110","ASV_538",0.720576692122892,2.24538803994534e-05,0.00156051363512379,"Positive"
"ASV_127","ASV_538",1,0,0,"Positive"
"ASV_137","ASV_538",0.720576692122892,2.24538803994534e-05,0.00156051363512379,"Positive"
"ASV_159","ASV_538",0.720576692122892,2.24538803994534e-05,0.00156051363512379,"Positive"
"ASV_222","ASV_538",1,0,0,"Positive"
"ASV_252","ASV_538",0.720576692122892,2.24538803994534e-05,0.00156051363512379,"Positive"
"ASV_257","ASV_538",1,0,0,"Positive"
"ASV_274","ASV_538",1,0,0,"Positive"
"ASV_283","ASV_538",1,0,0,"Positive"
"ASV_287","ASV_538",0.665147715805747,0.000153494525760411,0.00699625213424714,"Positive"
"ASV_299","ASV_538",0.665147715805747,0.000153494525760411,0.00699625213424714,"Positive"
"ASV_321","ASV_538",0.720576692122892,2.24538803994534e-05,0.00156051363512379,"Positive"
"ASV_335","ASV_538",0.720576692122892,2.24538803994534e-05,0.00156051363512379,"Positive"
"ASV_342","ASV_538",0.665147715805747,0.000153494525760411,0.00699625213424714,"Positive"
"ASV_352","ASV_538",1,0,0,"Positive"
"ASV_359","ASV_538",0.720576692122892,2.24538803994534e-05,0.00156051363512379,"Positive"
"ASV_360","ASV_538",0.665147715805747,0.000153494525760411,0.00699625213424714,"Positive"
"ASV_366","ASV_538",1,0,0,"Positive"
"ASV_384","ASV_538",1,0,0,"Positive"
"ASV_419","ASV_538",0.665147715805747,0.000153494525760411,0.00699625213424714,"Positive"
"ASV_421","ASV_538",1,0,0,"Positive"
"ASV_423","ASV_538",0.665147715805747,0.000153494525760411,0.00699625213424714,"Positive"
"ASV_431","ASV_538",1,0,0,"Positive"
"ASV_437","ASV_538",0.720576692122892,2.24538803994534e-05,0.00156051363512379,"Positive"
"ASV_503","ASV_538",0.665147715805747,0.000153494525760411,0.00699625213424714,"Positive"
"ASV_75","ASV_539",0.665147715805747,0.000153494525760411,0.00699625213424714,"Positive"
"ASV_78","ASV_539",0.614681428039249,0.00064612054658042,0.0284416522682978,"Positive"
"ASV_127","ASV_539",0.665147715805747,0.000153494525760411,0.00699625213424714,"Positive"
"ASV_222","ASV_539",0.665147715805747,0.000153494525760411,0.00699625213424714,"Positive"
"ASV_257","ASV_539",0.665147715805747,0.000153494525760411,0.00699625213424714,"Positive"
"ASV_270","ASV_539",0.832239719563824,7.36862437733521e-08,9.94947876598897e-06,"Positive"
"ASV_274","ASV_539",0.665147715805747,0.000153494525760411,0.00699625213424714,"Positive"
"ASV_283","ASV_539",0.665147715805747,0.000153494525760411,0.00699625213424714,"Positive"
"ASV_352","ASV_539",0.665147715805747,0.000153494525760411,0.00699625213424714,"Positive"
"ASV_366","ASV_539",0.665147715805747,0.000153494525760411,0.00699625213424714,"Positive"
"ASV_384","ASV_539",0.665147715805747,0.000153494525760411,0.00699625213424714,"Positive"
"ASV_421","ASV_539",0.665147715805747,0.000153494525760411,0.00699625213424714,"Positive"
"ASV_431","ASV_539",0.665147715805747,0.000153494525760411,0.00699625213424714,"Positive"
"ASV_538","ASV_539",0.665147715805747,0.000153494525760411,0.00699625213424714,"Positive"
"ASV_40","ASV_543",0.720576692122892,2.24538803994534e-05,0.00156051363512379,"Positive"
"ASV_90","ASV_543",1,0,0,"Positive"
"ASV_196","ASV_543",0.665147715805747,0.000153494525760411,0.00699625213424714,"Positive"
"ASV_258","ASV_543",0.720576692122892,2.24538803994534e-05,0.00156051363512379,"Positive"
"ASV_285","ASV_543",0.665147715805747,0.000153494525760411,0.00699625213424714,"Positive"
"ASV_397","ASV_543",1,0,0,"Positive"
"ASV_441","ASV_543",0.665147715805747,0.000153494525760411,0.00699625213424714,"Positive"
"ASV_448","ASV_543",1,0,0,"Positive"
"ASV_48","ASV_545",0.720576692122892,2.24538803994534e-05,0.00156051363512379,"Positive"
"ASV_57","ASV_545",0.720576692122892,2.24538803994534e-05,0.00156051363512379,"Positive"
"ASV_64","ASV_545",1,0,0,"Positive"
"ASV_321","ASV_545",0.665147715805747,0.000153494525760411,0.00699625213424714,"Positive"
"ASV_342","ASV_545",0.720576692122892,2.24538803994534e-05,0.00156051363512379,"Positive"
"ASV_349","ASV_545",1,0,0,"Positive"
"ASV_373","ASV_545",0.720576692122892,2.24538803994534e-05,0.00156051363512379,"Positive"
"ASV_404","ASV_545",1,0,0,"Positive"
"ASV_414","ASV_545",1,0,0,"Positive"
"ASV_8","ASV_546",0.665147715805747,0.000153494525760411,0.00699625213424714,"Positive"
"ASV_65","ASV_546",0.720576692122892,2.24538803994534e-05,0.00156051363512379,"Positive"
"ASV_75","ASV_546",1,0,0,"Positive"
"ASV_110","ASV_546",0.720576692122892,2.24538803994534e-05,0.00156051363512379,"Positive"
"ASV_127","ASV_546",1,0,0,"Positive"
"ASV_137","ASV_546",0.720576692122892,2.24538803994534e-05,0.00156051363512379,"Positive"
"ASV_159","ASV_546",0.720576692122892,2.24538803994534e-05,0.00156051363512379,"Positive"
"ASV_222","ASV_546",1,0,0,"Positive"
"ASV_252","ASV_546",0.720576692122892,2.24538803994534e-05,0.00156051363512379,"Positive"
"ASV_257","ASV_546",1,0,0,"Positive"
"ASV_274","ASV_546",1,0,0,"Positive"
"ASV_283","ASV_546",1,0,0,"Positive"
"ASV_287","ASV_546",0.665147715805747,0.000153494525760411,0.00699625213424714,"Positive"
"ASV_299","ASV_546",0.665147715805747,0.000153494525760411,0.00699625213424714,"Positive"
"ASV_321","ASV_546",0.720576692122892,2.24538803994534e-05,0.00156051363512379,"Positive"
"ASV_335","ASV_546",0.720576692122892,2.24538803994534e-05,0.00156051363512379,"Positive"
"ASV_342","ASV_546",0.665147715805747,0.000153494525760411,0.00699625213424714,"Positive"
"ASV_352","ASV_546",1,0,0,"Positive"
"ASV_359","ASV_546",0.720576692122892,2.24538803994534e-05,0.00156051363512379,"Positive"
"ASV_360","ASV_546",0.665147715805747,0.000153494525760411,0.00699625213424714,"Positive"
"ASV_366","ASV_546",1,0,0,"Positive"
"ASV_384","ASV_546",1,0,0,"Positive"
"ASV_419","ASV_546",0.665147715805747,0.000153494525760411,0.00699625213424714,"Positive"
"ASV_421","ASV_546",1,0,0,"Positive"
"ASV_423","ASV_546",0.665147715805747,0.000153494525760411,0.00699625213424714,"Positive"
"ASV_431","ASV_546",1,0,0,"Positive"
"ASV_437","ASV_546",0.720576692122892,2.24538803994534e-05,0.00156051363512379,"Positive"
"ASV_503","ASV_546",0.665147715805747,0.000153494525760411,0.00699625213424714,"Positive"
"ASV_538","ASV_546",1,0,0,"Positive"
"ASV_539","ASV_546",0.665147715805747,0.000153494525760411,0.00699625213424714,"Positive"
"ASV_429","ASV_548",0.623372449032881,0.000513393737808121,0.022983475146617,"Positive"
"ASV_29","ASV_551",0.665147715805747,0.000153494525760411,0.00699625213424714,"Positive"
"ASV_81","ASV_551",0.665147715805747,0.000153494525760411,0.00699625213424714,"Positive"
"ASV_278","ASV_551",1,0,0,"Positive"
"ASV_287","ASV_551",0.720576692122892,2.24538803994534e-05,0.00156051363512379,"Positive"
"ASV_474","ASV_551",0.665147715805747,0.000153494525760411,0.00699625213424714,"Positive"
"ASV_104","ASV_552",0.665147715805747,0.000153494525760411,0.00699625213424714,"Positive"
"ASV_237","ASV_552",0.665147715805747,0.000153494525760411,0.00699625213424714,"Positive"
"ASV_387","ASV_552",0.997041420118343,0,0,"Positive"
"ASV_460","ASV_552",0.665147715805747,0.000153494525760411,0.00699625213424714,"Positive"
"ASV_475","ASV_552",0.678280102733066,0.000100977333874486,0.00687431802304738,"Positive"
"ASV_534","ASV_553",0.644541610910616,0.000284711766455059,0.0128604663182076,"Positive"
"ASV_25","ASV_556",0.653930926332517,0.000216079160150207,0.0098358721259678,"Positive"
"ASV_8","ASV_561",0.665147715805747,0.000153494525760411,0.00699625213424714,"Positive"
"ASV_65","ASV_561",0.720576692122892,2.24538803994534e-05,0.00156051363512379,"Positive"
"ASV_75","ASV_561",1,0,0,"Positive"
"ASV_110","ASV_561",0.720576692122892,2.24538803994534e-05,0.00156051363512379,"Positive"
"ASV_127","ASV_561",1,0,0,"Positive"
"ASV_137","ASV_561",0.720576692122892,2.24538803994534e-05,0.00156051363512379,"Positive"
"ASV_159","ASV_561",0.720576692122892,2.24538803994534e-05,0.00156051363512379,"Positive"
"ASV_222","ASV_561",1,0,0,"Positive"
"ASV_252","ASV_561",0.720576692122892,2.24538803994534e-05,0.00156051363512379,"Positive"
"ASV_257","ASV_561",1,0,0,"Positive"
"ASV_274","ASV_561",1,0,0,"Positive"
"ASV_283","ASV_561",1,0,0,"Positive"
"ASV_287","ASV_561",0.665147715805747,0.000153494525760411,0.00699625213424714,"Positive"
"ASV_299","ASV_561",0.665147715805747,0.000153494525760411,0.00699625213424714,"Positive"
"ASV_321","ASV_561",0.720576692122892,2.24538803994534e-05,0.00156051363512379,"Positive"
"ASV_335","ASV_561",0.720576692122892,2.24538803994534e-05,0.00156051363512379,"Positive"
"ASV_342","ASV_561",0.665147715805747,0.000153494525760411,0.00699625213424714,"Positive"
"ASV_352","ASV_561",1,0,0,"Positive"
"ASV_359","ASV_561",0.720576692122892,2.24538803994534e-05,0.00156051363512379,"Positive"
"ASV_360","ASV_561",0.665147715805747,0.000153494525760411,0.00699625213424714,"Positive"
"ASV_366","ASV_561",1,0,0,"Positive"
"ASV_384","ASV_561",1,0,0,"Positive"
"ASV_419","ASV_561",0.665147715805747,0.000153494525760411,0.00699625213424714,"Positive"
"ASV_421","ASV_561",1,0,0,"Positive"
"ASV_423","ASV_561",0.665147715805747,0.000153494525760411,0.00699625213424714,"Positive"
"ASV_431","ASV_561",1,0,0,"Positive"
"ASV_437","ASV_561",0.720576692122892,2.24538803994534e-05,0.00156051363512379,"Positive"
"ASV_503","ASV_561",0.665147715805747,0.000153494525760411,0.00699625213424714,"Positive"
"ASV_538","ASV_561",1,0,0,"Positive"
"ASV_539","ASV_561",0.665147715805747,0.000153494525760411,0.00699625213424714,"Positive"
"ASV_546","ASV_561",1,0,0,"Positive"
"ASV_305","ASV_563",0.720576692122892,2.24538803994534e-05,0.00156051363512379,"Positive"
"ASV_120","ASV_564",0.611744123080991,0.000697284934514375,0.030615848571888,"Positive"
"ASV_262","ASV_564",0.614324855004175,0.000652151760818009,0.0287025697584482,"Positive"
"ASV_429","ASV_564",0.714233233456147,2.86064456282986e-05,0.00198461524745964,"Positive"
"ASV_37","ASV_567",1,0,0,"Positive"
"ASV_49","ASV_567",0.665147715805747,0.000153494525760411,0.00699625213424714,"Positive"
"ASV_195","ASV_567",1,0,0,"Positive"
"ASV_317","ASV_567",1,0,0,"Positive"
"ASV_75","ASV_568",0.665147715805747,0.000153494525760411,0.00699625213424714,"Positive"
"ASV_127","ASV_568",0.665147715805747,0.000153494525760411,0.00699625213424714,"Positive"
"ASV_217","ASV_568",0.720576692122892,2.24538803994534e-05,0.00156051363512379,"Positive"
"ASV_222","ASV_568",0.665147715805747,0.000153494525760411,0.00699625213424714,"Positive"
"ASV_251","ASV_568",0.720576692122892,2.24538803994534e-05,0.00156051363512379,"Positive"
"ASV_257","ASV_568",0.665147715805747,0.000153494525760411,0.00699625213424714,"Positive"
"ASV_274","ASV_568",0.665147715805747,0.000153494525760411,0.00699625213424714,"Positive"
"ASV_283","ASV_568",0.665147715805747,0.000153494525760411,0.00699625213424714,"Positive"
"ASV_352","ASV_568",0.665147715805747,0.000153494525760411,0.00699625213424714,"Positive"
"ASV_366","ASV_568",0.665147715805747,0.000153494525760411,0.00699625213424714,"Positive"
"ASV_384","ASV_568",0.665147715805747,0.000153494525760411,0.00699625213424714,"Positive"
"ASV_421","ASV_568",0.665147715805747,0.000153494525760411,0.00699625213424714,"Positive"
"ASV_431","ASV_568",0.665147715805747,0.000153494525760411,0.00699625213424714,"Positive"
"ASV_493","ASV_568",0.720576692122892,2.24538803994534e-05,0.00156051363512379,"Positive"
"ASV_538","ASV_568",0.665147715805747,0.000153494525760411,0.00699625213424714,"Positive"
"ASV_546","ASV_568",0.665147715805747,0.000153494525760411,0.00699625213424714,"Positive"
"ASV_561","ASV_568",0.665147715805747,0.000153494525760411,0.00699625213424714,"Positive"
"ASV_8","ASV_570",0.665147715805747,0.000153494525760411,0.00699625213424714,"Positive"
"ASV_65","ASV_570",0.720576692122892,2.24538803994534e-05,0.00156051363512379,"Positive"
"ASV_75","ASV_570",1,0,0,"Positive"
"ASV_110","ASV_570",0.720576692122892,2.24538803994534e-05,0.00156051363512379,"Positive"
"ASV_127","ASV_570",1,0,0,"Positive"
"ASV_137","ASV_570",0.720576692122892,2.24538803994534e-05,0.00156051363512379,"Positive"
"ASV_159","ASV_570",0.720576692122892,2.24538803994534e-05,0.00156051363512379,"Positive"
"ASV_222","ASV_570",1,0,0,"Positive"
"ASV_252","ASV_570",0.720576692122892,2.24538803994534e-05,0.00156051363512379,"Positive"
"ASV_257","ASV_570",1,0,0,"Positive"
"ASV_274","ASV_570",1,0,0,"Positive"
"ASV_283","ASV_570",1,0,0,"Positive"
"ASV_287","ASV_570",0.665147715805747,0.000153494525760411,0.00699625213424714,"Positive"
"ASV_299","ASV_570",0.665147715805747,0.000153494525760411,0.00699625213424714,"Positive"
"ASV_321","ASV_570",0.720576692122892,2.24538803994534e-05,0.00156051363512379,"Positive"
"ASV_335","ASV_570",0.720576692122892,2.24538803994534e-05,0.00156051363512379,"Positive"
"ASV_342","ASV_570",0.665147715805747,0.000153494525760411,0.00699625213424714,"Positive"
"ASV_352","ASV_570",1,0,0,"Positive"
"ASV_359","ASV_570",0.720576692122892,2.24538803994534e-05,0.00156051363512379,"Positive"
"ASV_360","ASV_570",0.665147715805747,0.000153494525760411,0.00699625213424714,"Positive"
"ASV_366","ASV_570",1,0,0,"Positive"
"ASV_384","ASV_570",1,0,0,"Positive"
"ASV_419","ASV_570",0.665147715805747,0.000153494525760411,0.00699625213424714,"Positive"
"ASV_421","ASV_570",1,0,0,"Positive"
"ASV_423","ASV_570",0.665147715805747,0.000153494525760411,0.00699625213424714,"Positive"
"ASV_431","ASV_570",1,0,0,"Positive"
"ASV_437","ASV_570",0.720576692122892,2.24538803994534e-05,0.00156051363512379,"Positive"
"ASV_503","ASV_570",0.665147715805747,0.000153494525760411,0.00699625213424714,"Positive"
"ASV_538","ASV_570",1,0,0,"Positive"
"ASV_539","ASV_570",0.665147715805747,0.000153494525760411,0.00699625213424714,"Positive"
"ASV_546","ASV_570",1,0,0,"Positive"
"ASV_561","ASV_570",1,0,0,"Positive"
"ASV_568","ASV_570",0.665147715805747,0.000153494525760411,0.00699625213424714,"Positive"
"ASV_387","ASV_572",0.763296784215341,3.64471975866643e-06,0.000458945768754608,"Positive"
"ASV_552","ASV_572",0.765759031906359,3.24513858140918e-06,0.000415059381465605,"Positive"
"ASV_131","ASV_573",0.720576692122892,2.24538803994534e-05,0.00156051363512379,"Positive"
"ASV_217","ASV_573",1,0,0,"Positive"
"ASV_251","ASV_573",1,0,0,"Positive"
"ASV_407","ASV_573",0.720576692122892,2.24538803994534e-05,0.00156051363512379,"Positive"
"ASV_493","ASV_573",1,0,0,"Positive"
"ASV_568","ASV_573",0.720576692122892,2.24538803994534e-05,0.00156051363512379,"Positive"
"ASV_24","ASV_580",0.720576692122892,2.24538803994534e-05,0.00156051363512379,"Positive"
"ASV_134","ASV_580",1,0,0,"Positive"
"ASV_233","ASV_580",1,0,0,"Positive"
"ASV_304","ASV_580",0.720576692122892,2.24538803994534e-05,0.00156051363512379,"Positive"
"ASV_335","ASV_580",0.665147715805747,0.000153494525760411,0.00699625213424714,"Positive"
"ASV_373","ASV_580",0.665147715805747,0.000153494525760411,0.00699625213424714,"Positive"
"ASV_383","ASV_580",0.720576692122892,2.24538803994534e-05,0.00156051363512379,"Positive"
"ASV_422","ASV_580",0.665147715805747,0.000153494525760411,0.00699625213424714,"Positive"
"ASV_476","ASV_580",0.720576692122892,2.24538803994534e-05,0.00156051363512379,"Positive"
"ASV_501","ASV_580",1,0,0,"Positive"
"ASV_521","ASV_580",0.665147715805747,0.000153494525760411,0.00699625213424714,"Positive"
"ASV_455","ASV_582",0.665147715805747,0.000153494525760411,0.00699625213424714,"Positive"
"ASV_464","ASV_582",1,0,0,"Positive"
"ASV_57","ASV_586",0.665147715805747,0.000153494525760411,0.00699625213424714,"Positive"
"ASV_539","ASV_586",0.720576692122892,2.24538803994534e-05,0.00156051363512379,"Positive"
"ASV_131","ASV_587",0.720576692122892,2.24538803994534e-05,0.00156051363512379,"Positive"
"ASV_217","ASV_587",1,0,0,"Positive"
"ASV_251","ASV_587",1,0,0,"Positive"
"ASV_407","ASV_587",0.720576692122892,2.24538803994534e-05,0.00156051363512379,"Positive"
"ASV_493","ASV_587",1,0,0,"Positive"
"ASV_568","ASV_587",0.720576692122892,2.24538803994534e-05,0.00156051363512379,"Positive"
"ASV_573","ASV_587",1,0,0,"Positive"
"ASV_336","ASV_591",0.665147715805747,0.000153494525760411,0.00699625213424714,"Positive"
"ASV_435","ASV_591",0.612698584722994,0.000680285588452456,0.0298789473233601,"Positive"
"ASV_586","ASV_591",0.720576692122892,2.24538803994534e-05,0.00156051363512379,"Positive"
"ASV_234","ASV_592",0.626536885245902,0.000471361018652416,0.0211359993691521,"Positive"
"ASV_90","ASV_594",0.665147715805747,0.000153494525760411,0.00699625213424714,"Positive"
"ASV_397","ASV_594",0.665147715805747,0.000153494525760411,0.00699625213424714,"Positive"
"ASV_448","ASV_594",0.665147715805747,0.000153494525760411,0.00699625213424714,"Positive"
"ASV_543","ASV_594",0.665147715805747,0.000153494525760411,0.00699625213424714,"Positive"
"ASV_563","ASV_594",0.720576692122892,2.24538803994534e-05,0.00156051363512379,"Positive"
"ASV_65","ASV_596",0.665147715805747,0.000153494525760411,0.00699625213424714,"Positive"
"ASV_81","ASV_596",0.720576692122892,2.24538803994534e-05,0.00156051363512379,"Positive"
"ASV_100","ASV_596",1,0,0,"Positive"
"ASV_122","ASV_596",1,0,0,"Positive"
"ASV_240","ASV_596",0.665147715805747,0.000153494525760411,0.00699625213424714,"Positive"
"ASV_337","ASV_596",1,0,0,"Positive"
"ASV_360","ASV_596",0.720576692122892,2.24538803994534e-05,0.00156051363512379,"Positive"
"ASV_371","ASV_596",0.720576692122892,2.24538803994534e-05,0.00156051363512379,"Positive"
"ASV_494","ASV_596",1,0,0,"Positive"
"ASV_535","ASV_596",1,0,0,"Positive"
"ASV_137","ASV_598",0.665147715805747,0.000153494525760411,0.00699625213424714,"Positive"
"ASV_211","ASV_598",0.720576692122892,2.24538803994534e-05,0.00156051363512379,"Positive"
"ASV_272","ASV_598",1,0,0,"Positive"
"ASV_383","ASV_598",0.665147715805747,0.000153494525760411,0.00699625213424714,"Positive"
"ASV_422","ASV_598",0.720576692122892,2.24538803994534e-05,0.00156051363512379,"Positive"
"ASV_455","ASV_598",0.720576692122892,2.24538803994534e-05,0.00156051363512379,"Positive"
"ASV_36","ASV_600",0.829777471872807,8.71652050538074e-08,1.15771811706161e-05,"Positive"
"ASV_54","ASV_600",0.622173756032602,0.000530150243934546,0.0236569917375739,"Positive"
"ASV_75","ASV_600",0.665147715805747,0.000153494525760411,0.00699625213424714,"Positive"
"ASV_98","ASV_600",0.732629469939241,1.39156190015477e-05,0.00156051363512379,"Positive"
"ASV_127","ASV_600",0.665147715805747,0.000153494525760411,0.00699625213424714,"Positive"
"ASV_137","ASV_600",0.997041420118343,0,0,"Positive"
"ASV_222","ASV_600",0.665147715805747,0.000153494525760411,0.00699625213424714,"Positive"
"ASV_257","ASV_600",0.665147715805747,0.000153494525760411,0.00699625213424714,"Positive"
"ASV_272","ASV_600",0.720576692122892,2.24538803994534e-05,0.00156051363512379,"Positive"
"ASV_274","ASV_600",0.665147715805747,0.000153494525760411,0.00699625213424714,"Positive"
"ASV_283","ASV_600",0.665147715805747,0.000153494525760411,0.00699625213424714,"Positive"
"ASV_295","ASV_600",0.612698584722994,0.000680285588452456,0.0298789473233601,"Positive"
"ASV_296","ASV_600",0.795306004198565,7.15677216822641e-07,9.2434728981734e-05,"Positive"
"ASV_352","ASV_600",0.665147715805747,0.000153494525760411,0.00699625213424714,"Positive"
"ASV_366","ASV_600",0.665147715805747,0.000153494525760411,0.00699625213424714,"Positive"
"ASV_384","ASV_600",0.665147715805747,0.000153494525760411,0.00699625213424714,"Positive"
"ASV_389","ASV_600",0.643496507721114,0.000293422897945206,0.0132086181271113,"Positive"
"ASV_421","ASV_600",0.665147715805747,0.000153494525760411,0.00699625213424714,"Positive"
"ASV_431","ASV_600",0.665147715805747,0.000153494525760411,0.00699625213424714,"Positive"
"ASV_522","ASV_600",0.8002304995806,5.43241576611564e-07,7.10936547391713e-05,"Positive"
"ASV_538","ASV_600",0.665147715805747,0.000153494525760411,0.00699625213424714,"Positive"
"ASV_546","ASV_600",0.665147715805747,0.000153494525760411,0.00699625213424714,"Positive"
"ASV_561","ASV_600",0.665147715805747,0.000153494525760411,0.00699625213424714,"Positive"
"ASV_570","ASV_600",0.665147715805747,0.000153494525760411,0.00699625213424714,"Positive"
"ASV_598","ASV_600",0.720576692122892,2.24538803994534e-05,0.00156051363512379,"Positive"
"ASV_60","ASV_601",0.665147715805747,0.000153494525760411,0.00699625213424714,"Positive"
"ASV_166","ASV_601",0.665147715805747,0.000153494525760411,0.00699625213424714,"Positive"
"ASV_239","ASV_601",0.720576692122892,2.24538803994534e-05,0.00156051363512379,"Positive"
"ASV_311","ASV_601",0.720576692122892,2.24538803994534e-05,0.00156051363512379,"Positive"
"ASV_386","ASV_601",0.676106128044819,0.000108380732493973,0.00699625213424714,"Positive"
"ASV_426","ASV_601",0.612698584722994,0.000680285588452456,0.0298789473233601,"Positive"
"ASV_447","ASV_601",0.665147715805747,0.000153494525760411,0.00699625213424714,"Positive"
"ASV_502","ASV_601",0.665147715805747,0.000153494525760411,0.00699625213424714,"Positive"
"ASV_328","ASV_605",0.832239719563824,7.36862437733521e-08,9.94947876598897e-06,"Positive"
"ASV_336","ASV_605",0.720576692122892,2.24538803994534e-05,0.00156051363512379,"Positive"
"ASV_276","ASV_606",0.610238591545437,0.000724851252244196,0.0318059988435128,"Positive"
"ASV_155","ASV_607",0.703442749596078,4.25760309759049e-05,0.00293462460289681,"Positive"
"ASV_161","ASV_607",0.706541773680277,3.8048701537452e-05,0.00262650072680959,"Positive"
"ASV_556","ASV_607",0.600975402542087,0.000916274727053468,0.035870838792321,"Positive"
"ASV_272","ASV_608",0.665147715805747,0.000153494525760411,0.00699625213424714,"Positive"
"ASV_278","ASV_608",0.720576692122892,2.24538803994534e-05,0.00156051363512379,"Positive"
"ASV_551","ASV_608",0.720576692122892,2.24538803994534e-05,0.00156051363512379,"Positive"
"ASV_598","ASV_608",0.665147715805747,0.000153494525760411,0.00699625213424714,"Positive"
"ASV_65","ASV_611",0.665147715805747,0.000153494525760411,0.00699625213424714,"Positive"
"ASV_81","ASV_611",0.720576692122892,2.24538803994534e-05,0.00156051363512379,"Positive"
"ASV_100","ASV_611",1,0,0,"Positive"
"ASV_122","ASV_611",1,0,0,"Positive"
"ASV_240","ASV_611",0.665147715805747,0.000153494525760411,0.00699625213424714,"Positive"
"ASV_337","ASV_611",1,0,0,"Positive"
"ASV_360","ASV_611",0.720576692122892,2.24538803994534e-05,0.00156051363512379,"Positive"
"ASV_371","ASV_611",0.720576692122892,2.24538803994534e-05,0.00156051363512379,"Positive"
"ASV_494","ASV_611",1,0,0,"Positive"
"ASV_535","ASV_611",1,0,0,"Positive"
"ASV_596","ASV_611",1,0,0,"Positive"
"ASV_8","ASV_612",0.665147715805747,0.000153494525760411,0.00699625213424714,"Positive"
"ASV_65","ASV_612",0.720576692122892,2.24538803994534e-05,0.00156051363512379,"Positive"
"ASV_75","ASV_612",1,0,0,"Positive"
"ASV_110","ASV_612",0.720576692122892,2.24538803994534e-05,0.00156051363512379,"Positive"
"ASV_127","ASV_612",1,0,0,"Positive"
"ASV_137","ASV_612",0.720576692122892,2.24538803994534e-05,0.00156051363512379,"Positive"
"ASV_159","ASV_612",0.720576692122892,2.24538803994534e-05,0.00156051363512379,"Positive"
"ASV_222","ASV_612",1,0,0,"Positive"
"ASV_252","ASV_612",0.720576692122892,2.24538803994534e-05,0.00156051363512379,"Positive"
"ASV_257","ASV_612",1,0,0,"Positive"
"ASV_274","ASV_612",1,0,0,"Positive"
"ASV_283","ASV_612",1,0,0,"Positive"
"ASV_287","ASV_612",0.665147715805747,0.000153494525760411,0.00699625213424714,"Positive"
"ASV_299","ASV_612",0.665147715805747,0.000153494525760411,0.00699625213424714,"Positive"
"ASV_321","ASV_612",0.720576692122892,2.24538803994534e-05,0.00156051363512379,"Positive"
"ASV_335","ASV_612",0.720576692122892,2.24538803994534e-05,0.00156051363512379,"Positive"
"ASV_342","ASV_612",0.665147715805747,0.000153494525760411,0.00699625213424714,"Positive"
"ASV_352","ASV_612",1,0,0,"Positive"
"ASV_359","ASV_612",0.720576692122892,2.24538803994534e-05,0.00156051363512379,"Positive"
"ASV_360","ASV_612",0.665147715805747,0.000153494525760411,0.00699625213424714,"Positive"
"ASV_366","ASV_612",1,0,0,"Positive"
"ASV_384","ASV_612",1,0,0,"Positive"
"ASV_419","ASV_612",0.665147715805747,0.000153494525760411,0.00699625213424714,"Positive"
"ASV_421","ASV_612",1,0,0,"Positive"
"ASV_423","ASV_612",0.665147715805747,0.000153494525760411,0.00699625213424714,"Positive"
"ASV_431","ASV_612",1,0,0,"Positive"
"ASV_437","ASV_612",0.720576692122892,2.24538803994534e-05,0.00156051363512379,"Positive"
"ASV_503","ASV_612",0.665147715805747,0.000153494525760411,0.00699625213424714,"Positive"
"ASV_538","ASV_612",1,0,0,"Positive"
"ASV_539","ASV_612",0.665147715805747,0.000153494525760411,0.00699625213424714,"Positive"
"ASV_546","ASV_612",1,0,0,"Positive"
"ASV_561","ASV_612",1,0,0,"Positive"
"ASV_568","ASV_612",0.665147715805747,0.000153494525760411,0.00699625213424714,"Positive"
"ASV_570","ASV_612",1,0,0,"Positive"
"ASV_600","ASV_612",0.665147715805747,0.000153494525760411,0.00699625213424714,"Positive"
"ASV_313","ASV_613",0.602127398424893,0.000890301238343216,0.035870838792321,"Positive"
"ASV_355","ASV_613",0.640103898242563,0.000323334430649247,0.0145408954269003,"Positive"
"ASV_32","ASV_617",0.665147715805747,0.000153494525760411,0.00699625213424714,"Positive"
"ASV_117","ASV_617",1,0,0,"Positive"
"ASV_161","ASV_617",0.720576692122892,2.24538803994534e-05,0.00156051363512379,"Positive"
"ASV_354","ASV_617",1,0,0,"Positive"
"ASV_408","ASV_617",1,0,0,"Positive"
"ASV_410","ASV_617",1,0,0,"Positive"
"ASV_81","ASV_618",0.622173756032602,0.000530150243934546,0.0236569917375739,"Positive"
"ASV_42","ASV_619",0.665147715805747,0.000153494525760411,0.00699625213424714,"Positive"
"ASV_226","ASV_619",0.665147715805747,0.000153494525760411,0.00699625213424714,"Positive"
"ASV_239","ASV_619",1,0,0,"Positive"
"ASV_285","ASV_619",0.720576692122892,2.24538803994534e-05,0.00156051363512379,"Positive"
"ASV_311","ASV_619",1,0,0,"Positive"
"ASV_423","ASV_619",0.720576692122892,2.24538803994534e-05,0.00156051363512379,"Positive"
"ASV_601","ASV_619",0.720576692122892,2.24538803994534e-05,0.00156051363512379,"Positive"
"ASV_305","ASV_620",0.832239719563824,7.36862437733521e-08,9.94947876598897e-06,"Positive"
"ASV_48","ASV_621",0.720576692122892,2.24538803994534e-05,0.00156051363512379,"Positive"
"ASV_57","ASV_621",0.720576692122892,2.24538803994534e-05,0.00156051363512379,"Positive"
"ASV_64","ASV_621",1,0,0,"Positive"
"ASV_321","ASV_621",0.665147715805747,0.000153494525760411,0.00699625213424714,"Positive"
"ASV_342","ASV_621",0.720576692122892,2.24538803994534e-05,0.00156051363512379,"Positive"
"ASV_349","ASV_621",1,0,0,"Positive"
"ASV_373","ASV_621",0.720576692122892,2.24538803994534e-05,0.00156051363512379,"Positive"
"ASV_404","ASV_621",1,0,0,"Positive"
"ASV_414","ASV_621",1,0,0,"Positive"
"ASV_545","ASV_621",1,0,0,"Positive"
"ASV_100","ASV_623",0.665147715805747,0.000153494525760411,0.00699625213424714,"Positive"
"ASV_122","ASV_623",0.665147715805747,0.000153494525760411,0.00699625213424714,"Positive"
"ASV_217","ASV_623",0.720576692122892,2.24538803994534e-05,0.00156051363512379,"Positive"
"ASV_234","ASV_623",0.8002304995806,5.43241576611564e-07,7.10936547391713e-05,"Positive"
"ASV_251","ASV_623",0.720576692122892,2.24538803994534e-05,0.00156051363512379,"Positive"
"ASV_275","ASV_623",0.644424077783084,0.000285679961085528,0.0128831454599764,"Positive"
"ASV_337","ASV_623",0.665147715805747,0.000153494525760411,0.00699625213424714,"Positive"
"ASV_493","ASV_623",0.720576692122892,2.24538803994534e-05,0.00156051363512379,"Positive"
"ASV_494","ASV_623",0.665147715805747,0.000153494525760411,0.00699625213424714,"Positive"
"ASV_535","ASV_623",0.665147715805747,0.000153494525760411,0.00699625213424714,"Positive"
"ASV_573","ASV_623",0.720576692122892,2.24538803994534e-05,0.00156051363512379,"Positive"
"ASV_587","ASV_623",0.720576692122892,2.24538803994534e-05,0.00156051363512379,"Positive"
"ASV_592","ASV_623",0.8002304995806,5.43241576611564e-07,7.10936547391713e-05,"Positive"
"ASV_596","ASV_623",0.665147715805747,0.000153494525760411,0.00699625213424714,"Positive"
"ASV_611","ASV_623",0.665147715805747,0.000153494525760411,0.00699625213424714,"Positive"
"ASV_40","ASV_627",0.665147715805747,0.000153494525760411,0.00699625213424714,"Positive"
"ASV_226","ASV_627",0.720576692122892,2.24538803994534e-05,0.00156051363512379,"Positive"
"ASV_298","ASV_627",1,0,0,"Positive"
"ASV_409","ASV_627",1,0,0,"Positive"
"ASV_29","ASV_628",0.665147715805747,0.000153494525760411,0.00699625213424714,"Positive"
"ASV_81","ASV_628",0.665147715805747,0.000153494525760411,0.00699625213424714,"Positive"
"ASV_278","ASV_628",1,0,0,"Positive"
"ASV_287","ASV_628",0.720576692122892,2.24538803994534e-05,0.00156051363512379,"Positive"
"ASV_474","ASV_628",0.665147715805747,0.000153494525760411,0.00699625213424714,"Positive"
"ASV_551","ASV_628",1,0,0,"Positive"
"ASV_608","ASV_628",0.720576692122892,2.24538803994534e-05,0.00156051363512379,"Positive"
"ASV_36","ASV_631",0.829777471872807,8.71652050538074e-08,1.15771811706161e-05,"Positive"
"ASV_54","ASV_631",0.622173756032602,0.000530150243934546,0.0236569917375739,"Positive"
"ASV_75","ASV_631",0.665147715805747,0.000153494525760411,0.00699625213424714,"Positive"
"ASV_98","ASV_631",0.732629469939241,1.39156190015477e-05,0.00156051363512379,"Positive"
"ASV_127","ASV_631",0.665147715805747,0.000153494525760411,0.00699625213424714,"Positive"
"ASV_137","ASV_631",0.997041420118343,0,0,"Positive"
"ASV_222","ASV_631",0.665147715805747,0.000153494525760411,0.00699625213424714,"Positive"
"ASV_257","ASV_631",0.665147715805747,0.000153494525760411,0.00699625213424714,"Positive"
"ASV_272","ASV_631",0.720576692122892,2.24538803994534e-05,0.00156051363512379,"Positive"
"ASV_274","ASV_631",0.665147715805747,0.000153494525760411,0.00699625213424714,"Positive"
"ASV_283","ASV_631",0.665147715805747,0.000153494525760411,0.00699625213424714,"Positive"
"ASV_295","ASV_631",0.612698584722994,0.000680285588452456,0.0298789473233601,"Positive"
"ASV_296","ASV_631",0.795306004198565,7.15677216822641e-07,9.2434728981734e-05,"Positive"
"ASV_352","ASV_631",0.665147715805747,0.000153494525760411,0.00699625213424714,"Positive"
"ASV_366","ASV_631",0.665147715805747,0.000153494525760411,0.00699625213424714,"Positive"
"ASV_384","ASV_631",0.665147715805747,0.000153494525760411,0.00699625213424714,"Positive"
"ASV_389","ASV_631",0.643496507721114,0.000293422897945206,0.0132086181271113,"Positive"
"ASV_421","ASV_631",0.665147715805747,0.000153494525760411,0.00699625213424714,"Positive"
"ASV_431","ASV_631",0.665147715805747,0.000153494525760411,0.00699625213424714,"Positive"
"ASV_522","ASV_631",0.8002304995806,5.43241576611564e-07,7.10936547391713e-05,"Positive"
"ASV_538","ASV_631",0.665147715805747,0.000153494525760411,0.00699625213424714,"Positive"
"ASV_546","ASV_631",0.665147715805747,0.000153494525760411,0.00699625213424714,"Positive"
"ASV_561","ASV_631",0.665147715805747,0.000153494525760411,0.00699625213424714,"Positive"
"ASV_570","ASV_631",0.665147715805747,0.000153494525760411,0.00699625213424714,"Positive"
"ASV_598","ASV_631",0.720576692122892,2.24538803994534e-05,0.00156051363512379,"Positive"
"ASV_600","ASV_631",1,0,0,"Positive"
"ASV_612","ASV_631",0.665147715805747,0.000153494525760411,0.00699625213424714,"Positive"
"ASV_47","ASV_635",0.644424077783084,0.000285679961085528,0.0128831454599764,"Positive"
"ASV_64","ASV_635",0.665147715805747,0.000153494525760411,0.00699625213424714,"Positive"
"ASV_90","ASV_635",0.720576692122892,2.24538803994534e-05,0.00156051363512379,"Positive"
"ASV_273","ASV_635",0.8002304995806,5.43241576611564e-07,7.10936547391713e-05,"Positive"
"ASV_349","ASV_635",0.665147715805747,0.000153494525760411,0.00699625213424714,"Positive"
"ASV_397","ASV_635",0.720576692122892,2.24538803994534e-05,0.00156051363512379,"Positive"
"ASV_404","ASV_635",0.665147715805747,0.000153494525760411,0.00699625213424714,"Positive"
"ASV_414","ASV_635",0.665147715805747,0.000153494525760411,0.00699625213424714,"Positive"
"ASV_448","ASV_635",0.720576692122892,2.24538803994534e-05,0.00156051363512379,"Positive"
"ASV_543","ASV_635",0.720576692122892,2.24538803994534e-05,0.00156051363512379,"Positive"
"ASV_545","ASV_635",0.665147715805747,0.000153494525760411,0.00699625213424714,"Positive"
"ASV_621","ASV_635",0.665147715805747,0.000153494525760411,0.00699625213424714,"Positive"
"ASV_60","ASV_637",0.720576692122892,2.24538803994534e-05,0.00156051363512379,"Positive"
"ASV_104","ASV_637",0.665147715805747,0.000153494525760411,0.00699625213424714,"Positive"
"ASV_166","ASV_637",0.720576692122892,2.24538803994534e-05,0.00156051363512379,"Positive"
"ASV_237","ASV_637",0.665147715805747,0.000153494525760411,0.00699625213424714,"Positive"
"ASV_262","ASV_637",0.829777471872807,8.71652050538074e-08,1.15771811706161e-05,"Positive"
"ASV_429","ASV_637",0.734803444627488,1.27308589377151e-05,0.00156051363512379,"Positive"
"ASV_447","ASV_637",0.720576692122892,2.24538803994534e-05,0.00156051363512379,"Positive"
"ASV_460","ASV_637",0.665147715805747,0.000153494525760411,0.00699625213424714,"Positive"
"ASV_483","ASV_637",0.8002304995806,5.43241576611564e-07,7.10936547391713e-05,"Positive"
"ASV_502","ASV_637",0.720576692122892,2.24538803994534e-05,0.00156051363512379,"Positive"
"ASV_36","ASV_639",0.622438524590164,0.000526408520027166,0.0235204024088957,"Positive"
"ASV_386","ASV_639",0.804219663731622,4.32091797897272e-07,5.72798295307502e-05,"Positive"
"ASV_522","ASV_639",0.652151639344262,0.000227836393568381,0.0103523044281977,"Positive"
"ASV_601","ASV_639",0.765759031906359,3.24513858140918e-06,0.000415059381465605,"Positive"
"ASV_27","ASV_642",0.614681428039249,0.00064612054658042,0.0284416522682978,"Positive"
"ASV_239","ASV_642",0.665147715805747,0.000153494525760411,0.00699625213424714,"Positive"
"ASV_311","ASV_642",0.665147715805747,0.000153494525760411,0.00699625213424714,"Positive"
"ASV_416","ASV_642",0.670201040894407,0.00013096699263615,0.00699625213424714,"Positive"
"ASV_586","ASV_642",0.720576692122892,2.24538803994534e-05,0.00156051363512379,"Positive"
"ASV_619","ASV_642",0.665147715805747,0.000153494525760411,0.00699625213424714,"Positive"
"ASV_90","ASV_645",0.720576692122892,2.24538803994534e-05,0.00156051363512379,"Positive"
"ASV_397","ASV_645",0.720576692122892,2.24538803994534e-05,0.00156051363512379,"Positive"
"ASV_426","ASV_645",0.614681428039249,0.00064612054658042,0.0284416522682978,"Positive"
"ASV_448","ASV_645",0.720576692122892,2.24538803994534e-05,0.00156051363512379,"Positive"
"ASV_543","ASV_645",0.720576692122892,2.24538803994534e-05,0.00156051363512379,"Positive"
"ASV_42","ASV_647",0.665147715805747,0.000153494525760411,0.00699625213424714,"Positive"
"ASV_226","ASV_647",0.665147715805747,0.000153494525760411,0.00699625213424714,"Positive"
"ASV_239","ASV_647",1,0,0,"Positive"
"ASV_285","ASV_647",0.720576692122892,2.24538803994534e-05,0.00156051363512379,"Positive"
"ASV_311","ASV_647",1,0,0,"Positive"
"ASV_423","ASV_647",0.720576692122892,2.24538803994534e-05,0.00156051363512379,"Positive"
"ASV_601","ASV_647",0.720576692122892,2.24538803994534e-05,0.00156051363512379,"Positive"
"ASV_619","ASV_647",1,0,0,"Positive"
"ASV_642","ASV_647",0.665147715805747,0.000153494525760411,0.00699625213424714,"Positive"
"ASV_117","ASV_650",0.665147715805747,0.000153494525760411,0.00699625213424714,"Positive"
"ASV_220","ASV_650",0.720576692122892,2.24538803994534e-05,0.00156051363512379,"Positive"
"ASV_351","ASV_650",0.720576692122892,2.24538803994534e-05,0.00156051363512379,"Positive"
"ASV_354","ASV_650",0.665147715805747,0.000153494525760411,0.00699625213424714,"Positive"
"ASV_408","ASV_650",0.665147715805747,0.000153494525760411,0.00699625213424714,"Positive"
"ASV_410","ASV_650",0.665147715805747,0.000153494525760411,0.00699625213424714,"Positive"
"ASV_469","ASV_650",0.720576692122892,2.24538803994534e-05,0.00156051363512379,"Positive"
"ASV_512","ASV_650",0.720576692122892,2.24538803994534e-05,0.00156051363512379,"Positive"
"ASV_617","ASV_650",0.665147715805747,0.000153494525760411,0.00699625213424714,"Positive"
"ASV_65","ASV_652",0.665147715805747,0.000153494525760411,0.00699625213424714,"Positive"
"ASV_81","ASV_652",0.720576692122892,2.24538803994534e-05,0.00156051363512379,"Positive"
"ASV_100","ASV_652",1,0,0,"Positive"
"ASV_122","ASV_652",1,0,0,"Positive"
"ASV_240","ASV_652",0.665147715805747,0.000153494525760411,0.00699625213424714,"Positive"
"ASV_337","ASV_652",1,0,0,"Positive"
"ASV_360","ASV_652",0.720576692122892,2.24538803994534e-05,0.00156051363512379,"Positive"
"ASV_371","ASV_652",0.720576692122892,2.24538803994534e-05,0.00156051363512379,"Positive"
"ASV_494","ASV_652",1,0,0,"Positive"
"ASV_535","ASV_652",1,0,0,"Positive"
"ASV_596","ASV_652",1,0,0,"Positive"
"ASV_611","ASV_652",1,0,0,"Positive"
"ASV_623","ASV_652",0.665147715805747,0.000153494525760411,0.00699625213424714,"Positive"
"ASV_48","ASV_653",0.720576692122892,2.24538803994534e-05,0.00156051363512379,"Positive"
"ASV_57","ASV_653",0.720576692122892,2.24538803994534e-05,0.00156051363512379,"Positive"
"ASV_64","ASV_653",1,0,0,"Positive"
"ASV_321","ASV_653",0.665147715805747,0.000153494525760411,0.00699625213424714,"Positive"
"ASV_342","ASV_653",0.720576692122892,2.24538803994534e-05,0.00156051363512379,"Positive"
"ASV_349","ASV_653",1,0,0,"Positive"
"ASV_373","ASV_653",0.720576692122892,2.24538803994534e-05,0.00156051363512379,"Positive"
"ASV_404","ASV_653",1,0,0,"Positive"
"ASV_414","ASV_653",1,0,0,"Positive"
"ASV_545","ASV_653",1,0,0,"Positive"
"ASV_621","ASV_653",1,0,0,"Positive"
"ASV_635","ASV_653",0.665147715805747,0.000153494525760411,0.00699625213424714,"Positive"
"ASV_162","ASV_657",0.622635901520579,0.000523634201715639,0.023438121265975,"Positive"
"ASV_270","ASV_657",0.620389344262295,0.000555978856660477,0.0247496105758623,"Positive"
"ASV_539","ASV_657",0.763296784215341,3.64471975866643e-06,0.000458945768754608,"Positive"
"ASV_12","ASV_658",0.665147715805747,0.000153494525760411,0.00699625213424714,"Positive"
"ASV_31","ASV_658",0.665147715805747,0.000153494525760411,0.00699625213424714,"Positive"
"ASV_271","ASV_658",0.720576692122892,2.24538803994534e-05,0.00156051363512379,"Positive"
"ASV_331","ASV_658",0.665147715805747,0.000153494525760411,0.00699625213424714,"Positive"
"ASV_399","ASV_658",1,0,0,"Positive"
"ASV_519","ASV_658",1,0,0,"Positive"
"ASV_27","ASV_659",0.671631792942057,0.000125143834463604,0.00699625213424714,"Positive"
"ASV_483","ASV_659",0.620389344262295,0.000555978856660477,0.0247496105758623,"Positive"
"ASV_278","ASV_660",0.665147715805747,0.000153494525760411,0.00699625213424714,"Positive"
"ASV_364","ASV_660",0.720576692122892,2.24538803994534e-05,0.00156051363512379,"Positive"
"ASV_401","ASV_660",0.720576692122892,2.24538803994534e-05,0.00156051363512379,"Positive"
"ASV_507","ASV_660",0.720576692122892,2.24538803994534e-05,0.00156051363512379,"Positive"
"ASV_551","ASV_660",0.665147715805747,0.000153494525760411,0.00699625213424714,"Positive"
"ASV_628","ASV_660",0.665147715805747,0.000153494525760411,0.00699625213424714,"Positive"
"ASV_87","ASV_661",0.626536885245902,0.000471361018652416,0.0211359993691521,"Positive"
"ASV_120","ASV_661",0.644558279777176,0.00028457468795029,0.0128563755231625,"Positive"
"ASV_123","ASV_661",0.606706395697472,0.000793278589606761,0.0347754209441634,"Positive"
"ASV_374","ASV_661",0.647970347503062,0.000257705474022707,0.0116730190426057,"Positive"
"ASV_455","ASV_662",0.665147715805747,0.000153494525760411,0.00699625213424714,"Positive"
"ASV_464","ASV_662",1,0,0,"Positive"
"ASV_582","ASV_662",1,0,0,"Positive"
"ASV_44","ASV_663",0.665147715805747,0.000153494525760411,0.00699625213424714,"Positive"
"ASV_416","ASV_663",0.644424077783084,0.000285679961085528,0.0128831454599764,"Positive"
"ASV_586","ASV_663",0.720576692122892,2.24538803994534e-05,0.00156051363512379,"Positive"
"ASV_8","ASV_665",0.665147715805747,0.000153494525760411,0.00699625213424714,"Positive"
"ASV_65","ASV_665",0.720576692122892,2.24538803994534e-05,0.00156051363512379,"Positive"
"ASV_75","ASV_665",1,0,0,"Positive"
"ASV_110","ASV_665",0.720576692122892,2.24538803994534e-05,0.00156051363512379,"Positive"
"ASV_127","ASV_665",1,0,0,"Positive"
"ASV_137","ASV_665",0.720576692122892,2.24538803994534e-05,0.00156051363512379,"Positive"
"ASV_159","ASV_665",0.720576692122892,2.24538803994534e-05,0.00156051363512379,"Positive"
"ASV_222","ASV_665",1,0,0,"Positive"
"ASV_252","ASV_665",0.720576692122892,2.24538803994534e-05,0.00156051363512379,"Positive"
"ASV_257","ASV_665",1,0,0,"Positive"
"ASV_274","ASV_665",1,0,0,"Positive"
"ASV_283","ASV_665",1,0,0,"Positive"
"ASV_287","ASV_665",0.665147715805747,0.000153494525760411,0.00699625213424714,"Positive"
"ASV_299","ASV_665",0.665147715805747,0.000153494525760411,0.00699625213424714,"Positive"
"ASV_321","ASV_665",0.720576692122892,2.24538803994534e-05,0.00156051363512379,"Positive"
"ASV_335","ASV_665",0.720576692122892,2.24538803994534e-05,0.00156051363512379,"Positive"
"ASV_342","ASV_665",0.665147715805747,0.000153494525760411,0.00699625213424714,"Positive"
"ASV_352","ASV_665",1,0,0,"Positive"
"ASV_359","ASV_665",0.720576692122892,2.24538803994534e-05,0.00156051363512379,"Positive"
"ASV_360","ASV_665",0.665147715805747,0.000153494525760411,0.00699625213424714,"Positive"
"ASV_366","ASV_665",1,0,0,"Positive"
"ASV_384","ASV_665",1,0,0,"Positive"
"ASV_419","ASV_665",0.665147715805747,0.000153494525760411,0.00699625213424714,"Positive"
"ASV_421","ASV_665",1,0,0,"Positive"
"ASV_423","ASV_665",0.665147715805747,0.000153494525760411,0.00699625213424714,"Positive"
"ASV_431","ASV_665",1,0,0,"Positive"
"ASV_437","ASV_665",0.720576692122892,2.24538803994534e-05,0.00156051363512379,"Positive"
"ASV_503","ASV_665",0.665147715805747,0.000153494525760411,0.00699625213424714,"Positive"
"ASV_538","ASV_665",1,0,0,"Positive"
"ASV_539","ASV_665",0.665147715805747,0.000153494525760411,0.00699625213424714,"Positive"
"ASV_546","ASV_665",1,0,0,"Positive"
"ASV_561","ASV_665",1,0,0,"Positive"
"ASV_568","ASV_665",0.665147715805747,0.000153494525760411,0.00699625213424714,"Positive"
"ASV_570","ASV_665",1,0,0,"Positive"
"ASV_600","ASV_665",0.665147715805747,0.000153494525760411,0.00699625213424714,"Positive"
"ASV_612","ASV_665",1,0,0,"Positive"
"ASV_631","ASV_665",0.665147715805747,0.000153494525760411,0.00699625213424714,"Positive"
"ASV_35","ASV_669",0.829777471872807,8.71652050538074e-08,1.15771811706161e-05,"Positive"
"ASV_36","ASV_669",0.795306004198565,7.15677216822641e-07,9.2434728981734e-05,"Positive"
"ASV_75","ASV_669",0.665147715805747,0.000153494525760411,0.00699625213424714,"Positive"
"ASV_105","ASV_669",0.732629469939241,1.39156190015477e-05,0.00156051363512379,"Positive"
"ASV_111","ASV_669",0.615234836773903,0.00063685624331411,0.0280740858416343,"Positive"
"ASV_127","ASV_669",0.665147715805747,0.000153494525760411,0.00699625213424714,"Positive"
"ASV_222","ASV_669",0.665147715805747,0.000153494525760411,0.00699625213424714,"Positive"
"ASV_239","ASV_669",0.720576692122892,2.24538803994534e-05,0.00156051363512379,"Positive"
"ASV_257","ASV_669",0.665147715805747,0.000153494525760411,0.00699625213424714,"Positive"
"ASV_274","ASV_669",0.665147715805747,0.000153494525760411,0.00699625213424714,"Positive"
"ASV_283","ASV_669",0.665147715805747,0.000153494525760411,0.00699625213424714,"Positive"
"ASV_311","ASV_669",0.720576692122892,2.24538803994534e-05,0.00156051363512379,"Positive"
"ASV_352","ASV_669",0.665147715805747,0.000153494525760411,0.00699625213424714,"Positive"
"ASV_366","ASV_669",0.665147715805747,0.000153494525760411,0.00699625213424714,"Positive"
"ASV_384","ASV_669",0.665147715805747,0.000153494525760411,0.00699625213424714,"Positive"
"ASV_421","ASV_669",0.665147715805747,0.000153494525760411,0.00699625213424714,"Positive"
"ASV_423","ASV_669",1,0,0,"Positive"
"ASV_431","ASV_669",0.665147715805747,0.000153494525760411,0.00699625213424714,"Positive"
"ASV_538","ASV_669",0.665147715805747,0.000153494525760411,0.00699625213424714,"Positive"
"ASV_546","ASV_669",0.665147715805747,0.000153494525760411,0.00699625213424714,"Positive"
"ASV_561","ASV_669",0.665147715805747,0.000153494525760411,0.00699625213424714,"Positive"
"ASV_570","ASV_669",0.665147715805747,0.000153494525760411,0.00699625213424714,"Positive"
"ASV_612","ASV_669",0.665147715805747,0.000153494525760411,0.00699625213424714,"Positive"
"ASV_619","ASV_669",0.720576692122892,2.24538803994534e-05,0.00156051363512379,"Positive"
"ASV_647","ASV_669",0.720576692122892,2.24538803994534e-05,0.00156051363512379,"Positive"
"ASV_665","ASV_669",0.665147715805747,0.000153494525760411,0.00699625213424714,"Positive"
"ASV_44","ASV_671",1,0,0,"Positive"
"ASV_252","ASV_671",0.665147715805747,0.000153494525760411,0.00699625213424714,"Positive"
"ASV_299","ASV_671",0.720576692122892,2.24538803994534e-05,0.00156051363512379,"Positive"
"ASV_359","ASV_671",0.665147715805747,0.000153494525760411,0.00699625213424714,"Positive"
"ASV_411","ASV_671",0.720576692122892,2.24538803994534e-05,0.00156051363512379,"Positive"
"ASV_663","ASV_671",0.665147715805747,0.000153494525760411,0.00699625213424714,"Positive"
"ASV_321","ASV_673",0.763296784215341,3.64471975866643e-06,0.000458945768754608,"Positive"
"ASV_335","ASV_673",0.795306004198565,7.15677216822641e-07,9.2434728981734e-05,"Positive"
"ASV_342","ASV_673",0.765759031906359,3.24513858140918e-06,0.000415059381465605,"Positive"
"ASV_373","ASV_673",0.829777471872807,8.71652050538074e-08,1.15771811706161e-05,"Positive"
"ASV_29","ASV_680",0.720576692122892,2.24538803994534e-05,0.00156051363512379,"Positive"
"ASV_49","ASV_680",0.720576692122892,2.24538803994534e-05,0.00156051363512379,"Positive"
"ASV_60","ASV_680",1,0,0,"Positive"
"ASV_166","ASV_680",1,0,0,"Positive"
"ASV_304","ASV_680",0.665147715805747,0.000153494525760411,0.00699625213424714,"Positive"
"ASV_371","ASV_680",0.665147715805747,0.000153494525760411,0.00699625213424714,"Positive"
"ASV_407","ASV_680",0.665147715805747,0.000153494525760411,0.00699625213424714,"Positive"
"ASV_441","ASV_680",0.720576692122892,2.24538803994534e-05,0.00156051363512379,"Positive"
"ASV_447","ASV_680",1,0,0,"Positive"
"ASV_502","ASV_680",1,0,0,"Positive"
"ASV_601","ASV_680",0.665147715805747,0.000153494525760411,0.00699625213424714,"Positive"
"ASV_637","ASV_680",0.720576692122892,2.24538803994534e-05,0.00156051363512379,"Positive"
"ASV_8","ASV_683",0.665147715805747,0.000153494525760411,0.00699625213424714,"Positive"
"ASV_65","ASV_683",0.720576692122892,2.24538803994534e-05,0.00156051363512379,"Positive"
"ASV_75","ASV_683",1,0,0,"Positive"
"ASV_110","ASV_683",0.720576692122892,2.24538803994534e-05,0.00156051363512379,"Positive"
"ASV_127","ASV_683",1,0,0,"Positive"
"ASV_137","ASV_683",0.720576692122892,2.24538803994534e-05,0.00156051363512379,"Positive"
"ASV_159","ASV_683",0.720576692122892,2.24538803994534e-05,0.00156051363512379,"Positive"
"ASV_222","ASV_683",1,0,0,"Positive"
"ASV_252","ASV_683",0.720576692122892,2.24538803994534e-05,0.00156051363512379,"Positive"
"ASV_257","ASV_683",1,0,0,"Positive"
"ASV_274","ASV_683",1,0,0,"Positive"
"ASV_283","ASV_683",1,0,0,"Positive"
"ASV_287","ASV_683",0.665147715805747,0.000153494525760411,0.00699625213424714,"Positive"
"ASV_299","ASV_683",0.665147715805747,0.000153494525760411,0.00699625213424714,"Positive"
"ASV_321","ASV_683",0.720576692122892,2.24538803994534e-05,0.00156051363512379,"Positive"
"ASV_335","ASV_683",0.720576692122892,2.24538803994534e-05,0.00156051363512379,"Positive"
"ASV_342","ASV_683",0.665147715805747,0.000153494525760411,0.00699625213424714,"Positive"
"ASV_352","ASV_683",1,0,0,"Positive"
"ASV_359","ASV_683",0.720576692122892,2.24538803994534e-05,0.00156051363512379,"Positive"
"ASV_360","ASV_683",0.665147715805747,0.000153494525760411,0.00699625213424714,"Positive"
"ASV_366","ASV_683",1,0,0,"Positive"
"ASV_384","ASV_683",1,0,0,"Positive"
"ASV_419","ASV_683",0.665147715805747,0.000153494525760411,0.00699625213424714,"Positive"
"ASV_421","ASV_683",1,0,0,"Positive"
"ASV_423","ASV_683",0.665147715805747,0.000153494525760411,0.00699625213424714,"Positive"
"ASV_431","ASV_683",1,0,0,"Positive"
"ASV_437","ASV_683",0.720576692122892,2.24538803994534e-05,0.00156051363512379,"Positive"
"ASV_503","ASV_683",0.665147715805747,0.000153494525760411,0.00699625213424714,"Positive"
"ASV_538","ASV_683",1,0,0,"Positive"
"ASV_539","ASV_683",0.665147715805747,0.000153494525760411,0.00699625213424714,"Positive"
"ASV_546","ASV_683",1,0,0,"Positive"
"ASV_561","ASV_683",1,0,0,"Positive"
"ASV_568","ASV_683",0.665147715805747,0.000153494525760411,0.00699625213424714,"Positive"
"ASV_570","ASV_683",1,0,0,"Positive"
"ASV_600","ASV_683",0.665147715805747,0.000153494525760411,0.00699625213424714,"Positive"
"ASV_612","ASV_683",1,0,0,"Positive"
"ASV_631","ASV_683",0.665147715805747,0.000153494525760411,0.00699625213424714,"Positive"
"ASV_665","ASV_683",1,0,0,"Positive"
"ASV_669","ASV_683",0.665147715805747,0.000153494525760411,0.00699625213424714,"Positive"
"ASV_42","ASV_684",0.665147715805747,0.000153494525760411,0.00699625213424714,"Positive"
"ASV_226","ASV_684",0.665147715805747,0.000153494525760411,0.00699625213424714,"Positive"
"ASV_239","ASV_684",1,0,0,"Positive"
"ASV_285","ASV_684",0.720576692122892,2.24538803994534e-05,0.00156051363512379,"Positive"
"ASV_311","ASV_684",1,0,0,"Positive"
"ASV_423","ASV_684",0.720576692122892,2.24538803994534e-05,0.00156051363512379,"Positive"
"ASV_601","ASV_684",0.720576692122892,2.24538803994534e-05,0.00156051363512379,"Positive"
"ASV_619","ASV_684",1,0,0,"Positive"
"ASV_642","ASV_684",0.665147715805747,0.000153494525760411,0.00699625213424714,"Positive"
"ASV_647","ASV_684",1,0,0,"Positive"
"ASV_669","ASV_684",0.720576692122892,2.24538803994534e-05,0.00156051363512379,"Positive"
"ASV_369","ASV_687",0.632277584400976,0.000402736572954865,0.0180764497918858,"Positive"
"ASV_8","ASV_690",0.763296784215341,3.64471975866643e-06,0.000458945768754608,"Positive"
"ASV_293","ASV_690",0.795306004198565,7.15677216822641e-07,9.2434728981734e-05,"Positive"
"ASV_419","ASV_690",0.763296784215341,3.64471975866643e-06,0.000458945768754608,"Positive"
"ASV_437","ASV_690",0.765759031906359,3.24513858140918e-06,0.000415059381465605,"Positive"
"ASV_503","ASV_690",0.763296784215341,3.64471975866643e-06,0.000458945768754608,"Positive"
"ASV_104","ASV_691",0.720576692122892,2.24538803994534e-05,0.00156051363512379,"Positive"
"ASV_237","ASV_691",0.720576692122892,2.24538803994534e-05,0.00156051363512379,"Positive"
"ASV_460","ASV_691",0.720576692122892,2.24538803994534e-05,0.00156051363512379,"Positive"
"ASV_464","ASV_691",0.665147715805747,0.000153494525760411,0.00699625213424714,"Positive"
"ASV_582","ASV_691",0.665147715805747,0.000153494525760411,0.00699625213424714,"Positive"
"ASV_662","ASV_691",0.665147715805747,0.000153494525760411,0.00699625213424714,"Positive"
"ASV_8","ASV_693",0.665147715805747,0.000153494525760411,0.00699625213424714,"Positive"
"ASV_65","ASV_693",0.720576692122892,2.24538803994534e-05,0.00156051363512379,"Positive"
"ASV_75","ASV_693",1,0,0,"Positive"
"ASV_110","ASV_693",0.720576692122892,2.24538803994534e-05,0.00156051363512379,"Positive"
"ASV_127","ASV_693",1,0,0,"Positive"
"ASV_137","ASV_693",0.720576692122892,2.24538803994534e-05,0.00156051363512379,"Positive"
"ASV_159","ASV_693",0.720576692122892,2.24538803994534e-05,0.00156051363512379,"Positive"
"ASV_222","ASV_693",1,0,0,"Positive"
"ASV_252","ASV_693",0.720576692122892,2.24538803994534e-05,0.00156051363512379,"Positive"
"ASV_257","ASV_693",1,0,0,"Positive"
"ASV_274","ASV_693",1,0,0,"Positive"
"ASV_283","ASV_693",1,0,0,"Positive"
"ASV_287","ASV_693",0.665147715805747,0.000153494525760411,0.00699625213424714,"Positive"
"ASV_299","ASV_693",0.665147715805747,0.000153494525760411,0.00699625213424714,"Positive"
"ASV_321","ASV_693",0.720576692122892,2.24538803994534e-05,0.00156051363512379,"Positive"
"ASV_335","ASV_693",0.720576692122892,2.24538803994534e-05,0.00156051363512379,"Positive"
"ASV_342","ASV_693",0.665147715805747,0.000153494525760411,0.00699625213424714,"Positive"
"ASV_352","ASV_693",1,0,0,"Positive"
"ASV_359","ASV_693",0.720576692122892,2.24538803994534e-05,0.00156051363512379,"Positive"
"ASV_360","ASV_693",0.665147715805747,0.000153494525760411,0.00699625213424714,"Positive"
"ASV_366","ASV_693",1,0,0,"Positive"
"ASV_384","ASV_693",1,0,0,"Positive"
"ASV_419","ASV_693",0.665147715805747,0.000153494525760411,0.00699625213424714,"Positive"
"ASV_421","ASV_693",1,0,0,"Positive"
"ASV_423","ASV_693",0.665147715805747,0.000153494525760411,0.00699625213424714,"Positive"
"ASV_431","ASV_693",1,0,0,"Positive"
"ASV_437","ASV_693",0.720576692122892,2.24538803994534e-05,0.00156051363512379,"Positive"
"ASV_503","ASV_693",0.665147715805747,0.000153494525760411,0.00699625213424714,"Positive"
"ASV_538","ASV_693",1,0,0,"Positive"
"ASV_539","ASV_693",0.665147715805747,0.000153494525760411,0.00699625213424714,"Positive"
"ASV_546","ASV_693",1,0,0,"Positive"
"ASV_561","ASV_693",1,0,0,"Positive"
"ASV_568","ASV_693",0.665147715805747,0.000153494525760411,0.00699625213424714,"Positive"
"ASV_570","ASV_693",1,0,0,"Positive"
"ASV_600","ASV_693",0.665147715805747,0.000153494525760411,0.00699625213424714,"Positive"
"ASV_612","ASV_693",1,0,0,"Positive"
"ASV_631","ASV_693",0.665147715805747,0.000153494525760411,0.00699625213424714,"Positive"
"ASV_665","ASV_693",1,0,0,"Positive"
"ASV_669","ASV_693",0.665147715805747,0.000153494525760411,0.00699625213424714,"Positive"
"ASV_683","ASV_693",1,0,0,"Positive"
"ASV_272","ASV_695",0.720576692122892,2.24538803994534e-05,0.00156051363512379,"Positive"
"ASV_598","ASV_695",0.720576692122892,2.24538803994534e-05,0.00156051363512379,"Positive"
"ASV_211","ASV_701",0.61740881146215,0.000601574330445054,0.0266505431379534,"Positive"
"ASV_248","ASV_701",0.72138118036902,2.17646817173289e-05,0.00156051363512379,"Positive"
"ASV_36","ASV_702",0.733514329146791,1.34220089322845e-05,0.00156051363512379,"Positive"
"ASV_183","ASV_702",0.61797640713037,0.000592648267694784,0.0262972564774069,"Positive"
"ASV_252","ASV_702",0.612698584722994,0.000680285588452456,0.0298789473233601,"Positive"
"ASV_264","ASV_702",0.719487620940385,2.34178447091615e-05,0.00162628105684257,"Positive"
"ASV_299","ASV_702",0.61864711467176,0.000582249754618402,0.0258773923745792,"Positive"
"ASV_359","ASV_702",0.612698584722994,0.000680285588452456,0.0298789473233601,"Positive"
"ASV_8","ASV_705",0.665147715805747,0.000153494525760411,0.00699625213424714,"Positive"
"ASV_65","ASV_705",0.720576692122892,2.24538803994534e-05,0.00156051363512379,"Positive"
"ASV_75","ASV_705",1,0,0,"Positive"
"ASV_110","ASV_705",0.720576692122892,2.24538803994534e-05,0.00156051363512379,"Positive"
"ASV_127","ASV_705",1,0,0,"Positive"
"ASV_137","ASV_705",0.720576692122892,2.24538803994534e-05,0.00156051363512379,"Positive"
"ASV_159","ASV_705",0.720576692122892,2.24538803994534e-05,0.00156051363512379,"Positive"
"ASV_222","ASV_705",1,0,0,"Positive"
"ASV_252","ASV_705",0.720576692122892,2.24538803994534e-05,0.00156051363512379,"Positive"
"ASV_257","ASV_705",1,0,0,"Positive"
"ASV_274","ASV_705",1,0,0,"Positive"
"ASV_283","ASV_705",1,0,0,"Positive"
"ASV_287","ASV_705",0.665147715805747,0.000153494525760411,0.00699625213424714,"Positive"
"ASV_299","ASV_705",0.665147715805747,0.000153494525760411,0.00699625213424714,"Positive"
"ASV_321","ASV_705",0.720576692122892,2.24538803994534e-05,0.00156051363512379,"Positive"
"ASV_335","ASV_705",0.720576692122892,2.24538803994534e-05,0.00156051363512379,"Positive"
"ASV_342","ASV_705",0.665147715805747,0.000153494525760411,0.00699625213424714,"Positive"
"ASV_352","ASV_705",1,0,0,"Positive"
"ASV_359","ASV_705",0.720576692122892,2.24538803994534e-05,0.00156051363512379,"Positive"
"ASV_360","ASV_705",0.665147715805747,0.000153494525760411,0.00699625213424714,"Positive"
"ASV_366","ASV_705",1,0,0,"Positive"
"ASV_384","ASV_705",1,0,0,"Positive"
"ASV_419","ASV_705",0.665147715805747,0.000153494525760411,0.00699625213424714,"Positive"
"ASV_421","ASV_705",1,0,0,"Positive"
"ASV_423","ASV_705",0.665147715805747,0.000153494525760411,0.00699625213424714,"Positive"
"ASV_431","ASV_705",1,0,0,"Positive"
"ASV_437","ASV_705",0.720576692122892,2.24538803994534e-05,0.00156051363512379,"Positive"
"ASV_503","ASV_705",0.665147715805747,0.000153494525760411,0.00699625213424714,"Positive"
"ASV_538","ASV_705",1,0,0,"Positive"
"ASV_539","ASV_705",0.665147715805747,0.000153494525760411,0.00699625213424714,"Positive"
"ASV_546","ASV_705",1,0,0,"Positive"
"ASV_561","ASV_705",1,0,0,"Positive"
"ASV_568","ASV_705",0.665147715805747,0.000153494525760411,0.00699625213424714,"Positive"
"ASV_570","ASV_705",1,0,0,"Positive"
"ASV_600","ASV_705",0.665147715805747,0.000153494525760411,0.00699625213424714,"Positive"
"ASV_612","ASV_705",1,0,0,"Positive"
"ASV_631","ASV_705",0.665147715805747,0.000153494525760411,0.00699625213424714,"Positive"
"ASV_665","ASV_705",1,0,0,"Positive"
"ASV_669","ASV_705",0.665147715805747,0.000153494525760411,0.00699625213424714,"Positive"
"ASV_683","ASV_705",1,0,0,"Positive"
"ASV_693","ASV_705",1,0,0,"Positive"
"ASV_64","ASV_708",0.665147715805747,0.000153494525760411,0.00699625213424714,"Positive"
"ASV_349","ASV_708",0.665147715805747,0.000153494525760411,0.00699625213424714,"Positive"
"ASV_399","ASV_708",0.720576692122892,2.24538803994534e-05,0.00156051363512379,"Positive"
"ASV_404","ASV_708",0.665147715805747,0.000153494525760411,0.00699625213424714,"Positive"
"ASV_414","ASV_708",0.665147715805747,0.000153494525760411,0.00699625213424714,"Positive"
"ASV_519","ASV_708",0.720576692122892,2.24538803994534e-05,0.00156051363512379,"Positive"
"ASV_545","ASV_708",0.665147715805747,0.000153494525760411,0.00699625213424714,"Positive"
"ASV_621","ASV_708",0.665147715805747,0.000153494525760411,0.00699625213424714,"Positive"
"ASV_653","ASV_708",0.665147715805747,0.000153494525760411,0.00699625213424714,"Positive"
"ASV_658","ASV_708",0.720576692122892,2.24538803994534e-05,0.00156051363512379,"Positive"
"ASV_29","ASV_709",0.665147715805747,0.000153494525760411,0.00699625213424714,"Positive"
"ASV_81","ASV_709",0.665147715805747,0.000153494525760411,0.00699625213424714,"Positive"
"ASV_278","ASV_709",1,0,0,"Positive"
"ASV_287","ASV_709",0.720576692122892,2.24538803994534e-05,0.00156051363512379,"Positive"
"ASV_474","ASV_709",0.665147715805747,0.000153494525760411,0.00699625213424714,"Positive"
"ASV_551","ASV_709",1,0,0,"Positive"
"ASV_608","ASV_709",0.720576692122892,2.24538803994534e-05,0.00156051363512379,"Positive"
"ASV_628","ASV_709",1,0,0,"Positive"
"ASV_660","ASV_709",0.665147715805747,0.000153494525760411,0.00699625213424714,"Positive"
"ASV_118","ASV_710",0.720576692122892,2.24538803994534e-05,0.00156051363512379,"Positive"
"ASV_220","ASV_710",0.665147715805747,0.000153494525760411,0.00699625213424714,"Positive"
"ASV_242","ASV_710",0.720576692122892,2.24538803994534e-05,0.00156051363512379,"Positive"
"ASV_320","ASV_710",0.720576692122892,2.24538803994534e-05,0.00156051363512379,"Positive"
"ASV_351","ASV_710",0.665147715805747,0.000153494525760411,0.00699625213424714,"Positive"
"ASV_453","ASV_710",0.720576692122892,2.24538803994534e-05,0.00156051363512379,"Positive"
"ASV_469","ASV_710",0.665147715805747,0.000153494525760411,0.00699625213424714,"Positive"
"ASV_512","ASV_710",0.665147715805747,0.000153494525760411,0.00699625213424714,"Positive"
"ASV_29","ASV_713",0.665147715805747,0.000153494525760411,0.00699625213424714,"Positive"
"ASV_81","ASV_713",0.665147715805747,0.000153494525760411,0.00699625213424714,"Positive"
"ASV_278","ASV_713",1,0,0,"Positive"
"ASV_287","ASV_713",0.720576692122892,2.24538803994534e-05,0.00156051363512379,"Positive"
"ASV_474","ASV_713",0.665147715805747,0.000153494525760411,0.00699625213424714,"Positive"
"ASV_551","ASV_713",1,0,0,"Positive"
"ASV_608","ASV_713",0.720576692122892,2.24538803994534e-05,0.00156051363512379,"Positive"
"ASV_628","ASV_713",1,0,0,"Positive"
"ASV_660","ASV_713",0.665147715805747,0.000153494525760411,0.00699625213424714,"Positive"
"ASV_709","ASV_713",1,0,0,"Positive"
"ASV_472","ASV_714",0.662227934645918,0.000168011730041107,0.00765289553995414,"Positive"
"ASV_87","ASV_723",0.648053278688525,0.000257081160242034,0.0116466488061395,"Positive"
"ASV_322","ASV_723",0.73846493204317,1.09377917680842e-05,0.00137167055060408,"Positive"
"ASV_341","ASV_723",0.679815573770492,9.60213530549758e-05,0.00656278879796813,"Positive"
"ASV_521","ASV_723",0.795306004198565,7.15677216822641e-07,9.2434728981734e-05,"Positive"
"ASV_110","ASV_724",0.665147715805747,0.000153494525760411,0.00699625213424714,"Positive"
"ASV_159","ASV_724",0.665147715805747,0.000153494525760411,0.00699625213424714,"Positive"
"ASV_196","ASV_724",0.720576692122892,2.24538803994534e-05,0.00156051363512379,"Positive"
"ASV_305","ASV_724",0.665147715805747,0.000153494525760411,0.00699625213424714,"Positive"
"ASV_364","ASV_724",1,0,0,"Positive"
"ASV_401","ASV_724",1,0,0,"Positive"
"ASV_476","ASV_724",0.665147715805747,0.000153494525760411,0.00699625213424714,"Positive"
"ASV_507","ASV_724",1,0,0,"Positive"
"ASV_660","ASV_724",0.720576692122892,2.24538803994534e-05,0.00156051363512379,"Positive"
"ASV_35","ASV_725",0.679815573770492,9.60213530549758e-05,0.00656278879796813,"Positive"
"ASV_36","ASV_725",0.652151639344262,0.000227836393568381,0.0103523044281977,"Positive"
"ASV_155","ASV_725",0.625476416066786,0.000485098820198981,0.0217343772909252,"Positive"
"ASV_218","ASV_725",0.700640227838837,4.70758044075481e-05,0.00322947729834417,"Positive"
"ASV_282","ASV_725",0.652151639344262,0.000227836393568381,0.0103523044281977,"Positive"
"ASV_423","ASV_725",0.829777471872807,8.71652050538074e-08,1.15771811706161e-05,"Positive"
"ASV_669","ASV_725",0.829777471872807,8.71652050538074e-08,1.15771811706161e-05,"Positive"
"ASV_8","ASV_727",0.665147715805747,0.000153494525760411,0.00699625213424714,"Positive"
"ASV_65","ASV_727",0.720576692122892,2.24538803994534e-05,0.00156051363512379,"Positive"
"ASV_75","ASV_727",1,0,0,"Positive"
"ASV_110","ASV_727",0.720576692122892,2.24538803994534e-05,0.00156051363512379,"Positive"
"ASV_127","ASV_727",1,0,0,"Positive"
"ASV_137","ASV_727",0.720576692122892,2.24538803994534e-05,0.00156051363512379,"Positive"
"ASV_159","ASV_727",0.720576692122892,2.24538803994534e-05,0.00156051363512379,"Positive"
"ASV_222","ASV_727",1,0,0,"Positive"
"ASV_252","ASV_727",0.720576692122892,2.24538803994534e-05,0.00156051363512379,"Positive"
"ASV_257","ASV_727",1,0,0,"Positive"
"ASV_274","ASV_727",1,0,0,"Positive"
"ASV_283","ASV_727",1,0,0,"Positive"
"ASV_287","ASV_727",0.665147715805747,0.000153494525760411,0.00699625213424714,"Positive"
"ASV_299","ASV_727",0.665147715805747,0.000153494525760411,0.00699625213424714,"Positive"
"ASV_321","ASV_727",0.720576692122892,2.24538803994534e-05,0.00156051363512379,"Positive"
"ASV_335","ASV_727",0.720576692122892,2.24538803994534e-05,0.00156051363512379,"Positive"
"ASV_342","ASV_727",0.665147715805747,0.000153494525760411,0.00699625213424714,"Positive"
"ASV_352","ASV_727",1,0,0,"Positive"
"ASV_359","ASV_727",0.720576692122892,2.24538803994534e-05,0.00156051363512379,"Positive"
"ASV_360","ASV_727",0.665147715805747,0.000153494525760411,0.00699625213424714,"Positive"
"ASV_366","ASV_727",1,0,0,"Positive"
"ASV_384","ASV_727",1,0,0,"Positive"
"ASV_419","ASV_727",0.665147715805747,0.000153494525760411,0.00699625213424714,"Positive"
"ASV_421","ASV_727",1,0,0,"Positive"
"ASV_423","ASV_727",0.665147715805747,0.000153494525760411,0.00699625213424714,"Positive"
"ASV_431","ASV_727",1,0,0,"Positive"
"ASV_437","ASV_727",0.720576692122892,2.24538803994534e-05,0.00156051363512379,"Positive"
"ASV_503","ASV_727",0.665147715805747,0.000153494525760411,0.00699625213424714,"Positive"
"ASV_538","ASV_727",1,0,0,"Positive"
"ASV_539","ASV_727",0.665147715805747,0.000153494525760411,0.00699625213424714,"Positive"
"ASV_546","ASV_727",1,0,0,"Positive"
"ASV_561","ASV_727",1,0,0,"Positive"
"ASV_568","ASV_727",0.665147715805747,0.000153494525760411,0.00699625213424714,"Positive"
"ASV_570","ASV_727",1,0,0,"Positive"
"ASV_600","ASV_727",0.665147715805747,0.000153494525760411,0.00699625213424714,"Positive"
"ASV_612","ASV_727",1,0,0,"Positive"
"ASV_631","ASV_727",0.665147715805747,0.000153494525760411,0.00699625213424714,"Positive"
"ASV_665","ASV_727",1,0,0,"Positive"
"ASV_669","ASV_727",0.665147715805747,0.000153494525760411,0.00699625213424714,"Positive"
"ASV_683","ASV_727",1,0,0,"Positive"
"ASV_693","ASV_727",1,0,0,"Positive"
"ASV_705","ASV_727",1,0,0,"Positive"
"ASV_8","ASV_728",0.665147715805747,0.000153494525760411,0.00699625213424714,"Positive"
"ASV_65","ASV_728",0.720576692122892,2.24538803994534e-05,0.00156051363512379,"Positive"
"ASV_75","ASV_728",1,0,0,"Positive"
"ASV_110","ASV_728",0.720576692122892,2.24538803994534e-05,0.00156051363512379,"Positive"
"ASV_127","ASV_728",1,0,0,"Positive"
"ASV_137","ASV_728",0.720576692122892,2.24538803994534e-05,0.00156051363512379,"Positive"
"ASV_159","ASV_728",0.720576692122892,2.24538803994534e-05,0.00156051363512379,"Positive"
"ASV_222","ASV_728",1,0,0,"Positive"
"ASV_252","ASV_728",0.720576692122892,2.24538803994534e-05,0.00156051363512379,"Positive"
"ASV_257","ASV_728",1,0,0,"Positive"
"ASV_274","ASV_728",1,0,0,"Positive"
"ASV_283","ASV_728",1,0,0,"Positive"
"ASV_287","ASV_728",0.665147715805747,0.000153494525760411,0.00699625213424714,"Positive"
"ASV_299","ASV_728",0.665147715805747,0.000153494525760411,0.00699625213424714,"Positive"
"ASV_321","ASV_728",0.720576692122892,2.24538803994534e-05,0.00156051363512379,"Positive"
"ASV_335","ASV_728",0.720576692122892,2.24538803994534e-05,0.00156051363512379,"Positive"
"ASV_342","ASV_728",0.665147715805747,0.000153494525760411,0.00699625213424714,"Positive"
"ASV_352","ASV_728",1,0,0,"Positive"
"ASV_359","ASV_728",0.720576692122892,2.24538803994534e-05,0.00156051363512379,"Positive"
"ASV_360","ASV_728",0.665147715805747,0.000153494525760411,0.00699625213424714,"Positive"
"ASV_366","ASV_728",1,0,0,"Positive"
"ASV_384","ASV_728",1,0,0,"Positive"
"ASV_419","ASV_728",0.665147715805747,0.000153494525760411,0.00699625213424714,"Positive"
"ASV_421","ASV_728",1,0,0,"Positive"
"ASV_423","ASV_728",0.665147715805747,0.000153494525760411,0.00699625213424714,"Positive"
"ASV_431","ASV_728",1,0,0,"Positive"
"ASV_437","ASV_728",0.720576692122892,2.24538803994534e-05,0.00156051363512379,"Positive"
"ASV_503","ASV_728",0.665147715805747,0.000153494525760411,0.00699625213424714,"Positive"
"ASV_538","ASV_728",1,0,0,"Positive"
"ASV_539","ASV_728",0.665147715805747,0.000153494525760411,0.00699625213424714,"Positive"
"ASV_546","ASV_728",1,0,0,"Positive"
"ASV_561","ASV_728",1,0,0,"Positive"
"ASV_568","ASV_728",0.665147715805747,0.000153494525760411,0.00699625213424714,"Positive"
"ASV_570","ASV_728",1,0,0,"Positive"
"ASV_600","ASV_728",0.665147715805747,0.000153494525760411,0.00699625213424714,"Positive"
"ASV_612","ASV_728",1,0,0,"Positive"
"ASV_631","ASV_728",0.665147715805747,0.000153494525760411,0.00699625213424714,"Positive"
"ASV_665","ASV_728",1,0,0,"Positive"
"ASV_669","ASV_728",0.665147715805747,0.000153494525760411,0.00699625213424714,"Positive"
"ASV_683","ASV_728",1,0,0,"Positive"
"ASV_693","ASV_728",1,0,0,"Positive"
"ASV_705","ASV_728",1,0,0,"Positive"
"ASV_727","ASV_728",1,0,0,"Positive"
"ASV_416","ASV_730",0.60196290569682,0.000893970371888209,0.035870838792321,"Positive"
"ASV_32","ASV_732",0.665147715805747,0.000153494525760411,0.00699625213424714,"Positive"
"ASV_117","ASV_732",1,0,0,"Positive"
"ASV_161","ASV_732",0.720576692122892,2.24538803994534e-05,0.00156051363512379,"Positive"
"ASV_354","ASV_732",1,0,0,"Positive"
"ASV_408","ASV_732",1,0,0,"Positive"
"ASV_410","ASV_732",1,0,0,"Positive"
"ASV_617","ASV_732",1,0,0,"Positive"
"ASV_650","ASV_732",0.665147715805747,0.000153494525760411,0.00699625213424714,"Positive"
"ASV_60","ASV_734",0.665147715805747,0.000153494525760411,0.00699625213424714,"Positive"
"ASV_62","ASV_734",0.734803444627488,1.27308589377151e-05,0.00156051363512379,"Positive"
"ASV_70","ASV_734",0.763296784215341,3.64471975866643e-06,0.000458945768754608,"Positive"
"ASV_75","ASV_734",0.720576692122892,2.24538803994534e-05,0.00156051363512379,"Positive"
"ASV_127","ASV_734",0.720576692122892,2.24538803994534e-05,0.00156051363512379,"Positive"
"ASV_166","ASV_734",0.665147715805747,0.000153494525760411,0.00699625213424714,"Positive"
"ASV_222","ASV_734",0.720576692122892,2.24538803994534e-05,0.00156051363512379,"Positive"
"ASV_257","ASV_734",0.720576692122892,2.24538803994534e-05,0.00156051363512379,"Positive"
"ASV_261","ASV_734",0.706541773680277,3.8048701537452e-05,0.00262650072680959,"Positive"
"ASV_274","ASV_734",0.720576692122892,2.24538803994534e-05,0.00156051363512379,"Positive"
"ASV_283","ASV_734",0.720576692122892,2.24538803994534e-05,0.00156051363512379,"Positive"
"ASV_296","ASV_734",0.832239719563824,7.36862437733521e-08,9.94947876598897e-06,"Positive"
"ASV_352","ASV_734",0.720576692122892,2.24538803994534e-05,0.00156051363512379,"Positive"
"ASV_366","ASV_734",0.720576692122892,2.24538803994534e-05,0.00156051363512379,"Positive"
"ASV_384","ASV_734",0.720576692122892,2.24538803994534e-05,0.00156051363512379,"Positive"
"ASV_389","ASV_734",0.676106128044819,0.000108380732493973,0.00699625213424714,"Positive"
"ASV_421","ASV_734",0.720576692122892,2.24538803994534e-05,0.00156051363512379,"Positive"
"ASV_431","ASV_734",0.720576692122892,2.24538803994534e-05,0.00156051363512379,"Positive"
"ASV_447","ASV_734",0.665147715805747,0.000153494525760411,0.00699625213424714,"Positive"
"ASV_502","ASV_734",0.665147715805747,0.000153494525760411,0.00699625213424714,"Positive"
"ASV_522","ASV_734",0.763296784215341,3.64471975866643e-06,0.000458945768754608,"Positive"
"ASV_538","ASV_734",0.720576692122892,2.24538803994534e-05,0.00156051363512379,"Positive"
"ASV_546","ASV_734",0.720576692122892,2.24538803994534e-05,0.00156051363512379,"Positive"
"ASV_561","ASV_734",0.720576692122892,2.24538803994534e-05,0.00156051363512379,"Positive"
"ASV_570","ASV_734",0.720576692122892,2.24538803994534e-05,0.00156051363512379,"Positive"
"ASV_612","ASV_734",0.720576692122892,2.24538803994534e-05,0.00156051363512379,"Positive"
"ASV_665","ASV_734",0.720576692122892,2.24538803994534e-05,0.00156051363512379,"Positive"
"ASV_680","ASV_734",0.665147715805747,0.000153494525760411,0.00699625213424714,"Positive"
"ASV_683","ASV_734",0.720576692122892,2.24538803994534e-05,0.00156051363512379,"Positive"
"ASV_693","ASV_734",0.720576692122892,2.24538803994534e-05,0.00156051363512379,"Positive"
"ASV_705","ASV_734",0.720576692122892,2.24538803994534e-05,0.00156051363512379,"Positive"
"ASV_727","ASV_734",0.720576692122892,2.24538803994534e-05,0.00156051363512379,"Positive"
"ASV_728","ASV_734",0.720576692122892,2.24538803994534e-05,0.00156051363512379,"Positive"
"ASV_109","ASV_740",0.673134045710852,0.000119276845606642,0.00699625213424714,"Positive"
"ASV_539","ASV_740",0.614681428039249,0.00064612054658042,0.0284416522682978,"Positive"
"ASV_591","ASV_740",0.640458391150573,0.000320088686899478,0.0143972713920697,"Positive"
"ASV_75","ASV_742",0.665147715805747,0.000153494525760411,0.00699625213424714,"Positive"
"ASV_94","ASV_742",0.643496507721114,0.000293422897945206,0.0132086181271113,"Positive"
"ASV_109","ASV_742",0.702193824303783,4.45318073913903e-05,0.00305723135512934,"Positive"
"ASV_117","ASV_742",0.720576692122892,2.24538803994534e-05,0.00156051363512379,"Positive"
"ASV_127","ASV_742",0.665147715805747,0.000153494525760411,0.00699625213424714,"Positive"
"ASV_222","ASV_742",0.665147715805747,0.000153494525760411,0.00699625213424714,"Positive"
"ASV_257","ASV_742",0.665147715805747,0.000153494525760411,0.00699625213424714,"Positive"
"ASV_274","ASV_742",0.665147715805747,0.000153494525760411,0.00699625213424714,"Positive"
"ASV_282","ASV_742",0.829777471872807,8.71652050538074e-08,1.15771811706161e-05,"Positive"
"ASV_283","ASV_742",0.665147715805747,0.000153494525760411,0.00699625213424714,"Positive"
"ASV_352","ASV_742",0.665147715805747,0.000153494525760411,0.00699625213424714,"Positive"
"ASV_354","ASV_742",0.720576692122892,2.24538803994534e-05,0.00156051363512379,"Positive"
"ASV_366","ASV_742",0.665147715805747,0.000153494525760411,0.00699625213424714,"Positive"
"ASV_384","ASV_742",0.665147715805747,0.000153494525760411,0.00699625213424714,"Positive"
"ASV_408","ASV_742",0.720576692122892,2.24538803994534e-05,0.00156051363512379,"Positive"
"ASV_410","ASV_742",0.720576692122892,2.24538803994534e-05,0.00156051363512379,"Positive"
"ASV_421","ASV_742",0.665147715805747,0.000153494525760411,0.00699625213424714,"Positive"
"ASV_431","ASV_742",0.665147715805747,0.000153494525760411,0.00699625213424714,"Positive"
"ASV_538","ASV_742",0.665147715805747,0.000153494525760411,0.00699625213424714,"Positive"
"ASV_546","ASV_742",0.665147715805747,0.000153494525760411,0.00699625213424714,"Positive"
"ASV_561","ASV_742",0.665147715805747,0.000153494525760411,0.00699625213424714,"Positive"
"ASV_570","ASV_742",0.665147715805747,0.000153494525760411,0.00699625213424714,"Positive"
"ASV_612","ASV_742",0.665147715805747,0.000153494525760411,0.00699625213424714,"Positive"
"ASV_617","ASV_742",0.720576692122892,2.24538803994534e-05,0.00156051363512379,"Positive"
"ASV_665","ASV_742",0.665147715805747,0.000153494525760411,0.00699625213424714,"Positive"
"ASV_683","ASV_742",0.665147715805747,0.000153494525760411,0.00699625213424714,"Positive"
"ASV_693","ASV_742",0.665147715805747,0.000153494525760411,0.00699625213424714,"Positive"
"ASV_705","ASV_742",0.665147715805747,0.000153494525760411,0.00699625213424714,"Positive"
"ASV_725","ASV_742",0.795306004198565,7.15677216822641e-07,9.2434728981734e-05,"Positive"
"ASV_727","ASV_742",0.665147715805747,0.000153494525760411,0.00699625213424714,"Positive"
"ASV_728","ASV_742",0.665147715805747,0.000153494525760411,0.00699625213424714,"Positive"
"ASV_732","ASV_742",0.720576692122892,2.24538803994534e-05,0.00156051363512379,"Positive"
"ASV_407","ASV_745",0.61740881146215,0.000601574330445054,0.0266505431379534,"Positive"
"ASV_12","ASV_746",0.665147715805747,0.000153494525760411,0.00699625213424714,"Positive"
"ASV_31","ASV_746",0.665147715805747,0.000153494525760411,0.00699625213424714,"Positive"
"ASV_271","ASV_746",0.720576692122892,2.24538803994534e-05,0.00156051363512379,"Positive"
"ASV_331","ASV_746",0.665147715805747,0.000153494525760411,0.00699625213424714,"Positive"
"ASV_399","ASV_746",1,0,0,"Positive"
"ASV_519","ASV_746",1,0,0,"Positive"
"ASV_658","ASV_746",1,0,0,"Positive"
"ASV_708","ASV_746",0.720576692122892,2.24538803994534e-05,0.00156051363512379,"Positive"
"ASV_48","ASV_747",0.665147715805747,0.000153494525760411,0.00699625213424714,"Positive"
"ASV_131","ASV_747",0.665147715805747,0.000153494525760411,0.00699625213424714,"Positive"
"ASV_220","ASV_747",1,0,0,"Positive"
"ASV_293","ASV_747",0.665147715805747,0.000153494525760411,0.00699625213424714,"Positive"
"ASV_351","ASV_747",1,0,0,"Positive"
"ASV_469","ASV_747",1,0,0,"Positive"
"ASV_512","ASV_747",1,0,0,"Positive"
"ASV_650","ASV_747",0.720576692122892,2.24538803994534e-05,0.00156051363512379,"Positive"
"ASV_710","ASV_747",0.665147715805747,0.000153494525760411,0.00699625213424714,"Positive"
"ASV_64","ASV_754",0.665147715805747,0.000153494525760411,0.00699625213424714,"Positive"
"ASV_100","ASV_754",0.720576692122892,2.24538803994534e-05,0.00156051363512379,"Positive"
"ASV_122","ASV_754",0.720576692122892,2.24538803994534e-05,0.00156051363512379,"Positive"
"ASV_275","ASV_754",0.614681428039249,0.00064612054658042,0.0284416522682978,"Positive"
"ASV_337","ASV_754",0.720576692122892,2.24538803994534e-05,0.00156051363512379,"Positive"
"ASV_349","ASV_754",0.665147715805747,0.000153494525760411,0.00699625213424714,"Positive"
"ASV_404","ASV_754",0.665147715805747,0.000153494525760411,0.00699625213424714,"Positive"
"ASV_414","ASV_754",0.665147715805747,0.000153494525760411,0.00699625213424714,"Positive"
"ASV_494","ASV_754",0.720576692122892,2.24538803994534e-05,0.00156051363512379,"Positive"
"ASV_535","ASV_754",0.720576692122892,2.24538803994534e-05,0.00156051363512379,"Positive"
"ASV_545","ASV_754",0.665147715805747,0.000153494525760411,0.00699625213424714,"Positive"
"ASV_596","ASV_754",0.720576692122892,2.24538803994534e-05,0.00156051363512379,"Positive"
"ASV_611","ASV_754",0.720576692122892,2.24538803994534e-05,0.00156051363512379,"Positive"
"ASV_621","ASV_754",0.665147715805747,0.000153494525760411,0.00699625213424714,"Positive"
"ASV_652","ASV_754",0.720576692122892,2.24538803994534e-05,0.00156051363512379,"Positive"
"ASV_653","ASV_754",0.665147715805747,0.000153494525760411,0.00699625213424714,"Positive"
"ASV_120","ASV_760",0.853099681789253,1.57874404660419e-08,2.15805410239966e-06,"Positive"
"ASV_374","ASV_760",0.635662898252826,0.000366510774483686,0.0164692102136552,"Positive"
"ASV_48","ASV_763",0.720576692122892,2.24538803994534e-05,0.00156051363512379,"Positive"
"ASV_57","ASV_763",0.720576692122892,2.24538803994534e-05,0.00156051363512379,"Positive"
"ASV_64","ASV_763",1,0,0,"Positive"
"ASV_321","ASV_763",0.665147715805747,0.000153494525760411,0.00699625213424714,"Positive"
"ASV_342","ASV_763",0.720576692122892,2.24538803994534e-05,0.00156051363512379,"Positive"
"ASV_349","ASV_763",1,0,0,"Positive"
"ASV_373","ASV_763",0.720576692122892,2.24538803994534e-05,0.00156051363512379,"Positive"
"ASV_404","ASV_763",1,0,0,"Positive"
"ASV_414","ASV_763",1,0,0,"Positive"
"ASV_545","ASV_763",1,0,0,"Positive"
"ASV_621","ASV_763",1,0,0,"Positive"
"ASV_635","ASV_763",0.665147715805747,0.000153494525760411,0.00699625213424714,"Positive"
"ASV_653","ASV_763",1,0,0,"Positive"
"ASV_708","ASV_763",0.665147715805747,0.000153494525760411,0.00699625213424714,"Positive"
"ASV_754","ASV_763",0.665147715805747,0.000153494525760411,0.00699625213424714,"Positive"
"ASV_29","ASV_765",0.665147715805747,0.000153494525760411,0.00699625213424714,"Positive"
"ASV_81","ASV_765",0.665147715805747,0.000153494525760411,0.00699625213424714,"Positive"
"ASV_278","ASV_765",1,0,0,"Positive"
"ASV_287","ASV_765",0.720576692122892,2.24538803994534e-05,0.00156051363512379,"Positive"
"ASV_474","ASV_765",0.665147715805747,0.000153494525760411,0.00699625213424714,"Positive"
"ASV_551","ASV_765",1,0,0,"Positive"
"ASV_608","ASV_765",0.720576692122892,2.24538803994534e-05,0.00156051363512379,"Positive"
"ASV_628","ASV_765",1,0,0,"Positive"
"ASV_660","ASV_765",0.665147715805747,0.000153494525760411,0.00699625213424714,"Positive"
"ASV_709","ASV_765",1,0,0,"Positive"
"ASV_713","ASV_765",1,0,0,"Positive"
"ASV_44","ASV_767",0.665147715805747,0.000153494525760411,0.00699625213424714,"Positive"
"ASV_117","ASV_767",0.720576692122892,2.24538803994534e-05,0.00156051363512379,"Positive"
"ASV_354","ASV_767",0.720576692122892,2.24538803994534e-05,0.00156051363512379,"Positive"
"ASV_408","ASV_767",0.720576692122892,2.24538803994534e-05,0.00156051363512379,"Positive"
"ASV_410","ASV_767",0.720576692122892,2.24538803994534e-05,0.00156051363512379,"Positive"
"ASV_556","ASV_767",0.622173756032602,0.000530150243934546,0.0236569917375739,"Positive"
"ASV_607","ASV_767",0.734803444627488,1.27308589377151e-05,0.00156051363512379,"Positive"
"ASV_617","ASV_767",0.720576692122892,2.24538803994534e-05,0.00156051363512379,"Positive"
"ASV_671","ASV_767",0.665147715805747,0.000153494525760411,0.00699625213424714,"Positive"
"ASV_732","ASV_767",0.720576692122892,2.24538803994534e-05,0.00156051363512379,"Positive"
"ASV_57","ASV_769",0.665147715805747,0.000153494525760411,0.00699625213424714,"Positive"
"ASV_539","ASV_769",0.720576692122892,2.24538803994534e-05,0.00156051363512379,"Positive"
"ASV_586","ASV_769",1,0,0,"Positive"
"ASV_591","ASV_769",0.720576692122892,2.24538803994534e-05,0.00156051363512379,"Positive"
"ASV_642","ASV_769",0.720576692122892,2.24538803994534e-05,0.00156051363512379,"Positive"
"ASV_663","ASV_769",0.720576692122892,2.24538803994534e-05,0.00156051363512379,"Positive"
"ASV_69","ASV_770",0.605845539682861,0.000810782829171908,0.0355258609467024,"Positive"
"ASV_227","ASV_770",0.664851920374023,0.000154913066926721,0.00705974477267566,"Positive"
"ASV_383","ASV_770",0.622173756032602,0.000530150243934546,0.0236569917375739,"Positive"
"ASV_422","ASV_770",0.624019968958515,0.000504535981971088,0.0225942526365653,"Positive"
"ASV_150","ASV_771",1,0,0,"Positive"
"ASV_157","ASV_771",1,0,0,"Positive"
"ASV_161","ASV_771",0.665147715805747,0.000153494525760411,0.00699625213424714,"Positive"
"ASV_211","ASV_771",0.665147715805747,0.000153494525760411,0.00699625213424714,"Positive"
"ASV_247","ASV_771",1,0,0,"Positive"
"ASV_271","ASV_771",0.665147715805747,0.000153494525760411,0.00699625213424714,"Positive"
"ASV_316","ASV_771",1,0,0,"Positive"
"ASV_474","ASV_771",0.720576692122892,2.24538803994534e-05,0.00156051363512379,"Positive"
"ASV_521","ASV_771",0.720576692122892,2.24538803994534e-05,0.00156051363512379,"Positive"
"ASV_75","ASV_772",0.720576692122892,2.24538803994534e-05,0.00156051363512379,"Positive"
"ASV_78","ASV_772",0.616664271355505,0.000613460673911659,0.0271249522358802,"Positive"
"ASV_127","ASV_772",0.720576692122892,2.24538803994534e-05,0.00156051363512379,"Positive"
"ASV_222","ASV_772",0.720576692122892,2.24538803994534e-05,0.00156051363512379,"Positive"
"ASV_257","ASV_772",0.720576692122892,2.24538803994534e-05,0.00156051363512379,"Positive"
"ASV_270","ASV_772",0.829777471872807,8.71652050538074e-08,1.15771811706161e-05,"Positive"
"ASV_274","ASV_772",0.720576692122892,2.24538803994534e-05,0.00156051363512379,"Positive"
"ASV_283","ASV_772",0.720576692122892,2.24538803994534e-05,0.00156051363512379,"Positive"
"ASV_352","ASV_772",0.720576692122892,2.24538803994534e-05,0.00156051363512379,"Positive"
"ASV_366","ASV_772",0.720576692122892,2.24538803994534e-05,0.00156051363512379,"Positive"
"ASV_384","ASV_772",0.720576692122892,2.24538803994534e-05,0.00156051363512379,"Positive"
"ASV_421","ASV_772",0.720576692122892,2.24538803994534e-05,0.00156051363512379,"Positive"
"ASV_431","ASV_772",0.720576692122892,2.24538803994534e-05,0.00156051363512379,"Positive"
"ASV_538","ASV_772",0.720576692122892,2.24538803994534e-05,0.00156051363512379,"Positive"
"ASV_539","ASV_772",0.997041420118343,0,0,"Positive"
"ASV_546","ASV_772",0.720576692122892,2.24538803994534e-05,0.00156051363512379,"Positive"
"ASV_561","ASV_772",0.720576692122892,2.24538803994534e-05,0.00156051363512379,"Positive"
"ASV_570","ASV_772",0.720576692122892,2.24538803994534e-05,0.00156051363512379,"Positive"
"ASV_586","ASV_772",0.665147715805747,0.000153494525760411,0.00699625213424714,"Positive"
"ASV_612","ASV_772",0.720576692122892,2.24538803994534e-05,0.00156051363512379,"Positive"
"ASV_657","ASV_772",0.765759031906359,3.24513858140918e-06,0.000415059381465605,"Positive"
"ASV_665","ASV_772",0.720576692122892,2.24538803994534e-05,0.00156051363512379,"Positive"
"ASV_683","ASV_772",0.720576692122892,2.24538803994534e-05,0.00156051363512379,"Positive"
"ASV_693","ASV_772",0.720576692122892,2.24538803994534e-05,0.00156051363512379,"Positive"
"ASV_705","ASV_772",0.720576692122892,2.24538803994534e-05,0.00156051363512379,"Positive"
"ASV_727","ASV_772",0.720576692122892,2.24538803994534e-05,0.00156051363512379,"Positive"
"ASV_728","ASV_772",0.720576692122892,2.24538803994534e-05,0.00156051363512379,"Positive"
"ASV_740","ASV_772",0.616664271355505,0.000613460673911659,0.0271249522358802,"Positive"
"ASV_769","ASV_772",0.665147715805747,0.000153494525760411,0.00699625213424714,"Positive"
"ASV_3","ASV_776",-0.621482984259622,0.000540021807911462,0.0240936025213069,"Negative"
"ASV_265","ASV_776",0.600319360171159,0.00093135827697699,0.035870838792321,"Positive"
"ASV_29","ASV_777",0.720576692122892,2.24538803994534e-05,0.00156051363512379,"Positive"
"ASV_49","ASV_777",0.720576692122892,2.24538803994534e-05,0.00156051363512379,"Positive"
"ASV_60","ASV_777",1,0,0,"Positive"
"ASV_166","ASV_777",1,0,0,"Positive"
"ASV_304","ASV_777",0.665147715805747,0.000153494525760411,0.00699625213424714,"Positive"
"ASV_371","ASV_777",0.665147715805747,0.000153494525760411,0.00699625213424714,"Positive"
"ASV_407","ASV_777",0.665147715805747,0.000153494525760411,0.00699625213424714,"Positive"
"ASV_441","ASV_777",0.720576692122892,2.24538803994534e-05,0.00156051363512379,"Positive"
"ASV_447","ASV_777",1,0,0,"Positive"
"ASV_502","ASV_777",1,0,0,"Positive"
"ASV_601","ASV_777",0.665147715805747,0.000153494525760411,0.00699625213424714,"Positive"
"ASV_637","ASV_777",0.720576692122892,2.24538803994534e-05,0.00156051363512379,"Positive"
"ASV_680","ASV_777",1,0,0,"Positive"
"ASV_734","ASV_777",0.665147715805747,0.000153494525760411,0.00699625213424714,"Positive"
"ASV_258","ASV_778",0.665147715805747,0.000153494525760411,0.00699625213424714,"Positive"
"ASV_336","ASV_778",1,0,0,"Positive"
"ASV_442","ASV_778",0.665147715805747,0.000153494525760411,0.00699625213424714,"Positive"
"ASV_591","ASV_778",0.665147715805747,0.000153494525760411,0.00699625213424714,"Positive"
"ASV_605","ASV_778",0.720576692122892,2.24538803994534e-05,0.00156051363512379,"Positive"
"ASV_508","ASV_780",0.648053278688525,0.000257081160242034,0.0116466488061395,"Positive"
"ASV_49","ASV_782",0.612698584722994,0.000680285588452456,0.0298789473233601,"Positive"
"ASV_708","ASV_782",0.616664271355505,0.000613460673911659,0.0271249522358802,"Positive"
"ASV_556","ASV_784",0.724155405906566,1.95302879490988e-05,0.00156051363512379,"Positive"
"ASV_714","ASV_784",0.706744813513979,3.776761103369e-05,0.00261624476673378,"Positive"
"ASV_8","ASV_785",0.665147715805747,0.000153494525760411,0.00699625213424714,"Positive"
"ASV_65","ASV_785",0.720576692122892,2.24538803994534e-05,0.00156051363512379,"Positive"
"ASV_75","ASV_785",1,0,0,"Positive"
"ASV_110","ASV_785",0.720576692122892,2.24538803994534e-05,0.00156051363512379,"Positive"
"ASV_127","ASV_785",1,0,0,"Positive"
"ASV_137","ASV_785",0.720576692122892,2.24538803994534e-05,0.00156051363512379,"Positive"
"ASV_159","ASV_785",0.720576692122892,2.24538803994534e-05,0.00156051363512379,"Positive"
"ASV_222","ASV_785",1,0,0,"Positive"
"ASV_252","ASV_785",0.720576692122892,2.24538803994534e-05,0.00156051363512379,"Positive"
"ASV_257","ASV_785",1,0,0,"Positive"
"ASV_274","ASV_785",1,0,0,"Positive"
"ASV_283","ASV_785",1,0,0,"Positive"
"ASV_287","ASV_785",0.665147715805747,0.000153494525760411,0.00699625213424714,"Positive"
"ASV_299","ASV_785",0.665147715805747,0.000153494525760411,0.00699625213424714,"Positive"
"ASV_321","ASV_785",0.720576692122892,2.24538803994534e-05,0.00156051363512379,"Positive"
"ASV_335","ASV_785",0.720576692122892,2.24538803994534e-05,0.00156051363512379,"Positive"
"ASV_342","ASV_785",0.665147715805747,0.000153494525760411,0.00699625213424714,"Positive"
"ASV_352","ASV_785",1,0,0,"Positive"
"ASV_359","ASV_785",0.720576692122892,2.24538803994534e-05,0.00156051363512379,"Positive"
"ASV_360","ASV_785",0.665147715805747,0.000153494525760411,0.00699625213424714,"Positive"
"ASV_366","ASV_785",1,0,0,"Positive"
"ASV_384","ASV_785",1,0,0,"Positive"
"ASV_419","ASV_785",0.665147715805747,0.000153494525760411,0.00699625213424714,"Positive"
"ASV_421","ASV_785",1,0,0,"Positive"
"ASV_423","ASV_785",0.665147715805747,0.000153494525760411,0.00699625213424714,"Positive"
"ASV_431","ASV_785",1,0,0,"Positive"
"ASV_437","ASV_785",0.720576692122892,2.24538803994534e-05,0.00156051363512379,"Positive"
"ASV_503","ASV_785",0.665147715805747,0.000153494525760411,0.00699625213424714,"Positive"
"ASV_538","ASV_785",1,0,0,"Positive"
"ASV_539","ASV_785",0.665147715805747,0.000153494525760411,0.00699625213424714,"Positive"
"ASV_546","ASV_785",1,0,0,"Positive"
"ASV_561","ASV_785",1,0,0,"Positive"
"ASV_568","ASV_785",0.665147715805747,0.000153494525760411,0.00699625213424714,"Positive"
"ASV_570","ASV_785",1,0,0,"Positive"
"ASV_600","ASV_785",0.665147715805747,0.000153494525760411,0.00699625213424714,"Positive"
"ASV_612","ASV_785",1,0,0,"Positive"
"ASV_631","ASV_785",0.665147715805747,0.000153494525760411,0.00699625213424714,"Positive"
"ASV_665","ASV_785",1,0,0,"Positive"
"ASV_669","ASV_785",0.665147715805747,0.000153494525760411,0.00699625213424714,"Positive"
"ASV_683","ASV_785",1,0,0,"Positive"
"ASV_693","ASV_785",1,0,0,"Positive"
"ASV_705","ASV_785",1,0,0,"Positive"
"ASV_727","ASV_785",1,0,0,"Positive"
"ASV_728","ASV_785",1,0,0,"Positive"
"ASV_734","ASV_785",0.720576692122892,2.24538803994534e-05,0.00156051363512379,"Positive"
"ASV_742","ASV_785",0.665147715805747,0.000153494525760411,0.00699625213424714,"Positive"
"ASV_772","ASV_785",0.720576692122892,2.24538803994534e-05,0.00156051363512379,"Positive"
"ASV_42","ASV_786",0.665147715805747,0.000153494525760411,0.00699625213424714,"Positive"
"ASV_226","ASV_786",0.665147715805747,0.000153494525760411,0.00699625213424714,"Positive"
"ASV_239","ASV_786",1,0,0,"Positive"
"ASV_285","ASV_786",0.720576692122892,2.24538803994534e-05,0.00156051363512379,"Positive"
"ASV_311","ASV_786",1,0,0,"Positive"
"ASV_423","ASV_786",0.720576692122892,2.24538803994534e-05,0.00156051363512379,"Positive"
"ASV_601","ASV_786",0.720576692122892,2.24538803994534e-05,0.00156051363512379,"Positive"
"ASV_619","ASV_786",1,0,0,"Positive"
"ASV_642","ASV_786",0.665147715805747,0.000153494525760411,0.00699625213424714,"Positive"
"ASV_647","ASV_786",1,0,0,"Positive"
"ASV_669","ASV_786",0.720576692122892,2.24538803994534e-05,0.00156051363512379,"Positive"
"ASV_684","ASV_786",1,0,0,"Positive"
"ASV_8","ASV_789",0.720576692122892,2.24538803994534e-05,0.00156051363512379,"Positive"
"ASV_31","ASV_789",0.720576692122892,2.24538803994534e-05,0.00156051363512379,"Positive"
"ASV_84","ASV_789",0.665147715805747,0.000153494525760411,0.00699625213424714,"Positive"
"ASV_104","ASV_789",1,0,0,"Positive"
"ASV_237","ASV_789",1,0,0,"Positive"
"ASV_293","ASV_789",0.720576692122892,2.24538803994534e-05,0.00156051363512379,"Positive"
"ASV_387","ASV_789",0.720576692122892,2.24538803994534e-05,0.00156051363512379,"Positive"
"ASV_419","ASV_789",0.720576692122892,2.24538803994534e-05,0.00156051363512379,"Positive"
"ASV_437","ASV_789",0.665147715805747,0.000153494525760411,0.00699625213424714,"Positive"
"ASV_460","ASV_789",1,0,0,"Positive"
"ASV_503","ASV_789",0.720576692122892,2.24538803994534e-05,0.00156051363512379,"Positive"
"ASV_552","ASV_789",0.665147715805747,0.000153494525760411,0.00699625213424714,"Positive"
"ASV_637","ASV_789",0.665147715805747,0.000153494525760411,0.00699625213424714,"Positive"
"ASV_691","ASV_789",0.720576692122892,2.24538803994534e-05,0.00156051363512379,"Positive"
"ASV_42","ASV_790",0.665147715805747,0.000153494525760411,0.00699625213424714,"Positive"
"ASV_226","ASV_790",0.665147715805747,0.000153494525760411,0.00699625213424714,"Positive"
"ASV_239","ASV_790",1,0,0,"Positive"
"ASV_285","ASV_790",0.720576692122892,2.24538803994534e-05,0.00156051363512379,"Positive"
"ASV_311","ASV_790",1,0,0,"Positive"
"ASV_423","ASV_790",0.720576692122892,2.24538803994534e-05,0.00156051363512379,"Positive"
"ASV_601","ASV_790",0.720576692122892,2.24538803994534e-05,0.00156051363512379,"Positive"
"ASV_619","ASV_790",1,0,0,"Positive"
"ASV_642","ASV_790",0.665147715805747,0.000153494525760411,0.00699625213424714,"Positive"
"ASV_647","ASV_790",1,0,0,"Positive"
"ASV_669","ASV_790",0.720576692122892,2.24538803994534e-05,0.00156051363512379,"Positive"
"ASV_684","ASV_790",1,0,0,"Positive"
"ASV_786","ASV_790",1,0,0,"Positive"
"ASV_100","ASV_793",0.720576692122892,2.24538803994534e-05,0.00156051363512379,"Positive"
"ASV_122","ASV_793",0.720576692122892,2.24538803994534e-05,0.00156051363512379,"Positive"
"ASV_150","ASV_793",0.665147715805747,0.000153494525760411,0.00699625213424714,"Positive"
"ASV_157","ASV_793",0.665147715805747,0.000153494525760411,0.00699625213424714,"Positive"
"ASV_247","ASV_793",0.665147715805747,0.000153494525760411,0.00699625213424714,"Positive"
"ASV_316","ASV_793",0.665147715805747,0.000153494525760411,0.00699625213424714,"Positive"
"ASV_337","ASV_793",0.720576692122892,2.24538803994534e-05,0.00156051363512379,"Positive"
"ASV_490","ASV_793",0.670201040894407,0.00013096699263615,0.00699625213424714,"Positive"
"ASV_494","ASV_793",0.720576692122892,2.24538803994534e-05,0.00156051363512379,"Positive"
"ASV_535","ASV_793",0.720576692122892,2.24538803994534e-05,0.00156051363512379,"Positive"
"ASV_596","ASV_793",0.720576692122892,2.24538803994534e-05,0.00156051363512379,"Positive"
"ASV_607","ASV_793",0.615234836773903,0.00063685624331411,0.0280740858416343,"Positive"
"ASV_611","ASV_793",0.720576692122892,2.24538803994534e-05,0.00156051363512379,"Positive"
"ASV_652","ASV_793",0.720576692122892,2.24538803994534e-05,0.00156051363512379,"Positive"
"ASV_771","ASV_793",0.665147715805747,0.000153494525760411,0.00699625213424714,"Positive"
"ASV_290","ASV_794",0.677766393442623,0.000102685176081252,0.00698886282397284,"Positive"
"ASV_369","ASV_794",0.778069755214201,1.77713127369472e-06,0.000229207641401832,"Positive"
"ASV_48","ASV_797",0.720576692122892,2.24538803994534e-05,0.00156051363512379,"Positive"
"ASV_57","ASV_797",0.720576692122892,2.24538803994534e-05,0.00156051363512379,"Positive"
"ASV_64","ASV_797",1,0,0,"Positive"
"ASV_321","ASV_797",0.665147715805747,0.000153494525760411,0.00699625213424714,"Positive"
"ASV_342","ASV_797",0.720576692122892,2.24538803994534e-05,0.00156051363512379,"Positive"
"ASV_349","ASV_797",1,0,0,"Positive"
"ASV_373","ASV_797",0.720576692122892,2.24538803994534e-05,0.00156051363512379,"Positive"
"ASV_404","ASV_797",1,0,0,"Positive"
"ASV_414","ASV_797",1,0,0,"Positive"
"ASV_545","ASV_797",1,0,0,"Positive"
"ASV_621","ASV_797",1,0,0,"Positive"
"ASV_635","ASV_797",0.665147715805747,0.000153494525760411,0.00699625213424714,"Positive"
"ASV_653","ASV_797",1,0,0,"Positive"
"ASV_708","ASV_797",0.665147715805747,0.000153494525760411,0.00699625213424714,"Positive"
"ASV_754","ASV_797",0.665147715805747,0.000153494525760411,0.00699625213424714,"Positive"
"ASV_763","ASV_797",1,0,0,"Positive"
"ASV_295","ASV_799",0.626294804273679,0.000474466721872346,0.0212649106629851,"Positive"
"ASV_64","ASV_803",0.720576692122892,2.24538803994534e-05,0.00156051363512379,"Positive"
"ASV_150","ASV_803",0.665147715805747,0.000153494525760411,0.00699625213424714,"Positive"
"ASV_157","ASV_803",0.665147715805747,0.000153494525760411,0.00699625213424714,"Positive"
"ASV_247","ASV_803",0.665147715805747,0.000153494525760411,0.00699625213424714,"Positive"
"ASV_316","ASV_803",0.665147715805747,0.000153494525760411,0.00699625213424714,"Positive"
"ASV_349","ASV_803",0.720576692122892,2.24538803994534e-05,0.00156051363512379,"Positive"
"ASV_392","ASV_803",0.61740881146215,0.000601574330445054,0.0266505431379534,"Positive"
"ASV_404","ASV_803",0.720576692122892,2.24538803994534e-05,0.00156051363512379,"Positive"
"ASV_414","ASV_803",0.720576692122892,2.24538803994534e-05,0.00156051363512379,"Positive"
"ASV_545","ASV_803",0.720576692122892,2.24538803994534e-05,0.00156051363512379,"Positive"
"ASV_621","ASV_803",0.720576692122892,2.24538803994534e-05,0.00156051363512379,"Positive"
"ASV_653","ASV_803",0.720576692122892,2.24538803994534e-05,0.00156051363512379,"Positive"
"ASV_763","ASV_803",0.720576692122892,2.24538803994534e-05,0.00156051363512379,"Positive"
"ASV_771","ASV_803",0.665147715805747,0.000153494525760411,0.00699625213424714,"Positive"
"ASV_797","ASV_803",0.720576692122892,2.24538803994534e-05,0.00156051363512379,"Positive"
"ASV_75","ASV_804",0.665147715805747,0.000153494525760411,0.00699625213424714,"Positive"
"ASV_103","ASV_804",0.671758178668325,0.000124640607513715,0.00699625213424714,"Positive"
"ASV_127","ASV_804",0.665147715805747,0.000153494525760411,0.00699625213424714,"Positive"
"ASV_222","ASV_804",0.665147715805747,0.000153494525760411,0.00699625213424714,"Positive"
"ASV_235","ASV_804",0.615234836773903,0.00063685624331411,0.0280740858416343,"Positive"
"ASV_257","ASV_804",0.665147715805747,0.000153494525760411,0.00699625213424714,"Positive"
"ASV_274","ASV_804",0.665147715805747,0.000153494525760411,0.00699625213424714,"Positive"
"ASV_283","ASV_804",0.665147715805747,0.000153494525760411,0.00699625213424714,"Positive"
"ASV_352","ASV_804",0.665147715805747,0.000153494525760411,0.00699625213424714,"Positive"
"ASV_366","ASV_804",0.665147715805747,0.000153494525760411,0.00699625213424714,"Positive"
"ASV_384","ASV_804",0.665147715805747,0.000153494525760411,0.00699625213424714,"Positive"
"ASV_421","ASV_804",0.665147715805747,0.000153494525760411,0.00699625213424714,"Positive"
"ASV_431","ASV_804",0.665147715805747,0.000153494525760411,0.00699625213424714,"Positive"
"ASV_475","ASV_804",0.706541773680277,3.8048701537452e-05,0.00262650072680959,"Positive"
"ASV_538","ASV_804",0.665147715805747,0.000153494525760411,0.00699625213424714,"Positive"
"ASV_546","ASV_804",0.665147715805747,0.000153494525760411,0.00699625213424714,"Positive"
"ASV_561","ASV_804",0.665147715805747,0.000153494525760411,0.00699625213424714,"Positive"
"ASV_570","ASV_804",0.665147715805747,0.000153494525760411,0.00699625213424714,"Positive"
"ASV_612","ASV_804",0.665147715805747,0.000153494525760411,0.00699625213424714,"Positive"
"ASV_665","ASV_804",0.665147715805747,0.000153494525760411,0.00699625213424714,"Positive"
"ASV_683","ASV_804",0.665147715805747,0.000153494525760411,0.00699625213424714,"Positive"
"ASV_693","ASV_804",0.665147715805747,0.000153494525760411,0.00699625213424714,"Positive"
"ASV_705","ASV_804",0.665147715805747,0.000153494525760411,0.00699625213424714,"Positive"
"ASV_727","ASV_804",0.665147715805747,0.000153494525760411,0.00699625213424714,"Positive"
"ASV_728","ASV_804",0.665147715805747,0.000153494525760411,0.00699625213424714,"Positive"
"ASV_785","ASV_804",0.665147715805747,0.000153494525760411,0.00699625213424714,"Positive"
"ASV_29","ASV_806",0.622173756032602,0.000530150243934546,0.0236569917375739,"Positive"
"ASV_639","ASV_806",0.619206166269849,0.00057370432442605,0.0255181172278826,"Positive"
"ASV_745","ASV_806",0.76241123302179,3.79888041446286e-06,0.000478139959488104,"Positive"
"ASV_267","ASV_810",0.663210930017463,0.00016299467123515,0.00742559339883149,"Positive"
"ASV_8","ASV_811",0.665147715805747,0.000153494525760411,0.00699625213424714,"Positive"
"ASV_65","ASV_811",0.720576692122892,2.24538803994534e-05,0.00156051363512379,"Positive"
"ASV_75","ASV_811",1,0,0,"Positive"
"ASV_110","ASV_811",0.720576692122892,2.24538803994534e-05,0.00156051363512379,"Positive"
"ASV_127","ASV_811",1,0,0,"Positive"
"ASV_137","ASV_811",0.720576692122892,2.24538803994534e-05,0.00156051363512379,"Positive"
"ASV_159","ASV_811",0.720576692122892,2.24538803994534e-05,0.00156051363512379,"Positive"
"ASV_222","ASV_811",1,0,0,"Positive"
"ASV_252","ASV_811",0.720576692122892,2.24538803994534e-05,0.00156051363512379,"Positive"
"ASV_257","ASV_811",1,0,0,"Positive"
"ASV_274","ASV_811",1,0,0,"Positive"
"ASV_283","ASV_811",1,0,0,"Positive"
"ASV_287","ASV_811",0.665147715805747,0.000153494525760411,0.00699625213424714,"Positive"
"ASV_299","ASV_811",0.665147715805747,0.000153494525760411,0.00699625213424714,"Positive"
"ASV_321","ASV_811",0.720576692122892,2.24538803994534e-05,0.00156051363512379,"Positive"
"ASV_335","ASV_811",0.720576692122892,2.24538803994534e-05,0.00156051363512379,"Positive"
"ASV_342","ASV_811",0.665147715805747,0.000153494525760411,0.00699625213424714,"Positive"
"ASV_352","ASV_811",1,0,0,"Positive"
"ASV_359","ASV_811",0.720576692122892,2.24538803994534e-05,0.00156051363512379,"Positive"
"ASV_360","ASV_811",0.665147715805747,0.000153494525760411,0.00699625213424714,"Positive"
"ASV_366","ASV_811",1,0,0,"Positive"
"ASV_384","ASV_811",1,0,0,"Positive"
"ASV_419","ASV_811",0.665147715805747,0.000153494525760411,0.00699625213424714,"Positive"
"ASV_421","ASV_811",1,0,0,"Positive"
"ASV_423","ASV_811",0.665147715805747,0.000153494525760411,0.00699625213424714,"Positive"
"ASV_431","ASV_811",1,0,0,"Positive"
"ASV_437","ASV_811",0.720576692122892,2.24538803994534e-05,0.00156051363512379,"Positive"
"ASV_503","ASV_811",0.665147715805747,0.000153494525760411,0.00699625213424714,"Positive"
"ASV_538","ASV_811",1,0,0,"Positive"
"ASV_539","ASV_811",0.665147715805747,0.000153494525760411,0.00699625213424714,"Positive"
"ASV_546","ASV_811",1,0,0,"Positive"
"ASV_561","ASV_811",1,0,0,"Positive"
"ASV_568","ASV_811",0.665147715805747,0.000153494525760411,0.00699625213424714,"Positive"
"ASV_570","ASV_811",1,0,0,"Positive"
"ASV_600","ASV_811",0.665147715805747,0.000153494525760411,0.00699625213424714,"Positive"
"ASV_612","ASV_811",1,0,0,"Positive"
"ASV_631","ASV_811",0.665147715805747,0.000153494525760411,0.00699625213424714,"Positive"
"ASV_665","ASV_811",1,0,0,"Positive"
"ASV_669","ASV_811",0.665147715805747,0.000153494525760411,0.00699625213424714,"Positive"
"ASV_683","ASV_811",1,0,0,"Positive"
"ASV_693","ASV_811",1,0,0,"Positive"
"ASV_705","ASV_811",1,0,0,"Positive"
"ASV_727","ASV_811",1,0,0,"Positive"
"ASV_728","ASV_811",1,0,0,"Positive"
"ASV_734","ASV_811",0.720576692122892,2.24538803994534e-05,0.00156051363512379,"Positive"
"ASV_742","ASV_811",0.665147715805747,0.000153494525760411,0.00699625213424714,"Positive"
"ASV_772","ASV_811",0.720576692122892,2.24538803994534e-05,0.00156051363512379,"Positive"
"ASV_785","ASV_811",1,0,0,"Positive"
"ASV_804","ASV_811",0.665147715805747,0.000153494525760411,0.00699625213424714,"Positive"
"ASV_48","ASV_812",0.665147715805747,0.000153494525760411,0.00699625213424714,"Positive"
"ASV_131","ASV_812",0.665147715805747,0.000153494525760411,0.00699625213424714,"Positive"
"ASV_220","ASV_812",1,0,0,"Positive"
"ASV_293","ASV_812",0.665147715805747,0.000153494525760411,0.00699625213424714,"Positive"
"ASV_351","ASV_812",1,0,0,"Positive"
"ASV_469","ASV_812",1,0,0,"Positive"
"ASV_512","ASV_812",1,0,0,"Positive"
"ASV_650","ASV_812",0.720576692122892,2.24538803994534e-05,0.00156051363512379,"Positive"
"ASV_710","ASV_812",0.665147715805747,0.000153494525760411,0.00699625213424714,"Positive"
"ASV_747","ASV_812",1,0,0,"Positive"
"ASV_37","ASV_814",1,0,0,"Positive"
"ASV_49","ASV_814",0.665147715805747,0.000153494525760411,0.00699625213424714,"Positive"
"ASV_195","ASV_814",1,0,0,"Positive"
"ASV_317","ASV_814",1,0,0,"Positive"
"ASV_567","ASV_814",1,0,0,"Positive"
"ASV_258","ASV_816",0.665147715805747,0.000153494525760411,0.00699625213424714,"Positive"
"ASV_336","ASV_816",1,0,0,"Positive"
"ASV_442","ASV_816",0.665147715805747,0.000153494525760411,0.00699625213424714,"Positive"
"ASV_591","ASV_816",0.665147715805747,0.000153494525760411,0.00699625213424714,"Positive"
"ASV_605","ASV_816",0.720576692122892,2.24538803994534e-05,0.00156051363512379,"Positive"
"ASV_778","ASV_816",1,0,0,"Positive"
"ASV_48","ASV_819",0.720576692122892,2.24538803994534e-05,0.00156051363512379,"Positive"
"ASV_57","ASV_819",0.720576692122892,2.24538803994534e-05,0.00156051363512379,"Positive"
"ASV_64","ASV_819",1,0,0,"Positive"
"ASV_321","ASV_819",0.665147715805747,0.000153494525760411,0.00699625213424714,"Positive"
"ASV_342","ASV_819",0.720576692122892,2.24538803994534e-05,0.00156051363512379,"Positive"
"ASV_349","ASV_819",1,0,0,"Positive"
"ASV_373","ASV_819",0.720576692122892,2.24538803994534e-05,0.00156051363512379,"Positive"
"ASV_404","ASV_819",1,0,0,"Positive"
"ASV_414","ASV_819",1,0,0,"Positive"
"ASV_545","ASV_819",1,0,0,"Positive"
"ASV_621","ASV_819",1,0,0,"Positive"
"ASV_635","ASV_819",0.665147715805747,0.000153494525760411,0.00699625213424714,"Positive"
"ASV_653","ASV_819",1,0,0,"Positive"
"ASV_708","ASV_819",0.665147715805747,0.000153494525760411,0.00699625213424714,"Positive"
"ASV_754","ASV_819",0.665147715805747,0.000153494525760411,0.00699625213424714,"Positive"
"ASV_763","ASV_819",1,0,0,"Positive"
"ASV_797","ASV_819",1,0,0,"Positive"
"ASV_803","ASV_819",0.720576692122892,2.24538803994534e-05,0.00156051363512379,"Positive"
"ASV_343","ASV_822",0.796326323458702,6.76358146378675e-07,8.84726390092192e-05,"Positive"
"ASV_150","ASV_828",1,0,0,"Positive"
"ASV_157","ASV_828",1,0,0,"Positive"
"ASV_161","ASV_828",0.665147715805747,0.000153494525760411,0.00699625213424714,"Positive"
"ASV_211","ASV_828",0.665147715805747,0.000153494525760411,0.00699625213424714,"Positive"
"ASV_247","ASV_828",1,0,0,"Positive"
"ASV_271","ASV_828",0.665147715805747,0.000153494525760411,0.00699625213424714,"Positive"
"ASV_316","ASV_828",1,0,0,"Positive"
"ASV_474","ASV_828",0.720576692122892,2.24538803994534e-05,0.00156051363512379,"Positive"
"ASV_521","ASV_828",0.720576692122892,2.24538803994534e-05,0.00156051363512379,"Positive"
"ASV_771","ASV_828",1,0,0,"Positive"
"ASV_793","ASV_828",0.665147715805747,0.000153494525760411,0.00699625213424714,"Positive"
"ASV_803","ASV_828",0.665147715805747,0.000153494525760411,0.00699625213424714,"Positive"
"ASV_48","ASV_831",0.665147715805747,0.000153494525760411,0.00699625213424714,"Positive"
"ASV_131","ASV_831",0.665147715805747,0.000153494525760411,0.00699625213424714,"Positive"
"ASV_220","ASV_831",1,0,0,"Positive"
"ASV_293","ASV_831",0.665147715805747,0.000153494525760411,0.00699625213424714,"Positive"
"ASV_351","ASV_831",1,0,0,"Positive"
"ASV_469","ASV_831",1,0,0,"Positive"
"ASV_512","ASV_831",1,0,0,"Positive"
"ASV_650","ASV_831",0.720576692122892,2.24538803994534e-05,0.00156051363512379,"Positive"
"ASV_710","ASV_831",0.665147715805747,0.000153494525760411,0.00699625213424714,"Positive"
"ASV_747","ASV_831",1,0,0,"Positive"
"ASV_812","ASV_831",1,0,0,"Positive"
"ASV_29","ASV_832",0.720576692122892,2.24538803994534e-05,0.00156051363512379,"Positive"
"ASV_49","ASV_832",0.720576692122892,2.24538803994534e-05,0.00156051363512379,"Positive"
"ASV_60","ASV_832",1,0,0,"Positive"
"ASV_166","ASV_832",1,0,0,"Positive"
"ASV_304","ASV_832",0.665147715805747,0.000153494525760411,0.00699625213424714,"Positive"
"ASV_371","ASV_832",0.665147715805747,0.000153494525760411,0.00699625213424714,"Positive"
"ASV_407","ASV_832",0.665147715805747,0.000153494525760411,0.00699625213424714,"Positive"
"ASV_441","ASV_832",0.720576692122892,2.24538803994534e-05,0.00156051363512379,"Positive"
"ASV_447","ASV_832",1,0,0,"Positive"
"ASV_502","ASV_832",1,0,0,"Positive"
"ASV_601","ASV_832",0.665147715805747,0.000153494525760411,0.00699625213424714,"Positive"
"ASV_637","ASV_832",0.720576692122892,2.24538803994534e-05,0.00156051363512379,"Positive"
"ASV_680","ASV_832",1,0,0,"Positive"
"ASV_734","ASV_832",0.665147715805747,0.000153494525760411,0.00699625213424714,"Positive"
"ASV_777","ASV_832",1,0,0,"Positive"
"ASV_455","ASV_833",0.665147715805747,0.000153494525760411,0.00699625213424714,"Positive"
"ASV_464","ASV_833",1,0,0,"Positive"
"ASV_582","ASV_833",1,0,0,"Positive"
"ASV_662","ASV_833",1,0,0,"Positive"
"ASV_691","ASV_833",0.665147715805747,0.000153494525760411,0.00699625213424714,"Positive"
"ASV_642","ASV_839",0.8002304995806,5.43241576611564e-07,7.10936547391713e-05,"Positive"
"ASV_806","ASV_839",0.623815641453,0.000507316552080139,0.0227150924556524,"Positive"
"ASV_57","ASV_844",0.665147715805747,0.000153494525760411,0.00699625213424714,"Positive"
"ASV_539","ASV_844",0.720576692122892,2.24538803994534e-05,0.00156051363512379,"Positive"
"ASV_586","ASV_844",1,0,0,"Positive"
"ASV_591","ASV_844",0.720576692122892,2.24538803994534e-05,0.00156051363512379,"Positive"
"ASV_642","ASV_844",0.720576692122892,2.24538803994534e-05,0.00156051363512379,"Positive"
"ASV_663","ASV_844",0.720576692122892,2.24538803994534e-05,0.00156051363512379,"Positive"
"ASV_769","ASV_844",1,0,0,"Positive"
"ASV_772","ASV_844",0.665147715805747,0.000153494525760411,0.00699625213424714,"Positive"
"ASV_148","ASV_847",0.603908042084552,0.000851412243574323,0.035870838792321,"Positive"
"ASV_12","ASV_848",0.720576692122892,2.24538803994534e-05,0.00156051363512379,"Positive"
"ASV_240","ASV_848",0.720576692122892,2.24538803994534e-05,0.00156051363512379,"Positive"
"ASV_331","ASV_848",0.720576692122892,2.24538803994534e-05,0.00156051363512379,"Positive"
"ASV_695","ASV_848",0.665147715805747,0.000153494525760411,0.00699625213424714,"Positive"
"ASV_131","ASV_849",0.720576692122892,2.24538803994534e-05,0.00156051363512379,"Positive"
"ASV_217","ASV_849",1,0,0,"Positive"
"ASV_251","ASV_849",1,0,0,"Positive"
"ASV_407","ASV_849",0.720576692122892,2.24538803994534e-05,0.00156051363512379,"Positive"
"ASV_493","ASV_849",1,0,0,"Positive"
"ASV_568","ASV_849",0.720576692122892,2.24538803994534e-05,0.00156051363512379,"Positive"
"ASV_573","ASV_849",1,0,0,"Positive"
"ASV_587","ASV_849",1,0,0,"Positive"
"ASV_623","ASV_849",0.720576692122892,2.24538803994534e-05,0.00156051363512379,"Positive"
"ASV_70","ASV_850",0.8002304995806,5.43241576611564e-07,7.10936547391713e-05,"Positive"
"ASV_75","ASV_850",0.665147715805747,0.000153494525760411,0.00699625213424714,"Positive"
"ASV_109","ASV_850",0.732629469939241,1.39156190015477e-05,0.00156051363512379,"Positive"
"ASV_127","ASV_850",0.665147715805747,0.000153494525760411,0.00699625213424714,"Positive"
"ASV_142","ASV_850",0.644424077783084,0.000285679961085528,0.0128831454599764,"Positive"
"ASV_145","ASV_850",0.732629469939241,1.39156190015477e-05,0.00156051363512379,"Positive"
"ASV_222","ASV_850",0.665147715805747,0.000153494525760411,0.00699625213424714,"Positive"
"ASV_257","ASV_850",0.665147715805747,0.000153494525760411,0.00699625213424714,"Positive"
"ASV_274","ASV_850",0.665147715805747,0.000153494525760411,0.00699625213424714,"Positive"
"ASV_283","ASV_850",0.665147715805747,0.000153494525760411,0.00699625213424714,"Positive"
"ASV_336","ASV_850",0.720576692122892,2.24538803994534e-05,0.00156051363512379,"Positive"
"ASV_352","ASV_850",0.665147715805747,0.000153494525760411,0.00699625213424714,"Positive"
"ASV_366","ASV_850",0.665147715805747,0.000153494525760411,0.00699625213424714,"Positive"
"ASV_384","ASV_850",0.665147715805747,0.000153494525760411,0.00699625213424714,"Positive"
"ASV_421","ASV_850",0.665147715805747,0.000153494525760411,0.00699625213424714,"Positive"
"ASV_431","ASV_850",0.665147715805747,0.000153494525760411,0.00699625213424714,"Positive"
"ASV_435","ASV_850",0.644424077783084,0.000285679961085528,0.0128831454599764,"Positive"
"ASV_538","ASV_850",0.665147715805747,0.000153494525760411,0.00699625213424714,"Positive"
"ASV_546","ASV_850",0.665147715805747,0.000153494525760411,0.00699625213424714,"Positive"
"ASV_561","ASV_850",0.665147715805747,0.000153494525760411,0.00699625213424714,"Positive"
"ASV_570","ASV_850",0.665147715805747,0.000153494525760411,0.00699625213424714,"Positive"
"ASV_612","ASV_850",0.665147715805747,0.000153494525760411,0.00699625213424714,"Positive"
"ASV_665","ASV_850",0.665147715805747,0.000153494525760411,0.00699625213424714,"Positive"
"ASV_683","ASV_850",0.665147715805747,0.000153494525760411,0.00699625213424714,"Positive"
"ASV_693","ASV_850",0.665147715805747,0.000153494525760411,0.00699625213424714,"Positive"
"ASV_705","ASV_850",0.665147715805747,0.000153494525760411,0.00699625213424714,"Positive"
"ASV_727","ASV_850",0.665147715805747,0.000153494525760411,0.00699625213424714,"Positive"
"ASV_728","ASV_850",0.665147715805747,0.000153494525760411,0.00699625213424714,"Positive"
"ASV_740","ASV_850",0.670201040894407,0.00013096699263615,0.00699625213424714,"Positive"
"ASV_778","ASV_850",0.720576692122892,2.24538803994534e-05,0.00156051363512379,"Positive"
"ASV_785","ASV_850",0.665147715805747,0.000153494525760411,0.00699625213424714,"Positive"
"ASV_811","ASV_850",0.665147715805747,0.000153494525760411,0.00699625213424714,"Positive"
"ASV_816","ASV_850",0.720576692122892,2.24538803994534e-05,0.00156051363512379,"Positive"
"ASV_59","ASV_856",0.734803444627488,1.27308589377151e-05,0.00156051363512379,"Positive"
"ASV_117","ASV_856",0.665147715805747,0.000153494525760411,0.00699625213424714,"Positive"
"ASV_278","ASV_856",0.720576692122892,2.24538803994534e-05,0.00156051363512379,"Positive"
"ASV_354","ASV_856",0.665147715805747,0.000153494525760411,0.00699625213424714,"Positive"
"ASV_408","ASV_856",0.665147715805747,0.000153494525760411,0.00699625213424714,"Positive"
"ASV_410","ASV_856",0.665147715805747,0.000153494525760411,0.00699625213424714,"Positive"
"ASV_551","ASV_856",0.720576692122892,2.24538803994534e-05,0.00156051363512379,"Positive"
"ASV_617","ASV_856",0.665147715805747,0.000153494525760411,0.00699625213424714,"Positive"
"ASV_628","ASV_856",0.720576692122892,2.24538803994534e-05,0.00156051363512379,"Positive"
"ASV_709","ASV_856",0.720576692122892,2.24538803994534e-05,0.00156051363512379,"Positive"
"ASV_713","ASV_856",0.720576692122892,2.24538803994534e-05,0.00156051363512379,"Positive"
"ASV_732","ASV_856",0.665147715805747,0.000153494525760411,0.00699625213424714,"Positive"
"ASV_765","ASV_856",0.720576692122892,2.24538803994534e-05,0.00156051363512379,"Positive"
"ASV_48","ASV_859",0.665147715805747,0.000153494525760411,0.00699625213424714,"Positive"
"ASV_131","ASV_859",0.665147715805747,0.000153494525760411,0.00699625213424714,"Positive"
"ASV_220","ASV_859",1,0,0,"Positive"
"ASV_293","ASV_859",0.665147715805747,0.000153494525760411,0.00699625213424714,"Positive"
"ASV_351","ASV_859",1,0,0,"Positive"
"ASV_469","ASV_859",1,0,0,"Positive"
"ASV_512","ASV_859",1,0,0,"Positive"
"ASV_650","ASV_859",0.720576692122892,2.24538803994534e-05,0.00156051363512379,"Positive"
"ASV_710","ASV_859",0.665147715805747,0.000153494525760411,0.00699625213424714,"Positive"
"ASV_747","ASV_859",1,0,0,"Positive"
"ASV_812","ASV_859",1,0,0,"Positive"
"ASV_831","ASV_859",1,0,0,"Positive"
"ASV_336","ASV_860",0.720576692122892,2.24538803994534e-05,0.00156051363512379,"Positive"
"ASV_364","ASV_860",0.665147715805747,0.000153494525760411,0.00699625213424714,"Positive"
"ASV_401","ASV_860",0.665147715805747,0.000153494525760411,0.00699625213424714,"Positive"
"ASV_507","ASV_860",0.665147715805747,0.000153494525760411,0.00699625213424714,"Positive"
"ASV_724","ASV_860",0.665147715805747,0.000153494525760411,0.00699625213424714,"Positive"
"ASV_778","ASV_860",0.720576692122892,2.24538803994534e-05,0.00156051363512379,"Positive"
"ASV_816","ASV_860",0.720576692122892,2.24538803994534e-05,0.00156051363512379,"Positive"
"ASV_90","ASV_863",0.665147715805747,0.000153494525760411,0.00699625213424714,"Positive"
"ASV_278","ASV_863",0.720576692122892,2.24538803994534e-05,0.00156051363512379,"Positive"
"ASV_397","ASV_863",0.665147715805747,0.000153494525760411,0.00699625213424714,"Positive"
"ASV_448","ASV_863",0.665147715805747,0.000153494525760411,0.00699625213424714,"Positive"
"ASV_543","ASV_863",0.665147715805747,0.000153494525760411,0.00699625213424714,"Positive"
"ASV_551","ASV_863",0.720576692122892,2.24538803994534e-05,0.00156051363512379,"Positive"
"ASV_628","ASV_863",0.720576692122892,2.24538803994534e-05,0.00156051363512379,"Positive"
"ASV_709","ASV_863",0.720576692122892,2.24538803994534e-05,0.00156051363512379,"Positive"
"ASV_713","ASV_863",0.720576692122892,2.24538803994534e-05,0.00156051363512379,"Positive"
"ASV_765","ASV_863",0.720576692122892,2.24538803994534e-05,0.00156051363512379,"Positive"
"ASV_455","ASV_867",0.665147715805747,0.000153494525760411,0.00699625213424714,"Positive"
"ASV_464","ASV_867",1,0,0,"Positive"
"ASV_582","ASV_867",1,0,0,"Positive"
"ASV_662","ASV_867",1,0,0,"Positive"
"ASV_691","ASV_867",0.665147715805747,0.000153494525760411,0.00699625213424714,"Positive"
"ASV_833","ASV_867",1,0,0,"Positive"
"ASV_42","ASV_871",0.665147715805747,0.000153494525760411,0.00699625213424714,"Positive"
"ASV_226","ASV_871",0.665147715805747,0.000153494525760411,0.00699625213424714,"Positive"
"ASV_239","ASV_871",1,0,0,"Positive"
"ASV_285","ASV_871",0.720576692122892,2.24538803994534e-05,0.00156051363512379,"Positive"
"ASV_311","ASV_871",1,0,0,"Positive"
"ASV_423","ASV_871",0.720576692122892,2.24538803994534e-05,0.00156051363512379,"Positive"
"ASV_601","ASV_871",0.720576692122892,2.24538803994534e-05,0.00156051363512379,"Positive"
"ASV_619","ASV_871",1,0,0,"Positive"
"ASV_642","ASV_871",0.665147715805747,0.000153494525760411,0.00699625213424714,"Positive"
"ASV_647","ASV_871",1,0,0,"Positive"
"ASV_669","ASV_871",0.720576692122892,2.24538803994534e-05,0.00156051363512379,"Positive"
"ASV_684","ASV_871",1,0,0,"Positive"
"ASV_786","ASV_871",1,0,0,"Positive"
"ASV_790","ASV_871",1,0,0,"Positive"
"ASV_48","ASV_874",0.665147715805747,0.000153494525760411,0.00699625213424714,"Positive"
"ASV_131","ASV_874",0.665147715805747,0.000153494525760411,0.00699625213424714,"Positive"
"ASV_220","ASV_874",1,0,0,"Positive"
"ASV_293","ASV_874",0.665147715805747,0.000153494525760411,0.00699625213424714,"Positive"
"ASV_351","ASV_874",1,0,0,"Positive"
"ASV_469","ASV_874",1,0,0,"Positive"
"ASV_512","ASV_874",1,0,0,"Positive"
"ASV_650","ASV_874",0.720576692122892,2.24538803994534e-05,0.00156051363512379,"Positive"
"ASV_710","ASV_874",0.665147715805747,0.000153494525760411,0.00699625213424714,"Positive"
"ASV_747","ASV_874",1,0,0,"Positive"
"ASV_812","ASV_874",1,0,0,"Positive"
"ASV_831","ASV_874",1,0,0,"Positive"
"ASV_859","ASV_874",1,0,0,"Positive"
"ASV_150","ASV_878",1,0,0,"Positive"
"ASV_157","ASV_878",1,0,0,"Positive"
"ASV_161","ASV_878",0.665147715805747,0.000153494525760411,0.00699625213424714,"Positive"
"ASV_211","ASV_878",0.665147715805747,0.000153494525760411,0.00699625213424714,"Positive"
"ASV_247","ASV_878",1,0,0,"Positive"
"ASV_271","ASV_878",0.665147715805747,0.000153494525760411,0.00699625213424714,"Positive"
"ASV_316","ASV_878",1,0,0,"Positive"
"ASV_474","ASV_878",0.720576692122892,2.24538803994534e-05,0.00156051363512379,"Positive"
"ASV_521","ASV_878",0.720576692122892,2.24538803994534e-05,0.00156051363512379,"Positive"
"ASV_771","ASV_878",1,0,0,"Positive"
"ASV_793","ASV_878",0.665147715805747,0.000153494525760411,0.00699625213424714,"Positive"
"ASV_803","ASV_878",0.665147715805747,0.000153494525760411,0.00699625213424714,"Positive"
"ASV_828","ASV_878",1,0,0,"Positive"
"ASV_48","ASV_879",0.665147715805747,0.000153494525760411,0.00699625213424714,"Positive"
"ASV_131","ASV_879",0.665147715805747,0.000153494525760411,0.00699625213424714,"Positive"
"ASV_220","ASV_879",1,0,0,"Positive"
"ASV_293","ASV_879",0.665147715805747,0.000153494525760411,0.00699625213424714,"Positive"
"ASV_351","ASV_879",1,0,0,"Positive"
"ASV_469","ASV_879",1,0,0,"Positive"
"ASV_512","ASV_879",1,0,0,"Positive"
"ASV_650","ASV_879",0.720576692122892,2.24538803994534e-05,0.00156051363512379,"Positive"
"ASV_710","ASV_879",0.665147715805747,0.000153494525760411,0.00699625213424714,"Positive"
"ASV_747","ASV_879",1,0,0,"Positive"
"ASV_812","ASV_879",1,0,0,"Positive"
"ASV_831","ASV_879",1,0,0,"Positive"
"ASV_859","ASV_879",1,0,0,"Positive"
"ASV_874","ASV_879",1,0,0,"Positive"
"ASV_29","ASV_885",0.720576692122892,2.24538803994534e-05,0.00156051363512379,"Positive"
"ASV_49","ASV_885",0.720576692122892,2.24538803994534e-05,0.00156051363512379,"Positive"
"ASV_60","ASV_885",1,0,0,"Positive"
"ASV_166","ASV_885",1,0,0,"Positive"
"ASV_304","ASV_885",0.665147715805747,0.000153494525760411,0.00699625213424714,"Positive"
"ASV_371","ASV_885",0.665147715805747,0.000153494525760411,0.00699625213424714,"Positive"
"ASV_407","ASV_885",0.665147715805747,0.000153494525760411,0.00699625213424714,"Positive"
"ASV_441","ASV_885",0.720576692122892,2.24538803994534e-05,0.00156051363512379,"Positive"
"ASV_447","ASV_885",1,0,0,"Positive"
"ASV_502","ASV_885",1,0,0,"Positive"
"ASV_601","ASV_885",0.665147715805747,0.000153494525760411,0.00699625213424714,"Positive"
"ASV_637","ASV_885",0.720576692122892,2.24538803994534e-05,0.00156051363512379,"Positive"
"ASV_680","ASV_885",1,0,0,"Positive"
"ASV_734","ASV_885",0.665147715805747,0.000153494525760411,0.00699625213424714,"Positive"
"ASV_777","ASV_885",1,0,0,"Positive"
"ASV_832","ASV_885",1,0,0,"Positive"
"ASV_62","ASV_886",0.720447284345048,2.25665402509012e-05,0.00156794908476322,"Positive"
"ASV_110","ASV_886",0.615234836773903,0.00063685624331411,0.0280740858416343,"Positive"
"ASV_159","ASV_886",0.615234836773903,0.00063685624331411,0.0280740858416343,"Positive"
"ASV_304","ASV_886",0.732629469939241,1.39156190015477e-05,0.00156051363512379,"Positive"
"ASV_335","ASV_886",0.643496507721114,0.000293422897945206,0.0132086181271113,"Positive"
"ASV_476","ASV_886",0.676106128044819,0.000108380732493973,0.00699625213424714,"Positive"
"ASV_734","ASV_886",0.671758178668325,0.000124640607513715,0.00699625213424714,"Positive"
"ASV_8","ASV_894",1,0,0,"Positive"
"ASV_75","ASV_894",0.665147715805747,0.000153494525760411,0.00699625213424714,"Positive"
"ASV_98","ASV_894",0.671758178668325,0.000124640607513715,0.00699625213424714,"Positive"
"ASV_104","ASV_894",0.720576692122892,2.24538803994534e-05,0.00156051363512379,"Positive"
"ASV_109","ASV_894",0.671758178668325,0.000124640607513715,0.00699625213424714,"Positive"
"ASV_127","ASV_894",0.665147715805747,0.000153494525760411,0.00699625213424714,"Positive"
"ASV_145","ASV_894",0.702193824303783,4.45318073913903e-05,0.00305723135512934,"Positive"
"ASV_222","ASV_894",0.665147715805747,0.000153494525760411,0.00699625213424714,"Positive"
"ASV_237","ASV_894",0.720576692122892,2.24538803994534e-05,0.00156051363512379,"Positive"
"ASV_257","ASV_894",0.665147715805747,0.000153494525760411,0.00699625213424714,"Positive"
"ASV_270","ASV_894",0.763296784215341,3.64471975866643e-06,0.000458945768754608,"Positive"
"ASV_274","ASV_894",0.665147715805747,0.000153494525760411,0.00699625213424714,"Positive"
"ASV_282","ASV_894",0.795306004198565,7.15677216822641e-07,9.2434728981734e-05,"Positive"
"ASV_283","ASV_894",0.665147715805747,0.000153494525760411,0.00699625213424714,"Positive"
"ASV_352","ASV_894",0.665147715805747,0.000153494525760411,0.00699625213424714,"Positive"
"ASV_366","ASV_894",0.665147715805747,0.000153494525760411,0.00699625213424714,"Positive"
"ASV_384","ASV_894",0.665147715805747,0.000153494525760411,0.00699625213424714,"Positive"
"ASV_419","ASV_894",1,0,0,"Positive"
"ASV_421","ASV_894",0.665147715805747,0.000153494525760411,0.00699625213424714,"Positive"
"ASV_431","ASV_894",0.665147715805747,0.000153494525760411,0.00699625213424714,"Positive"
"ASV_435","ASV_894",0.616664271355505,0.000613460673911659,0.0271249522358802,"Positive"
"ASV_437","ASV_894",0.997041420118343,0,0,"Positive"
"ASV_460","ASV_894",0.720576692122892,2.24538803994534e-05,0.00156051363512379,"Positive"
"ASV_475","ASV_894",0.615234836773903,0.00063685624331411,0.0280740858416343,"Positive"
"ASV_503","ASV_894",1,0,0,"Positive"
"ASV_538","ASV_894",0.665147715805747,0.000153494525760411,0.00699625213424714,"Positive"
"ASV_546","ASV_894",0.665147715805747,0.000153494525760411,0.00699625213424714,"Positive"
"ASV_561","ASV_894",0.665147715805747,0.000153494525760411,0.00699625213424714,"Positive"
"ASV_570","ASV_894",0.665147715805747,0.000153494525760411,0.00699625213424714,"Positive"
"ASV_612","ASV_894",0.665147715805747,0.000153494525760411,0.00699625213424714,"Positive"
"ASV_665","ASV_894",0.665147715805747,0.000153494525760411,0.00699625213424714,"Positive"
"ASV_683","ASV_894",0.665147715805747,0.000153494525760411,0.00699625213424714,"Positive"
"ASV_690","ASV_894",0.763296784215341,3.64471975866643e-06,0.000458945768754608,"Positive"
"ASV_693","ASV_894",0.665147715805747,0.000153494525760411,0.00699625213424714,"Positive"
"ASV_705","ASV_894",0.665147715805747,0.000153494525760411,0.00699625213424714,"Positive"
"ASV_727","ASV_894",0.665147715805747,0.000153494525760411,0.00699625213424714,"Positive"
"ASV_728","ASV_894",0.665147715805747,0.000153494525760411,0.00699625213424714,"Positive"
"ASV_785","ASV_894",0.665147715805747,0.000153494525760411,0.00699625213424714,"Positive"
"ASV_789","ASV_894",0.720576692122892,2.24538803994534e-05,0.00156051363512379,"Positive"
"ASV_811","ASV_894",0.665147715805747,0.000153494525760411,0.00699625213424714,"Positive"
"ASV_118","ASV_898",0.720576692122892,2.24538803994534e-05,0.00156051363512379,"Positive"
"ASV_242","ASV_898",0.720576692122892,2.24538803994534e-05,0.00156051363512379,"Positive"
"ASV_298","ASV_898",0.665147715805747,0.000153494525760411,0.00699625213424714,"Positive"
"ASV_320","ASV_898",0.720576692122892,2.24538803994534e-05,0.00156051363512379,"Positive"
"ASV_327","ASV_898",0.616664271355505,0.000613460673911659,0.0271249522358802,"Positive"
"ASV_409","ASV_898",0.665147715805747,0.000153494525760411,0.00699625213424714,"Positive"
"ASV_427","ASV_898",0.670201040894407,0.00013096699263615,0.00699625213424714,"Positive"
"ASV_453","ASV_898",0.720576692122892,2.24538803994534e-05,0.00156051363512379,"Positive"
"ASV_627","ASV_898",0.665147715805747,0.000153494525760411,0.00699625213424714,"Positive"
"ASV_57","ASV_899",0.665147715805747,0.000153494525760411,0.00699625213424714,"Positive"
"ASV_539","ASV_899",0.720576692122892,2.24538803994534e-05,0.00156051363512379,"Positive"
"ASV_586","ASV_899",1,0,0,"Positive"
"ASV_591","ASV_899",0.720576692122892,2.24538803994534e-05,0.00156051363512379,"Positive"
"ASV_642","ASV_899",0.720576692122892,2.24538803994534e-05,0.00156051363512379,"Positive"
"ASV_663","ASV_899",0.720576692122892,2.24538803994534e-05,0.00156051363512379,"Positive"
"ASV_769","ASV_899",1,0,0,"Positive"
"ASV_772","ASV_899",0.665147715805747,0.000153494525760411,0.00699625213424714,"Positive"
"ASV_844","ASV_899",1,0,0,"Positive"
"ASV_65","ASV_903",0.665147715805747,0.000153494525760411,0.00699625213424714,"Positive"
"ASV_81","ASV_903",0.720576692122892,2.24538803994534e-05,0.00156051363512379,"Positive"
"ASV_100","ASV_903",1,0,0,"Positive"
"ASV_122","ASV_903",1,0,0,"Positive"
"ASV_240","ASV_903",0.665147715805747,0.000153494525760411,0.00699625213424714,"Positive"
"ASV_337","ASV_903",1,0,0,"Positive"
"ASV_360","ASV_903",0.720576692122892,2.24538803994534e-05,0.00156051363512379,"Positive"
"ASV_371","ASV_903",0.720576692122892,2.24538803994534e-05,0.00156051363512379,"Positive"
"ASV_494","ASV_903",1,0,0,"Positive"
"ASV_535","ASV_903",1,0,0,"Positive"
"ASV_596","ASV_903",1,0,0,"Positive"
"ASV_611","ASV_903",1,0,0,"Positive"
"ASV_623","ASV_903",0.665147715805747,0.000153494525760411,0.00699625213424714,"Positive"
"ASV_652","ASV_903",1,0,0,"Positive"
"ASV_754","ASV_903",0.720576692122892,2.24538803994534e-05,0.00156051363512379,"Positive"
"ASV_793","ASV_903",0.720576692122892,2.24538803994534e-05,0.00156051363512379,"Positive"
"ASV_258","ASV_906",0.665147715805747,0.000153494525760411,0.00699625213424714,"Positive"
"ASV_336","ASV_906",1,0,0,"Positive"
"ASV_442","ASV_906",0.665147715805747,0.000153494525760411,0.00699625213424714,"Positive"
"ASV_591","ASV_906",0.665147715805747,0.000153494525760411,0.00699625213424714,"Positive"
"ASV_605","ASV_906",0.720576692122892,2.24538803994534e-05,0.00156051363512379,"Positive"
"ASV_778","ASV_906",1,0,0,"Positive"
"ASV_816","ASV_906",1,0,0,"Positive"
"ASV_850","ASV_906",0.720576692122892,2.24538803994534e-05,0.00156051363512379,"Positive"
"ASV_860","ASV_906",0.720576692122892,2.24538803994534e-05,0.00156051363512379,"Positive"
"ASV_8","ASV_907",0.665147715805747,0.000153494525760411,0.00699625213424714,"Positive"
"ASV_65","ASV_907",0.720576692122892,2.24538803994534e-05,0.00156051363512379,"Positive"
"ASV_75","ASV_907",1,0,0,"Positive"
"ASV_110","ASV_907",0.720576692122892,2.24538803994534e-05,0.00156051363512379,"Positive"
"ASV_127","ASV_907",1,0,0,"Positive"
"ASV_137","ASV_907",0.720576692122892,2.24538803994534e-05,0.00156051363512379,"Positive"
"ASV_159","ASV_907",0.720576692122892,2.24538803994534e-05,0.00156051363512379,"Positive"
"ASV_222","ASV_907",1,0,0,"Positive"
"ASV_252","ASV_907",0.720576692122892,2.24538803994534e-05,0.00156051363512379,"Positive"
"ASV_257","ASV_907",1,0,0,"Positive"
"ASV_274","ASV_907",1,0,0,"Positive"
"ASV_283","ASV_907",1,0,0,"Positive"
"ASV_287","ASV_907",0.665147715805747,0.000153494525760411,0.00699625213424714,"Positive"
"ASV_299","ASV_907",0.665147715805747,0.000153494525760411,0.00699625213424714,"Positive"
"ASV_321","ASV_907",0.720576692122892,2.24538803994534e-05,0.00156051363512379,"Positive"
"ASV_335","ASV_907",0.720576692122892,2.24538803994534e-05,0.00156051363512379,"Positive"
"ASV_342","ASV_907",0.665147715805747,0.000153494525760411,0.00699625213424714,"Positive"
"ASV_352","ASV_907",1,0,0,"Positive"
"ASV_359","ASV_907",0.720576692122892,2.24538803994534e-05,0.00156051363512379,"Positive"
"ASV_360","ASV_907",0.665147715805747,0.000153494525760411,0.00699625213424714,"Positive"
"ASV_366","ASV_907",1,0,0,"Positive"
"ASV_384","ASV_907",1,0,0,"Positive"
"ASV_419","ASV_907",0.665147715805747,0.000153494525760411,0.00699625213424714,"Positive"
"ASV_421","ASV_907",1,0,0,"Positive"
"ASV_423","ASV_907",0.665147715805747,0.000153494525760411,0.00699625213424714,"Positive"
"ASV_431","ASV_907",1,0,0,"Positive"
"ASV_437","ASV_907",0.720576692122892,2.24538803994534e-05,0.00156051363512379,"Positive"
"ASV_503","ASV_907",0.665147715805747,0.000153494525760411,0.00699625213424714,"Positive"
"ASV_538","ASV_907",1,0,0,"Positive"
"ASV_539","ASV_907",0.665147715805747,0.000153494525760411,0.00699625213424714,"Positive"
"ASV_546","ASV_907",1,0,0,"Positive"
"ASV_561","ASV_907",1,0,0,"Positive"
"ASV_568","ASV_907",0.665147715805747,0.000153494525760411,0.00699625213424714,"Positive"
"ASV_570","ASV_907",1,0,0,"Positive"
"ASV_600","ASV_907",0.665147715805747,0.000153494525760411,0.00699625213424714,"Positive"
"ASV_612","ASV_907",1,0,0,"Positive"
"ASV_631","ASV_907",0.665147715805747,0.000153494525760411,0.00699625213424714,"Positive"
"ASV_665","ASV_907",1,0,0,"Positive"
"ASV_669","ASV_907",0.665147715805747,0.000153494525760411,0.00699625213424714,"Positive"
"ASV_683","ASV_907",1,0,0,"Positive"
"ASV_693","ASV_907",1,0,0,"Positive"
"ASV_705","ASV_907",1,0,0,"Positive"
"ASV_727","ASV_907",1,0,0,"Positive"
"ASV_728","ASV_907",1,0,0,"Positive"
"ASV_734","ASV_907",0.720576692122892,2.24538803994534e-05,0.00156051363512379,"Positive"
"ASV_742","ASV_907",0.665147715805747,0.000153494525760411,0.00699625213424714,"Positive"
"ASV_772","ASV_907",0.720576692122892,2.24538803994534e-05,0.00156051363512379,"Positive"
"ASV_785","ASV_907",1,0,0,"Positive"
"ASV_804","ASV_907",0.665147715805747,0.000153494525760411,0.00699625213424714,"Positive"
"ASV_811","ASV_907",1,0,0,"Positive"
"ASV_850","ASV_907",0.665147715805747,0.000153494525760411,0.00699625213424714,"Positive"
"ASV_894","ASV_907",0.665147715805747,0.000153494525760411,0.00699625213424714,"Positive"
"ASV_60","ASV_908",0.720576692122892,2.24538803994534e-05,0.00156051363512379,"Positive"
"ASV_62","ASV_908",0.647844457097608,0.000258655734379776,0.0116988071280695,"Positive"
"ASV_96","ASV_908",0.706541773680277,3.8048701537452e-05,0.00262650072680959,"Positive"
"ASV_150","ASV_908",0.665147715805747,0.000153494525760411,0.00699625213424714,"Positive"
"ASV_157","ASV_908",0.665147715805747,0.000153494525760411,0.00699625213424714,"Positive"
"ASV_166","ASV_908",0.720576692122892,2.24538803994534e-05,0.00156051363512379,"Positive"
"ASV_247","ASV_908",0.665147715805747,0.000153494525760411,0.00699625213424714,"Positive"
"ASV_316","ASV_908",0.665147715805747,0.000153494525760411,0.00699625213424714,"Positive"
"ASV_447","ASV_908",0.720576692122892,2.24538803994534e-05,0.00156051363512379,"Positive"
"ASV_483","ASV_908",0.832239719563824,7.36862437733521e-08,9.94947876598897e-06,"Positive"
"ASV_502","ASV_908",0.720576692122892,2.24538803994534e-05,0.00156051363512379,"Positive"
"ASV_659","ASV_908",0.763296784215341,3.64471975866643e-06,0.000458945768754608,"Positive"
"ASV_680","ASV_908",0.720576692122892,2.24538803994534e-05,0.00156051363512379,"Positive"
"ASV_771","ASV_908",0.665147715805747,0.000153494525760411,0.00699625213424714,"Positive"
"ASV_777","ASV_908",0.720576692122892,2.24538803994534e-05,0.00156051363512379,"Positive"
"ASV_828","ASV_908",0.665147715805747,0.000153494525760411,0.00699625213424714,"Positive"
"ASV_832","ASV_908",0.720576692122892,2.24538803994534e-05,0.00156051363512379,"Positive"
"ASV_878","ASV_908",0.665147715805747,0.000153494525760411,0.00699625213424714,"Positive"
"ASV_885","ASV_908",0.720576692122892,2.24538803994534e-05,0.00156051363512379,"Positive"
"ASV_29","ASV_909",0.665147715805747,0.000153494525760411,0.00699625213424714,"Positive"
"ASV_81","ASV_909",0.665147715805747,0.000153494525760411,0.00699625213424714,"Positive"
"ASV_278","ASV_909",1,0,0,"Positive"
"ASV_287","ASV_909",0.720576692122892,2.24538803994534e-05,0.00156051363512379,"Positive"
"ASV_474","ASV_909",0.665147715805747,0.000153494525760411,0.00699625213424714,"Positive"
"ASV_551","ASV_909",1,0,0,"Positive"
"ASV_608","ASV_909",0.720576692122892,2.24538803994534e-05,0.00156051363512379,"Positive"
"ASV_628","ASV_909",1,0,0,"Positive"
"ASV_660","ASV_909",0.665147715805747,0.000153494525760411,0.00699625213424714,"Positive"
"ASV_709","ASV_909",1,0,0,"Positive"
"ASV_713","ASV_909",1,0,0,"Positive"
"ASV_765","ASV_909",1,0,0,"Positive"
"ASV_856","ASV_909",0.720576692122892,2.24538803994534e-05,0.00156051363512379,"Positive"
"ASV_863","ASV_909",0.720576692122892,2.24538803994534e-05,0.00156051363512379,"Positive"
"ASV_137","ASV_912",0.665147715805747,0.000153494525760411,0.00699625213424714,"Positive"
"ASV_211","ASV_912",0.720576692122892,2.24538803994534e-05,0.00156051363512379,"Positive"
"ASV_272","ASV_912",1,0,0,"Positive"
"ASV_383","ASV_912",0.665147715805747,0.000153494525760411,0.00699625213424714,"Positive"
"ASV_422","ASV_912",0.720576692122892,2.24538803994534e-05,0.00156051363512379,"Positive"
"ASV_455","ASV_912",0.720576692122892,2.24538803994534e-05,0.00156051363512379,"Positive"
"ASV_598","ASV_912",1,0,0,"Positive"
"ASV_600","ASV_912",0.720576692122892,2.24538803994534e-05,0.00156051363512379,"Positive"
"ASV_608","ASV_912",0.665147715805747,0.000153494525760411,0.00699625213424714,"Positive"
"ASV_631","ASV_912",0.720576692122892,2.24538803994534e-05,0.00156051363512379,"Positive"
"ASV_695","ASV_912",0.720576692122892,2.24538803994534e-05,0.00156051363512379,"Positive"
"ASV_65","ASV_916",0.665147715805747,0.000153494525760411,0.00699625213424714,"Positive"
"ASV_81","ASV_916",0.720576692122892,2.24538803994534e-05,0.00156051363512379,"Positive"
"ASV_100","ASV_916",1,0,0,"Positive"
"ASV_122","ASV_916",1,0,0,"Positive"
"ASV_240","ASV_916",0.665147715805747,0.000153494525760411,0.00699625213424714,"Positive"
"ASV_337","ASV_916",1,0,0,"Positive"
"ASV_360","ASV_916",0.720576692122892,2.24538803994534e-05,0.00156051363512379,"Positive"
"ASV_371","ASV_916",0.720576692122892,2.24538803994534e-05,0.00156051363512379,"Positive"
"ASV_494","ASV_916",1,0,0,"Positive"
"ASV_535","ASV_916",1,0,0,"Positive"
"ASV_596","ASV_916",1,0,0,"Positive"
"ASV_611","ASV_916",1,0,0,"Positive"
"ASV_623","ASV_916",0.665147715805747,0.000153494525760411,0.00699625213424714,"Positive"
"ASV_652","ASV_916",1,0,0,"Positive"
"ASV_754","ASV_916",0.720576692122892,2.24538803994534e-05,0.00156051363512379,"Positive"
"ASV_793","ASV_916",0.720576692122892,2.24538803994534e-05,0.00156051363512379,"Positive"
"ASV_903","ASV_916",1,0,0,"Positive"
"ASV_767","ASV_917",0.673932153356572,0.00011625979537655,0.00699625213424714,"Positive"
"ASV_363","ASV_918",0.652736044325674,0.00022391418842127,0.0101891646399219,"Positive"
"ASV_392","ASV_918",0.603198040961672,0.000866737854149591,0.035870838792321,"Positive"
"ASV_477","ASV_918",0.706286013216708,3.84054247466459e-05,0.00264980174195555,"Positive"
"ASV_708","ASV_918",0.668218197578152,0.000139432194518285,0.00699625213424714,"Positive"
"ASV_48","ASV_921",0.665147715805747,0.000153494525760411,0.00699625213424714,"Positive"
"ASV_131","ASV_921",0.665147715805747,0.000153494525760411,0.00699625213424714,"Positive"
"ASV_220","ASV_921",1,0,0,"Positive"
"ASV_293","ASV_921",0.665147715805747,0.000153494525760411,0.00699625213424714,"Positive"
"ASV_351","ASV_921",1,0,0,"Positive"
"ASV_469","ASV_921",1,0,0,"Positive"
"ASV_512","ASV_921",1,0,0,"Positive"
"ASV_650","ASV_921",0.720576692122892,2.24538803994534e-05,0.00156051363512379,"Positive"
"ASV_710","ASV_921",0.665147715805747,0.000153494525760411,0.00699625213424714,"Positive"
"ASV_747","ASV_921",1,0,0,"Positive"
"ASV_812","ASV_921",1,0,0,"Positive"
"ASV_831","ASV_921",1,0,0,"Positive"
"ASV_859","ASV_921",1,0,0,"Positive"
"ASV_874","ASV_921",1,0,0,"Positive"
"ASV_879","ASV_921",1,0,0,"Positive"
"ASV_60","ASV_922",0.720576692122892,2.24538803994534e-05,0.00156051363512379,"Positive"
"ASV_117","ASV_922",0.665147715805747,0.000153494525760411,0.00699625213424714,"Positive"
"ASV_166","ASV_922",0.720576692122892,2.24538803994534e-05,0.00156051363512379,"Positive"
"ASV_354","ASV_922",0.665147715805747,0.000153494525760411,0.00699625213424714,"Positive"
"ASV_386","ASV_922",0.702193824303783,4.45318073913903e-05,0.00305723135512934,"Positive"
"ASV_408","ASV_922",0.665147715805747,0.000153494525760411,0.00699625213424714,"Positive"
"ASV_410","ASV_922",0.665147715805747,0.000153494525760411,0.00699625213424714,"Positive"
"ASV_429","ASV_922",0.678280102733066,0.000100977333874486,0.00687431802304738,"Positive"
"ASV_447","ASV_922",0.720576692122892,2.24538803994534e-05,0.00156051363512379,"Positive"
"ASV_502","ASV_922",0.720576692122892,2.24538803994534e-05,0.00156051363512379,"Positive"
"ASV_617","ASV_922",0.665147715805747,0.000153494525760411,0.00699625213424714,"Positive"
"ASV_680","ASV_922",0.720576692122892,2.24538803994534e-05,0.00156051363512379,"Positive"
"ASV_732","ASV_922",0.665147715805747,0.000153494525760411,0.00699625213424714,"Positive"
"ASV_777","ASV_922",0.720576692122892,2.24538803994534e-05,0.00156051363512379,"Positive"
"ASV_832","ASV_922",0.720576692122892,2.24538803994534e-05,0.00156051363512379,"Positive"
"ASV_885","ASV_922",0.720576692122892,2.24538803994534e-05,0.00156051363512379,"Positive"
"ASV_110","ASV_926",0.665147715805747,0.000153494525760411,0.00699625213424714,"Positive"
"ASV_159","ASV_926",0.665147715805747,0.000153494525760411,0.00699625213424714,"Positive"
"ASV_196","ASV_926",0.720576692122892,2.24538803994534e-05,0.00156051363512379,"Positive"
"ASV_305","ASV_926",0.665147715805747,0.000153494525760411,0.00699625213424714,"Positive"
"ASV_364","ASV_926",1,0,0,"Positive"
"ASV_401","ASV_926",1,0,0,"Positive"
"ASV_476","ASV_926",0.665147715805747,0.000153494525760411,0.00699625213424714,"Positive"
"ASV_507","ASV_926",1,0,0,"Positive"
"ASV_660","ASV_926",0.720576692122892,2.24538803994534e-05,0.00156051363512379,"Positive"
"ASV_724","ASV_926",1,0,0,"Positive"
"ASV_860","ASV_926",0.665147715805747,0.000153494525760411,0.00699625213424714,"Positive"
"ASV_57","ASV_927",0.676106128044819,0.000108380732493973,0.00699625213424714,"Positive"
"ASV_306","ASV_927",0.681660369371792,9.03523657136418e-05,0.00618144368163063,"Positive"
"ASV_373","ASV_927",0.732629469939241,1.39156190015477e-05,0.00156051363512379,"Positive"
"ASV_591","ASV_927",0.61740881146215,0.000601574330445054,0.0266505431379534,"Positive"
"ASV_246","ASV_928",0.620389344262295,0.000555978856660477,0.0247496105758623,"Positive"
"ASV_639","ASV_928",0.622438524590164,0.000526408520027166,0.0235204024088957,"Positive"
"ASV_666","ASV_928",0.686043556425528,7.80537602074194e-05,0.00534268130418274,"Positive"
"ASV_217","ASV_929",0.720576692122892,2.24538803994534e-05,0.00156051363512379,"Positive"
"ASV_239","ASV_929",0.665147715805747,0.000153494525760411,0.00699625213424714,"Positive"
"ASV_251","ASV_929",0.720576692122892,2.24538803994534e-05,0.00156051363512379,"Positive"
"ASV_311","ASV_929",0.665147715805747,0.000153494525760411,0.00699625213424714,"Positive"
"ASV_493","ASV_929",0.720576692122892,2.24538803994534e-05,0.00156051363512379,"Positive"
"ASV_573","ASV_929",0.720576692122892,2.24538803994534e-05,0.00156051363512379,"Positive"
"ASV_587","ASV_929",0.720576692122892,2.24538803994534e-05,0.00156051363512379,"Positive"
"ASV_619","ASV_929",0.665147715805747,0.000153494525760411,0.00699625213424714,"Positive"
"ASV_647","ASV_929",0.665147715805747,0.000153494525760411,0.00699625213424714,"Positive"
"ASV_684","ASV_929",0.665147715805747,0.000153494525760411,0.00699625213424714,"Positive"
"ASV_786","ASV_929",0.665147715805747,0.000153494525760411,0.00699625213424714,"Positive"
"ASV_790","ASV_929",0.665147715805747,0.000153494525760411,0.00699625213424714,"Positive"
"ASV_849","ASV_929",0.720576692122892,2.24538803994534e-05,0.00156051363512379,"Positive"
"ASV_871","ASV_929",0.665147715805747,0.000153494525760411,0.00699625213424714,"Positive"
"ASV_60","ASV_932",0.720576692122892,2.24538803994534e-05,0.00156051363512379,"Positive"
"ASV_62","ASV_932",0.647844457097608,0.000258655734379776,0.0116988071280695,"Positive"
"ASV_96","ASV_932",0.706541773680277,3.8048701537452e-05,0.00262650072680959,"Positive"
"ASV_150","ASV_932",0.665147715805747,0.000153494525760411,0.00699625213424714,"Positive"
"ASV_157","ASV_932",0.665147715805747,0.000153494525760411,0.00699625213424714,"Positive"
"ASV_166","ASV_932",0.720576692122892,2.24538803994534e-05,0.00156051363512379,"Positive"
"ASV_247","ASV_932",0.665147715805747,0.000153494525760411,0.00699625213424714,"Positive"
"ASV_316","ASV_932",0.665147715805747,0.000153494525760411,0.00699625213424714,"Positive"
"ASV_447","ASV_932",0.720576692122892,2.24538803994534e-05,0.00156051363512379,"Positive"
"ASV_483","ASV_932",0.832239719563824,7.36862437733521e-08,9.94947876598897e-06,"Positive"
"ASV_502","ASV_932",0.720576692122892,2.24538803994534e-05,0.00156051363512379,"Positive"
"ASV_659","ASV_932",0.763296784215341,3.64471975866643e-06,0.000458945768754608,"Positive"
"ASV_680","ASV_932",0.720576692122892,2.24538803994534e-05,0.00156051363512379,"Positive"
"ASV_771","ASV_932",0.665147715805747,0.000153494525760411,0.00699625213424714,"Positive"
"ASV_777","ASV_932",0.720576692122892,2.24538803994534e-05,0.00156051363512379,"Positive"
"ASV_828","ASV_932",0.665147715805747,0.000153494525760411,0.00699625213424714,"Positive"
"ASV_832","ASV_932",0.720576692122892,2.24538803994534e-05,0.00156051363512379,"Positive"
"ASV_878","ASV_932",0.665147715805747,0.000153494525760411,0.00699625213424714,"Positive"
"ASV_885","ASV_932",0.720576692122892,2.24538803994534e-05,0.00156051363512379,"Positive"
"ASV_908","ASV_932",1,0,0,"Positive"
"ASV_12","ASV_937",0.720576692122892,2.24538803994534e-05,0.00156051363512379,"Positive"
"ASV_240","ASV_937",0.720576692122892,2.24538803994534e-05,0.00156051363512379,"Positive"
"ASV_331","ASV_937",0.720576692122892,2.24538803994534e-05,0.00156051363512379,"Positive"
"ASV_695","ASV_937",0.665147715805747,0.000153494525760411,0.00699625213424714,"Positive"
"ASV_848","ASV_937",1,0,0,"Positive"
"ASV_714","ASV_938",0.618340163934426,0.000586988732612204,0.0260503111334429,"Positive"
"ASV_64","ASV_946",0.665147715805747,0.000153494525760411,0.00699625213424714,"Positive"
"ASV_349","ASV_946",0.665147715805747,0.000153494525760411,0.00699625213424714,"Positive"
"ASV_404","ASV_946",0.665147715805747,0.000153494525760411,0.00699625213424714,"Positive"
"ASV_414","ASV_946",0.665147715805747,0.000153494525760411,0.00699625213424714,"Positive"
"ASV_545","ASV_946",0.665147715805747,0.000153494525760411,0.00699625213424714,"Positive"
"ASV_621","ASV_946",0.665147715805747,0.000153494525760411,0.00699625213424714,"Positive"
"ASV_653","ASV_946",0.665147715805747,0.000153494525760411,0.00699625213424714,"Positive"
"ASV_763","ASV_946",0.665147715805747,0.000153494525760411,0.00699625213424714,"Positive"
"ASV_797","ASV_946",0.665147715805747,0.000153494525760411,0.00699625213424714,"Positive"
"ASV_819","ASV_946",0.665147715805747,0.000153494525760411,0.00699625213424714,"Positive"
"ASV_848","ASV_946",0.720576692122892,2.24538803994534e-05,0.00156051363512379,"Positive"
"ASV_937","ASV_946",0.720576692122892,2.24538803994534e-05,0.00156051363512379,"Positive"
"ASV_69","ASV_947",0.609697002253367,0.000734997223024614,0.032246078167478,"Positive"
"ASV_94","ASV_947",0.704472843450479,4.10207617740355e-05,0.00282954191946501,"Positive"
"ASV_343","ASV_947",0.696485623003195,5.45242433545035e-05,0.00373859656814967,"Positive"
"ASV_24","ASV_949",0.720576692122892,2.24538803994534e-05,0.00156051363512379,"Positive"
"ASV_134","ASV_949",1,0,0,"Positive"
"ASV_233","ASV_949",1,0,0,"Positive"
"ASV_304","ASV_949",0.720576692122892,2.24538803994534e-05,0.00156051363512379,"Positive"
"ASV_335","ASV_949",0.665147715805747,0.000153494525760411,0.00699625213424714,"Positive"
"ASV_373","ASV_949",0.665147715805747,0.000153494525760411,0.00699625213424714,"Positive"
"ASV_383","ASV_949",0.720576692122892,2.24538803994534e-05,0.00156051363512379,"Positive"
"ASV_422","ASV_949",0.665147715805747,0.000153494525760411,0.00699625213424714,"Positive"
"ASV_476","ASV_949",0.720576692122892,2.24538803994534e-05,0.00156051363512379,"Positive"
"ASV_501","ASV_949",1,0,0,"Positive"
"ASV_521","ASV_949",0.665147715805747,0.000153494525760411,0.00699625213424714,"Positive"
"ASV_580","ASV_949",1,0,0,"Positive"
"ASV_8","ASV_950",0.720576692122892,2.24538803994534e-05,0.00156051363512379,"Positive"
"ASV_31","ASV_950",0.720576692122892,2.24538803994534e-05,0.00156051363512379,"Positive"
"ASV_84","ASV_950",0.665147715805747,0.000153494525760411,0.00699625213424714,"Positive"
"ASV_104","ASV_950",1,0,0,"Positive"
"ASV_237","ASV_950",1,0,0,"Positive"
"ASV_293","ASV_950",0.720576692122892,2.24538803994534e-05,0.00156051363512379,"Positive"
"ASV_387","ASV_950",0.720576692122892,2.24538803994534e-05,0.00156051363512379,"Positive"
"ASV_419","ASV_950",0.720576692122892,2.24538803994534e-05,0.00156051363512379,"Positive"
"ASV_437","ASV_950",0.665147715805747,0.000153494525760411,0.00699625213424714,"Positive"
"ASV_460","ASV_950",1,0,0,"Positive"
"ASV_503","ASV_950",0.720576692122892,2.24538803994534e-05,0.00156051363512379,"Positive"
"ASV_552","ASV_950",0.665147715805747,0.000153494525760411,0.00699625213424714,"Positive"
"ASV_637","ASV_950",0.665147715805747,0.000153494525760411,0.00699625213424714,"Positive"
"ASV_691","ASV_950",0.720576692122892,2.24538803994534e-05,0.00156051363512379,"Positive"
"ASV_789","ASV_950",1,0,0,"Positive"
"ASV_894","ASV_950",0.720576692122892,2.24538803994534e-05,0.00156051363512379,"Positive"
"ASV_29","ASV_953",0.665147715805747,0.000153494525760411,0.00699625213424714,"Positive"
"ASV_81","ASV_953",0.665147715805747,0.000153494525760411,0.00699625213424714,"Positive"
"ASV_278","ASV_953",1,0,0,"Positive"
"ASV_287","ASV_953",0.720576692122892,2.24538803994534e-05,0.00156051363512379,"Positive"
"ASV_474","ASV_953",0.665147715805747,0.000153494525760411,0.00699625213424714,"Positive"
"ASV_551","ASV_953",1,0,0,"Positive"
"ASV_608","ASV_953",0.720576692122892,2.24538803994534e-05,0.00156051363512379,"Positive"
"ASV_628","ASV_953",1,0,0,"Positive"
"ASV_660","ASV_953",0.665147715805747,0.000153494525760411,0.00699625213424714,"Positive"
"ASV_709","ASV_953",1,0,0,"Positive"
"ASV_713","ASV_953",1,0,0,"Positive"
"ASV_765","ASV_953",1,0,0,"Positive"
"ASV_856","ASV_953",0.720576692122892,2.24538803994534e-05,0.00156051363512379,"Positive"
"ASV_863","ASV_953",0.720576692122892,2.24538803994534e-05,0.00156051363512379,"Positive"
"ASV_909","ASV_953",1,0,0,"Positive"
"ASV_110","ASV_954",0.665147715805747,0.000153494525760411,0.00699625213424714,"Positive"
"ASV_159","ASV_954",0.665147715805747,0.000153494525760411,0.00699625213424714,"Positive"
"ASV_196","ASV_954",0.720576692122892,2.24538803994534e-05,0.00156051363512379,"Positive"
"ASV_305","ASV_954",0.665147715805747,0.000153494525760411,0.00699625213424714,"Positive"
"ASV_364","ASV_954",1,0,0,"Positive"
"ASV_401","ASV_954",1,0,0,"Positive"
"ASV_476","ASV_954",0.665147715805747,0.000153494525760411,0.00699625213424714,"Positive"
"ASV_507","ASV_954",1,0,0,"Positive"
"ASV_660","ASV_954",0.720576692122892,2.24538803994534e-05,0.00156051363512379,"Positive"
"ASV_724","ASV_954",1,0,0,"Positive"
"ASV_860","ASV_954",0.665147715805747,0.000153494525760411,0.00699625213424714,"Positive"
"ASV_926","ASV_954",1,0,0,"Positive"
"ASV_60","ASV_958",0.720576692122892,2.24538803994534e-05,0.00156051363512379,"Positive"
"ASV_166","ASV_958",0.720576692122892,2.24538803994534e-05,0.00156051363512379,"Positive"
"ASV_447","ASV_958",0.720576692122892,2.24538803994534e-05,0.00156051363512379,"Positive"
"ASV_502","ASV_958",0.720576692122892,2.24538803994534e-05,0.00156051363512379,"Positive"
"ASV_563","ASV_958",0.665147715805747,0.000153494525760411,0.00699625213424714,"Positive"
"ASV_620","ASV_958",0.795306004198565,7.15677216822641e-07,9.2434728981734e-05,"Positive"
"ASV_680","ASV_958",0.720576692122892,2.24538803994534e-05,0.00156051363512379,"Positive"
"ASV_777","ASV_958",0.720576692122892,2.24538803994534e-05,0.00156051363512379,"Positive"
"ASV_832","ASV_958",0.720576692122892,2.24538803994534e-05,0.00156051363512379,"Positive"
"ASV_885","ASV_958",0.720576692122892,2.24538803994534e-05,0.00156051363512379,"Positive"
"ASV_32","ASV_959",0.665147715805747,0.000153494525760411,0.00699625213424714,"Positive"
"ASV_117","ASV_959",1,0,0,"Positive"
"ASV_161","ASV_959",0.720576692122892,2.24538803994534e-05,0.00156051363512379,"Positive"
"ASV_354","ASV_959",1,0,0,"Positive"
"ASV_408","ASV_959",1,0,0,"Positive"
"ASV_410","ASV_959",1,0,0,"Positive"
"ASV_617","ASV_959",1,0,0,"Positive"
"ASV_650","ASV_959",0.665147715805747,0.000153494525760411,0.00699625213424714,"Positive"
"ASV_732","ASV_959",1,0,0,"Positive"
"ASV_742","ASV_959",0.720576692122892,2.24538803994534e-05,0.00156051363512379,"Positive"
"ASV_767","ASV_959",0.720576692122892,2.24538803994534e-05,0.00156051363512379,"Positive"
"ASV_856","ASV_959",0.665147715805747,0.000153494525760411,0.00699625213424714,"Positive"
"ASV_922","ASV_959",0.665147715805747,0.000153494525760411,0.00699625213424714,"Positive"
"ASV_8","ASV_965",0.763296784215341,3.64471975866643e-06,0.000458945768754608,"Positive"
"ASV_65","ASV_965",0.829777471872807,8.71652050538074e-08,1.15771811706161e-05,"Positive"
"ASV_98","ASV_965",0.832263319047348,7.35667422535613e-08,9.94947876598897e-06,"Positive"
"ASV_262","ASV_965",0.618340163934426,0.000586988732612204,0.0260503111334429,"Positive"
"ASV_360","ASV_965",0.832239719563824,7.36862437733521e-08,9.94947876598897e-06,"Positive"
"ASV_419","ASV_965",0.763296784215341,3.64471975866643e-06,0.000458945768754608,"Positive"
"ASV_437","ASV_965",0.765759031906359,3.24513858140918e-06,0.000415059381465605,"Positive"
"ASV_503","ASV_965",0.763296784215341,3.64471975866643e-06,0.000458945768754608,"Positive"
"ASV_894","ASV_965",0.763296784215341,3.64471975866643e-06,0.000458945768754608,"Positive"
"ASV_90","ASV_966",0.720576692122892,2.24538803994534e-05,0.00156051363512379,"Positive"
"ASV_343","ASV_966",0.734803444627488,1.27308589377151e-05,0.00156051363512379,"Positive"
"ASV_397","ASV_966",0.720576692122892,2.24538803994534e-05,0.00156051363512379,"Positive"
"ASV_448","ASV_966",0.720576692122892,2.24538803994534e-05,0.00156051363512379,"Positive"
"ASV_543","ASV_966",0.720576692122892,2.24538803994534e-05,0.00156051363512379,"Positive"
"ASV_586","ASV_966",0.665147715805747,0.000153494525760411,0.00699625213424714,"Positive"
"ASV_769","ASV_966",0.665147715805747,0.000153494525760411,0.00699625213424714,"Positive"
"ASV_822","ASV_966",0.600019200921649,0.000938331035804207,0.035870838792321,"Positive"
"ASV_844","ASV_966",0.665147715805747,0.000153494525760411,0.00699625213424714,"Positive"
"ASV_899","ASV_966",0.665147715805747,0.000153494525760411,0.00699625213424714,"Positive"
"ASV_947","ASV_966",0.615234836773903,0.00063685624331411,0.0280740858416343,"Positive"
"ASV_629","ASV_967",0.749807963125773,6.72500696996536e-06,0.000844893193850249,"Positive"
"ASV_635","ASV_967",0.763296784215341,3.64471975866643e-06,0.000458945768754608,"Positive"
"ASV_273","ASV_968",0.648053278688525,0.000257081160242034,0.0116466488061395,"Positive"
"ASV_635","ASV_968",0.829777471872807,8.71652050538074e-08,1.15771811706161e-05,"Positive"
"ASV_754","ASV_968",0.795306004198565,7.15677216822641e-07,9.2434728981734e-05,"Positive"
"ASV_967","ASV_968",0.622438524590164,0.000526408520027166,0.0235204024088957,"Positive"
"ASV_298","ASV_969",0.665147715805747,0.000153494525760411,0.00699625213424714,"Positive"
"ASV_409","ASV_969",0.665147715805747,0.000153494525760411,0.00699625213424714,"Positive"
"ASV_464","ASV_969",0.720576692122892,2.24538803994534e-05,0.00156051363512379,"Positive"
"ASV_582","ASV_969",0.720576692122892,2.24538803994534e-05,0.00156051363512379,"Positive"
"ASV_627","ASV_969",0.665147715805747,0.000153494525760411,0.00699625213424714,"Positive"
"ASV_662","ASV_969",0.720576692122892,2.24538803994534e-05,0.00156051363512379,"Positive"
"ASV_833","ASV_969",0.720576692122892,2.24538803994534e-05,0.00156051363512379,"Positive"
"ASV_867","ASV_969",0.720576692122892,2.24538803994534e-05,0.00156051363512379,"Positive"
"ASV_35","ASV_978",0.652151639344262,0.000227836393568381,0.0103523044281977,"Positive"
"ASV_110","ASV_978",0.832239719563824,7.36862437733521e-08,9.94947876598897e-06,"Positive"
"ASV_159","ASV_978",0.832239719563824,7.36862437733521e-08,9.94947876598897e-06,"Positive"
"ASV_252","ASV_978",0.8002304995806,5.43241576611564e-07,7.10936547391713e-05,"Positive"
"ASV_264","ASV_978",0.648053278688525,0.000257081160242034,0.0116466488061395,"Positive"
"ASV_299","ASV_978",0.795306004198565,7.15677216822641e-07,9.2434728981734e-05,"Positive"
"ASV_359","ASV_978",0.8002304995806,5.43241576611564e-07,7.10936547391713e-05,"Positive"
"ASV_150","ASV_982",1,0,0,"Positive"
"ASV_157","ASV_982",1,0,0,"Positive"
"ASV_161","ASV_982",0.665147715805747,0.000153494525760411,0.00699625213424714,"Positive"
"ASV_211","ASV_982",0.665147715805747,0.000153494525760411,0.00699625213424714,"Positive"
"ASV_247","ASV_982",1,0,0,"Positive"
"ASV_271","ASV_982",0.665147715805747,0.000153494525760411,0.00699625213424714,"Positive"
"ASV_316","ASV_982",1,0,0,"Positive"
"ASV_474","ASV_982",0.720576692122892,2.24538803994534e-05,0.00156051363512379,"Positive"
"ASV_521","ASV_982",0.720576692122892,2.24538803994534e-05,0.00156051363512379,"Positive"
"ASV_771","ASV_982",1,0,0,"Positive"
"ASV_793","ASV_982",0.665147715805747,0.000153494525760411,0.00699625213424714,"Positive"
"ASV_803","ASV_982",0.665147715805747,0.000153494525760411,0.00699625213424714,"Positive"
"ASV_828","ASV_982",1,0,0,"Positive"
"ASV_878","ASV_982",1,0,0,"Positive"
"ASV_908","ASV_982",0.665147715805747,0.000153494525760411,0.00699625213424714,"Positive"
"ASV_932","ASV_982",0.665147715805747,0.000153494525760411,0.00699625213424714,"Positive"
"ASV_48","ASV_983",0.665147715805747,0.000153494525760411,0.00699625213424714,"Positive"
"ASV_131","ASV_983",0.665147715805747,0.000153494525760411,0.00699625213424714,"Positive"
"ASV_220","ASV_983",1,0,0,"Positive"
"ASV_293","ASV_983",0.665147715805747,0.000153494525760411,0.00699625213424714,"Positive"
"ASV_351","ASV_983",1,0,0,"Positive"
"ASV_469","ASV_983",1,0,0,"Positive"
"ASV_512","ASV_983",1,0,0,"Positive"
"ASV_650","ASV_983",0.720576692122892,2.24538803994534e-05,0.00156051363512379,"Positive"
"ASV_710","ASV_983",0.665147715805747,0.000153494525760411,0.00699625213424714,"Positive"
"ASV_747","ASV_983",1,0,0,"Positive"
"ASV_812","ASV_983",1,0,0,"Positive"
"ASV_831","ASV_983",1,0,0,"Positive"
"ASV_859","ASV_983",1,0,0,"Positive"
"ASV_874","ASV_983",1,0,0,"Positive"
"ASV_879","ASV_983",1,0,0,"Positive"
"ASV_921","ASV_983",1,0,0,"Positive"
"ASV_131","ASV_984",0.720576692122892,2.24538803994534e-05,0.00156051363512379,"Positive"
"ASV_217","ASV_984",1,0,0,"Positive"
"ASV_251","ASV_984",1,0,0,"Positive"
"ASV_407","ASV_984",0.720576692122892,2.24538803994534e-05,0.00156051363512379,"Positive"
"ASV_493","ASV_984",1,0,0,"Positive"
"ASV_568","ASV_984",0.720576692122892,2.24538803994534e-05,0.00156051363512379,"Positive"
"ASV_573","ASV_984",1,0,0,"Positive"
"ASV_587","ASV_984",1,0,0,"Positive"
"ASV_623","ASV_984",0.720576692122892,2.24538803994534e-05,0.00156051363512379,"Positive"
"ASV_849","ASV_984",1,0,0,"Positive"
"ASV_929","ASV_984",0.720576692122892,2.24538803994534e-05,0.00156051363512379,"Positive"
"ASV_477","ASV_986",0.620389344262295,0.000555978856660477,0.0247496105758623,"Positive"
"ASV_136","ASV_988",0.61864711467176,0.000582249754618402,0.0258773923745792,"Positive"
"ASV_272","ASV_988",0.665147715805747,0.000153494525760411,0.00699625213424714,"Positive"
"ASV_363","ASV_988",0.647844457097608,0.000258655734379776,0.0116988071280695,"Positive"
"ASV_364","ASV_988",0.720576692122892,2.24538803994534e-05,0.00156051363512379,"Positive"
"ASV_401","ASV_988",0.720576692122892,2.24538803994534e-05,0.00156051363512379,"Positive"
"ASV_507","ASV_988",0.720576692122892,2.24538803994534e-05,0.00156051363512379,"Positive"
"ASV_598","ASV_988",0.665147715805747,0.000153494525760411,0.00699625213424714,"Positive"
"ASV_724","ASV_988",0.720576692122892,2.24538803994534e-05,0.00156051363512379,"Positive"
"ASV_912","ASV_988",0.665147715805747,0.000153494525760411,0.00699625213424714,"Positive"
"ASV_926","ASV_988",0.720576692122892,2.24538803994534e-05,0.00156051363512379,"Positive"
"ASV_954","ASV_988",0.720576692122892,2.24538803994534e-05,0.00156051363512379,"Positive"
"ASV_150","ASV_989",1,0,0,"Positive"
"ASV_157","ASV_989",1,0,0,"Positive"
"ASV_161","ASV_989",0.665147715805747,0.000153494525760411,0.00699625213424714,"Positive"
"ASV_211","ASV_989",0.665147715805747,0.000153494525760411,0.00699625213424714,"Positive"
"ASV_247","ASV_989",1,0,0,"Positive"
"ASV_271","ASV_989",0.665147715805747,0.000153494525760411,0.00699625213424714,"Positive"
"ASV_316","ASV_989",1,0,0,"Positive"
"ASV_474","ASV_989",0.720576692122892,2.24538803994534e-05,0.00156051363512379,"Positive"
"ASV_521","ASV_989",0.720576692122892,2.24538803994534e-05,0.00156051363512379,"Positive"
"ASV_771","ASV_989",1,0,0,"Positive"
"ASV_793","ASV_989",0.665147715805747,0.000153494525760411,0.00699625213424714,"Positive"
"ASV_803","ASV_989",0.665147715805747,0.000153494525760411,0.00699625213424714,"Positive"
"ASV_828","ASV_989",1,0,0,"Positive"
"ASV_878","ASV_989",1,0,0,"Positive"
"ASV_908","ASV_989",0.665147715805747,0.000153494525760411,0.00699625213424714,"Positive"
"ASV_932","ASV_989",0.665147715805747,0.000153494525760411,0.00699625213424714,"Positive"
"ASV_982","ASV_989",1,0,0,"Positive"
"ASV_8","ASV_990",0.665147715805747,0.000153494525760411,0.00699625213424714,"Positive"
"ASV_65","ASV_990",0.720576692122892,2.24538803994534e-05,0.00156051363512379,"Positive"
"ASV_75","ASV_990",1,0,0,"Positive"
"ASV_110","ASV_990",0.720576692122892,2.24538803994534e-05,0.00156051363512379,"Positive"
"ASV_127","ASV_990",1,0,0,"Positive"
"ASV_137","ASV_990",0.720576692122892,2.24538803994534e-05,0.00156051363512379,"Positive"
"ASV_159","ASV_990",0.720576692122892,2.24538803994534e-05,0.00156051363512379,"Positive"
"ASV_222","ASV_990",1,0,0,"Positive"
"ASV_252","ASV_990",0.720576692122892,2.24538803994534e-05,0.00156051363512379,"Positive"
"ASV_257","ASV_990",1,0,0,"Positive"
"ASV_274","ASV_990",1,0,0,"Positive"
"ASV_283","ASV_990",1,0,0,"Positive"
"ASV_287","ASV_990",0.665147715805747,0.000153494525760411,0.00699625213424714,"Positive"
"ASV_299","ASV_990",0.665147715805747,0.000153494525760411,0.00699625213424714,"Positive"
"ASV_321","ASV_990",0.720576692122892,2.24538803994534e-05,0.00156051363512379,"Positive"
"ASV_335","ASV_990",0.720576692122892,2.24538803994534e-05,0.00156051363512379,"Positive"
"ASV_342","ASV_990",0.665147715805747,0.000153494525760411,0.00699625213424714,"Positive"
"ASV_352","ASV_990",1,0,0,"Positive"
"ASV_359","ASV_990",0.720576692122892,2.24538803994534e-05,0.00156051363512379,"Positive"
"ASV_360","ASV_990",0.665147715805747,0.000153494525760411,0.00699625213424714,"Positive"
"ASV_366","ASV_990",1,0,0,"Positive"
"ASV_384","ASV_990",1,0,0,"Positive"
"ASV_419","ASV_990",0.665147715805747,0.000153494525760411,0.00699625213424714,"Positive"
"ASV_421","ASV_990",1,0,0,"Positive"
"ASV_423","ASV_990",0.665147715805747,0.000153494525760411,0.00699625213424714,"Positive"
"ASV_431","ASV_990",1,0,0,"Positive"
"ASV_437","ASV_990",0.720576692122892,2.24538803994534e-05,0.00156051363512379,"Positive"
"ASV_503","ASV_990",0.665147715805747,0.000153494525760411,0.00699625213424714,"Positive"
"ASV_538","ASV_990",1,0,0,"Positive"
"ASV_539","ASV_990",0.665147715805747,0.000153494525760411,0.00699625213424714,"Positive"
"ASV_546","ASV_990",1,0,0,"Positive"
"ASV_561","ASV_990",1,0,0,"Positive"
"ASV_568","ASV_990",0.665147715805747,0.000153494525760411,0.00699625213424714,"Positive"
"ASV_570","ASV_990",1,0,0,"Positive"
"ASV_600","ASV_990",0.665147715805747,0.000153494525760411,0.00699625213424714,"Positive"
"ASV_612","ASV_990",1,0,0,"Positive"
"ASV_631","ASV_990",0.665147715805747,0.000153494525760411,0.00699625213424714,"Positive"
"ASV_665","ASV_990",1,0,0,"Positive"
"ASV_669","ASV_990",0.665147715805747,0.000153494525760411,0.00699625213424714,"Positive"
"ASV_683","ASV_990",1,0,0,"Positive"
"ASV_693","ASV_990",1,0,0,"Positive"
"ASV_705","ASV_990",1,0,0,"Positive"
"ASV_727","ASV_990",1,0,0,"Positive"
"ASV_728","ASV_990",1,0,0,"Positive"
"ASV_734","ASV_990",0.720576692122892,2.24538803994534e-05,0.00156051363512379,"Positive"
"ASV_742","ASV_990",0.665147715805747,0.000153494525760411,0.00699625213424714,"Positive"
"ASV_772","ASV_990",0.720576692122892,2.24538803994534e-05,0.00156051363512379,"Positive"
"ASV_785","ASV_990",1,0,0,"Positive"
"ASV_804","ASV_990",0.665147715805747,0.000153494525760411,0.00699625213424714,"Positive"
"ASV_811","ASV_990",1,0,0,"Positive"
"ASV_850","ASV_990",0.665147715805747,0.000153494525760411,0.00699625213424714,"Positive"
"ASV_894","ASV_990",0.665147715805747,0.000153494525760411,0.00699625213424714,"Positive"
"ASV_907","ASV_990",1,0,0,"Positive"
"ASV_8","ASV_992",0.720576692122892,2.24538803994534e-05,0.00156051363512379,"Positive"
"ASV_31","ASV_992",0.720576692122892,2.24538803994534e-05,0.00156051363512379,"Positive"
"ASV_84","ASV_992",0.665147715805747,0.000153494525760411,0.00699625213424714,"Positive"
"ASV_104","ASV_992",1,0,0,"Positive"
"ASV_237","ASV_992",1,0,0,"Positive"
"ASV_293","ASV_992",0.720576692122892,2.24538803994534e-05,0.00156051363512379,"Positive"
"ASV_387","ASV_992",0.720576692122892,2.24538803994534e-05,0.00156051363512379,"Positive"
"ASV_419","ASV_992",0.720576692122892,2.24538803994534e-05,0.00156051363512379,"Positive"
"ASV_437","ASV_992",0.665147715805747,0.000153494525760411,0.00699625213424714,"Positive"
"ASV_460","ASV_992",1,0,0,"Positive"
"ASV_503","ASV_992",0.720576692122892,2.24538803994534e-05,0.00156051363512379,"Positive"
"ASV_552","ASV_992",0.665147715805747,0.000153494525760411,0.00699625213424714,"Positive"
"ASV_637","ASV_992",0.665147715805747,0.000153494525760411,0.00699625213424714,"Positive"
"ASV_691","ASV_992",0.720576692122892,2.24538803994534e-05,0.00156051363512379,"Positive"
"ASV_789","ASV_992",1,0,0,"Positive"
"ASV_894","ASV_992",0.720576692122892,2.24538803994534e-05,0.00156051363512379,"Positive"
"ASV_950","ASV_992",1,0,0,"Positive"
"ASV_150","ASV_1004",1,0,0,"Positive"
"ASV_157","ASV_1004",1,0,0,"Positive"
"ASV_161","ASV_1004",0.665147715805747,0.000153494525760411,0.00699625213424714,"Positive"
"ASV_211","ASV_1004",0.665147715805747,0.000153494525760411,0.00699625213424714,"Positive"
"ASV_247","ASV_1004",1,0,0,"Positive"
"ASV_271","ASV_1004",0.665147715805747,0.000153494525760411,0.00699625213424714,"Positive"
"ASV_316","ASV_1004",1,0,0,"Positive"
"ASV_474","ASV_1004",0.720576692122892,2.24538803994534e-05,0.00156051363512379,"Positive"
"ASV_521","ASV_1004",0.720576692122892,2.24538803994534e-05,0.00156051363512379,"Positive"
"ASV_771","ASV_1004",1,0,0,"Positive"
"ASV_793","ASV_1004",0.665147715805747,0.000153494525760411,0.00699625213424714,"Positive"
"ASV_803","ASV_1004",0.665147715805747,0.000153494525760411,0.00699625213424714,"Positive"
"ASV_828","ASV_1004",1,0,0,"Positive"
"ASV_878","ASV_1004",1,0,0,"Positive"
"ASV_908","ASV_1004",0.665147715805747,0.000153494525760411,0.00699625213424714,"Positive"
"ASV_932","ASV_1004",0.665147715805747,0.000153494525760411,0.00699625213424714,"Positive"
"ASV_982","ASV_1004",1,0,0,"Positive"
"ASV_989","ASV_1004",1,0,0,"Positive"
"ASV_37","ASV_1006",1,0,0,"Positive"
"ASV_49","ASV_1006",0.665147715805747,0.000153494525760411,0.00699625213424714,"Positive"
"ASV_195","ASV_1006",1,0,0,"Positive"
"ASV_317","ASV_1006",1,0,0,"Positive"
"ASV_567","ASV_1006",1,0,0,"Positive"
"ASV_814","ASV_1006",1,0,0,"Positive"
"ASV_8","ASV_1007",0.720576692122892,2.24538803994534e-05,0.00156051363512379,"Positive"
"ASV_31","ASV_1007",0.720576692122892,2.24538803994534e-05,0.00156051363512379,"Positive"
"ASV_84","ASV_1007",0.665147715805747,0.000153494525760411,0.00699625213424714,"Positive"
"ASV_104","ASV_1007",1,0,0,"Positive"
"ASV_237","ASV_1007",1,0,0,"Positive"
"ASV_293","ASV_1007",0.720576692122892,2.24538803994534e-05,0.00156051363512379,"Positive"
"ASV_387","ASV_1007",0.720576692122892,2.24538803994534e-05,0.00156051363512379,"Positive"
"ASV_419","ASV_1007",0.720576692122892,2.24538803994534e-05,0.00156051363512379,"Positive"
"ASV_437","ASV_1007",0.665147715805747,0.000153494525760411,0.00699625213424714,"Positive"
"ASV_460","ASV_1007",1,0,0,"Positive"
"ASV_503","ASV_1007",0.720576692122892,2.24538803994534e-05,0.00156051363512379,"Positive"
"ASV_552","ASV_1007",0.665147715805747,0.000153494525760411,0.00699625213424714,"Positive"
"ASV_637","ASV_1007",0.665147715805747,0.000153494525760411,0.00699625213424714,"Positive"
"ASV_691","ASV_1007",0.720576692122892,2.24538803994534e-05,0.00156051363512379,"Positive"
"ASV_789","ASV_1007",1,0,0,"Positive"
"ASV_894","ASV_1007",0.720576692122892,2.24538803994534e-05,0.00156051363512379,"Positive"
"ASV_950","ASV_1007",1,0,0,"Positive"
"ASV_992","ASV_1007",1,0,0,"Positive"
"ASV_44","ASV_1009",1,0,0,"Positive"
"ASV_252","ASV_1009",0.665147715805747,0.000153494525760411,0.00699625213424714,"Positive"
"ASV_299","ASV_1009",0.720576692122892,2.24538803994534e-05,0.00156051363512379,"Positive"
"ASV_359","ASV_1009",0.665147715805747,0.000153494525760411,0.00699625213424714,"Positive"
"ASV_411","ASV_1009",0.720576692122892,2.24538803994534e-05,0.00156051363512379,"Positive"
"ASV_663","ASV_1009",0.665147715805747,0.000153494525760411,0.00699625213424714,"Positive"
"ASV_671","ASV_1009",1,0,0,"Positive"
"ASV_767","ASV_1009",0.665147715805747,0.000153494525760411,0.00699625213424714,"Positive"
"ASV_220","ASV_1012",0.665147715805747,0.000153494525760411,0.00699625213424714,"Positive"
"ASV_272","ASV_1012",0.720576692122892,2.24538803994534e-05,0.00156051363512379,"Positive"
"ASV_351","ASV_1012",0.665147715805747,0.000153494525760411,0.00699625213424714,"Positive"
"ASV_469","ASV_1012",0.665147715805747,0.000153494525760411,0.00699625213424714,"Positive"
"ASV_512","ASV_1012",0.665147715805747,0.000153494525760411,0.00699625213424714,"Positive"
"ASV_598","ASV_1012",0.720576692122892,2.24538803994534e-05,0.00156051363512379,"Positive"
"ASV_701","ASV_1012",0.673932153356572,0.00011625979537655,0.00699625213424714,"Positive"
"ASV_747","ASV_1012",0.665147715805747,0.000153494525760411,0.00699625213424714,"Positive"
"ASV_812","ASV_1012",0.665147715805747,0.000153494525760411,0.00699625213424714,"Positive"
"ASV_831","ASV_1012",0.665147715805747,0.000153494525760411,0.00699625213424714,"Positive"
"ASV_859","ASV_1012",0.665147715805747,0.000153494525760411,0.00699625213424714,"Positive"
"ASV_874","ASV_1012",0.665147715805747,0.000153494525760411,0.00699625213424714,"Positive"
"ASV_879","ASV_1012",0.665147715805747,0.000153494525760411,0.00699625213424714,"Positive"
"ASV_912","ASV_1012",0.720576692122892,2.24538803994534e-05,0.00156051363512379,"Positive"
"ASV_921","ASV_1012",0.665147715805747,0.000153494525760411,0.00699625213424714,"Positive"
"ASV_983","ASV_1012",0.665147715805747,0.000153494525760411,0.00699625213424714,"Positive"
"ASV_478","ASV_1015",0.647057026620471,0.000264669653533556,0.011964938429516,"Positive"
"ASV_8","ASV_1019",0.665147715805747,0.000153494525760411,0.00699625213424714,"Positive"
"ASV_65","ASV_1019",0.720576692122892,2.24538803994534e-05,0.00156051363512379,"Positive"
"ASV_75","ASV_1019",1,0,0,"Positive"
"ASV_110","ASV_1019",0.720576692122892,2.24538803994534e-05,0.00156051363512379,"Positive"
"ASV_127","ASV_1019",1,0,0,"Positive"
"ASV_137","ASV_1019",0.720576692122892,2.24538803994534e-05,0.00156051363512379,"Positive"
"ASV_159","ASV_1019",0.720576692122892,2.24538803994534e-05,0.00156051363512379,"Positive"
"ASV_222","ASV_1019",1,0,0,"Positive"
"ASV_252","ASV_1019",0.720576692122892,2.24538803994534e-05,0.00156051363512379,"Positive"
"ASV_257","ASV_1019",1,0,0,"Positive"
"ASV_274","ASV_1019",1,0,0,"Positive"
"ASV_283","ASV_1019",1,0,0,"Positive"
"ASV_287","ASV_1019",0.665147715805747,0.000153494525760411,0.00699625213424714,"Positive"
"ASV_299","ASV_1019",0.665147715805747,0.000153494525760411,0.00699625213424714,"Positive"
"ASV_321","ASV_1019",0.720576692122892,2.24538803994534e-05,0.00156051363512379,"Positive"
"ASV_335","ASV_1019",0.720576692122892,2.24538803994534e-05,0.00156051363512379,"Positive"
"ASV_342","ASV_1019",0.665147715805747,0.000153494525760411,0.00699625213424714,"Positive"
"ASV_352","ASV_1019",1,0,0,"Positive"
"ASV_359","ASV_1019",0.720576692122892,2.24538803994534e-05,0.00156051363512379,"Positive"
"ASV_360","ASV_1019",0.665147715805747,0.000153494525760411,0.00699625213424714,"Positive"
"ASV_366","ASV_1019",1,0,0,"Positive"
"ASV_384","ASV_1019",1,0,0,"Positive"
"ASV_419","ASV_1019",0.665147715805747,0.000153494525760411,0.00699625213424714,"Positive"
"ASV_421","ASV_1019",1,0,0,"Positive"
"ASV_423","ASV_1019",0.665147715805747,0.000153494525760411,0.00699625213424714,"Positive"
"ASV_431","ASV_1019",1,0,0,"Positive"
"ASV_437","ASV_1019",0.720576692122892,2.24538803994534e-05,0.00156051363512379,"Positive"
"ASV_503","ASV_1019",0.665147715805747,0.000153494525760411,0.00699625213424714,"Positive"
"ASV_538","ASV_1019",1,0,0,"Positive"
"ASV_539","ASV_1019",0.665147715805747,0.000153494525760411,0.00699625213424714,"Positive"
"ASV_546","ASV_1019",1,0,0,"Positive"
"ASV_561","ASV_1019",1,0,0,"Positive"
"ASV_568","ASV_1019",0.665147715805747,0.000153494525760411,0.00699625213424714,"Positive"
"ASV_570","ASV_1019",1,0,0,"Positive"
"ASV_600","ASV_1019",0.665147715805747,0.000153494525760411,0.00699625213424714,"Positive"
"ASV_612","ASV_1019",1,0,0,"Positive"
"ASV_631","ASV_1019",0.665147715805747,0.000153494525760411,0.00699625213424714,"Positive"
"ASV_665","ASV_1019",1,0,0,"Positive"
"ASV_669","ASV_1019",0.665147715805747,0.000153494525760411,0.00699625213424714,"Positive"
"ASV_683","ASV_1019",1,0,0,"Positive"
"ASV_693","ASV_1019",1,0,0,"Positive"
"ASV_705","ASV_1019",1,0,0,"Positive"
"ASV_727","ASV_1019",1,0,0,"Positive"
"ASV_728","ASV_1019",1,0,0,"Positive"
"ASV_734","ASV_1019",0.720576692122892,2.24538803994534e-05,0.00156051363512379,"Positive"
"ASV_742","ASV_1019",0.665147715805747,0.000153494525760411,0.00699625213424714,"Positive"
"ASV_772","ASV_1019",0.720576692122892,2.24538803994534e-05,0.00156051363512379,"Positive"
"ASV_785","ASV_1019",1,0,0,"Positive"
"ASV_804","ASV_1019",0.665147715805747,0.000153494525760411,0.00699625213424714,"Positive"
"ASV_811","ASV_1019",1,0,0,"Positive"
"ASV_850","ASV_1019",0.665147715805747,0.000153494525760411,0.00699625213424714,"Positive"
"ASV_894","ASV_1019",0.665147715805747,0.000153494525760411,0.00699625213424714,"Positive"
"ASV_907","ASV_1019",1,0,0,"Positive"
"ASV_990","ASV_1019",1,0,0,"Positive"
"ASV_40","ASV_1020",0.665147715805747,0.000153494525760411,0.00699625213424714,"Positive"
"ASV_226","ASV_1020",0.720576692122892,2.24538803994534e-05,0.00156051363512379,"Positive"
"ASV_298","ASV_1020",1,0,0,"Positive"
"ASV_409","ASV_1020",1,0,0,"Positive"
"ASV_627","ASV_1020",1,0,0,"Positive"
"ASV_898","ASV_1020",0.665147715805747,0.000153494525760411,0.00699625213424714,"Positive"
"ASV_969","ASV_1020",0.665147715805747,0.000153494525760411,0.00699625213424714,"Positive"
"ASV_258","ASV_1021",0.665147715805747,0.000153494525760411,0.00699625213424714,"Positive"
"ASV_336","ASV_1021",1,0,0,"Positive"
"ASV_442","ASV_1021",0.665147715805747,0.000153494525760411,0.00699625213424714,"Positive"
"ASV_591","ASV_1021",0.665147715805747,0.000153494525760411,0.00699625213424714,"Positive"
"ASV_605","ASV_1021",0.720576692122892,2.24538803994534e-05,0.00156051363512379,"Positive"
"ASV_778","ASV_1021",1,0,0,"Positive"
"ASV_816","ASV_1021",1,0,0,"Positive"
"ASV_850","ASV_1021",0.720576692122892,2.24538803994534e-05,0.00156051363512379,"Positive"
"ASV_860","ASV_1021",0.720576692122892,2.24538803994534e-05,0.00156051363512379,"Positive"
"ASV_906","ASV_1021",1,0,0,"Positive"
"ASV_455","ASV_1023",0.665147715805747,0.000153494525760411,0.00699625213424714,"Positive"
"ASV_464","ASV_1023",1,0,0,"Positive"
"ASV_582","ASV_1023",1,0,0,"Positive"
"ASV_662","ASV_1023",1,0,0,"Positive"
"ASV_691","ASV_1023",0.665147715805747,0.000153494525760411,0.00699625213424714,"Positive"
"ASV_833","ASV_1023",1,0,0,"Positive"
"ASV_867","ASV_1023",1,0,0,"Positive"
"ASV_969","ASV_1023",0.720576692122892,2.24538803994534e-05,0.00156051363512379,"Positive"
"ASV_137","ASV_1024",0.665147715805747,0.000153494525760411,0.00699625213424714,"Positive"
"ASV_211","ASV_1024",0.720576692122892,2.24538803994534e-05,0.00156051363512379,"Positive"
"ASV_272","ASV_1024",1,0,0,"Positive"
"ASV_383","ASV_1024",0.665147715805747,0.000153494525760411,0.00699625213424714,"Positive"
"ASV_422","ASV_1024",0.720576692122892,2.24538803994534e-05,0.00156051363512379,"Positive"
"ASV_455","ASV_1024",0.720576692122892,2.24538803994534e-05,0.00156051363512379,"Positive"
"ASV_598","ASV_1024",1,0,0,"Positive"
"ASV_600","ASV_1024",0.720576692122892,2.24538803994534e-05,0.00156051363512379,"Positive"
"ASV_608","ASV_1024",0.665147715805747,0.000153494525760411,0.00699625213424714,"Positive"
"ASV_631","ASV_1024",0.720576692122892,2.24538803994534e-05,0.00156051363512379,"Positive"
"ASV_695","ASV_1024",0.720576692122892,2.24538803994534e-05,0.00156051363512379,"Positive"
"ASV_912","ASV_1024",1,0,0,"Positive"
"ASV_988","ASV_1024",0.665147715805747,0.000153494525760411,0.00699625213424714,"Positive"
"ASV_1012","ASV_1024",0.720576692122892,2.24538803994534e-05,0.00156051363512379,"Positive"
"ASV_150","ASV_1025",1,0,0,"Positive"
"ASV_157","ASV_1025",1,0,0,"Positive"
"ASV_161","ASV_1025",0.665147715805747,0.000153494525760411,0.00699625213424714,"Positive"
"ASV_211","ASV_1025",0.665147715805747,0.000153494525760411,0.00699625213424714,"Positive"
"ASV_247","ASV_1025",1,0,0,"Positive"
"ASV_271","ASV_1025",0.665147715805747,0.000153494525760411,0.00699625213424714,"Positive"
"ASV_316","ASV_1025",1,0,0,"Positive"
"ASV_474","ASV_1025",0.720576692122892,2.24538803994534e-05,0.00156051363512379,"Positive"
"ASV_521","ASV_1025",0.720576692122892,2.24538803994534e-05,0.00156051363512379,"Positive"
"ASV_771","ASV_1025",1,0,0,"Positive"
"ASV_793","ASV_1025",0.665147715805747,0.000153494525760411,0.00699625213424714,"Positive"
"ASV_803","ASV_1025",0.665147715805747,0.000153494525760411,0.00699625213424714,"Positive"
"ASV_828","ASV_1025",1,0,0,"Positive"
"ASV_878","ASV_1025",1,0,0,"Positive"
"ASV_908","ASV_1025",0.665147715805747,0.000153494525760411,0.00699625213424714,"Positive"
"ASV_932","ASV_1025",0.665147715805747,0.000153494525760411,0.00699625213424714,"Positive"
"ASV_982","ASV_1025",1,0,0,"Positive"
"ASV_989","ASV_1025",1,0,0,"Positive"
"ASV_1004","ASV_1025",1,0,0,"Positive"
"ASV_131","ASV_1027",0.795306004198565,7.15677216822641e-07,9.2434728981734e-05,"Positive"
"ASV_167","ASV_1027",0.620389344262295,0.000555978856660477,0.0247496105758623,"Positive"
"ASV_407","ASV_1027",0.763296784215341,3.64471975866643e-06,0.000458945768754608,"Positive"
"ASV_497","ASV_1027",0.648053278688525,0.000257081160242034,0.0116466488061395,"Positive"
"ASV_44","ASV_1029",0.665147715805747,0.000153494525760411,0.00699625213424714,"Positive"
"ASV_64","ASV_1029",0.720576692122892,2.24538803994534e-05,0.00156051363512379,"Positive"
"ASV_261","ASV_1029",0.647844457097608,0.000258655734379776,0.0116988071280695,"Positive"
"ASV_290","ASV_1029",0.829777471872807,8.71652050538074e-08,1.15771811706161e-05,"Positive"
"ASV_349","ASV_1029",0.720576692122892,2.24538803994534e-05,0.00156051363512379,"Positive"
"ASV_404","ASV_1029",0.720576692122892,2.24538803994534e-05,0.00156051363512379,"Positive"
"ASV_414","ASV_1029",0.720576692122892,2.24538803994534e-05,0.00156051363512379,"Positive"
"ASV_545","ASV_1029",0.720576692122892,2.24538803994534e-05,0.00156051363512379,"Positive"
"ASV_621","ASV_1029",0.720576692122892,2.24538803994534e-05,0.00156051363512379,"Positive"
"ASV_653","ASV_1029",0.720576692122892,2.24538803994534e-05,0.00156051363512379,"Positive"
"ASV_671","ASV_1029",0.665147715805747,0.000153494525760411,0.00699625213424714,"Positive"
"ASV_763","ASV_1029",0.720576692122892,2.24538803994534e-05,0.00156051363512379,"Positive"
"ASV_794","ASV_1029",0.832239719563824,7.36862437733521e-08,9.94947876598897e-06,"Positive"
"ASV_797","ASV_1029",0.720576692122892,2.24538803994534e-05,0.00156051363512379,"Positive"
"ASV_819","ASV_1029",0.720576692122892,2.24538803994534e-05,0.00156051363512379,"Positive"
"ASV_1009","ASV_1029",0.665147715805747,0.000153494525760411,0.00699625213424714,"Positive"
"ASV_212","ASV_1032",0.638977635782748,0.000333838831277689,0.0150108536863231,"Positive"
"ASV_48","ASV_1033",0.665147715805747,0.000153494525760411,0.00699625213424714,"Positive"
"ASV_131","ASV_1033",0.665147715805747,0.000153494525760411,0.00699625213424714,"Positive"
"ASV_220","ASV_1033",1,0,0,"Positive"
"ASV_293","ASV_1033",0.665147715805747,0.000153494525760411,0.00699625213424714,"Positive"
"ASV_351","ASV_1033",1,0,0,"Positive"
"ASV_469","ASV_1033",1,0,0,"Positive"
"ASV_512","ASV_1033",1,0,0,"Positive"
"ASV_650","ASV_1033",0.720576692122892,2.24538803994534e-05,0.00156051363512379,"Positive"
"ASV_710","ASV_1033",0.665147715805747,0.000153494525760411,0.00699625213424714,"Positive"
"ASV_747","ASV_1033",1,0,0,"Positive"
"ASV_812","ASV_1033",1,0,0,"Positive"
"ASV_831","ASV_1033",1,0,0,"Positive"
"ASV_859","ASV_1033",1,0,0,"Positive"
"ASV_874","ASV_1033",1,0,0,"Positive"
"ASV_879","ASV_1033",1,0,0,"Positive"
"ASV_921","ASV_1033",1,0,0,"Positive"
"ASV_983","ASV_1033",1,0,0,"Positive"
"ASV_1012","ASV_1033",0.665147715805747,0.000153494525760411,0.00699625213424714,"Positive"
"ASV_180","ASV_1034",0.614681428039249,0.00064612054658042,0.0284416522682978,"Positive"
"ASV_278","ASV_1034",0.665147715805747,0.000153494525760411,0.00699625213424714,"Positive"
"ASV_551","ASV_1034",0.665147715805747,0.000153494525760411,0.00699625213424714,"Positive"
"ASV_563","ASV_1034",0.720576692122892,2.24538803994534e-05,0.00156051363512379,"Positive"
"ASV_628","ASV_1034",0.665147715805747,0.000153494525760411,0.00699625213424714,"Positive"
"ASV_709","ASV_1034",0.665147715805747,0.000153494525760411,0.00699625213424714,"Positive"
"ASV_713","ASV_1034",0.665147715805747,0.000153494525760411,0.00699625213424714,"Positive"
"ASV_765","ASV_1034",0.665147715805747,0.000153494525760411,0.00699625213424714,"Positive"
"ASV_909","ASV_1034",0.665147715805747,0.000153494525760411,0.00699625213424714,"Positive"
"ASV_953","ASV_1034",0.665147715805747,0.000153494525760411,0.00699625213424714,"Positive"
"ASV_455","ASV_1035",0.665147715805747,0.000153494525760411,0.00699625213424714,"Positive"
"ASV_464","ASV_1035",1,0,0,"Positive"
"ASV_582","ASV_1035",1,0,0,"Positive"
"ASV_662","ASV_1035",1,0,0,"Positive"
"ASV_691","ASV_1035",0.665147715805747,0.000153494525760411,0.00699625213424714,"Positive"
"ASV_833","ASV_1035",1,0,0,"Positive"
"ASV_867","ASV_1035",1,0,0,"Positive"
"ASV_969","ASV_1035",0.720576692122892,2.24538803994534e-05,0.00156051363512379,"Positive"
"ASV_1023","ASV_1035",1,0,0,"Positive"
"ASV_150","ASV_1043",1,0,0,"Positive"
"ASV_157","ASV_1043",1,0,0,"Positive"
"ASV_161","ASV_1043",0.665147715805747,0.000153494525760411,0.00699625213424714,"Positive"
"ASV_211","ASV_1043",0.665147715805747,0.000153494525760411,0.00699625213424714,"Positive"
"ASV_247","ASV_1043",1,0,0,"Positive"
"ASV_271","ASV_1043",0.665147715805747,0.000153494525760411,0.00699625213424714,"Positive"
"ASV_316","ASV_1043",1,0,0,"Positive"
"ASV_474","ASV_1043",0.720576692122892,2.24538803994534e-05,0.00156051363512379,"Positive"
"ASV_521","ASV_1043",0.720576692122892,2.24538803994534e-05,0.00156051363512379,"Positive"
"ASV_771","ASV_1043",1,0,0,"Positive"
"ASV_793","ASV_1043",0.665147715805747,0.000153494525760411,0.00699625213424714,"Positive"
"ASV_803","ASV_1043",0.665147715805747,0.000153494525760411,0.00699625213424714,"Positive"
"ASV_828","ASV_1043",1,0,0,"Positive"
"ASV_878","ASV_1043",1,0,0,"Positive"
"ASV_908","ASV_1043",0.665147715805747,0.000153494525760411,0.00699625213424714,"Positive"
"ASV_932","ASV_1043",0.665147715805747,0.000153494525760411,0.00699625213424714,"Positive"
"ASV_982","ASV_1043",1,0,0,"Positive"
"ASV_989","ASV_1043",1,0,0,"Positive"
"ASV_1004","ASV_1043",1,0,0,"Positive"
"ASV_1025","ASV_1043",1,0,0,"Positive"
"ASV_387","ASV_1044",0.665147715805747,0.000153494525760411,0.00699625213424714,"Positive"
"ASV_552","ASV_1044",0.720576692122892,2.24538803994534e-05,0.00156051363512379,"Positive"
"ASV_605","ASV_1044",0.665147715805747,0.000153494525760411,0.00699625213424714,"Positive"
"ASV_645","ASV_1044",0.665147715805747,0.000153494525760411,0.00699625213424714,"Positive"
"ASV_804","ASV_1044",0.720576692122892,2.24538803994534e-05,0.00156051363512379,"Positive"
"ASV_48","ASV_1045",0.665147715805747,0.000153494525760411,0.00699625213424714,"Positive"
"ASV_131","ASV_1045",0.665147715805747,0.000153494525760411,0.00699625213424714,"Positive"
"ASV_220","ASV_1045",1,0,0,"Positive"
"ASV_293","ASV_1045",0.665147715805747,0.000153494525760411,0.00699625213424714,"Positive"
"ASV_351","ASV_1045",1,0,0,"Positive"
"ASV_469","ASV_1045",1,0,0,"Positive"
"ASV_512","ASV_1045",1,0,0,"Positive"
"ASV_650","ASV_1045",0.720576692122892,2.24538803994534e-05,0.00156051363512379,"Positive"
"ASV_710","ASV_1045",0.665147715805747,0.000153494525760411,0.00699625213424714,"Positive"
"ASV_747","ASV_1045",1,0,0,"Positive"
"ASV_812","ASV_1045",1,0,0,"Positive"
"ASV_831","ASV_1045",1,0,0,"Positive"
"ASV_859","ASV_1045",1,0,0,"Positive"
"ASV_874","ASV_1045",1,0,0,"Positive"
"ASV_879","ASV_1045",1,0,0,"Positive"
"ASV_921","ASV_1045",1,0,0,"Positive"
"ASV_983","ASV_1045",1,0,0,"Positive"
"ASV_1012","ASV_1045",0.665147715805747,0.000153494525760411,0.00699625213424714,"Positive"
"ASV_1033","ASV_1045",1,0,0,"Positive"
"ASV_65","ASV_1049",0.665147715805747,0.000153494525760411,0.00699625213424714,"Positive"
"ASV_81","ASV_1049",0.720576692122892,2.24538803994534e-05,0.00156051363512379,"Positive"
"ASV_100","ASV_1049",1,0,0,"Positive"
"ASV_122","ASV_1049",1,0,0,"Positive"
"ASV_240","ASV_1049",0.665147715805747,0.000153494525760411,0.00699625213424714,"Positive"
"ASV_337","ASV_1049",1,0,0,"Positive"
"ASV_360","ASV_1049",0.720576692122892,2.24538803994534e-05,0.00156051363512379,"Positive"
"ASV_371","ASV_1049",0.720576692122892,2.24538803994534e-05,0.00156051363512379,"Positive"
"ASV_494","ASV_1049",1,0,0,"Positive"
"ASV_535","ASV_1049",1,0,0,"Positive"
"ASV_596","ASV_1049",1,0,0,"Positive"
"ASV_611","ASV_1049",1,0,0,"Positive"
"ASV_623","ASV_1049",0.665147715805747,0.000153494525760411,0.00699625213424714,"Positive"
"ASV_652","ASV_1049",1,0,0,"Positive"
"ASV_754","ASV_1049",0.720576692122892,2.24538803994534e-05,0.00156051363512379,"Positive"
"ASV_793","ASV_1049",0.720576692122892,2.24538803994534e-05,0.00156051363512379,"Positive"
"ASV_903","ASV_1049",1,0,0,"Positive"
"ASV_916","ASV_1049",1,0,0,"Positive"
"ASV_40","ASV_1050",0.665147715805747,0.000153494525760411,0.00699625213424714,"Positive"
"ASV_226","ASV_1050",0.720576692122892,2.24538803994534e-05,0.00156051363512379,"Positive"
"ASV_298","ASV_1050",1,0,0,"Positive"
"ASV_409","ASV_1050",1,0,0,"Positive"
"ASV_627","ASV_1050",1,0,0,"Positive"
"ASV_898","ASV_1050",0.665147715805747,0.000153494525760411,0.00699625213424714,"Positive"
"ASV_969","ASV_1050",0.665147715805747,0.000153494525760411,0.00699625213424714,"Positive"
"ASV_1020","ASV_1050",1,0,0,"Positive"
"ASV_29","ASV_1054",0.665147715805747,0.000153494525760411,0.00699625213424714,"Positive"
"ASV_81","ASV_1054",0.665147715805747,0.000153494525760411,0.00699625213424714,"Positive"
"ASV_278","ASV_1054",1,0,0,"Positive"
"ASV_287","ASV_1054",0.720576692122892,2.24538803994534e-05,0.00156051363512379,"Positive"
"ASV_474","ASV_1054",0.665147715805747,0.000153494525760411,0.00699625213424714,"Positive"
"ASV_551","ASV_1054",1,0,0,"Positive"
"ASV_608","ASV_1054",0.720576692122892,2.24538803994534e-05,0.00156051363512379,"Positive"
"ASV_628","ASV_1054",1,0,0,"Positive"
"ASV_660","ASV_1054",0.665147715805747,0.000153494525760411,0.00699625213424714,"Positive"
"ASV_709","ASV_1054",1,0,0,"Positive"
"ASV_713","ASV_1054",1,0,0,"Positive"
"ASV_765","ASV_1054",1,0,0,"Positive"
"ASV_856","ASV_1054",0.720576692122892,2.24538803994534e-05,0.00156051363512379,"Positive"
"ASV_863","ASV_1054",0.720576692122892,2.24538803994534e-05,0.00156051363512379,"Positive"
"ASV_909","ASV_1054",1,0,0,"Positive"
"ASV_953","ASV_1054",1,0,0,"Positive"
"ASV_1034","ASV_1054",0.665147715805747,0.000153494525760411,0.00699625213424714,"Positive"
"ASV_48","ASV_1060",0.665147715805747,0.000153494525760411,0.00699625213424714,"Positive"
"ASV_131","ASV_1060",0.665147715805747,0.000153494525760411,0.00699625213424714,"Positive"
"ASV_220","ASV_1060",1,0,0,"Positive"
"ASV_293","ASV_1060",0.665147715805747,0.000153494525760411,0.00699625213424714,"Positive"
"ASV_351","ASV_1060",1,0,0,"Positive"
"ASV_469","ASV_1060",1,0,0,"Positive"
"ASV_512","ASV_1060",1,0,0,"Positive"
"ASV_650","ASV_1060",0.720576692122892,2.24538803994534e-05,0.00156051363512379,"Positive"
"ASV_710","ASV_1060",0.665147715805747,0.000153494525760411,0.00699625213424714,"Positive"
"ASV_747","ASV_1060",1,0,0,"Positive"
"ASV_812","ASV_1060",1,0,0,"Positive"
"ASV_831","ASV_1060",1,0,0,"Positive"
"ASV_859","ASV_1060",1,0,0,"Positive"
"ASV_874","ASV_1060",1,0,0,"Positive"
"ASV_879","ASV_1060",1,0,0,"Positive"
"ASV_921","ASV_1060",1,0,0,"Positive"
"ASV_983","ASV_1060",1,0,0,"Positive"
"ASV_1012","ASV_1060",0.665147715805747,0.000153494525760411,0.00699625213424714,"Positive"
"ASV_1033","ASV_1060",1,0,0,"Positive"
"ASV_1045","ASV_1060",1,0,0,"Positive"
"ASV_137","ASV_1061",0.665147715805747,0.000153494525760411,0.00699625213424714,"Positive"
"ASV_211","ASV_1061",0.720576692122892,2.24538803994534e-05,0.00156051363512379,"Positive"
"ASV_272","ASV_1061",1,0,0,"Positive"
"ASV_383","ASV_1061",0.665147715805747,0.000153494525760411,0.00699625213424714,"Positive"
"ASV_422","ASV_1061",0.720576692122892,2.24538803994534e-05,0.00156051363512379,"Positive"
"ASV_455","ASV_1061",0.720576692122892,2.24538803994534e-05,0.00156051363512379,"Positive"
"ASV_598","ASV_1061",1,0,0,"Positive"
"ASV_600","ASV_1061",0.720576692122892,2.24538803994534e-05,0.00156051363512379,"Positive"
"ASV_608","ASV_1061",0.665147715805747,0.000153494525760411,0.00699625213424714,"Positive"
"ASV_631","ASV_1061",0.720576692122892,2.24538803994534e-05,0.00156051363512379,"Positive"
"ASV_695","ASV_1061",0.720576692122892,2.24538803994534e-05,0.00156051363512379,"Positive"
"ASV_912","ASV_1061",1,0,0,"Positive"
"ASV_988","ASV_1061",0.665147715805747,0.000153494525760411,0.00699625213424714,"Positive"
"ASV_1012","ASV_1061",0.720576692122892,2.24538803994534e-05,0.00156051363512379,"Positive"
"ASV_1024","ASV_1061",1,0,0,"Positive"
"ASV_75","ASV_1062",0.720576692122892,2.24538803994534e-05,0.00156051363512379,"Positive"
"ASV_105","ASV_1062",0.706541773680277,3.8048701537452e-05,0.00262650072680959,"Positive"
"ASV_127","ASV_1062",0.720576692122892,2.24538803994534e-05,0.00156051363512379,"Positive"
"ASV_174","ASV_1062",0.702193824303783,4.45318073913903e-05,0.00305723135512934,"Positive"
"ASV_220","ASV_1062",0.665147715805747,0.000153494525760411,0.00699625213424714,"Positive"
"ASV_222","ASV_1062",0.720576692122892,2.24538803994534e-05,0.00156051363512379,"Positive"
"ASV_257","ASV_1062",0.720576692122892,2.24538803994534e-05,0.00156051363512379,"Positive"
"ASV_274","ASV_1062",0.720576692122892,2.24538803994534e-05,0.00156051363512379,"Positive"
"ASV_283","ASV_1062",0.720576692122892,2.24538803994534e-05,0.00156051363512379,"Positive"
"ASV_295","ASV_1062",0.670201040894407,0.00013096699263615,0.00699625213424714,"Positive"
"ASV_351","ASV_1062",0.665147715805747,0.000153494525760411,0.00699625213424714,"Positive"
"ASV_352","ASV_1062",0.720576692122892,2.24538803994534e-05,0.00156051363512379,"Positive"
"ASV_366","ASV_1062",0.720576692122892,2.24538803994534e-05,0.00156051363512379,"Positive"
"ASV_384","ASV_1062",0.720576692122892,2.24538803994534e-05,0.00156051363512379,"Positive"
"ASV_421","ASV_1062",0.720576692122892,2.24538803994534e-05,0.00156051363512379,"Positive"
"ASV_431","ASV_1062",0.720576692122892,2.24538803994534e-05,0.00156051363512379,"Positive"
"ASV_469","ASV_1062",0.665147715805747,0.000153494525760411,0.00699625213424714,"Positive"
"ASV_512","ASV_1062",0.665147715805747,0.000153494525760411,0.00699625213424714,"Positive"
"ASV_538","ASV_1062",0.720576692122892,2.24538803994534e-05,0.00156051363512379,"Positive"
"ASV_546","ASV_1062",0.720576692122892,2.24538803994534e-05,0.00156051363512379,"Positive"
"ASV_561","ASV_1062",0.720576692122892,2.24538803994534e-05,0.00156051363512379,"Positive"
"ASV_570","ASV_1062",0.720576692122892,2.24538803994534e-05,0.00156051363512379,"Positive"
"ASV_612","ASV_1062",0.720576692122892,2.24538803994534e-05,0.00156051363512379,"Positive"
"ASV_665","ASV_1062",0.720576692122892,2.24538803994534e-05,0.00156051363512379,"Positive"
"ASV_683","ASV_1062",0.720576692122892,2.24538803994534e-05,0.00156051363512379,"Positive"
"ASV_690","ASV_1062",0.829777471872807,8.71652050538074e-08,1.15771811706161e-05,"Positive"
"ASV_693","ASV_1062",0.720576692122892,2.24538803994534e-05,0.00156051363512379,"Positive"
"ASV_705","ASV_1062",0.720576692122892,2.24538803994534e-05,0.00156051363512379,"Positive"
"ASV_727","ASV_1062",0.720576692122892,2.24538803994534e-05,0.00156051363512379,"Positive"
"ASV_728","ASV_1062",0.720576692122892,2.24538803994534e-05,0.00156051363512379,"Positive"
"ASV_747","ASV_1062",0.665147715805747,0.000153494525760411,0.00699625213424714,"Positive"
"ASV_785","ASV_1062",0.720576692122892,2.24538803994534e-05,0.00156051363512379,"Positive"
"ASV_811","ASV_1062",0.720576692122892,2.24538803994534e-05,0.00156051363512379,"Positive"
"ASV_812","ASV_1062",0.665147715805747,0.000153494525760411,0.00699625213424714,"Positive"
"ASV_831","ASV_1062",0.665147715805747,0.000153494525760411,0.00699625213424714,"Positive"
"ASV_859","ASV_1062",0.665147715805747,0.000153494525760411,0.00699625213424714,"Positive"
"ASV_874","ASV_1062",0.665147715805747,0.000153494525760411,0.00699625213424714,"Positive"
"ASV_879","ASV_1062",0.665147715805747,0.000153494525760411,0.00699625213424714,"Positive"
"ASV_907","ASV_1062",0.720576692122892,2.24538803994534e-05,0.00156051363512379,"Positive"
"ASV_921","ASV_1062",0.665147715805747,0.000153494525760411,0.00699625213424714,"Positive"
"ASV_983","ASV_1062",0.665147715805747,0.000153494525760411,0.00699625213424714,"Positive"
"ASV_990","ASV_1062",0.720576692122892,2.24538803994534e-05,0.00156051363512379,"Positive"
"ASV_1019","ASV_1062",0.720576692122892,2.24538803994534e-05,0.00156051363512379,"Positive"
"ASV_1033","ASV_1062",0.665147715805747,0.000153494525760411,0.00699625213424714,"Positive"
"ASV_1045","ASV_1062",0.665147715805747,0.000153494525760411,0.00699625213424714,"Positive"
"ASV_1060","ASV_1062",0.665147715805747,0.000153494525760411,0.00699625213424714,"Positive"
"ASV_48","ASV_1069",0.720576692122892,2.24538803994534e-05,0.00156051363512379,"Positive"
"ASV_57","ASV_1069",0.720576692122892,2.24538803994534e-05,0.00156051363512379,"Positive"
"ASV_64","ASV_1069",1,0,0,"Positive"
"ASV_321","ASV_1069",0.665147715805747,0.000153494525760411,0.00699625213424714,"Positive"
"ASV_342","ASV_1069",0.720576692122892,2.24538803994534e-05,0.00156051363512379,"Positive"
"ASV_349","ASV_1069",1,0,0,"Positive"
"ASV_373","ASV_1069",0.720576692122892,2.24538803994534e-05,0.00156051363512379,"Positive"
"ASV_404","ASV_1069",1,0,0,"Positive"
"ASV_414","ASV_1069",1,0,0,"Positive"
"ASV_545","ASV_1069",1,0,0,"Positive"
"ASV_621","ASV_1069",1,0,0,"Positive"
"ASV_635","ASV_1069",0.665147715805747,0.000153494525760411,0.00699625213424714,"Positive"
"ASV_653","ASV_1069",1,0,0,"Positive"
"ASV_708","ASV_1069",0.665147715805747,0.000153494525760411,0.00699625213424714,"Positive"
"ASV_754","ASV_1069",0.665147715805747,0.000153494525760411,0.00699625213424714,"Positive"
"ASV_763","ASV_1069",1,0,0,"Positive"
"ASV_797","ASV_1069",1,0,0,"Positive"
"ASV_803","ASV_1069",0.720576692122892,2.24538803994534e-05,0.00156051363512379,"Positive"
"ASV_819","ASV_1069",1,0,0,"Positive"
"ASV_946","ASV_1069",0.665147715805747,0.000153494525760411,0.00699625213424714,"Positive"
"ASV_1029","ASV_1069",0.720576692122892,2.24538803994534e-05,0.00156051363512379,"Positive"
"ASV_150","ASV_1070",1,0,0,"Positive"
"ASV_157","ASV_1070",1,0,0,"Positive"
"ASV_161","ASV_1070",0.665147715805747,0.000153494525760411,0.00699625213424714,"Positive"
"ASV_211","ASV_1070",0.665147715805747,0.000153494525760411,0.00699625213424714,"Positive"
"ASV_247","ASV_1070",1,0,0,"Positive"
"ASV_271","ASV_1070",0.665147715805747,0.000153494525760411,0.00699625213424714,"Positive"
"ASV_316","ASV_1070",1,0,0,"Positive"
"ASV_474","ASV_1070",0.720576692122892,2.24538803994534e-05,0.00156051363512379,"Positive"
"ASV_521","ASV_1070",0.720576692122892,2.24538803994534e-05,0.00156051363512379,"Positive"
"ASV_771","ASV_1070",1,0,0,"Positive"
"ASV_793","ASV_1070",0.665147715805747,0.000153494525760411,0.00699625213424714,"Positive"
"ASV_803","ASV_1070",0.665147715805747,0.000153494525760411,0.00699625213424714,"Positive"
"ASV_828","ASV_1070",1,0,0,"Positive"
"ASV_878","ASV_1070",1,0,0,"Positive"
"ASV_908","ASV_1070",0.665147715805747,0.000153494525760411,0.00699625213424714,"Positive"
"ASV_932","ASV_1070",0.665147715805747,0.000153494525760411,0.00699625213424714,"Positive"
"ASV_982","ASV_1070",1,0,0,"Positive"
"ASV_989","ASV_1070",1,0,0,"Positive"
"ASV_1004","ASV_1070",1,0,0,"Positive"
"ASV_1025","ASV_1070",1,0,0,"Positive"
"ASV_1043","ASV_1070",1,0,0,"Positive"
"ASV_258","ASV_1071",0.665147715805747,0.000153494525760411,0.00699625213424714,"Positive"
"ASV_336","ASV_1071",1,0,0,"Positive"
"ASV_442","ASV_1071",0.665147715805747,0.000153494525760411,0.00699625213424714,"Positive"
"ASV_591","ASV_1071",0.665147715805747,0.000153494525760411,0.00699625213424714,"Positive"
"ASV_605","ASV_1071",0.720576692122892,2.24538803994534e-05,0.00156051363512379,"Positive"
"ASV_778","ASV_1071",1,0,0,"Positive"
"ASV_816","ASV_1071",1,0,0,"Positive"
"ASV_850","ASV_1071",0.720576692122892,2.24538803994534e-05,0.00156051363512379,"Positive"
"ASV_860","ASV_1071",0.720576692122892,2.24538803994534e-05,0.00156051363512379,"Positive"
"ASV_906","ASV_1071",1,0,0,"Positive"
"ASV_1021","ASV_1071",1,0,0,"Positive"
"ASV_42","ASV_1073",0.665147715805747,0.000153494525760411,0.00699625213424714,"Positive"
"ASV_226","ASV_1073",0.665147715805747,0.000153494525760411,0.00699625213424714,"Positive"
"ASV_239","ASV_1073",1,0,0,"Positive"
"ASV_285","ASV_1073",0.720576692122892,2.24538803994534e-05,0.00156051363512379,"Positive"
"ASV_311","ASV_1073",1,0,0,"Positive"
"ASV_423","ASV_1073",0.720576692122892,2.24538803994534e-05,0.00156051363512379,"Positive"
"ASV_601","ASV_1073",0.720576692122892,2.24538803994534e-05,0.00156051363512379,"Positive"
"ASV_619","ASV_1073",1,0,0,"Positive"
"ASV_642","ASV_1073",0.665147715805747,0.000153494525760411,0.00699625213424714,"Positive"
"ASV_647","ASV_1073",1,0,0,"Positive"
"ASV_669","ASV_1073",0.720576692122892,2.24538803994534e-05,0.00156051363512379,"Positive"
"ASV_684","ASV_1073",1,0,0,"Positive"
"ASV_786","ASV_1073",1,0,0,"Positive"
"ASV_790","ASV_1073",1,0,0,"Positive"
"ASV_871","ASV_1073",1,0,0,"Positive"
"ASV_929","ASV_1073",0.665147715805747,0.000153494525760411,0.00699625213424714,"Positive"
"ASV_48","ASV_1074",0.665147715805747,0.000153494525760411,0.00699625213424714,"Positive"
"ASV_131","ASV_1074",0.665147715805747,0.000153494525760411,0.00699625213424714,"Positive"
"ASV_220","ASV_1074",1,0,0,"Positive"
"ASV_293","ASV_1074",0.665147715805747,0.000153494525760411,0.00699625213424714,"Positive"
"ASV_351","ASV_1074",1,0,0,"Positive"
"ASV_469","ASV_1074",1,0,0,"Positive"
"ASV_512","ASV_1074",1,0,0,"Positive"
"ASV_650","ASV_1074",0.720576692122892,2.24538803994534e-05,0.00156051363512379,"Positive"
"ASV_710","ASV_1074",0.665147715805747,0.000153494525760411,0.00699625213424714,"Positive"
"ASV_747","ASV_1074",1,0,0,"Positive"
"ASV_812","ASV_1074",1,0,0,"Positive"
"ASV_831","ASV_1074",1,0,0,"Positive"
"ASV_859","ASV_1074",1,0,0,"Positive"
"ASV_874","ASV_1074",1,0,0,"Positive"
"ASV_879","ASV_1074",1,0,0,"Positive"
"ASV_921","ASV_1074",1,0,0,"Positive"
"ASV_983","ASV_1074",1,0,0,"Positive"
"ASV_1012","ASV_1074",0.665147715805747,0.000153494525760411,0.00699625213424714,"Positive"
"ASV_1033","ASV_1074",1,0,0,"Positive"
"ASV_1045","ASV_1074",1,0,0,"Positive"
"ASV_1060","ASV_1074",1,0,0,"Positive"
"ASV_1062","ASV_1074",0.665147715805747,0.000153494525760411,0.00699625213424714,"Positive"
"ASV_48","ASV_1077",0.665147715805747,0.000153494525760411,0.00699625213424714,"Positive"
"ASV_131","ASV_1077",0.665147715805747,0.000153494525760411,0.00699625213424714,"Positive"
"ASV_220","ASV_1077",1,0,0,"Positive"
"ASV_293","ASV_1077",0.665147715805747,0.000153494525760411,0.00699625213424714,"Positive"
"ASV_351","ASV_1077",1,0,0,"Positive"
"ASV_469","ASV_1077",1,0,0,"Positive"
"ASV_512","ASV_1077",1,0,0,"Positive"
"ASV_650","ASV_1077",0.720576692122892,2.24538803994534e-05,0.00156051363512379,"Positive"
"ASV_710","ASV_1077",0.665147715805747,0.000153494525760411,0.00699625213424714,"Positive"
"ASV_747","ASV_1077",1,0,0,"Positive"
"ASV_812","ASV_1077",1,0,0,"Positive"
"ASV_831","ASV_1077",1,0,0,"Positive"
"ASV_859","ASV_1077",1,0,0,"Positive"
"ASV_874","ASV_1077",1,0,0,"Positive"
"ASV_879","ASV_1077",1,0,0,"Positive"
"ASV_921","ASV_1077",1,0,0,"Positive"
"ASV_983","ASV_1077",1,0,0,"Positive"
"ASV_1012","ASV_1077",0.665147715805747,0.000153494525760411,0.00699625213424714,"Positive"
"ASV_1033","ASV_1077",1,0,0,"Positive"
"ASV_1045","ASV_1077",1,0,0,"Positive"
"ASV_1060","ASV_1077",1,0,0,"Positive"
"ASV_1062","ASV_1077",0.665147715805747,0.000153494525760411,0.00699625213424714,"Positive"
"ASV_1074","ASV_1077",1,0,0,"Positive"
"ASV_48","ASV_1080",0.665147715805747,0.000153494525760411,0.00699625213424714,"Positive"
"ASV_131","ASV_1080",0.665147715805747,0.000153494525760411,0.00699625213424714,"Positive"
"ASV_220","ASV_1080",1,0,0,"Positive"
"ASV_293","ASV_1080",0.665147715805747,0.000153494525760411,0.00699625213424714,"Positive"
"ASV_351","ASV_1080",1,0,0,"Positive"
"ASV_469","ASV_1080",1,0,0,"Positive"
"ASV_512","ASV_1080",1,0,0,"Positive"
"ASV_650","ASV_1080",0.720576692122892,2.24538803994534e-05,0.00156051363512379,"Positive"
"ASV_710","ASV_1080",0.665147715805747,0.000153494525760411,0.00699625213424714,"Positive"
"ASV_747","ASV_1080",1,0,0,"Positive"
"ASV_812","ASV_1080",1,0,0,"Positive"
"ASV_831","ASV_1080",1,0,0,"Positive"
"ASV_859","ASV_1080",1,0,0,"Positive"
"ASV_874","ASV_1080",1,0,0,"Positive"
"ASV_879","ASV_1080",1,0,0,"Positive"
"ASV_921","ASV_1080",1,0,0,"Positive"
"ASV_983","ASV_1080",1,0,0,"Positive"
"ASV_1012","ASV_1080",0.665147715805747,0.000153494525760411,0.00699625213424714,"Positive"
"ASV_1033","ASV_1080",1,0,0,"Positive"
"ASV_1045","ASV_1080",1,0,0,"Positive"
"ASV_1060","ASV_1080",1,0,0,"Positive"
"ASV_1062","ASV_1080",0.665147715805747,0.000153494525760411,0.00699625213424714,"Positive"
"ASV_1074","ASV_1080",1,0,0,"Positive"
"ASV_1077","ASV_1080",1,0,0,"Positive"
"ASV_364","ASV_1082",0.720576692122892,2.24538803994534e-05,0.00156051363512379,"Positive"
"ASV_399","ASV_1082",0.665147715805747,0.000153494525760411,0.00699625213424714,"Positive"
"ASV_401","ASV_1082",0.720576692122892,2.24538803994534e-05,0.00156051363512379,"Positive"
"ASV_507","ASV_1082",0.720576692122892,2.24538803994534e-05,0.00156051363512379,"Positive"
"ASV_519","ASV_1082",0.665147715805747,0.000153494525760411,0.00699625213424714,"Positive"
"ASV_532","ASV_1082",0.612698584722994,0.000680285588452456,0.0298789473233601,"Positive"
"ASV_658","ASV_1082",0.665147715805747,0.000153494525760411,0.00699625213424714,"Positive"
"ASV_724","ASV_1082",0.720576692122892,2.24538803994534e-05,0.00156051363512379,"Positive"
"ASV_746","ASV_1082",0.665147715805747,0.000153494525760411,0.00699625213424714,"Positive"
"ASV_926","ASV_1082",0.720576692122892,2.24538803994534e-05,0.00156051363512379,"Positive"
"ASV_954","ASV_1082",0.720576692122892,2.24538803994534e-05,0.00156051363512379,"Positive"
"ASV_47","ASV_1084",0.717837419974925,2.49488074808291e-05,0.00173216543392897,"Positive"
"ASV_473","ASV_1084",0.605884927396481,0.000809974667526303,0.0354960770898367,"Positive"
"ASV_40","ASV_1085",0.665147715805747,0.000153494525760411,0.00699625213424714,"Positive"
"ASV_226","ASV_1085",0.720576692122892,2.24538803994534e-05,0.00156051363512379,"Positive"
"ASV_298","ASV_1085",1,0,0,"Positive"
"ASV_409","ASV_1085",1,0,0,"Positive"
"ASV_627","ASV_1085",1,0,0,"Positive"
"ASV_898","ASV_1085",0.665147715805747,0.000153494525760411,0.00699625213424714,"Positive"
"ASV_969","ASV_1085",0.665147715805747,0.000153494525760411,0.00699625213424714,"Positive"
"ASV_1020","ASV_1085",1,0,0,"Positive"
"ASV_1050","ASV_1085",1,0,0,"Positive"
"ASV_32","ASV_1086",0.665147715805747,0.000153494525760411,0.00699625213424714,"Positive"
"ASV_117","ASV_1086",1,0,0,"Positive"
"ASV_161","ASV_1086",0.720576692122892,2.24538803994534e-05,0.00156051363512379,"Positive"
"ASV_354","ASV_1086",1,0,0,"Positive"
"ASV_408","ASV_1086",1,0,0,"Positive"
"ASV_410","ASV_1086",1,0,0,"Positive"
"ASV_617","ASV_1086",1,0,0,"Positive"
"ASV_650","ASV_1086",0.665147715805747,0.000153494525760411,0.00699625213424714,"Positive"
"ASV_732","ASV_1086",1,0,0,"Positive"
"ASV_742","ASV_1086",0.720576692122892,2.24538803994534e-05,0.00156051363512379,"Positive"
"ASV_767","ASV_1086",0.720576692122892,2.24538803994534e-05,0.00156051363512379,"Positive"
"ASV_856","ASV_1086",0.665147715805747,0.000153494525760411,0.00699625213424714,"Positive"
"ASV_922","ASV_1086",0.665147715805747,0.000153494525760411,0.00699625213424714,"Positive"
"ASV_959","ASV_1086",1,0,0,"Positive"
"ASV_29","ASV_1088",0.720576692122892,2.24538803994534e-05,0.00156051363512379,"Positive"
"ASV_49","ASV_1088",0.720576692122892,2.24538803994534e-05,0.00156051363512379,"Positive"
"ASV_60","ASV_1088",1,0,0,"Positive"
"ASV_166","ASV_1088",1,0,0,"Positive"
"ASV_304","ASV_1088",0.665147715805747,0.000153494525760411,0.00699625213424714,"Positive"
"ASV_371","ASV_1088",0.665147715805747,0.000153494525760411,0.00699625213424714,"Positive"
"ASV_407","ASV_1088",0.665147715805747,0.000153494525760411,0.00699625213424714,"Positive"
"ASV_441","ASV_1088",0.720576692122892,2.24538803994534e-05,0.00156051363512379,"Positive"
"ASV_447","ASV_1088",1,0,0,"Positive"
"ASV_502","ASV_1088",1,0,0,"Positive"
"ASV_601","ASV_1088",0.665147715805747,0.000153494525760411,0.00699625213424714,"Positive"
"ASV_637","ASV_1088",0.720576692122892,2.24538803994534e-05,0.00156051363512379,"Positive"
"ASV_680","ASV_1088",1,0,0,"Positive"
"ASV_734","ASV_1088",0.665147715805747,0.000153494525760411,0.00699625213424714,"Positive"
"ASV_777","ASV_1088",1,0,0,"Positive"
"ASV_832","ASV_1088",1,0,0,"Positive"
"ASV_885","ASV_1088",1,0,0,"Positive"
"ASV_908","ASV_1088",0.720576692122892,2.24538803994534e-05,0.00156051363512379,"Positive"
"ASV_922","ASV_1088",0.720576692122892,2.24538803994534e-05,0.00156051363512379,"Positive"
"ASV_932","ASV_1088",0.720576692122892,2.24538803994534e-05,0.00156051363512379,"Positive"
"ASV_958","ASV_1088",0.720576692122892,2.24538803994534e-05,0.00156051363512379,"Positive"
"ASV_427","ASV_1090",0.706286013216708,3.84054247466459e-05,0.00264980174195555,"Positive"
"ASV_387","ASV_1091",0.665147715805747,0.000153494525760411,0.00699625213424714,"Positive"
"ASV_552","ASV_1091",0.720576692122892,2.24538803994534e-05,0.00156051363512379,"Positive"
"ASV_605","ASV_1091",0.665147715805747,0.000153494525760411,0.00699625213424714,"Positive"
"ASV_645","ASV_1091",0.665147715805747,0.000153494525760411,0.00699625213424714,"Positive"
"ASV_804","ASV_1091",0.720576692122892,2.24538803994534e-05,0.00156051363512379,"Positive"
"ASV_1044","ASV_1091",1,0,0,"Positive"
"ASV_8","ASV_1092",0.665147715805747,0.000153494525760411,0.00699625213424714,"Positive"
"ASV_65","ASV_1092",0.720576692122892,2.24538803994534e-05,0.00156051363512379,"Positive"
"ASV_75","ASV_1092",1,0,0,"Positive"
"ASV_110","ASV_1092",0.720576692122892,2.24538803994534e-05,0.00156051363512379,"Positive"
"ASV_127","ASV_1092",1,0,0,"Positive"
"ASV_137","ASV_1092",0.720576692122892,2.24538803994534e-05,0.00156051363512379,"Positive"
"ASV_159","ASV_1092",0.720576692122892,2.24538803994534e-05,0.00156051363512379,"Positive"
"ASV_222","ASV_1092",1,0,0,"Positive"
"ASV_252","ASV_1092",0.720576692122892,2.24538803994534e-05,0.00156051363512379,"Positive"
"ASV_257","ASV_1092",1,0,0,"Positive"
"ASV_274","ASV_1092",1,0,0,"Positive"
"ASV_283","ASV_1092",1,0,0,"Positive"
"ASV_287","ASV_1092",0.665147715805747,0.000153494525760411,0.00699625213424714,"Positive"
"ASV_299","ASV_1092",0.665147715805747,0.000153494525760411,0.00699625213424714,"Positive"
"ASV_321","ASV_1092",0.720576692122892,2.24538803994534e-05,0.00156051363512379,"Positive"
"ASV_335","ASV_1092",0.720576692122892,2.24538803994534e-05,0.00156051363512379,"Positive"
"ASV_342","ASV_1092",0.665147715805747,0.000153494525760411,0.00699625213424714,"Positive"
"ASV_352","ASV_1092",1,0,0,"Positive"
"ASV_359","ASV_1092",0.720576692122892,2.24538803994534e-05,0.00156051363512379,"Positive"
"ASV_360","ASV_1092",0.665147715805747,0.000153494525760411,0.00699625213424714,"Positive"
"ASV_366","ASV_1092",1,0,0,"Positive"
"ASV_384","ASV_1092",1,0,0,"Positive"
"ASV_419","ASV_1092",0.665147715805747,0.000153494525760411,0.00699625213424714,"Positive"
"ASV_421","ASV_1092",1,0,0,"Positive"
"ASV_423","ASV_1092",0.665147715805747,0.000153494525760411,0.00699625213424714,"Positive"
"ASV_431","ASV_1092",1,0,0,"Positive"
"ASV_437","ASV_1092",0.720576692122892,2.24538803994534e-05,0.00156051363512379,"Positive"
"ASV_503","ASV_1092",0.665147715805747,0.000153494525760411,0.00699625213424714,"Positive"
"ASV_538","ASV_1092",1,0,0,"Positive"
"ASV_539","ASV_1092",0.665147715805747,0.000153494525760411,0.00699625213424714,"Positive"
"ASV_546","ASV_1092",1,0,0,"Positive"
"ASV_561","ASV_1092",1,0,0,"Positive"
"ASV_568","ASV_1092",0.665147715805747,0.000153494525760411,0.00699625213424714,"Positive"
"ASV_570","ASV_1092",1,0,0,"Positive"
"ASV_600","ASV_1092",0.665147715805747,0.000153494525760411,0.00699625213424714,"Positive"
"ASV_612","ASV_1092",1,0,0,"Positive"
"ASV_631","ASV_1092",0.665147715805747,0.000153494525760411,0.00699625213424714,"Positive"
"ASV_665","ASV_1092",1,0,0,"Positive"
"ASV_669","ASV_1092",0.665147715805747,0.000153494525760411,0.00699625213424714,"Positive"
"ASV_683","ASV_1092",1,0,0,"Positive"
"ASV_693","ASV_1092",1,0,0,"Positive"
"ASV_705","ASV_1092",1,0,0,"Positive"
"ASV_727","ASV_1092",1,0,0,"Positive"
"ASV_728","ASV_1092",1,0,0,"Positive"
"ASV_734","ASV_1092",0.720576692122892,2.24538803994534e-05,0.00156051363512379,"Positive"
"ASV_742","ASV_1092",0.665147715805747,0.000153494525760411,0.00699625213424714,"Positive"
"ASV_772","ASV_1092",0.720576692122892,2.24538803994534e-05,0.00156051363512379,"Positive"
"ASV_785","ASV_1092",1,0,0,"Positive"
"ASV_804","ASV_1092",0.665147715805747,0.000153494525760411,0.00699625213424714,"Positive"
"ASV_811","ASV_1092",1,0,0,"Positive"
"ASV_850","ASV_1092",0.665147715805747,0.000153494525760411,0.00699625213424714,"Positive"
"ASV_894","ASV_1092",0.665147715805747,0.000153494525760411,0.00699625213424714,"Positive"
"ASV_907","ASV_1092",1,0,0,"Positive"
"ASV_990","ASV_1092",1,0,0,"Positive"
"ASV_1019","ASV_1092",1,0,0,"Positive"
"ASV_1062","ASV_1092",0.720576692122892,2.24538803994534e-05,0.00156051363512379,"Positive"
"ASV_44","ASV_1094",1,0,0,"Positive"
"ASV_252","ASV_1094",0.665147715805747,0.000153494525760411,0.00699625213424714,"Positive"
"ASV_299","ASV_1094",0.720576692122892,2.24538803994534e-05,0.00156051363512379,"Positive"
"ASV_359","ASV_1094",0.665147715805747,0.000153494525760411,0.00699625213424714,"Positive"
"ASV_411","ASV_1094",0.720576692122892,2.24538803994534e-05,0.00156051363512379,"Positive"
"ASV_663","ASV_1094",0.665147715805747,0.000153494525760411,0.00699625213424714,"Positive"
"ASV_671","ASV_1094",1,0,0,"Positive"
"ASV_767","ASV_1094",0.665147715805747,0.000153494525760411,0.00699625213424714,"Positive"
"ASV_1009","ASV_1094",1,0,0,"Positive"
"ASV_1029","ASV_1094",0.665147715805747,0.000153494525760411,0.00699625213424714,"Positive"
"ASV_180","ASV_1095",0.611211541505849,0.000706930288866037,0.0310294908879494,"Positive"
"ASV_44","ASV_1097",0.720576692122892,2.24538803994534e-05,0.00156051363512379,"Positive"
"ASV_328","ASV_1097",0.763296784215341,3.64471975866643e-06,0.000458945768754608,"Positive"
"ASV_671","ASV_1097",0.720576692122892,2.24538803994534e-05,0.00156051363512379,"Positive"
"ASV_917","ASV_1097",0.732629469939241,1.39156190015477e-05,0.00156051363512379,"Positive"
"ASV_1009","ASV_1097",0.720576692122892,2.24538803994534e-05,0.00156051363512379,"Positive"
"ASV_1044","ASV_1097",0.665147715805747,0.000153494525760411,0.00699625213424714,"Positive"
"ASV_1091","ASV_1097",0.665147715805747,0.000153494525760411,0.00699625213424714,"Positive"
"ASV_1094","ASV_1097",0.720576692122892,2.24538803994534e-05,0.00156051363512379,"Positive"
"ASV_12","ASV_1101",0.665147715805747,0.000153494525760411,0.00699625213424714,"Positive"
"ASV_31","ASV_1101",0.665147715805747,0.000153494525760411,0.00699625213424714,"Positive"
"ASV_271","ASV_1101",0.720576692122892,2.24538803994534e-05,0.00156051363512379,"Positive"
"ASV_331","ASV_1101",0.665147715805747,0.000153494525760411,0.00699625213424714,"Positive"
"ASV_399","ASV_1101",1,0,0,"Positive"
"ASV_519","ASV_1101",1,0,0,"Positive"
"ASV_658","ASV_1101",1,0,0,"Positive"
"ASV_708","ASV_1101",0.720576692122892,2.24538803994534e-05,0.00156051363512379,"Positive"
"ASV_746","ASV_1101",1,0,0,"Positive"
"ASV_1082","ASV_1101",0.665147715805747,0.000153494525760411,0.00699625213424714,"Positive"
"ASV_48","ASV_1102",0.665147715805747,0.000153494525760411,0.00699625213424714,"Positive"
"ASV_131","ASV_1102",0.665147715805747,0.000153494525760411,0.00699625213424714,"Positive"
"ASV_220","ASV_1102",1,0,0,"Positive"
"ASV_293","ASV_1102",0.665147715805747,0.000153494525760411,0.00699625213424714,"Positive"
"ASV_351","ASV_1102",1,0,0,"Positive"
"ASV_469","ASV_1102",1,0,0,"Positive"
"ASV_512","ASV_1102",1,0,0,"Positive"
"ASV_650","ASV_1102",0.720576692122892,2.24538803994534e-05,0.00156051363512379,"Positive"
"ASV_710","ASV_1102",0.665147715805747,0.000153494525760411,0.00699625213424714,"Positive"
"ASV_747","ASV_1102",1,0,0,"Positive"
"ASV_812","ASV_1102",1,0,0,"Positive"
"ASV_831","ASV_1102",1,0,0,"Positive"
"ASV_859","ASV_1102",1,0,0,"Positive"
"ASV_874","ASV_1102",1,0,0,"Positive"
"ASV_879","ASV_1102",1,0,0,"Positive"
"ASV_921","ASV_1102",1,0,0,"Positive"
"ASV_983","ASV_1102",1,0,0,"Positive"
"ASV_1012","ASV_1102",0.665147715805747,0.000153494525760411,0.00699625213424714,"Positive"
"ASV_1033","ASV_1102",1,0,0,"Positive"
"ASV_1045","ASV_1102",1,0,0,"Positive"
"ASV_1060","ASV_1102",1,0,0,"Positive"
"ASV_1062","ASV_1102",0.665147715805747,0.000153494525760411,0.00699625213424714,"Positive"
"ASV_1074","ASV_1102",1,0,0,"Positive"
"ASV_1077","ASV_1102",1,0,0,"Positive"
"ASV_1080","ASV_1102",1,0,0,"Positive"
"ASV_650","ASV_1105",0.795306004198565,7.15677216822641e-07,9.2434728981734e-05,"Positive"
"ASV_922","ASV_1105",0.829777471872807,8.71652050538074e-08,1.15771811706161e-05,"Positive"
"ASV_1027","ASV_1105",0.620389344262295,0.000555978856660477,0.0247496105758623,"Positive"
"ASV_48","ASV_1107",0.665147715805747,0.000153494525760411,0.00699625213424714,"Positive"
"ASV_131","ASV_1107",0.665147715805747,0.000153494525760411,0.00699625213424714,"Positive"
"ASV_220","ASV_1107",1,0,0,"Positive"
"ASV_293","ASV_1107",0.665147715805747,0.000153494525760411,0.00699625213424714,"Positive"
"ASV_351","ASV_1107",1,0,0,"Positive"
"ASV_469","ASV_1107",1,0,0,"Positive"
"ASV_512","ASV_1107",1,0,0,"Positive"
"ASV_650","ASV_1107",0.720576692122892,2.24538803994534e-05,0.00156051363512379,"Positive"
"ASV_710","ASV_1107",0.665147715805747,0.000153494525760411,0.00699625213424714,"Positive"
"ASV_747","ASV_1107",1,0,0,"Positive"
"ASV_812","ASV_1107",1,0,0,"Positive"
"ASV_831","ASV_1107",1,0,0,"Positive"
"ASV_859","ASV_1107",1,0,0,"Positive"
"ASV_874","ASV_1107",1,0,0,"Positive"
"ASV_879","ASV_1107",1,0,0,"Positive"
"ASV_921","ASV_1107",1,0,0,"Positive"
"ASV_983","ASV_1107",1,0,0,"Positive"
"ASV_1012","ASV_1107",0.665147715805747,0.000153494525760411,0.00699625213424714,"Positive"
"ASV_1033","ASV_1107",1,0,0,"Positive"
"ASV_1045","ASV_1107",1,0,0,"Positive"
"ASV_1060","ASV_1107",1,0,0,"Positive"
"ASV_1062","ASV_1107",0.665147715805747,0.000153494525760411,0.00699625213424714,"Positive"
"ASV_1074","ASV_1107",1,0,0,"Positive"
"ASV_1077","ASV_1107",1,0,0,"Positive"
"ASV_1080","ASV_1107",1,0,0,"Positive"
"ASV_1102","ASV_1107",1,0,0,"Positive"
"ASV_8","ASV_1108",0.720576692122892,2.24538803994534e-05,0.00156051363512379,"Positive"
"ASV_31","ASV_1108",0.720576692122892,2.24538803994534e-05,0.00156051363512379,"Positive"
"ASV_84","ASV_1108",0.665147715805747,0.000153494525760411,0.00699625213424714,"Positive"
"ASV_104","ASV_1108",1,0,0,"Positive"
"ASV_237","ASV_1108",1,0,0,"Positive"
"ASV_293","ASV_1108",0.720576692122892,2.24538803994534e-05,0.00156051363512379,"Positive"
"ASV_387","ASV_1108",0.720576692122892,2.24538803994534e-05,0.00156051363512379,"Positive"
"ASV_419","ASV_1108",0.720576692122892,2.24538803994534e-05,0.00156051363512379,"Positive"
"ASV_437","ASV_1108",0.665147715805747,0.000153494525760411,0.00699625213424714,"Positive"
"ASV_460","ASV_1108",1,0,0,"Positive"
"ASV_503","ASV_1108",0.720576692122892,2.24538803994534e-05,0.00156051363512379,"Positive"
"ASV_552","ASV_1108",0.665147715805747,0.000153494525760411,0.00699625213424714,"Positive"
"ASV_637","ASV_1108",0.665147715805747,0.000153494525760411,0.00699625213424714,"Positive"
"ASV_691","ASV_1108",0.720576692122892,2.24538803994534e-05,0.00156051363512379,"Positive"
"ASV_789","ASV_1108",1,0,0,"Positive"
"ASV_894","ASV_1108",0.720576692122892,2.24538803994534e-05,0.00156051363512379,"Positive"
"ASV_950","ASV_1108",1,0,0,"Positive"
"ASV_992","ASV_1108",1,0,0,"Positive"
"ASV_1007","ASV_1108",1,0,0,"Positive"
"ASV_262","ASV_1110",0.752491640249577,5.97168001492676e-06,0.000750590481767029,"Positive"
"ASV_304","ASV_1110",0.616664271355505,0.000613460673911659,0.0271249522358802,"Positive"
"ASV_371","ASV_1110",0.644424077783084,0.000285679961085528,0.0128831454599764,"Positive"
"ASV_429","ASV_1110",0.64690804392991,0.00026582120657892,0.012013067072202,"Positive"
"ASV_45","ASV_1112",0.622438524590164,0.000526408520027166,0.0235204024088957,"Positive"
"ASV_87","ASV_1115",0.618340163934426,0.000586988732612204,0.0260503111334429,"Positive"
"ASV_120","ASV_1115",0.620742657997566,0.00055077932847869,0.0245656290582856,"Positive"
"ASV_161","ASV_1115",0.765759031906359,3.24513858140918e-06,0.000415059381465605,"Positive"
"ASV_282","ASV_1115",0.620389344262295,0.000555978856660477,0.0247496105758623,"Positive"
"ASV_661","ASV_1115",0.618340163934426,0.000586988732612204,0.0260503111334429,"Positive"
"ASV_48","ASV_1118",0.665147715805747,0.000153494525760411,0.00699625213424714,"Positive"
"ASV_131","ASV_1118",0.665147715805747,0.000153494525760411,0.00699625213424714,"Positive"
"ASV_220","ASV_1118",1,0,0,"Positive"
"ASV_293","ASV_1118",0.665147715805747,0.000153494525760411,0.00699625213424714,"Positive"
"ASV_351","ASV_1118",1,0,0,"Positive"
"ASV_469","ASV_1118",1,0,0,"Positive"
"ASV_512","ASV_1118",1,0,0,"Positive"
"ASV_650","ASV_1118",0.720576692122892,2.24538803994534e-05,0.00156051363512379,"Positive"
"ASV_710","ASV_1118",0.665147715805747,0.000153494525760411,0.00699625213424714,"Positive"
"ASV_747","ASV_1118",1,0,0,"Positive"
"ASV_812","ASV_1118",1,0,0,"Positive"
"ASV_831","ASV_1118",1,0,0,"Positive"
"ASV_859","ASV_1118",1,0,0,"Positive"
"ASV_874","ASV_1118",1,0,0,"Positive"
"ASV_879","ASV_1118",1,0,0,"Positive"
"ASV_921","ASV_1118",1,0,0,"Positive"
"ASV_983","ASV_1118",1,0,0,"Positive"
"ASV_1012","ASV_1118",0.665147715805747,0.000153494525760411,0.00699625213424714,"Positive"
"ASV_1033","ASV_1118",1,0,0,"Positive"
"ASV_1045","ASV_1118",1,0,0,"Positive"
"ASV_1060","ASV_1118",1,0,0,"Positive"
"ASV_1062","ASV_1118",0.665147715805747,0.000153494525760411,0.00699625213424714,"Positive"
"ASV_1074","ASV_1118",1,0,0,"Positive"
"ASV_1077","ASV_1118",1,0,0,"Positive"
"ASV_1080","ASV_1118",1,0,0,"Positive"
"ASV_1102","ASV_1118",1,0,0,"Positive"
"ASV_1107","ASV_1118",1,0,0,"Positive"
"ASV_155","ASV_1121",0.635634965747685,0.000366797584818279,0.0164794189293617,"Positive"
"ASV_161","ASV_1121",0.765759031906359,3.24513858140918e-06,0.000415059381465605,"Positive"
"ASV_264","ASV_1121",0.626536885245902,0.000471361018652416,0.0211359993691521,"Positive"
"ASV_556","ASV_1121",0.711395669932854,3.18141414221706e-05,0.00220604652095391,"Positive"
"ASV_607","ASV_1121",0.881113557339258,1.31344934928279e-09,1.79629958606812e-07,"Positive"
"ASV_767","ASV_1121",0.829777471872807,8.71652050538074e-08,1.15771811706161e-05,"Positive"
"ASV_411","ASV_1122",0.829777471872807,8.71652050538074e-08,1.15771811706161e-05,"Positive"
"ASV_258","ASV_1125",0.665147715805747,0.000153494525760411,0.00699625213424714,"Positive"
"ASV_336","ASV_1125",1,0,0,"Positive"
"ASV_442","ASV_1125",0.665147715805747,0.000153494525760411,0.00699625213424714,"Positive"
"ASV_591","ASV_1125",0.665147715805747,0.000153494525760411,0.00699625213424714,"Positive"
"ASV_605","ASV_1125",0.720576692122892,2.24538803994534e-05,0.00156051363512379,"Positive"
"ASV_778","ASV_1125",1,0,0,"Positive"
"ASV_816","ASV_1125",1,0,0,"Positive"
"ASV_850","ASV_1125",0.720576692122892,2.24538803994534e-05,0.00156051363512379,"Positive"
"ASV_860","ASV_1125",0.720576692122892,2.24538803994534e-05,0.00156051363512379,"Positive"
"ASV_906","ASV_1125",1,0,0,"Positive"
"ASV_1021","ASV_1125",1,0,0,"Positive"
"ASV_1071","ASV_1125",1,0,0,"Positive"
"ASV_12","ASV_1127",0.665147715805747,0.000153494525760411,0.00699625213424714,"Positive"
"ASV_31","ASV_1127",0.665147715805747,0.000153494525760411,0.00699625213424714,"Positive"
"ASV_271","ASV_1127",0.720576692122892,2.24538803994534e-05,0.00156051363512379,"Positive"
"ASV_331","ASV_1127",0.665147715805747,0.000153494525760411,0.00699625213424714,"Positive"
"ASV_399","ASV_1127",1,0,0,"Positive"
"ASV_519","ASV_1127",1,0,0,"Positive"
"ASV_658","ASV_1127",1,0,0,"Positive"
"ASV_708","ASV_1127",0.720576692122892,2.24538803994534e-05,0.00156051363512379,"Positive"
"ASV_746","ASV_1127",1,0,0,"Positive"
"ASV_1082","ASV_1127",0.665147715805747,0.000153494525760411,0.00699625213424714,"Positive"
"ASV_1101","ASV_1127",1,0,0,"Positive"
"ASV_48","ASV_1128",0.665147715805747,0.000153494525760411,0.00699625213424714,"Positive"
"ASV_131","ASV_1128",0.665147715805747,0.000153494525760411,0.00699625213424714,"Positive"
"ASV_220","ASV_1128",1,0,0,"Positive"
"ASV_293","ASV_1128",0.665147715805747,0.000153494525760411,0.00699625213424714,"Positive"
"ASV_351","ASV_1128",1,0,0,"Positive"
"ASV_469","ASV_1128",1,0,0,"Positive"
"ASV_512","ASV_1128",1,0,0,"Positive"
"ASV_650","ASV_1128",0.720576692122892,2.24538803994534e-05,0.00156051363512379,"Positive"
"ASV_710","ASV_1128",0.665147715805747,0.000153494525760411,0.00699625213424714,"Positive"
"ASV_747","ASV_1128",1,0,0,"Positive"
"ASV_812","ASV_1128",1,0,0,"Positive"
"ASV_831","ASV_1128",1,0,0,"Positive"
"ASV_859","ASV_1128",1,0,0,"Positive"
"ASV_874","ASV_1128",1,0,0,"Positive"
"ASV_879","ASV_1128",1,0,0,"Positive"
"ASV_921","ASV_1128",1,0,0,"Positive"
"ASV_983","ASV_1128",1,0,0,"Positive"
"ASV_1012","ASV_1128",0.665147715805747,0.000153494525760411,0.00699625213424714,"Positive"
"ASV_1033","ASV_1128",1,0,0,"Positive"
"ASV_1045","ASV_1128",1,0,0,"Positive"
"ASV_1060","ASV_1128",1,0,0,"Positive"
"ASV_1062","ASV_1128",0.665147715805747,0.000153494525760411,0.00699625213424714,"Positive"
"ASV_1074","ASV_1128",1,0,0,"Positive"
"ASV_1077","ASV_1128",1,0,0,"Positive"
"ASV_1080","ASV_1128",1,0,0,"Positive"
"ASV_1102","ASV_1128",1,0,0,"Positive"
"ASV_1107","ASV_1128",1,0,0,"Positive"
"ASV_1118","ASV_1128",1,0,0,"Positive"
"ASV_44","ASV_1129",1,0,0,"Positive"
"ASV_252","ASV_1129",0.665147715805747,0.000153494525760411,0.00699625213424714,"Positive"
"ASV_299","ASV_1129",0.720576692122892,2.24538803994534e-05,0.00156051363512379,"Positive"
"ASV_359","ASV_1129",0.665147715805747,0.000153494525760411,0.00699625213424714,"Positive"
"ASV_411","ASV_1129",0.720576692122892,2.24538803994534e-05,0.00156051363512379,"Positive"
"ASV_663","ASV_1129",0.665147715805747,0.000153494525760411,0.00699625213424714,"Positive"
"ASV_671","ASV_1129",1,0,0,"Positive"
"ASV_767","ASV_1129",0.665147715805747,0.000153494525760411,0.00699625213424714,"Positive"
"ASV_1009","ASV_1129",1,0,0,"Positive"
"ASV_1029","ASV_1129",0.665147715805747,0.000153494525760411,0.00699625213424714,"Positive"
"ASV_1094","ASV_1129",1,0,0,"Positive"
"ASV_1097","ASV_1129",0.720576692122892,2.24538803994534e-05,0.00156051363512379,"Positive"
"ASV_37","ASV_1130",1,0,0,"Positive"
"ASV_49","ASV_1130",0.665147715805747,0.000153494525760411,0.00699625213424714,"Positive"
"ASV_195","ASV_1130",1,0,0,"Positive"
"ASV_317","ASV_1130",1,0,0,"Positive"
"ASV_567","ASV_1130",1,0,0,"Positive"
"ASV_814","ASV_1130",1,0,0,"Positive"
"ASV_1006","ASV_1130",1,0,0,"Positive"
"ASV_48","ASV_1131",0.720576692122892,2.24538803994534e-05,0.00156051363512379,"Positive"
"ASV_57","ASV_1131",0.720576692122892,2.24538803994534e-05,0.00156051363512379,"Positive"
"ASV_64","ASV_1131",1,0,0,"Positive"
"ASV_321","ASV_1131",0.665147715805747,0.000153494525760411,0.00699625213424714,"Positive"
"ASV_342","ASV_1131",0.720576692122892,2.24538803994534e-05,0.00156051363512379,"Positive"
"ASV_349","ASV_1131",1,0,0,"Positive"
"ASV_373","ASV_1131",0.720576692122892,2.24538803994534e-05,0.00156051363512379,"Positive"
"ASV_404","ASV_1131",1,0,0,"Positive"
"ASV_414","ASV_1131",1,0,0,"Positive"
"ASV_545","ASV_1131",1,0,0,"Positive"
"ASV_621","ASV_1131",1,0,0,"Positive"
"ASV_635","ASV_1131",0.665147715805747,0.000153494525760411,0.00699625213424714,"Positive"
"ASV_653","ASV_1131",1,0,0,"Positive"
"ASV_708","ASV_1131",0.665147715805747,0.000153494525760411,0.00699625213424714,"Positive"
"ASV_754","ASV_1131",0.665147715805747,0.000153494525760411,0.00699625213424714,"Positive"
"ASV_763","ASV_1131",1,0,0,"Positive"
"ASV_797","ASV_1131",1,0,0,"Positive"
"ASV_803","ASV_1131",0.720576692122892,2.24538803994534e-05,0.00156051363512379,"Positive"
"ASV_819","ASV_1131",1,0,0,"Positive"
"ASV_946","ASV_1131",0.665147715805747,0.000153494525760411,0.00699625213424714,"Positive"
"ASV_1029","ASV_1131",0.720576692122892,2.24538803994534e-05,0.00156051363512379,"Positive"
"ASV_1069","ASV_1131",1,0,0,"Positive"
"ASV_455","ASV_1134",0.665147715805747,0.000153494525760411,0.00699625213424714,"Positive"
"ASV_464","ASV_1134",1,0,0,"Positive"
"ASV_582","ASV_1134",1,0,0,"Positive"
"ASV_662","ASV_1134",1,0,0,"Positive"
"ASV_691","ASV_1134",0.665147715805747,0.000153494525760411,0.00699625213424714,"Positive"
"ASV_833","ASV_1134",1,0,0,"Positive"
"ASV_867","ASV_1134",1,0,0,"Positive"
"ASV_969","ASV_1134",0.720576692122892,2.24538803994534e-05,0.00156051363512379,"Positive"
"ASV_1023","ASV_1134",1,0,0,"Positive"
"ASV_1035","ASV_1134",1,0,0,"Positive"
"ASV_8","ASV_1136",0.720576692122892,2.24538803994534e-05,0.00156051363512379,"Positive"
"ASV_31","ASV_1136",0.720576692122892,2.24538803994534e-05,0.00156051363512379,"Positive"
"ASV_84","ASV_1136",0.665147715805747,0.000153494525760411,0.00699625213424714,"Positive"
"ASV_104","ASV_1136",1,0,0,"Positive"
"ASV_237","ASV_1136",1,0,0,"Positive"
"ASV_293","ASV_1136",0.720576692122892,2.24538803994534e-05,0.00156051363512379,"Positive"
"ASV_387","ASV_1136",0.720576692122892,2.24538803994534e-05,0.00156051363512379,"Positive"
"ASV_419","ASV_1136",0.720576692122892,2.24538803994534e-05,0.00156051363512379,"Positive"
"ASV_437","ASV_1136",0.665147715805747,0.000153494525760411,0.00699625213424714,"Positive"
"ASV_460","ASV_1136",1,0,0,"Positive"
"ASV_503","ASV_1136",0.720576692122892,2.24538803994534e-05,0.00156051363512379,"Positive"
"ASV_552","ASV_1136",0.665147715805747,0.000153494525760411,0.00699625213424714,"Positive"
"ASV_637","ASV_1136",0.665147715805747,0.000153494525760411,0.00699625213424714,"Positive"
"ASV_691","ASV_1136",0.720576692122892,2.24538803994534e-05,0.00156051363512379,"Positive"
"ASV_789","ASV_1136",1,0,0,"Positive"
"ASV_894","ASV_1136",0.720576692122892,2.24538803994534e-05,0.00156051363512379,"Positive"
"ASV_950","ASV_1136",1,0,0,"Positive"
"ASV_992","ASV_1136",1,0,0,"Positive"
"ASV_1007","ASV_1136",1,0,0,"Positive"
"ASV_1108","ASV_1136",1,0,0,"Positive"
"ASV_95","ASV_1137",0.648053278688525,0.000257081160242034,0.0116466488061395,"Positive"
"ASV_196","ASV_1137",0.829777471872807,8.71652050538074e-08,1.15771811706161e-05,"Positive"
"ASV_801","ASV_1137",0.687308702113923,7.47914837369024e-05,0.00512065071561676,"Positive"
"ASV_1082","ASV_1137",0.765759031906359,3.24513858140918e-06,0.000415059381465605,"Positive"
"ASV_25","ASV_1138",0.752491640249577,5.97168001492676e-06,0.000750590481767029,"Positive"
"ASV_592","ASV_1138",0.648053278688525,0.000257081160242034,0.0116466488061395,"Positive"
"ASV_606","ASV_1138",0.622438524590164,0.000526408520027166,0.0235204024088957,"Positive"
"ASV_938","ASV_1138",0.620389344262295,0.000555978856660477,0.0247496105758623,"Positive"
"ASV_110","ASV_1146",0.665147715805747,0.000153494525760411,0.00699625213424714,"Positive"
"ASV_159","ASV_1146",0.665147715805747,0.000153494525760411,0.00699625213424714,"Positive"
"ASV_196","ASV_1146",0.720576692122892,2.24538803994534e-05,0.00156051363512379,"Positive"
"ASV_305","ASV_1146",0.665147715805747,0.000153494525760411,0.00699625213424714,"Positive"
"ASV_364","ASV_1146",1,0,0,"Positive"
"ASV_401","ASV_1146",1,0,0,"Positive"
"ASV_476","ASV_1146",0.665147715805747,0.000153494525760411,0.00699625213424714,"Positive"
"ASV_507","ASV_1146",1,0,0,"Positive"
"ASV_660","ASV_1146",0.720576692122892,2.24538803994534e-05,0.00156051363512379,"Positive"
"ASV_724","ASV_1146",1,0,0,"Positive"
"ASV_860","ASV_1146",0.665147715805747,0.000153494525760411,0.00699625213424714,"Positive"
"ASV_926","ASV_1146",1,0,0,"Positive"
"ASV_954","ASV_1146",1,0,0,"Positive"
"ASV_988","ASV_1146",0.720576692122892,2.24538803994534e-05,0.00156051363512379,"Positive"
"ASV_1082","ASV_1146",0.720576692122892,2.24538803994534e-05,0.00156051363512379,"Positive"
"ASV_27","ASV_1148",0.611861576294096,0.000695173282743156,0.0305279813563834,"Positive"
"ASV_172","ASV_1148",0.609075766457583,0.000746787288472106,0.0327581367060048,"Positive"
"ASV_370","ASV_1148",0.724155405906566,1.95302879490988e-05,0.00156051363512379,"Positive"
"ASV_44","ASV_1150",0.665147715805747,0.000153494525760411,0.00699625213424714,"Positive"
"ASV_75","ASV_1150",0.720576692122892,2.24538803994534e-05,0.00156051363512379,"Positive"
"ASV_111","ASV_1150",0.673932153356572,0.00011625979537655,0.00699625213424714,"Positive"
"ASV_127","ASV_1150",0.720576692122892,2.24538803994534e-05,0.00156051363512379,"Positive"
"ASV_145","ASV_1150",0.678280102733066,0.000100977333874486,0.00687431802304738,"Positive"
"ASV_222","ASV_1150",0.720576692122892,2.24538803994534e-05,0.00156051363512379,"Positive"
"ASV_252","ASV_1150",1,0,0,"Positive"
"ASV_257","ASV_1150",0.720576692122892,2.24538803994534e-05,0.00156051363512379,"Positive"
"ASV_261","ASV_1150",0.678280102733066,0.000100977333874486,0.00687431802304738,"Positive"
"ASV_264","ASV_1150",0.829777471872807,8.71652050538074e-08,1.15771811706161e-05,"Positive"
"ASV_267","ASV_1150",0.600019200921649,0.000938331035804207,0.035870838792321,"Positive"
"ASV_274","ASV_1150",0.720576692122892,2.24538803994534e-05,0.00156051363512379,"Positive"
"ASV_283","ASV_1150",0.720576692122892,2.24538803994534e-05,0.00156051363512379,"Positive"
"ASV_299","ASV_1150",0.997041420118343,0,0,"Positive"
"ASV_352","ASV_1150",0.720576692122892,2.24538803994534e-05,0.00156051363512379,"Positive"
"ASV_359","ASV_1150",1,0,0,"Positive"
"ASV_366","ASV_1150",0.720576692122892,2.24538803994534e-05,0.00156051363512379,"Positive"
"ASV_384","ASV_1150",0.720576692122892,2.24538803994534e-05,0.00156051363512379,"Positive"
"ASV_421","ASV_1150",0.720576692122892,2.24538803994534e-05,0.00156051363512379,"Positive"
"ASV_431","ASV_1150",0.720576692122892,2.24538803994534e-05,0.00156051363512379,"Positive"
"ASV_538","ASV_1150",0.720576692122892,2.24538803994534e-05,0.00156051363512379,"Positive"
"ASV_546","ASV_1150",0.720576692122892,2.24538803994534e-05,0.00156051363512379,"Positive"
"ASV_561","ASV_1150",0.720576692122892,2.24538803994534e-05,0.00156051363512379,"Positive"
"ASV_570","ASV_1150",0.720576692122892,2.24538803994534e-05,0.00156051363512379,"Positive"
"ASV_612","ASV_1150",0.720576692122892,2.24538803994534e-05,0.00156051363512379,"Positive"
"ASV_665","ASV_1150",0.720576692122892,2.24538803994534e-05,0.00156051363512379,"Positive"
"ASV_671","ASV_1150",0.665147715805747,0.000153494525760411,0.00699625213424714,"Positive"
"ASV_683","ASV_1150",0.720576692122892,2.24538803994534e-05,0.00156051363512379,"Positive"
"ASV_693","ASV_1150",0.720576692122892,2.24538803994534e-05,0.00156051363512379,"Positive"
"ASV_702","ASV_1150",0.612698584722994,0.000680285588452456,0.0298789473233601,"Positive"
"ASV_705","ASV_1150",0.720576692122892,2.24538803994534e-05,0.00156051363512379,"Positive"
"ASV_727","ASV_1150",0.720576692122892,2.24538803994534e-05,0.00156051363512379,"Positive"
"ASV_728","ASV_1150",0.720576692122892,2.24538803994534e-05,0.00156051363512379,"Positive"
"ASV_785","ASV_1150",0.720576692122892,2.24538803994534e-05,0.00156051363512379,"Positive"
"ASV_811","ASV_1150",0.720576692122892,2.24538803994534e-05,0.00156051363512379,"Positive"
"ASV_907","ASV_1150",0.720576692122892,2.24538803994534e-05,0.00156051363512379,"Positive"
"ASV_978","ASV_1150",0.8002304995806,5.43241576611564e-07,7.10936547391713e-05,"Positive"
"ASV_990","ASV_1150",0.720576692122892,2.24538803994534e-05,0.00156051363512379,"Positive"
"ASV_1009","ASV_1150",0.665147715805747,0.000153494525760411,0.00699625213424714,"Positive"
"ASV_1019","ASV_1150",0.720576692122892,2.24538803994534e-05,0.00156051363512379,"Positive"
"ASV_1092","ASV_1150",0.720576692122892,2.24538803994534e-05,0.00156051363512379,"Positive"
"ASV_1094","ASV_1150",0.665147715805747,0.000153494525760411,0.00699625213424714,"Positive"
"ASV_1129","ASV_1150",0.665147715805747,0.000153494525760411,0.00699625213424714,"Positive"
"ASV_84","ASV_1151",0.8002304995806,5.43241576611564e-07,7.10936547391713e-05,"Positive"
"ASV_181","ASV_1151",0.687580048153244,7.41077361241516e-05,0.0050763523751601,"Positive"
"ASV_387","ASV_1151",0.763296784215341,3.64471975866643e-06,0.000458945768754608,"Positive"
"ASV_552","ASV_1151",0.765759031906359,3.24513858140918e-06,0.000415059381465605,"Positive"
"ASV_31","ASV_1152",0.763296784215341,3.64471975866643e-06,0.000458945768754608,"Positive"
"ASV_262","ASV_1152",0.648053278688525,0.000257081160242034,0.0116466488061395,"Positive"
"ASV_483","ASV_1152",0.626536885245902,0.000471361018652416,0.0211359993691521,"Positive"
"ASV_637","ASV_1152",0.8002304995806,5.43241576611564e-07,7.10936547391713e-05,"Positive"
"ASV_57","ASV_1157",0.665147715805747,0.000153494525760411,0.00699625213424714,"Positive"
"ASV_539","ASV_1157",0.720576692122892,2.24538803994534e-05,0.00156051363512379,"Positive"
"ASV_586","ASV_1157",1,0,0,"Positive"
"ASV_591","ASV_1157",0.720576692122892,2.24538803994534e-05,0.00156051363512379,"Positive"
"ASV_642","ASV_1157",0.720576692122892,2.24538803994534e-05,0.00156051363512379,"Positive"
"ASV_663","ASV_1157",0.720576692122892,2.24538803994534e-05,0.00156051363512379,"Positive"
"ASV_769","ASV_1157",1,0,0,"Positive"
"ASV_772","ASV_1157",0.665147715805747,0.000153494525760411,0.00699625213424714,"Positive"
"ASV_844","ASV_1157",1,0,0,"Positive"
"ASV_899","ASV_1157",1,0,0,"Positive"
"ASV_966","ASV_1157",0.665147715805747,0.000153494525760411,0.00699625213424714,"Positive"
"ASV_770","ASV_1158",0.632277584400976,0.000402736572954865,0.0180764497918858,"Positive"
"ASV_75","ASV_1165",0.665147715805747,0.000153494525760411,0.00699625213424714,"Positive"
"ASV_90","ASV_1165",0.720576692122892,2.24538803994534e-05,0.00156051363512379,"Positive"
"ASV_94","ASV_1165",0.673932153356572,0.00011625979537655,0.00699625213424714,"Positive"
"ASV_127","ASV_1165",0.665147715805747,0.000153494525760411,0.00699625213424714,"Positive"
"ASV_222","ASV_1165",0.665147715805747,0.000153494525760411,0.00699625213424714,"Positive"
"ASV_257","ASV_1165",0.665147715805747,0.000153494525760411,0.00699625213424714,"Positive"
"ASV_274","ASV_1165",0.665147715805747,0.000153494525760411,0.00699625213424714,"Positive"
"ASV_283","ASV_1165",0.665147715805747,0.000153494525760411,0.00699625213424714,"Positive"
"ASV_352","ASV_1165",0.665147715805747,0.000153494525760411,0.00699625213424714,"Positive"
"ASV_366","ASV_1165",0.665147715805747,0.000153494525760411,0.00699625213424714,"Positive"
"ASV_384","ASV_1165",0.665147715805747,0.000153494525760411,0.00699625213424714,"Positive"
"ASV_397","ASV_1165",0.720576692122892,2.24538803994534e-05,0.00156051363512379,"Positive"
"ASV_421","ASV_1165",0.665147715805747,0.000153494525760411,0.00699625213424714,"Positive"
"ASV_431","ASV_1165",0.665147715805747,0.000153494525760411,0.00699625213424714,"Positive"
"ASV_448","ASV_1165",0.720576692122892,2.24538803994534e-05,0.00156051363512379,"Positive"
"ASV_538","ASV_1165",0.665147715805747,0.000153494525760411,0.00699625213424714,"Positive"
"ASV_543","ASV_1165",0.720576692122892,2.24538803994534e-05,0.00156051363512379,"Positive"
"ASV_546","ASV_1165",0.665147715805747,0.000153494525760411,0.00699625213424714,"Positive"
"ASV_561","ASV_1165",0.665147715805747,0.000153494525760411,0.00699625213424714,"Positive"
"ASV_570","ASV_1165",0.665147715805747,0.000153494525760411,0.00699625213424714,"Positive"
"ASV_612","ASV_1165",0.665147715805747,0.000153494525760411,0.00699625213424714,"Positive"
"ASV_665","ASV_1165",0.665147715805747,0.000153494525760411,0.00699625213424714,"Positive"
"ASV_683","ASV_1165",0.665147715805747,0.000153494525760411,0.00699625213424714,"Positive"
"ASV_693","ASV_1165",0.665147715805747,0.000153494525760411,0.00699625213424714,"Positive"
"ASV_705","ASV_1165",0.665147715805747,0.000153494525760411,0.00699625213424714,"Positive"
"ASV_727","ASV_1165",0.665147715805747,0.000153494525760411,0.00699625213424714,"Positive"
"ASV_728","ASV_1165",0.665147715805747,0.000153494525760411,0.00699625213424714,"Positive"
"ASV_785","ASV_1165",0.665147715805747,0.000153494525760411,0.00699625213424714,"Positive"
"ASV_811","ASV_1165",0.665147715805747,0.000153494525760411,0.00699625213424714,"Positive"
"ASV_907","ASV_1165",0.665147715805747,0.000153494525760411,0.00699625213424714,"Positive"
"ASV_990","ASV_1165",0.665147715805747,0.000153494525760411,0.00699625213424714,"Positive"
"ASV_1019","ASV_1165",0.665147715805747,0.000153494525760411,0.00699625213424714,"Positive"
"ASV_1092","ASV_1165",0.665147715805747,0.000153494525760411,0.00699625213424714,"Positive"
"ASV_12","ASV_1166",0.720576692122892,2.24538803994534e-05,0.00156051363512379,"Positive"
"ASV_240","ASV_1166",0.720576692122892,2.24538803994534e-05,0.00156051363512379,"Positive"
"ASV_331","ASV_1166",0.720576692122892,2.24538803994534e-05,0.00156051363512379,"Positive"
"ASV_695","ASV_1166",0.665147715805747,0.000153494525760411,0.00699625213424714,"Positive"
"ASV_848","ASV_1166",1,0,0,"Positive"
"ASV_937","ASV_1166",1,0,0,"Positive"
"ASV_946","ASV_1166",0.720576692122892,2.24538803994534e-05,0.00156051363512379,"Positive"
"ASV_73","ASV_1167",0.763296784215341,3.64471975866643e-06,0.000458945768754608,"Positive"
"ASV_100","ASV_1167",0.720576692122892,2.24538803994534e-05,0.00156051363512379,"Positive"
"ASV_122","ASV_1167",0.720576692122892,2.24538803994534e-05,0.00156051363512379,"Positive"
"ASV_337","ASV_1167",0.720576692122892,2.24538803994534e-05,0.00156051363512379,"Positive"
"ASV_364","ASV_1167",0.665147715805747,0.000153494525760411,0.00699625213424714,"Positive"
"ASV_401","ASV_1167",0.665147715805747,0.000153494525760411,0.00699625213424714,"Positive"
"ASV_494","ASV_1167",0.720576692122892,2.24538803994534e-05,0.00156051363512379,"Positive"
"ASV_507","ASV_1167",0.665147715805747,0.000153494525760411,0.00699625213424714,"Positive"
"ASV_535","ASV_1167",0.720576692122892,2.24538803994534e-05,0.00156051363512379,"Positive"
"ASV_596","ASV_1167",0.720576692122892,2.24538803994534e-05,0.00156051363512379,"Positive"
"ASV_611","ASV_1167",0.720576692122892,2.24538803994534e-05,0.00156051363512379,"Positive"
"ASV_652","ASV_1167",0.720576692122892,2.24538803994534e-05,0.00156051363512379,"Positive"
"ASV_724","ASV_1167",0.665147715805747,0.000153494525760411,0.00699625213424714,"Positive"
"ASV_903","ASV_1167",0.720576692122892,2.24538803994534e-05,0.00156051363512379,"Positive"
"ASV_916","ASV_1167",0.720576692122892,2.24538803994534e-05,0.00156051363512379,"Positive"
"ASV_926","ASV_1167",0.665147715805747,0.000153494525760411,0.00699625213424714,"Positive"
"ASV_954","ASV_1167",0.665147715805747,0.000153494525760411,0.00699625213424714,"Positive"
"ASV_1049","ASV_1167",0.720576692122892,2.24538803994534e-05,0.00156051363512379,"Positive"
"ASV_1146","ASV_1167",0.665147715805747,0.000153494525760411,0.00699625213424714,"Positive"
"ASV_120","ASV_1170",0.712216899175159,3.08544219786988e-05,0.00214003483493712,"Positive"
"ASV_374","ASV_1170",0.681660369371792,9.03523657136418e-05,0.00618144368163063,"Positive"
"ASV_490","ASV_1170",0.650550544177263,0.000238893235797288,0.0108493484721373,"Positive"
"ASV_564","ASV_1170",0.667759153197014,0.000141459431020508,0.00699625213424714,"Positive"
"ASV_661","ASV_1170",0.804219663731622,4.32091797897272e-07,5.72798295307502e-05,"Positive"
"ASV_760","ASV_1170",0.736756978174399,1.17439834121935e-05,0.00147210432616628,"Positive"
"ASV_793","ASV_1170",0.678280102733066,0.000100977333874486,0.00687431802304738,"Positive"
"ASV_117","ASV_1179",0.720576692122892,2.24538803994534e-05,0.00156051363512379,"Positive"
"ASV_220","ASV_1179",0.665147715805747,0.000153494525760411,0.00699625213424714,"Positive"
"ASV_351","ASV_1179",0.665147715805747,0.000153494525760411,0.00699625213424714,"Positive"
"ASV_354","ASV_1179",0.720576692122892,2.24538803994534e-05,0.00156051363512379,"Positive"
"ASV_408","ASV_1179",0.720576692122892,2.24538803994534e-05,0.00156051363512379,"Positive"
"ASV_410","ASV_1179",0.720576692122892,2.24538803994534e-05,0.00156051363512379,"Positive"
"ASV_469","ASV_1179",0.665147715805747,0.000153494525760411,0.00699625213424714,"Positive"
"ASV_512","ASV_1179",0.665147715805747,0.000153494525760411,0.00699625213424714,"Positive"
"ASV_617","ASV_1179",0.720576692122892,2.24538803994534e-05,0.00156051363512379,"Positive"
"ASV_650","ASV_1179",0.997041420118343,0,0,"Positive"
"ASV_732","ASV_1179",0.720576692122892,2.24538803994534e-05,0.00156051363512379,"Positive"
"ASV_747","ASV_1179",0.665147715805747,0.000153494525760411,0.00699625213424714,"Positive"
"ASV_812","ASV_1179",0.665147715805747,0.000153494525760411,0.00699625213424714,"Positive"
"ASV_831","ASV_1179",0.665147715805747,0.000153494525760411,0.00699625213424714,"Positive"
"ASV_859","ASV_1179",0.665147715805747,0.000153494525760411,0.00699625213424714,"Positive"
"ASV_874","ASV_1179",0.665147715805747,0.000153494525760411,0.00699625213424714,"Positive"
"ASV_879","ASV_1179",0.665147715805747,0.000153494525760411,0.00699625213424714,"Positive"
"ASV_921","ASV_1179",0.665147715805747,0.000153494525760411,0.00699625213424714,"Positive"
"ASV_959","ASV_1179",0.720576692122892,2.24538803994534e-05,0.00156051363512379,"Positive"
"ASV_983","ASV_1179",0.665147715805747,0.000153494525760411,0.00699625213424714,"Positive"
"ASV_1033","ASV_1179",0.665147715805747,0.000153494525760411,0.00699625213424714,"Positive"
"ASV_1045","ASV_1179",0.665147715805747,0.000153494525760411,0.00699625213424714,"Positive"
"ASV_1060","ASV_1179",0.665147715805747,0.000153494525760411,0.00699625213424714,"Positive"
"ASV_1074","ASV_1179",0.665147715805747,0.000153494525760411,0.00699625213424714,"Positive"
"ASV_1077","ASV_1179",0.665147715805747,0.000153494525760411,0.00699625213424714,"Positive"
"ASV_1080","ASV_1179",0.665147715805747,0.000153494525760411,0.00699625213424714,"Positive"
"ASV_1086","ASV_1179",0.720576692122892,2.24538803994534e-05,0.00156051363512379,"Positive"
"ASV_1102","ASV_1179",0.665147715805747,0.000153494525760411,0.00699625213424714,"Positive"
"ASV_1105","ASV_1179",0.8002304995806,5.43241576611564e-07,7.10936547391713e-05,"Positive"
"ASV_1107","ASV_1179",0.665147715805747,0.000153494525760411,0.00699625213424714,"Positive"
"ASV_1118","ASV_1179",0.665147715805747,0.000153494525760411,0.00699625213424714,"Positive"
"ASV_1128","ASV_1179",0.665147715805747,0.000153494525760411,0.00699625213424714,"Positive"
"ASV_37","ASV_1180",0.665147715805747,0.000153494525760411,0.00699625213424714,"Positive"
"ASV_195","ASV_1180",0.665147715805747,0.000153494525760411,0.00699625213424714,"Positive"
"ASV_317","ASV_1180",0.665147715805747,0.000153494525760411,0.00699625213424714,"Positive"
"ASV_567","ASV_1180",0.665147715805747,0.000153494525760411,0.00699625213424714,"Positive"
"ASV_814","ASV_1180",0.665147715805747,0.000153494525760411,0.00699625213424714,"Positive"
"ASV_848","ASV_1180",0.720576692122892,2.24538803994534e-05,0.00156051363512379,"Positive"
"ASV_937","ASV_1180",0.720576692122892,2.24538803994534e-05,0.00156051363512379,"Positive"
"ASV_1006","ASV_1180",0.665147715805747,0.000153494525760411,0.00699625213424714,"Positive"
"ASV_1130","ASV_1180",0.665147715805747,0.000153494525760411,0.00699625213424714,"Positive"
"ASV_1166","ASV_1180",0.720576692122892,2.24538803994534e-05,0.00156051363512379,"Positive"
"ASV_40","ASV_1181",0.720576692122892,2.24538803994534e-05,0.00156051363512379,"Positive"
"ASV_90","ASV_1181",1,0,0,"Positive"
"ASV_196","ASV_1181",0.665147715805747,0.000153494525760411,0.00699625213424714,"Positive"
"ASV_258","ASV_1181",0.720576692122892,2.24538803994534e-05,0.00156051363512379,"Positive"
"ASV_285","ASV_1181",0.665147715805747,0.000153494525760411,0.00699625213424714,"Positive"
"ASV_397","ASV_1181",1,0,0,"Positive"
"ASV_441","ASV_1181",0.665147715805747,0.000153494525760411,0.00699625213424714,"Positive"
"ASV_448","ASV_1181",1,0,0,"Positive"
"ASV_543","ASV_1181",1,0,0,"Positive"
"ASV_594","ASV_1181",0.665147715805747,0.000153494525760411,0.00699625213424714,"Positive"
"ASV_635","ASV_1181",0.720576692122892,2.24538803994534e-05,0.00156051363512379,"Positive"
"ASV_645","ASV_1181",0.720576692122892,2.24538803994534e-05,0.00156051363512379,"Positive"
"ASV_863","ASV_1181",0.665147715805747,0.000153494525760411,0.00699625213424714,"Positive"
"ASV_966","ASV_1181",0.720576692122892,2.24538803994534e-05,0.00156051363512379,"Positive"
"ASV_1165","ASV_1181",0.720576692122892,2.24538803994534e-05,0.00156051363512379,"Positive"
"ASV_131","ASV_1185",0.832239719563824,7.36862437733521e-08,9.94947876598897e-06,"Positive"
"ASV_497","ASV_1185",0.679815573770492,9.60213530549758e-05,0.00656278879796813,"Positive"
"ASV_929","ASV_1185",0.8002304995806,5.43241576611564e-07,7.10936547391713e-05,"Positive"
"ASV_1027","ASV_1185",0.648053278688525,0.000257081160242034,0.0116466488061395,"Positive"
"ASV_27","ASV_1189",0.612698584722994,0.000680285588452456,0.0298789473233601,"Positive"
"ASV_150","ASV_1189",0.720576692122892,2.24538803994534e-05,0.00156051363512379,"Positive"
"ASV_157","ASV_1189",0.720576692122892,2.24538803994534e-05,0.00156051363512379,"Positive"
"ASV_247","ASV_1189",0.720576692122892,2.24538803994534e-05,0.00156051363512379,"Positive"
"ASV_316","ASV_1189",0.720576692122892,2.24538803994534e-05,0.00156051363512379,"Positive"
"ASV_490","ASV_1189",0.616664271355505,0.000613460673911659,0.0271249522358802,"Positive"
"ASV_701","ASV_1189",0.671758178668325,0.000124640607513715,0.00699625213424714,"Positive"
"ASV_771","ASV_1189",0.720576692122892,2.24538803994534e-05,0.00156051363512379,"Positive"
"ASV_828","ASV_1189",0.720576692122892,2.24538803994534e-05,0.00156051363512379,"Positive"
"ASV_878","ASV_1189",0.720576692122892,2.24538803994534e-05,0.00156051363512379,"Positive"
"ASV_982","ASV_1189",0.720576692122892,2.24538803994534e-05,0.00156051363512379,"Positive"
"ASV_989","ASV_1189",0.720576692122892,2.24538803994534e-05,0.00156051363512379,"Positive"
"ASV_1004","ASV_1189",0.720576692122892,2.24538803994534e-05,0.00156051363512379,"Positive"
"ASV_1025","ASV_1189",0.720576692122892,2.24538803994534e-05,0.00156051363512379,"Positive"
"ASV_1043","ASV_1189",0.720576692122892,2.24538803994534e-05,0.00156051363512379,"Positive"
"ASV_1044","ASV_1189",0.665147715805747,0.000153494525760411,0.00699625213424714,"Positive"
"ASV_1070","ASV_1189",0.720576692122892,2.24538803994534e-05,0.00156051363512379,"Positive"
"ASV_1091","ASV_1189",0.665147715805747,0.000153494525760411,0.00699625213424714,"Positive"
"ASV_75","ASV_1190",0.720576692122892,2.24538803994534e-05,0.00156051363512379,"Positive"
"ASV_90","ASV_1190",0.665147715805747,0.000153494525760411,0.00699625213424714,"Positive"
"ASV_94","ASV_1190",0.676106128044819,0.000108380732493973,0.00699625213424714,"Positive"
"ASV_127","ASV_1190",0.720576692122892,2.24538803994534e-05,0.00156051363512379,"Positive"
"ASV_222","ASV_1190",0.720576692122892,2.24538803994534e-05,0.00156051363512379,"Positive"
"ASV_257","ASV_1190",0.720576692122892,2.24538803994534e-05,0.00156051363512379,"Positive"
"ASV_274","ASV_1190",0.720576692122892,2.24538803994534e-05,0.00156051363512379,"Positive"
"ASV_283","ASV_1190",0.720576692122892,2.24538803994534e-05,0.00156051363512379,"Positive"
"ASV_352","ASV_1190",0.720576692122892,2.24538803994534e-05,0.00156051363512379,"Positive"
"ASV_366","ASV_1190",0.720576692122892,2.24538803994534e-05,0.00156051363512379,"Positive"
"ASV_384","ASV_1190",0.720576692122892,2.24538803994534e-05,0.00156051363512379,"Positive"
"ASV_397","ASV_1190",0.665147715805747,0.000153494525760411,0.00699625213424714,"Positive"
"ASV_421","ASV_1190",0.720576692122892,2.24538803994534e-05,0.00156051363512379,"Positive"
"ASV_431","ASV_1190",0.720576692122892,2.24538803994534e-05,0.00156051363512379,"Positive"
"ASV_448","ASV_1190",0.665147715805747,0.000153494525760411,0.00699625213424714,"Positive"
"ASV_538","ASV_1190",0.720576692122892,2.24538803994534e-05,0.00156051363512379,"Positive"
"ASV_543","ASV_1190",0.665147715805747,0.000153494525760411,0.00699625213424714,"Positive"
"ASV_546","ASV_1190",0.720576692122892,2.24538803994534e-05,0.00156051363512379,"Positive"
"ASV_561","ASV_1190",0.720576692122892,2.24538803994534e-05,0.00156051363512379,"Positive"
"ASV_570","ASV_1190",0.720576692122892,2.24538803994534e-05,0.00156051363512379,"Positive"
"ASV_612","ASV_1190",0.720576692122892,2.24538803994534e-05,0.00156051363512379,"Positive"
"ASV_665","ASV_1190",0.720576692122892,2.24538803994534e-05,0.00156051363512379,"Positive"
"ASV_683","ASV_1190",0.720576692122892,2.24538803994534e-05,0.00156051363512379,"Positive"
"ASV_693","ASV_1190",0.720576692122892,2.24538803994534e-05,0.00156051363512379,"Positive"
"ASV_705","ASV_1190",0.720576692122892,2.24538803994534e-05,0.00156051363512379,"Positive"
"ASV_727","ASV_1190",0.720576692122892,2.24538803994534e-05,0.00156051363512379,"Positive"
"ASV_728","ASV_1190",0.720576692122892,2.24538803994534e-05,0.00156051363512379,"Positive"
"ASV_785","ASV_1190",0.720576692122892,2.24538803994534e-05,0.00156051363512379,"Positive"
"ASV_811","ASV_1190",0.720576692122892,2.24538803994534e-05,0.00156051363512379,"Positive"
"ASV_907","ASV_1190",0.720576692122892,2.24538803994534e-05,0.00156051363512379,"Positive"
"ASV_990","ASV_1190",0.720576692122892,2.24538803994534e-05,0.00156051363512379,"Positive"
"ASV_1019","ASV_1190",0.720576692122892,2.24538803994534e-05,0.00156051363512379,"Positive"
"ASV_1092","ASV_1190",0.720576692122892,2.24538803994534e-05,0.00156051363512379,"Positive"
"ASV_1165","ASV_1190",0.997041420118343,0,0,"Positive"
"ASV_1181","ASV_1190",0.665147715805747,0.000153494525760411,0.00699625213424714,"Positive"
"ASV_134","ASV_1191",0.665147715805747,0.000153494525760411,0.00699625213424714,"Positive"
"ASV_233","ASV_1191",0.665147715805747,0.000153494525760411,0.00699625213424714,"Positive"
"ASV_278","ASV_1191",0.720576692122892,2.24538803994534e-05,0.00156051363512379,"Positive"
"ASV_501","ASV_1191",0.665147715805747,0.000153494525760411,0.00699625213424714,"Positive"
"ASV_551","ASV_1191",0.720576692122892,2.24538803994534e-05,0.00156051363512379,"Positive"
"ASV_580","ASV_1191",0.665147715805747,0.000153494525760411,0.00699625213424714,"Positive"
"ASV_628","ASV_1191",0.720576692122892,2.24538803994534e-05,0.00156051363512379,"Positive"
"ASV_709","ASV_1191",0.720576692122892,2.24538803994534e-05,0.00156051363512379,"Positive"
"ASV_713","ASV_1191",0.720576692122892,2.24538803994534e-05,0.00156051363512379,"Positive"
"ASV_765","ASV_1191",0.720576692122892,2.24538803994534e-05,0.00156051363512379,"Positive"
"ASV_909","ASV_1191",0.720576692122892,2.24538803994534e-05,0.00156051363512379,"Positive"
"ASV_949","ASV_1191",0.665147715805747,0.000153494525760411,0.00699625213424714,"Positive"
"ASV_953","ASV_1191",0.720576692122892,2.24538803994534e-05,0.00156051363512379,"Positive"
"ASV_1054","ASV_1191",0.720576692122892,2.24538803994534e-05,0.00156051363512379,"Positive"
"ASV_1095","ASV_1191",0.732629469939241,1.39156190015477e-05,0.00156051363512379,"Positive"
"ASV_407","ASV_1193",0.829777471872807,8.71652050538074e-08,1.15771811706161e-05,"Positive"
"ASV_659","ASV_1193",0.618340163934426,0.000586988732612204,0.0260503111334429,"Positive"
"ASV_745","ASV_1193",0.825026246707806,1.19652052710251e-07,1.58844134298283e-05,"Positive"
"ASV_806","ASV_1193",0.668373901556785,0.000138750418724909,0.00699625213424714,"Positive"
"ASV_938","ASV_1193",0.622438524590164,0.000526408520027166,0.0235204024088957,"Positive"
"ASV_1027","ASV_1193",0.622438524590164,0.000526408520027166,0.0235204024088957,"Positive"
"ASV_226","ASV_1194",0.997041420118343,0,0,"Positive"
"ASV_239","ASV_1194",0.720576692122892,2.24538803994534e-05,0.00156051363512379,"Positive"
"ASV_298","ASV_1194",0.665147715805747,0.000153494525760411,0.00699625213424714,"Positive"
"ASV_311","ASV_1194",0.720576692122892,2.24538803994534e-05,0.00156051363512379,"Positive"
"ASV_409","ASV_1194",0.665147715805747,0.000153494525760411,0.00699625213424714,"Positive"
"ASV_619","ASV_1194",0.720576692122892,2.24538803994534e-05,0.00156051363512379,"Positive"
"ASV_627","ASV_1194",0.665147715805747,0.000153494525760411,0.00699625213424714,"Positive"
"ASV_647","ASV_1194",0.720576692122892,2.24538803994534e-05,0.00156051363512379,"Positive"
"ASV_684","ASV_1194",0.720576692122892,2.24538803994534e-05,0.00156051363512379,"Positive"
"ASV_786","ASV_1194",0.720576692122892,2.24538803994534e-05,0.00156051363512379,"Positive"
"ASV_790","ASV_1194",0.720576692122892,2.24538803994534e-05,0.00156051363512379,"Positive"
"ASV_871","ASV_1194",0.720576692122892,2.24538803994534e-05,0.00156051363512379,"Positive"
"ASV_1020","ASV_1194",0.665147715805747,0.000153494525760411,0.00699625213424714,"Positive"
"ASV_1050","ASV_1194",0.665147715805747,0.000153494525760411,0.00699625213424714,"Positive"
"ASV_1073","ASV_1194",0.720576692122892,2.24538803994534e-05,0.00156051363512379,"Positive"
"ASV_1085","ASV_1194",0.665147715805747,0.000153494525760411,0.00699625213424714,"Positive"
"ASV_60","ASV_1196",0.720576692122892,2.24538803994534e-05,0.00156051363512379,"Positive"
"ASV_62","ASV_1196",0.732629469939241,1.39156190015477e-05,0.00156051363512379,"Positive"
"ASV_70","ASV_1196",0.765759031906359,3.24513858140918e-06,0.000415059381465605,"Positive"
"ASV_75","ASV_1196",0.665147715805747,0.000153494525760411,0.00699625213424714,"Positive"
"ASV_127","ASV_1196",0.665147715805747,0.000153494525760411,0.00699625213424714,"Positive"
"ASV_166","ASV_1196",0.720576692122892,2.24538803994534e-05,0.00156051363512379,"Positive"
"ASV_222","ASV_1196",0.665147715805747,0.000153494525760411,0.00699625213424714,"Positive"
"ASV_257","ASV_1196",0.665147715805747,0.000153494525760411,0.00699625213424714,"Positive"
"ASV_261","ASV_1196",0.702193824303783,4.45318073913903e-05,0.00305723135512934,"Positive"
"ASV_274","ASV_1196",0.665147715805747,0.000153494525760411,0.00699625213424714,"Positive"
"ASV_283","ASV_1196",0.665147715805747,0.000153494525760411,0.00699625213424714,"Positive"
"ASV_296","ASV_1196",0.829777471872807,8.71652050538074e-08,1.15771811706161e-05,"Positive"
"ASV_352","ASV_1196",0.665147715805747,0.000153494525760411,0.00699625213424714,"Positive"
"ASV_366","ASV_1196",0.665147715805747,0.000153494525760411,0.00699625213424714,"Positive"
"ASV_384","ASV_1196",0.665147715805747,0.000153494525760411,0.00699625213424714,"Positive"
"ASV_389","ASV_1196",0.673932153356572,0.00011625979537655,0.00699625213424714,"Positive"
"ASV_421","ASV_1196",0.665147715805747,0.000153494525760411,0.00699625213424714,"Positive"
"ASV_431","ASV_1196",0.665147715805747,0.000153494525760411,0.00699625213424714,"Positive"
"ASV_447","ASV_1196",0.720576692122892,2.24538803994534e-05,0.00156051363512379,"Positive"
"ASV_502","ASV_1196",0.720576692122892,2.24538803994534e-05,0.00156051363512379,"Positive"
"ASV_522","ASV_1196",0.765759031906359,3.24513858140918e-06,0.000415059381465605,"Positive"
"ASV_538","ASV_1196",0.665147715805747,0.000153494525760411,0.00699625213424714,"Positive"
"ASV_546","ASV_1196",0.665147715805747,0.000153494525760411,0.00699625213424714,"Positive"
"ASV_561","ASV_1196",0.665147715805747,0.000153494525760411,0.00699625213424714,"Positive"
"ASV_570","ASV_1196",0.665147715805747,0.000153494525760411,0.00699625213424714,"Positive"
"ASV_612","ASV_1196",0.665147715805747,0.000153494525760411,0.00699625213424714,"Positive"
"ASV_665","ASV_1196",0.665147715805747,0.000153494525760411,0.00699625213424714,"Positive"
"ASV_680","ASV_1196",0.720576692122892,2.24538803994534e-05,0.00156051363512379,"Positive"
"ASV_683","ASV_1196",0.665147715805747,0.000153494525760411,0.00699625213424714,"Positive"
"ASV_693","ASV_1196",0.665147715805747,0.000153494525760411,0.00699625213424714,"Positive"
"ASV_705","ASV_1196",0.665147715805747,0.000153494525760411,0.00699625213424714,"Positive"
"ASV_727","ASV_1196",0.665147715805747,0.000153494525760411,0.00699625213424714,"Positive"
"ASV_728","ASV_1196",0.665147715805747,0.000153494525760411,0.00699625213424714,"Positive"
"ASV_734","ASV_1196",0.997041420118343,0,0,"Positive"
"ASV_777","ASV_1196",0.720576692122892,2.24538803994534e-05,0.00156051363512379,"Positive"
"ASV_785","ASV_1196",0.665147715805747,0.000153494525760411,0.00699625213424714,"Positive"
"ASV_811","ASV_1196",0.665147715805747,0.000153494525760411,0.00699625213424714,"Positive"
"ASV_832","ASV_1196",0.720576692122892,2.24538803994534e-05,0.00156051363512379,"Positive"
"ASV_885","ASV_1196",0.720576692122892,2.24538803994534e-05,0.00156051363512379,"Positive"
"ASV_886","ASV_1196",0.678280102733066,0.000100977333874486,0.00687431802304738,"Positive"
"ASV_907","ASV_1196",0.665147715805747,0.000153494525760411,0.00699625213424714,"Positive"
"ASV_990","ASV_1196",0.665147715805747,0.000153494525760411,0.00699625213424714,"Positive"
"ASV_1019","ASV_1196",0.665147715805747,0.000153494525760411,0.00699625213424714,"Positive"
"ASV_1088","ASV_1196",0.720576692122892,2.24538803994534e-05,0.00156051363512379,"Positive"
"ASV_1092","ASV_1196",0.665147715805747,0.000153494525760411,0.00699625213424714,"Positive"
"ASV_48","ASV_1197",0.720576692122892,2.24538803994534e-05,0.00156051363512379,"Positive"
"ASV_57","ASV_1197",0.720576692122892,2.24538803994534e-05,0.00156051363512379,"Positive"
"ASV_64","ASV_1197",1,0,0,"Positive"
"ASV_321","ASV_1197",0.665147715805747,0.000153494525760411,0.00699625213424714,"Positive"
"ASV_342","ASV_1197",0.720576692122892,2.24538803994534e-05,0.00156051363512379,"Positive"
"ASV_349","ASV_1197",1,0,0,"Positive"
"ASV_373","ASV_1197",0.720576692122892,2.24538803994534e-05,0.00156051363512379,"Positive"
"ASV_404","ASV_1197",1,0,0,"Positive"
"ASV_414","ASV_1197",1,0,0,"Positive"
"ASV_545","ASV_1197",1,0,0,"Positive"
"ASV_621","ASV_1197",1,0,0,"Positive"
"ASV_635","ASV_1197",0.665147715805747,0.000153494525760411,0.00699625213424714,"Positive"
"ASV_653","ASV_1197",1,0,0,"Positive"
"ASV_708","ASV_1197",0.665147715805747,0.000153494525760411,0.00699625213424714,"Positive"
"ASV_754","ASV_1197",0.665147715805747,0.000153494525760411,0.00699625213424714,"Positive"
"ASV_763","ASV_1197",1,0,0,"Positive"
"ASV_797","ASV_1197",1,0,0,"Positive"
"ASV_803","ASV_1197",0.720576692122892,2.24538803994534e-05,0.00156051363512379,"Positive"
"ASV_819","ASV_1197",1,0,0,"Positive"
"ASV_946","ASV_1197",0.665147715805747,0.000153494525760411,0.00699625213424714,"Positive"
"ASV_1029","ASV_1197",0.720576692122892,2.24538803994534e-05,0.00156051363512379,"Positive"
"ASV_1069","ASV_1197",1,0,0,"Positive"
"ASV_1131","ASV_1197",1,0,0,"Positive"
"ASV_110","ASV_1198",0.665147715805747,0.000153494525760411,0.00699625213424714,"Positive"
"ASV_159","ASV_1198",0.665147715805747,0.000153494525760411,0.00699625213424714,"Positive"
"ASV_196","ASV_1198",0.720576692122892,2.24538803994534e-05,0.00156051363512379,"Positive"
"ASV_305","ASV_1198",0.665147715805747,0.000153494525760411,0.00699625213424714,"Positive"
"ASV_364","ASV_1198",1,0,0,"Positive"
"ASV_401","ASV_1198",1,0,0,"Positive"
"ASV_476","ASV_1198",0.665147715805747,0.000153494525760411,0.00699625213424714,"Positive"
"ASV_507","ASV_1198",1,0,0,"Positive"
"ASV_660","ASV_1198",0.720576692122892,2.24538803994534e-05,0.00156051363512379,"Positive"
"ASV_724","ASV_1198",1,0,0,"Positive"
"ASV_860","ASV_1198",0.665147715805747,0.000153494525760411,0.00699625213424714,"Positive"
"ASV_926","ASV_1198",1,0,0,"Positive"
"ASV_954","ASV_1198",1,0,0,"Positive"
"ASV_988","ASV_1198",0.720576692122892,2.24538803994534e-05,0.00156051363512379,"Positive"
"ASV_1082","ASV_1198",0.720576692122892,2.24538803994534e-05,0.00156051363512379,"Positive"
"ASV_1146","ASV_1198",1,0,0,"Positive"
"ASV_1167","ASV_1198",0.665147715805747,0.000153494525760411,0.00699625213424714,"Positive"
"ASV_387","ASV_1202",0.665147715805747,0.000153494525760411,0.00699625213424714,"Positive"
"ASV_552","ASV_1202",0.720576692122892,2.24538803994534e-05,0.00156051363512379,"Positive"
"ASV_605","ASV_1202",0.665147715805747,0.000153494525760411,0.00699625213424714,"Positive"
"ASV_645","ASV_1202",0.665147715805747,0.000153494525760411,0.00699625213424714,"Positive"
"ASV_804","ASV_1202",0.720576692122892,2.24538803994534e-05,0.00156051363512379,"Positive"
"ASV_1044","ASV_1202",1,0,0,"Positive"
"ASV_1091","ASV_1202",1,0,0,"Positive"
"ASV_1097","ASV_1202",0.665147715805747,0.000153494525760411,0.00699625213424714,"Positive"
"ASV_1189","ASV_1202",0.665147715805747,0.000153494525760411,0.00699625213424714,"Positive"
"ASV_258","ASV_1203",0.665147715805747,0.000153494525760411,0.00699625213424714,"Positive"
"ASV_336","ASV_1203",1,0,0,"Positive"
"ASV_442","ASV_1203",0.665147715805747,0.000153494525760411,0.00699625213424714,"Positive"
"ASV_591","ASV_1203",0.665147715805747,0.000153494525760411,0.00699625213424714,"Positive"
"ASV_605","ASV_1203",0.720576692122892,2.24538803994534e-05,0.00156051363512379,"Positive"
"ASV_778","ASV_1203",1,0,0,"Positive"
"ASV_816","ASV_1203",1,0,0,"Positive"
"ASV_850","ASV_1203",0.720576692122892,2.24538803994534e-05,0.00156051363512379,"Positive"
"ASV_860","ASV_1203",0.720576692122892,2.24538803994534e-05,0.00156051363512379,"Positive"
"ASV_906","ASV_1203",1,0,0,"Positive"
"ASV_1021","ASV_1203",1,0,0,"Positive"
"ASV_1071","ASV_1203",1,0,0,"Positive"
"ASV_1125","ASV_1203",1,0,0,"Positive"
"ASV_44","ASV_1207",0.665147715805747,0.000153494525760411,0.00699625213424714,"Positive"
"ASV_278","ASV_1207",0.720576692122892,2.24538803994534e-05,0.00156051363512379,"Positive"
"ASV_551","ASV_1207",0.720576692122892,2.24538803994534e-05,0.00156051363512379,"Positive"
"ASV_628","ASV_1207",0.720576692122892,2.24538803994534e-05,0.00156051363512379,"Positive"
"ASV_671","ASV_1207",0.665147715805747,0.000153494525760411,0.00699625213424714,"Positive"
"ASV_709","ASV_1207",0.720576692122892,2.24538803994534e-05,0.00156051363512379,"Positive"
"ASV_713","ASV_1207",0.720576692122892,2.24538803994534e-05,0.00156051363512379,"Positive"
"ASV_765","ASV_1207",0.720576692122892,2.24538803994534e-05,0.00156051363512379,"Positive"
"ASV_909","ASV_1207",0.720576692122892,2.24538803994534e-05,0.00156051363512379,"Positive"
"ASV_953","ASV_1207",0.720576692122892,2.24538803994534e-05,0.00156051363512379,"Positive"
"ASV_1009","ASV_1207",0.665147715805747,0.000153494525760411,0.00699625213424714,"Positive"
"ASV_1054","ASV_1207",0.720576692122892,2.24538803994534e-05,0.00156051363512379,"Positive"
"ASV_1094","ASV_1207",0.665147715805747,0.000153494525760411,0.00699625213424714,"Positive"
"ASV_1129","ASV_1207",0.665147715805747,0.000153494525760411,0.00699625213424714,"Positive"
"ASV_29","ASV_1208",0.720576692122892,2.24538803994534e-05,0.00156051363512379,"Positive"
"ASV_49","ASV_1208",0.720576692122892,2.24538803994534e-05,0.00156051363512379,"Positive"
"ASV_60","ASV_1208",1,0,0,"Positive"
"ASV_166","ASV_1208",1,0,0,"Positive"
"ASV_304","ASV_1208",0.665147715805747,0.000153494525760411,0.00699625213424714,"Positive"
"ASV_371","ASV_1208",0.665147715805747,0.000153494525760411,0.00699625213424714,"Positive"
"ASV_407","ASV_1208",0.665147715805747,0.000153494525760411,0.00699625213424714,"Positive"
"ASV_441","ASV_1208",0.720576692122892,2.24538803994534e-05,0.00156051363512379,"Positive"
"ASV_447","ASV_1208",1,0,0,"Positive"
"ASV_502","ASV_1208",1,0,0,"Positive"
"ASV_601","ASV_1208",0.665147715805747,0.000153494525760411,0.00699625213424714,"Positive"
"ASV_637","ASV_1208",0.720576692122892,2.24538803994534e-05,0.00156051363512379,"Positive"
"ASV_680","ASV_1208",1,0,0,"Positive"
"ASV_734","ASV_1208",0.665147715805747,0.000153494525760411,0.00699625213424714,"Positive"
"ASV_777","ASV_1208",1,0,0,"Positive"
"ASV_832","ASV_1208",1,0,0,"Positive"
"ASV_885","ASV_1208",1,0,0,"Positive"
"ASV_908","ASV_1208",0.720576692122892,2.24538803994534e-05,0.00156051363512379,"Positive"
"ASV_922","ASV_1208",0.720576692122892,2.24538803994534e-05,0.00156051363512379,"Positive"
"ASV_932","ASV_1208",0.720576692122892,2.24538803994534e-05,0.00156051363512379,"Positive"
"ASV_958","ASV_1208",0.720576692122892,2.24538803994534e-05,0.00156051363512379,"Positive"
"ASV_1088","ASV_1208",1,0,0,"Positive"
"ASV_1196","ASV_1208",0.720576692122892,2.24538803994534e-05,0.00156051363512379,"Positive"
"ASV_24","ASV_1210",0.665147715805747,0.000153494525760411,0.00699625213424714,"Positive"
"ASV_32","ASV_1210",0.720576692122892,2.24538803994534e-05,0.00156051363512379,"Positive"
"ASV_118","ASV_1210",1,0,0,"Positive"
"ASV_242","ASV_1210",1,0,0,"Positive"
"ASV_320","ASV_1210",1,0,0,"Positive"
"ASV_411","ASV_1210",0.665147715805747,0.000153494525760411,0.00699625213424714,"Positive"
"ASV_453","ASV_1210",1,0,0,"Positive"
"ASV_710","ASV_1210",0.720576692122892,2.24538803994534e-05,0.00156051363512379,"Positive"
"ASV_898","ASV_1210",0.720576692122892,2.24538803994534e-05,0.00156051363512379,"Positive"
"ASV_639","ASV_1215",0.652151639344262,0.000227836393568381,0.0103523044281977,"Positive"
"ASV_988","ASV_1215",0.829777471872807,8.71652050538074e-08,1.15771811706161e-05,"Positive"
"ASV_168","ASV_1216",0.648053278688525,0.000257081160242034,0.0116466488061395,"Positive"
"ASV_234","ASV_1216",0.648053278688525,0.000257081160242034,0.0116466488061395,"Positive"
"ASV_44","ASV_1220",1,0,0,"Positive"
"ASV_252","ASV_1220",0.665147715805747,0.000153494525760411,0.00699625213424714,"Positive"
"ASV_299","ASV_1220",0.720576692122892,2.24538803994534e-05,0.00156051363512379,"Positive"
"ASV_359","ASV_1220",0.665147715805747,0.000153494525760411,0.00699625213424714,"Positive"
"ASV_411","ASV_1220",0.720576692122892,2.24538803994534e-05,0.00156051363512379,"Positive"
"ASV_663","ASV_1220",0.665147715805747,0.000153494525760411,0.00699625213424714,"Positive"
"ASV_671","ASV_1220",1,0,0,"Positive"
"ASV_767","ASV_1220",0.665147715805747,0.000153494525760411,0.00699625213424714,"Positive"
"ASV_1009","ASV_1220",1,0,0,"Positive"
"ASV_1029","ASV_1220",0.665147715805747,0.000153494525760411,0.00699625213424714,"Positive"
"ASV_1094","ASV_1220",1,0,0,"Positive"
"ASV_1097","ASV_1220",0.720576692122892,2.24538803994534e-05,0.00156051363512379,"Positive"
"ASV_1129","ASV_1220",1,0,0,"Positive"
"ASV_1150","ASV_1220",0.665147715805747,0.000153494525760411,0.00699625213424714,"Positive"
"ASV_1207","ASV_1220",0.665147715805747,0.000153494525760411,0.00699625213424714,"Positive"
"ASV_150","ASV_1222",1,0,0,"Positive"
"ASV_157","ASV_1222",1,0,0,"Positive"
"ASV_161","ASV_1222",0.665147715805747,0.000153494525760411,0.00699625213424714,"Positive"
"ASV_211","ASV_1222",0.665147715805747,0.000153494525760411,0.00699625213424714,"Positive"
"ASV_247","ASV_1222",1,0,0,"Positive"
"ASV_271","ASV_1222",0.665147715805747,0.000153494525760411,0.00699625213424714,"Positive"
"ASV_316","ASV_1222",1,0,0,"Positive"
"ASV_474","ASV_1222",0.720576692122892,2.24538803994534e-05,0.00156051363512379,"Positive"
"ASV_521","ASV_1222",0.720576692122892,2.24538803994534e-05,0.00156051363512379,"Positive"
"ASV_771","ASV_1222",1,0,0,"Positive"
"ASV_793","ASV_1222",0.665147715805747,0.000153494525760411,0.00699625213424714,"Positive"
"ASV_803","ASV_1222",0.665147715805747,0.000153494525760411,0.00699625213424714,"Positive"
"ASV_828","ASV_1222",1,0,0,"Positive"
"ASV_878","ASV_1222",1,0,0,"Positive"
"ASV_908","ASV_1222",0.665147715805747,0.000153494525760411,0.00699625213424714,"Positive"
"ASV_932","ASV_1222",0.665147715805747,0.000153494525760411,0.00699625213424714,"Positive"
"ASV_982","ASV_1222",1,0,0,"Positive"
"ASV_989","ASV_1222",1,0,0,"Positive"
"ASV_1004","ASV_1222",1,0,0,"Positive"
"ASV_1025","ASV_1222",1,0,0,"Positive"
"ASV_1043","ASV_1222",1,0,0,"Positive"
"ASV_1070","ASV_1222",1,0,0,"Positive"
"ASV_1189","ASV_1222",0.720576692122892,2.24538803994534e-05,0.00156051363512379,"Positive"
"ASV_32","ASV_1223",0.832239719563824,7.36862437733521e-08,9.94947876598897e-06,"Positive"
"ASV_922","ASV_1223",0.763296784215341,3.64471975866643e-06,0.000458945768754608,"Positive"
"ASV_1105","ASV_1223",0.622438524590164,0.000526408520027166,0.0235204024088957,"Positive"
"ASV_150","ASV_1235",1,0,0,"Positive"
"ASV_157","ASV_1235",1,0,0,"Positive"
"ASV_161","ASV_1235",0.665147715805747,0.000153494525760411,0.00699625213424714,"Positive"
"ASV_211","ASV_1235",0.665147715805747,0.000153494525760411,0.00699625213424714,"Positive"
"ASV_247","ASV_1235",1,0,0,"Positive"
"ASV_271","ASV_1235",0.665147715805747,0.000153494525760411,0.00699625213424714,"Positive"
"ASV_316","ASV_1235",1,0,0,"Positive"
"ASV_474","ASV_1235",0.720576692122892,2.24538803994534e-05,0.00156051363512379,"Positive"
"ASV_521","ASV_1235",0.720576692122892,2.24538803994534e-05,0.00156051363512379,"Positive"
"ASV_771","ASV_1235",1,0,0,"Positive"
"ASV_793","ASV_1235",0.665147715805747,0.000153494525760411,0.00699625213424714,"Positive"
"ASV_803","ASV_1235",0.665147715805747,0.000153494525760411,0.00699625213424714,"Positive"
"ASV_828","ASV_1235",1,0,0,"Positive"
"ASV_878","ASV_1235",1,0,0,"Positive"
"ASV_908","ASV_1235",0.665147715805747,0.000153494525760411,0.00699625213424714,"Positive"
"ASV_932","ASV_1235",0.665147715805747,0.000153494525760411,0.00699625213424714,"Positive"
"ASV_982","ASV_1235",1,0,0,"Positive"
"ASV_989","ASV_1235",1,0,0,"Positive"
"ASV_1004","ASV_1235",1,0,0,"Positive"
"ASV_1025","ASV_1235",1,0,0,"Positive"
"ASV_1043","ASV_1235",1,0,0,"Positive"
"ASV_1070","ASV_1235",1,0,0,"Positive"
"ASV_1189","ASV_1235",0.720576692122892,2.24538803994534e-05,0.00156051363512379,"Positive"
"ASV_1222","ASV_1235",1,0,0,"Positive"
"ASV_44","ASV_1236",1,0,0,"Positive"
"ASV_252","ASV_1236",0.665147715805747,0.000153494525760411,0.00699625213424714,"Positive"
"ASV_299","ASV_1236",0.720576692122892,2.24538803994534e-05,0.00156051363512379,"Positive"
"ASV_359","ASV_1236",0.665147715805747,0.000153494525760411,0.00699625213424714,"Positive"
"ASV_411","ASV_1236",0.720576692122892,2.24538803994534e-05,0.00156051363512379,"Positive"
"ASV_663","ASV_1236",0.665147715805747,0.000153494525760411,0.00699625213424714,"Positive"
"ASV_671","ASV_1236",1,0,0,"Positive"
"ASV_767","ASV_1236",0.665147715805747,0.000153494525760411,0.00699625213424714,"Positive"
"ASV_1009","ASV_1236",1,0,0,"Positive"
"ASV_1029","ASV_1236",0.665147715805747,0.000153494525760411,0.00699625213424714,"Positive"
"ASV_1094","ASV_1236",1,0,0,"Positive"
"ASV_1097","ASV_1236",0.720576692122892,2.24538803994534e-05,0.00156051363512379,"Positive"
"ASV_1129","ASV_1236",1,0,0,"Positive"
"ASV_1150","ASV_1236",0.665147715805747,0.000153494525760411,0.00699625213424714,"Positive"
"ASV_1207","ASV_1236",0.665147715805747,0.000153494525760411,0.00699625213424714,"Positive"
"ASV_1220","ASV_1236",1,0,0,"Positive"
"ASV_12","ASV_1241",0.720576692122892,2.24538803994534e-05,0.00156051363512379,"Positive"
"ASV_240","ASV_1241",0.720576692122892,2.24538803994534e-05,0.00156051363512379,"Positive"
"ASV_331","ASV_1241",0.720576692122892,2.24538803994534e-05,0.00156051363512379,"Positive"
"ASV_695","ASV_1241",0.665147715805747,0.000153494525760411,0.00699625213424714,"Positive"
"ASV_848","ASV_1241",1,0,0,"Positive"
"ASV_937","ASV_1241",1,0,0,"Positive"
"ASV_946","ASV_1241",0.720576692122892,2.24538803994534e-05,0.00156051363512379,"Positive"
"ASV_1166","ASV_1241",1,0,0,"Positive"
"ASV_1180","ASV_1241",0.720576692122892,2.24538803994534e-05,0.00156051363512379,"Positive"
"ASV_48","ASV_1242",0.665147715805747,0.000153494525760411,0.00699625213424714,"Positive"
"ASV_131","ASV_1242",0.665147715805747,0.000153494525760411,0.00699625213424714,"Positive"
"ASV_220","ASV_1242",1,0,0,"Positive"
"ASV_293","ASV_1242",0.665147715805747,0.000153494525760411,0.00699625213424714,"Positive"
"ASV_351","ASV_1242",1,0,0,"Positive"
"ASV_469","ASV_1242",1,0,0,"Positive"
"ASV_512","ASV_1242",1,0,0,"Positive"
"ASV_650","ASV_1242",0.720576692122892,2.24538803994534e-05,0.00156051363512379,"Positive"
"ASV_710","ASV_1242",0.665147715805747,0.000153494525760411,0.00699625213424714,"Positive"
"ASV_747","ASV_1242",1,0,0,"Positive"
"ASV_812","ASV_1242",1,0,0,"Positive"
"ASV_831","ASV_1242",1,0,0,"Positive"
"ASV_859","ASV_1242",1,0,0,"Positive"
"ASV_874","ASV_1242",1,0,0,"Positive"
"ASV_879","ASV_1242",1,0,0,"Positive"
"ASV_921","ASV_1242",1,0,0,"Positive"
"ASV_983","ASV_1242",1,0,0,"Positive"
"ASV_1012","ASV_1242",0.665147715805747,0.000153494525760411,0.00699625213424714,"Positive"
"ASV_1033","ASV_1242",1,0,0,"Positive"
"ASV_1045","ASV_1242",1,0,0,"Positive"
"ASV_1060","ASV_1242",1,0,0,"Positive"
"ASV_1062","ASV_1242",0.665147715805747,0.000153494525760411,0.00699625213424714,"Positive"
"ASV_1074","ASV_1242",1,0,0,"Positive"
"ASV_1077","ASV_1242",1,0,0,"Positive"
"ASV_1080","ASV_1242",1,0,0,"Positive"
"ASV_1102","ASV_1242",1,0,0,"Positive"
"ASV_1107","ASV_1242",1,0,0,"Positive"
"ASV_1118","ASV_1242",1,0,0,"Positive"
"ASV_1128","ASV_1242",1,0,0,"Positive"
"ASV_1179","ASV_1242",0.665147715805747,0.000153494525760411,0.00699625213424714,"Positive"
"ASV_44","ASV_1247",1,0,0,"Positive"
"ASV_252","ASV_1247",0.665147715805747,0.000153494525760411,0.00699625213424714,"Positive"
"ASV_299","ASV_1247",0.720576692122892,2.24538803994534e-05,0.00156051363512379,"Positive"
"ASV_359","ASV_1247",0.665147715805747,0.000153494525760411,0.00699625213424714,"Positive"
"ASV_411","ASV_1247",0.720576692122892,2.24538803994534e-05,0.00156051363512379,"Positive"
"ASV_663","ASV_1247",0.665147715805747,0.000153494525760411,0.00699625213424714,"Positive"
"ASV_671","ASV_1247",1,0,0,"Positive"
"ASV_767","ASV_1247",0.665147715805747,0.000153494525760411,0.00699625213424714,"Positive"
"ASV_1009","ASV_1247",1,0,0,"Positive"
"ASV_1029","ASV_1247",0.665147715805747,0.000153494525760411,0.00699625213424714,"Positive"
"ASV_1094","ASV_1247",1,0,0,"Positive"
"ASV_1097","ASV_1247",0.720576692122892,2.24538803994534e-05,0.00156051363512379,"Positive"
"ASV_1129","ASV_1247",1,0,0,"Positive"
"ASV_1150","ASV_1247",0.665147715805747,0.000153494525760411,0.00699625213424714,"Positive"
"ASV_1207","ASV_1247",0.665147715805747,0.000153494525760411,0.00699625213424714,"Positive"
"ASV_1220","ASV_1247",1,0,0,"Positive"
"ASV_1236","ASV_1247",1,0,0,"Positive"
"ASV_150","ASV_1251",0.720576692122892,2.24538803994534e-05,0.00156051363512379,"Positive"
"ASV_157","ASV_1251",0.720576692122892,2.24538803994534e-05,0.00156051363512379,"Positive"
"ASV_247","ASV_1251",0.720576692122892,2.24538803994534e-05,0.00156051363512379,"Positive"
"ASV_271","ASV_1251",0.997041420118343,0,0,"Positive"
"ASV_316","ASV_1251",0.720576692122892,2.24538803994534e-05,0.00156051363512379,"Positive"
"ASV_399","ASV_1251",0.665147715805747,0.000153494525760411,0.00699625213424714,"Positive"
"ASV_519","ASV_1251",0.665147715805747,0.000153494525760411,0.00699625213424714,"Positive"
"ASV_532","ASV_1251",0.640458391150573,0.000320088686899478,0.0143972713920697,"Positive"
"ASV_658","ASV_1251",0.665147715805747,0.000153494525760411,0.00699625213424714,"Positive"
"ASV_746","ASV_1251",0.665147715805747,0.000153494525760411,0.00699625213424714,"Positive"
"ASV_771","ASV_1251",0.720576692122892,2.24538803994534e-05,0.00156051363512379,"Positive"
"ASV_828","ASV_1251",0.720576692122892,2.24538803994534e-05,0.00156051363512379,"Positive"
"ASV_878","ASV_1251",0.720576692122892,2.24538803994534e-05,0.00156051363512379,"Positive"
"ASV_982","ASV_1251",0.720576692122892,2.24538803994534e-05,0.00156051363512379,"Positive"
"ASV_989","ASV_1251",0.720576692122892,2.24538803994534e-05,0.00156051363512379,"Positive"
"ASV_1004","ASV_1251",0.720576692122892,2.24538803994534e-05,0.00156051363512379,"Positive"
"ASV_1025","ASV_1251",0.720576692122892,2.24538803994534e-05,0.00156051363512379,"Positive"
"ASV_1043","ASV_1251",0.720576692122892,2.24538803994534e-05,0.00156051363512379,"Positive"
"ASV_1070","ASV_1251",0.720576692122892,2.24538803994534e-05,0.00156051363512379,"Positive"
"ASV_1101","ASV_1251",0.665147715805747,0.000153494525760411,0.00699625213424714,"Positive"
"ASV_1127","ASV_1251",0.665147715805747,0.000153494525760411,0.00699625213424714,"Positive"
"ASV_1222","ASV_1251",0.720576692122892,2.24538803994534e-05,0.00156051363512379,"Positive"
"ASV_1235","ASV_1251",0.720576692122892,2.24538803994534e-05,0.00156051363512379,"Positive"
"ASV_293","ASV_1253",0.643496507721114,0.000293422897945206,0.0132086181271113,"Positive"
"ASV_150","ASV_1254",1,0,0,"Positive"
"ASV_157","ASV_1254",1,0,0,"Positive"
"ASV_161","ASV_1254",0.665147715805747,0.000153494525760411,0.00699625213424714,"Positive"
"ASV_211","ASV_1254",0.665147715805747,0.000153494525760411,0.00699625213424714,"Positive"
"ASV_247","ASV_1254",1,0,0,"Positive"
"ASV_271","ASV_1254",0.665147715805747,0.000153494525760411,0.00699625213424714,"Positive"
"ASV_316","ASV_1254",1,0,0,"Positive"
"ASV_474","ASV_1254",0.720576692122892,2.24538803994534e-05,0.00156051363512379,"Positive"
"ASV_521","ASV_1254",0.720576692122892,2.24538803994534e-05,0.00156051363512379,"Positive"
"ASV_771","ASV_1254",1,0,0,"Positive"
"ASV_793","ASV_1254",0.665147715805747,0.000153494525760411,0.00699625213424714,"Positive"
"ASV_803","ASV_1254",0.665147715805747,0.000153494525760411,0.00699625213424714,"Positive"
"ASV_828","ASV_1254",1,0,0,"Positive"
"ASV_878","ASV_1254",1,0,0,"Positive"
"ASV_908","ASV_1254",0.665147715805747,0.000153494525760411,0.00699625213424714,"Positive"
"ASV_932","ASV_1254",0.665147715805747,0.000153494525760411,0.00699625213424714,"Positive"
"ASV_982","ASV_1254",1,0,0,"Positive"
"ASV_989","ASV_1254",1,0,0,"Positive"
"ASV_1004","ASV_1254",1,0,0,"Positive"
"ASV_1025","ASV_1254",1,0,0,"Positive"
"ASV_1043","ASV_1254",1,0,0,"Positive"
"ASV_1070","ASV_1254",1,0,0,"Positive"
"ASV_1189","ASV_1254",0.720576692122892,2.24538803994534e-05,0.00156051363512379,"Positive"
"ASV_1222","ASV_1254",1,0,0,"Positive"
"ASV_1235","ASV_1254",1,0,0,"Positive"
"ASV_1251","ASV_1254",0.720576692122892,2.24538803994534e-05,0.00156051363512379,"Positive"
"ASV_131","ASV_1257",0.720576692122892,2.24538803994534e-05,0.00156051363512379,"Positive"
"ASV_217","ASV_1257",1,0,0,"Positive"
"ASV_251","ASV_1257",1,0,0,"Positive"
"ASV_407","ASV_1257",0.720576692122892,2.24538803994534e-05,0.00156051363512379,"Positive"
"ASV_493","ASV_1257",1,0,0,"Positive"
"ASV_568","ASV_1257",0.720576692122892,2.24538803994534e-05,0.00156051363512379,"Positive"
"ASV_573","ASV_1257",1,0,0,"Positive"
"ASV_587","ASV_1257",1,0,0,"Positive"
"ASV_623","ASV_1257",0.720576692122892,2.24538803994534e-05,0.00156051363512379,"Positive"
"ASV_849","ASV_1257",1,0,0,"Positive"
"ASV_929","ASV_1257",0.720576692122892,2.24538803994534e-05,0.00156051363512379,"Positive"
"ASV_984","ASV_1257",1,0,0,"Positive"
"ASV_258","ASV_1266",0.665147715805747,0.000153494525760411,0.00699625213424714,"Positive"
"ASV_336","ASV_1266",1,0,0,"Positive"
"ASV_442","ASV_1266",0.665147715805747,0.000153494525760411,0.00699625213424714,"Positive"
"ASV_591","ASV_1266",0.665147715805747,0.000153494525760411,0.00699625213424714,"Positive"
"ASV_605","ASV_1266",0.720576692122892,2.24538803994534e-05,0.00156051363512379,"Positive"
"ASV_778","ASV_1266",1,0,0,"Positive"
"ASV_816","ASV_1266",1,0,0,"Positive"
"ASV_850","ASV_1266",0.720576692122892,2.24538803994534e-05,0.00156051363512379,"Positive"
"ASV_860","ASV_1266",0.720576692122892,2.24538803994534e-05,0.00156051363512379,"Positive"
"ASV_906","ASV_1266",1,0,0,"Positive"
"ASV_1021","ASV_1266",1,0,0,"Positive"
"ASV_1071","ASV_1266",1,0,0,"Positive"
"ASV_1125","ASV_1266",1,0,0,"Positive"
"ASV_1203","ASV_1266",1,0,0,"Positive"
"ASV_8","ASV_1268",0.720576692122892,2.24538803994534e-05,0.00156051363512379,"Positive"
"ASV_31","ASV_1268",0.720576692122892,2.24538803994534e-05,0.00156051363512379,"Positive"
"ASV_84","ASV_1268",0.665147715805747,0.000153494525760411,0.00699625213424714,"Positive"
"ASV_104","ASV_1268",1,0,0,"Positive"
"ASV_237","ASV_1268",1,0,0,"Positive"
"ASV_293","ASV_1268",0.720576692122892,2.24538803994534e-05,0.00156051363512379,"Positive"
"ASV_387","ASV_1268",0.720576692122892,2.24538803994534e-05,0.00156051363512379,"Positive"
"ASV_419","ASV_1268",0.720576692122892,2.24538803994534e-05,0.00156051363512379,"Positive"
"ASV_437","ASV_1268",0.665147715805747,0.000153494525760411,0.00699625213424714,"Positive"
"ASV_460","ASV_1268",1,0,0,"Positive"
"ASV_503","ASV_1268",0.720576692122892,2.24538803994534e-05,0.00156051363512379,"Positive"
"ASV_552","ASV_1268",0.665147715805747,0.000153494525760411,0.00699625213424714,"Positive"
"ASV_637","ASV_1268",0.665147715805747,0.000153494525760411,0.00699625213424714,"Positive"
"ASV_691","ASV_1268",0.720576692122892,2.24538803994534e-05,0.00156051363512379,"Positive"
"ASV_789","ASV_1268",1,0,0,"Positive"
"ASV_894","ASV_1268",0.720576692122892,2.24538803994534e-05,0.00156051363512379,"Positive"
"ASV_950","ASV_1268",1,0,0,"Positive"
"ASV_992","ASV_1268",1,0,0,"Positive"
"ASV_1007","ASV_1268",1,0,0,"Positive"
"ASV_1108","ASV_1268",1,0,0,"Positive"
"ASV_1136","ASV_1268",1,0,0,"Positive"
"ASV_44","ASV_1271",0.720576692122892,2.24538803994534e-05,0.00156051363512379,"Positive"
"ASV_145","ASV_1271",0.643496507721114,0.000293422897945206,0.0132086181271113,"Positive"
"ASV_290","ASV_1271",0.8002304995806,5.43241576611564e-07,7.10936547391713e-05,"Positive"
"ASV_328","ASV_1271",0.795306004198565,7.15677216822641e-07,9.2434728981734e-05,"Positive"
"ASV_336","ASV_1271",0.665147715805747,0.000153494525760411,0.00699625213424714,"Positive"
"ASV_508","ASV_1271",0.763296784215341,3.64471975866643e-06,0.000458945768754608,"Positive"
"ASV_671","ASV_1271",0.720576692122892,2.24538803994534e-05,0.00156051363512379,"Positive"
"ASV_778","ASV_1271",0.665147715805747,0.000153494525760411,0.00699625213424714,"Positive"
"ASV_816","ASV_1271",0.665147715805747,0.000153494525760411,0.00699625213424714,"Positive"
"ASV_906","ASV_1271",0.665147715805747,0.000153494525760411,0.00699625213424714,"Positive"
"ASV_1009","ASV_1271",0.720576692122892,2.24538803994534e-05,0.00156051363512379,"Positive"
"ASV_1021","ASV_1271",0.665147715805747,0.000153494525760411,0.00699625213424714,"Positive"
"ASV_1071","ASV_1271",0.665147715805747,0.000153494525760411,0.00699625213424714,"Positive"
"ASV_1094","ASV_1271",0.720576692122892,2.24538803994534e-05,0.00156051363512379,"Positive"
"ASV_1125","ASV_1271",0.665147715805747,0.000153494525760411,0.00699625213424714,"Positive"
"ASV_1129","ASV_1271",0.720576692122892,2.24538803994534e-05,0.00156051363512379,"Positive"
"ASV_1203","ASV_1271",0.665147715805747,0.000153494525760411,0.00699625213424714,"Positive"
"ASV_1220","ASV_1271",0.720576692122892,2.24538803994534e-05,0.00156051363512379,"Positive"
"ASV_1236","ASV_1271",0.720576692122892,2.24538803994534e-05,0.00156051363512379,"Positive"
"ASV_1247","ASV_1271",0.720576692122892,2.24538803994534e-05,0.00156051363512379,"Positive"
"ASV_1266","ASV_1271",0.665147715805747,0.000153494525760411,0.00699625213424714,"Positive"
"ASV_252","ASV_1272",0.643496507721114,0.000293422897945206,0.0132086181271113,"Positive"
"ASV_279","ASV_1272",0.701364070235347,4.58748977574253e-05,0.00314865613125436,"Positive"
"ASV_299","ASV_1272",0.647844457097608,0.000258655734379776,0.0116988071280695,"Positive"
"ASV_359","ASV_1272",0.643496507721114,0.000293422897945206,0.0132086181271113,"Positive"
"ASV_804","ASV_1272",0.678280102733066,0.000100977333874486,0.00687431802304738,"Positive"
"ASV_1097","ASV_1272",0.732629469939241,1.39156190015477e-05,0.00156051363512379,"Positive"
"ASV_1150","ASV_1272",0.643496507721114,0.000293422897945206,0.0132086181271113,"Positive"
"ASV_29","ASV_1274",1,0,0,"Positive"
"ASV_60","ASV_1274",0.720576692122892,2.24538803994534e-05,0.00156051363512379,"Positive"
"ASV_166","ASV_1274",0.720576692122892,2.24538803994534e-05,0.00156051363512379,"Positive"
"ASV_278","ASV_1274",0.665147715805747,0.000153494525760411,0.00699625213424714,"Positive"
"ASV_447","ASV_1274",0.720576692122892,2.24538803994534e-05,0.00156051363512379,"Positive"
"ASV_502","ASV_1274",0.720576692122892,2.24538803994534e-05,0.00156051363512379,"Positive"
"ASV_551","ASV_1274",0.665147715805747,0.000153494525760411,0.00699625213424714,"Positive"
"ASV_628","ASV_1274",0.665147715805747,0.000153494525760411,0.00699625213424714,"Positive"
"ASV_680","ASV_1274",0.720576692122892,2.24538803994534e-05,0.00156051363512379,"Positive"
"ASV_709","ASV_1274",0.665147715805747,0.000153494525760411,0.00699625213424714,"Positive"
"ASV_713","ASV_1274",0.665147715805747,0.000153494525760411,0.00699625213424714,"Positive"
"ASV_765","ASV_1274",0.665147715805747,0.000153494525760411,0.00699625213424714,"Positive"
"ASV_777","ASV_1274",0.720576692122892,2.24538803994534e-05,0.00156051363512379,"Positive"
"ASV_806","ASV_1274",0.622173756032602,0.000530150243934546,0.0236569917375739,"Positive"
"ASV_832","ASV_1274",0.720576692122892,2.24538803994534e-05,0.00156051363512379,"Positive"
"ASV_885","ASV_1274",0.720576692122892,2.24538803994534e-05,0.00156051363512379,"Positive"
"ASV_909","ASV_1274",0.665147715805747,0.000153494525760411,0.00699625213424714,"Positive"
"ASV_953","ASV_1274",0.665147715805747,0.000153494525760411,0.00699625213424714,"Positive"
"ASV_1054","ASV_1274",0.665147715805747,0.000153494525760411,0.00699625213424714,"Positive"
"ASV_1088","ASV_1274",0.720576692122892,2.24538803994534e-05,0.00156051363512379,"Positive"
"ASV_1208","ASV_1274",0.720576692122892,2.24538803994534e-05,0.00156051363512379,"Positive"
"ASV_362","ASV_1279",0.633629034117517,0.000387915551943063,0.017425370858907,"Positive"
"ASV_455","ASV_1280",0.665147715805747,0.000153494525760411,0.00699625213424714,"Positive"
"ASV_464","ASV_1280",1,0,0,"Positive"
"ASV_582","ASV_1280",1,0,0,"Positive"
"ASV_662","ASV_1280",1,0,0,"Positive"
"ASV_691","ASV_1280",0.665147715805747,0.000153494525760411,0.00699625213424714,"Positive"
"ASV_833","ASV_1280",1,0,0,"Positive"
"ASV_867","ASV_1280",1,0,0,"Positive"
"ASV_969","ASV_1280",0.720576692122892,2.24538803994534e-05,0.00156051363512379,"Positive"
"ASV_1023","ASV_1280",1,0,0,"Positive"
"ASV_1035","ASV_1280",1,0,0,"Positive"
"ASV_1134","ASV_1280",1,0,0,"Positive"
"ASV_12","ASV_1281",0.720576692122892,2.24538803994534e-05,0.00156051363512379,"Positive"
"ASV_240","ASV_1281",0.720576692122892,2.24538803994534e-05,0.00156051363512379,"Positive"
"ASV_331","ASV_1281",0.720576692122892,2.24538803994534e-05,0.00156051363512379,"Positive"
"ASV_695","ASV_1281",0.665147715805747,0.000153494525760411,0.00699625213424714,"Positive"
"ASV_848","ASV_1281",1,0,0,"Positive"
"ASV_937","ASV_1281",1,0,0,"Positive"
"ASV_946","ASV_1281",0.720576692122892,2.24538803994534e-05,0.00156051363512379,"Positive"
"ASV_1166","ASV_1281",1,0,0,"Positive"
"ASV_1180","ASV_1281",0.720576692122892,2.24538803994534e-05,0.00156051363512379,"Positive"
"ASV_1241","ASV_1281",1,0,0,"Positive"
"ASV_234","ASV_1284",0.620389344262295,0.000555978856660477,0.0247496105758623,"Positive"
"ASV_134","ASV_1289",0.665147715805747,0.000153494525760411,0.00699625213424714,"Positive"
"ASV_233","ASV_1289",0.665147715805747,0.000153494525760411,0.00699625213424714,"Positive"
"ASV_298","ASV_1289",0.720576692122892,2.24538803994534e-05,0.00156051363512379,"Positive"
"ASV_322","ASV_1289",0.614681428039249,0.00064612054658042,0.0284416522682978,"Positive"
"ASV_341","ASV_1289",0.829777471872807,8.71652050538074e-08,1.15771811706161e-05,"Positive"
"ASV_409","ASV_1289",0.720576692122892,2.24538803994534e-05,0.00156051363512379,"Positive"
"ASV_501","ASV_1289",0.665147715805747,0.000153494525760411,0.00699625213424714,"Positive"
"ASV_580","ASV_1289",0.665147715805747,0.000153494525760411,0.00699625213424714,"Positive"
"ASV_627","ASV_1289",0.720576692122892,2.24538803994534e-05,0.00156051363512379,"Positive"
"ASV_723","ASV_1289",0.829777471872807,8.71652050538074e-08,1.15771811706161e-05,"Positive"
"ASV_949","ASV_1289",0.665147715805747,0.000153494525760411,0.00699625213424714,"Positive"
"ASV_1020","ASV_1289",0.720576692122892,2.24538803994534e-05,0.00156051363512379,"Positive"
"ASV_1050","ASV_1289",0.720576692122892,2.24538803994534e-05,0.00156051363512379,"Positive"
"ASV_1085","ASV_1289",0.720576692122892,2.24538803994534e-05,0.00156051363512379,"Positive"
"ASV_24","ASV_1292",0.720576692122892,2.24538803994534e-05,0.00156051363512379,"Positive"
"ASV_134","ASV_1292",1,0,0,"Positive"
"ASV_233","ASV_1292",1,0,0,"Positive"
"ASV_304","ASV_1292",0.720576692122892,2.24538803994534e-05,0.00156051363512379,"Positive"
"ASV_335","ASV_1292",0.665147715805747,0.000153494525760411,0.00699625213424714,"Positive"
"ASV_373","ASV_1292",0.665147715805747,0.000153494525760411,0.00699625213424714,"Positive"
"ASV_383","ASV_1292",0.720576692122892,2.24538803994534e-05,0.00156051363512379,"Positive"
"ASV_422","ASV_1292",0.665147715805747,0.000153494525760411,0.00699625213424714,"Positive"
"ASV_476","ASV_1292",0.720576692122892,2.24538803994534e-05,0.00156051363512379,"Positive"
"ASV_501","ASV_1292",1,0,0,"Positive"
"ASV_521","ASV_1292",0.665147715805747,0.000153494525760411,0.00699625213424714,"Positive"
"ASV_580","ASV_1292",1,0,0,"Positive"
"ASV_949","ASV_1292",1,0,0,"Positive"
"ASV_1191","ASV_1292",0.665147715805747,0.000153494525760411,0.00699625213424714,"Positive"
"ASV_1289","ASV_1292",0.665147715805747,0.000153494525760411,0.00699625213424714,"Positive"
"ASV_42","ASV_1293",1,0,0,"Positive"
"ASV_239","ASV_1293",0.665147715805747,0.000153494525760411,0.00699625213424714,"Positive"
"ASV_311","ASV_1293",0.665147715805747,0.000153494525760411,0.00699625213424714,"Positive"
"ASV_619","ASV_1293",0.665147715805747,0.000153494525760411,0.00699625213424714,"Positive"
"ASV_647","ASV_1293",0.665147715805747,0.000153494525760411,0.00699625213424714,"Positive"
"ASV_684","ASV_1293",0.665147715805747,0.000153494525760411,0.00699625213424714,"Positive"
"ASV_786","ASV_1293",0.665147715805747,0.000153494525760411,0.00699625213424714,"Positive"
"ASV_790","ASV_1293",0.665147715805747,0.000153494525760411,0.00699625213424714,"Positive"
"ASV_871","ASV_1293",0.665147715805747,0.000153494525760411,0.00699625213424714,"Positive"
"ASV_1073","ASV_1293",0.665147715805747,0.000153494525760411,0.00699625213424714,"Positive"
"ASV_29","ASV_1295",0.665147715805747,0.000153494525760411,0.00699625213424714,"Positive"
"ASV_81","ASV_1295",0.665147715805747,0.000153494525760411,0.00699625213424714,"Positive"
"ASV_278","ASV_1295",1,0,0,"Positive"
"ASV_287","ASV_1295",0.720576692122892,2.24538803994534e-05,0.00156051363512379,"Positive"
"ASV_474","ASV_1295",0.665147715805747,0.000153494525760411,0.00699625213424714,"Positive"
"ASV_551","ASV_1295",1,0,0,"Positive"
"ASV_608","ASV_1295",0.720576692122892,2.24538803994534e-05,0.00156051363512379,"Positive"
"ASV_628","ASV_1295",1,0,0,"Positive"
"ASV_660","ASV_1295",0.665147715805747,0.000153494525760411,0.00699625213424714,"Positive"
"ASV_709","ASV_1295",1,0,0,"Positive"
"ASV_713","ASV_1295",1,0,0,"Positive"
"ASV_765","ASV_1295",1,0,0,"Positive"
"ASV_856","ASV_1295",0.720576692122892,2.24538803994534e-05,0.00156051363512379,"Positive"
"ASV_863","ASV_1295",0.720576692122892,2.24538803994534e-05,0.00156051363512379,"Positive"
"ASV_909","ASV_1295",1,0,0,"Positive"
"ASV_953","ASV_1295",1,0,0,"Positive"
"ASV_1034","ASV_1295",0.665147715805747,0.000153494525760411,0.00699625213424714,"Positive"
"ASV_1054","ASV_1295",1,0,0,"Positive"
"ASV_1191","ASV_1295",0.720576692122892,2.24538803994534e-05,0.00156051363512379,"Positive"
"ASV_1207","ASV_1295",0.720576692122892,2.24538803994534e-05,0.00156051363512379,"Positive"
"ASV_1274","ASV_1295",0.665147715805747,0.000153494525760411,0.00699625213424714,"Positive"
"ASV_47","ASV_1298",0.61864711467176,0.000582249754618402,0.0258773923745792,"Positive"
"ASV_90","ASV_1298",0.720576692122892,2.24538803994534e-05,0.00156051363512379,"Positive"
"ASV_104","ASV_1298",0.665147715805747,0.000153494525760411,0.00699625213424714,"Positive"
"ASV_237","ASV_1298",0.665147715805747,0.000153494525760411,0.00699625213424714,"Positive"
"ASV_397","ASV_1298",0.720576692122892,2.24538803994534e-05,0.00156051363512379,"Positive"
"ASV_448","ASV_1298",0.720576692122892,2.24538803994534e-05,0.00156051363512379,"Positive"
"ASV_460","ASV_1298",0.665147715805747,0.000153494525760411,0.00699625213424714,"Positive"
"ASV_543","ASV_1298",0.720576692122892,2.24538803994534e-05,0.00156051363512379,"Positive"
"ASV_789","ASV_1298",0.665147715805747,0.000153494525760411,0.00699625213424714,"Positive"
"ASV_950","ASV_1298",0.665147715805747,0.000153494525760411,0.00699625213424714,"Positive"
"ASV_992","ASV_1298",0.665147715805747,0.000153494525760411,0.00699625213424714,"Positive"
"ASV_1007","ASV_1298",0.665147715805747,0.000153494525760411,0.00699625213424714,"Positive"
"ASV_1084","ASV_1298",0.8002304995806,5.43241576611564e-07,7.10936547391713e-05,"Positive"
"ASV_1108","ASV_1298",0.665147715805747,0.000153494525760411,0.00699625213424714,"Positive"
"ASV_1136","ASV_1298",0.665147715805747,0.000153494525760411,0.00699625213424714,"Positive"
"ASV_1181","ASV_1298",0.720576692122892,2.24538803994534e-05,0.00156051363512379,"Positive"
"ASV_1268","ASV_1298",0.665147715805747,0.000153494525760411,0.00699625213424714,"Positive"
"ASV_1279","ASV_1298",0.647844457097608,0.000258655734379776,0.0116988071280695,"Positive"
"ASV_293","ASV_1301",0.765759031906359,3.24513858140918e-06,0.000415059381465605,"Positive"
"ASV_87","ASV_1303",0.829777471872807,8.71652050538074e-08,1.15771811706161e-05,"Positive"
"ASV_134","ASV_1303",0.720576692122892,2.24538803994534e-05,0.00156051363512379,"Positive"
"ASV_150","ASV_1303",0.665147715805747,0.000153494525760411,0.00699625213424714,"Positive"
"ASV_157","ASV_1303",0.665147715805747,0.000153494525760411,0.00699625213424714,"Positive"
"ASV_233","ASV_1303",0.720576692122892,2.24538803994534e-05,0.00156051363512379,"Positive"
"ASV_247","ASV_1303",0.665147715805747,0.000153494525760411,0.00699625213424714,"Positive"
"ASV_316","ASV_1303",0.665147715805747,0.000153494525760411,0.00699625213424714,"Positive"
"ASV_501","ASV_1303",0.720576692122892,2.24538803994534e-05,0.00156051363512379,"Positive"
"ASV_521","ASV_1303",0.997041420118343,0,0,"Positive"
"ASV_534","ASV_1303",0.670201040894407,0.00013096699263615,0.00699625213424714,"Positive"
"ASV_580","ASV_1303",0.720576692122892,2.24538803994534e-05,0.00156051363512379,"Positive"
"ASV_723","ASV_1303",0.8002304995806,5.43241576611564e-07,7.10936547391713e-05,"Positive"
"ASV_771","ASV_1303",0.665147715805747,0.000153494525760411,0.00699625213424714,"Positive"
"ASV_828","ASV_1303",0.665147715805747,0.000153494525760411,0.00699625213424714,"Positive"
"ASV_878","ASV_1303",0.665147715805747,0.000153494525760411,0.00699625213424714,"Positive"
"ASV_949","ASV_1303",0.720576692122892,2.24538803994534e-05,0.00156051363512379,"Positive"
"ASV_982","ASV_1303",0.665147715805747,0.000153494525760411,0.00699625213424714,"Positive"
"ASV_989","ASV_1303",0.665147715805747,0.000153494525760411,0.00699625213424714,"Positive"
"ASV_1004","ASV_1303",0.665147715805747,0.000153494525760411,0.00699625213424714,"Positive"
"ASV_1025","ASV_1303",0.665147715805747,0.000153494525760411,0.00699625213424714,"Positive"
"ASV_1043","ASV_1303",0.665147715805747,0.000153494525760411,0.00699625213424714,"Positive"
"ASV_1070","ASV_1303",0.665147715805747,0.000153494525760411,0.00699625213424714,"Positive"
"ASV_1222","ASV_1303",0.665147715805747,0.000153494525760411,0.00699625213424714,"Positive"
"ASV_1235","ASV_1303",0.665147715805747,0.000153494525760411,0.00699625213424714,"Positive"
"ASV_1254","ASV_1303",0.665147715805747,0.000153494525760411,0.00699625213424714,"Positive"
"ASV_1292","ASV_1303",0.720576692122892,2.24538803994534e-05,0.00156051363512379,"Positive"
"ASV_8","ASV_1306",0.665147715805747,0.000153494525760411,0.00699625213424714,"Positive"
"ASV_65","ASV_1306",0.720576692122892,2.24538803994534e-05,0.00156051363512379,"Positive"
"ASV_75","ASV_1306",1,0,0,"Positive"
"ASV_110","ASV_1306",0.720576692122892,2.24538803994534e-05,0.00156051363512379,"Positive"
"ASV_127","ASV_1306",1,0,0,"Positive"
"ASV_137","ASV_1306",0.720576692122892,2.24538803994534e-05,0.00156051363512379,"Positive"
"ASV_159","ASV_1306",0.720576692122892,2.24538803994534e-05,0.00156051363512379,"Positive"
"ASV_222","ASV_1306",1,0,0,"Positive"
"ASV_252","ASV_1306",0.720576692122892,2.24538803994534e-05,0.00156051363512379,"Positive"
"ASV_257","ASV_1306",1,0,0,"Positive"
"ASV_274","ASV_1306",1,0,0,"Positive"
"ASV_283","ASV_1306",1,0,0,"Positive"
"ASV_287","ASV_1306",0.665147715805747,0.000153494525760411,0.00699625213424714,"Positive"
"ASV_299","ASV_1306",0.665147715805747,0.000153494525760411,0.00699625213424714,"Positive"
"ASV_321","ASV_1306",0.720576692122892,2.24538803994534e-05,0.00156051363512379,"Positive"
"ASV_335","ASV_1306",0.720576692122892,2.24538803994534e-05,0.00156051363512379,"Positive"
"ASV_342","ASV_1306",0.665147715805747,0.000153494525760411,0.00699625213424714,"Positive"
"ASV_352","ASV_1306",1,0,0,"Positive"
"ASV_359","ASV_1306",0.720576692122892,2.24538803994534e-05,0.00156051363512379,"Positive"
"ASV_360","ASV_1306",0.665147715805747,0.000153494525760411,0.00699625213424714,"Positive"
"ASV_366","ASV_1306",1,0,0,"Positive"
"ASV_384","ASV_1306",1,0,0,"Positive"
"ASV_419","ASV_1306",0.665147715805747,0.000153494525760411,0.00699625213424714,"Positive"
"ASV_421","ASV_1306",1,0,0,"Positive"
"ASV_423","ASV_1306",0.665147715805747,0.000153494525760411,0.00699625213424714,"Positive"
"ASV_431","ASV_1306",1,0,0,"Positive"
"ASV_437","ASV_1306",0.720576692122892,2.24538803994534e-05,0.00156051363512379,"Positive"
"ASV_503","ASV_1306",0.665147715805747,0.000153494525760411,0.00699625213424714,"Positive"
"ASV_538","ASV_1306",1,0,0,"Positive"
"ASV_539","ASV_1306",0.665147715805747,0.000153494525760411,0.00699625213424714,"Positive"
"ASV_546","ASV_1306",1,0,0,"Positive"
"ASV_561","ASV_1306",1,0,0,"Positive"
"ASV_568","ASV_1306",0.665147715805747,0.000153494525760411,0.00699625213424714,"Positive"
"ASV_570","ASV_1306",1,0,0,"Positive"
"ASV_600","ASV_1306",0.665147715805747,0.000153494525760411,0.00699625213424714,"Positive"
"ASV_612","ASV_1306",1,0,0,"Positive"
"ASV_631","ASV_1306",0.665147715805747,0.000153494525760411,0.00699625213424714,"Positive"
"ASV_665","ASV_1306",1,0,0,"Positive"
"ASV_669","ASV_1306",0.665147715805747,0.000153494525760411,0.00699625213424714,"Positive"
"ASV_683","ASV_1306",1,0,0,"Positive"
"ASV_693","ASV_1306",1,0,0,"Positive"
"ASV_705","ASV_1306",1,0,0,"Positive"
"ASV_727","ASV_1306",1,0,0,"Positive"
"ASV_728","ASV_1306",1,0,0,"Positive"
"ASV_734","ASV_1306",0.720576692122892,2.24538803994534e-05,0.00156051363512379,"Positive"
"ASV_742","ASV_1306",0.665147715805747,0.000153494525760411,0.00699625213424714,"Positive"
"ASV_772","ASV_1306",0.720576692122892,2.24538803994534e-05,0.00156051363512379,"Positive"
"ASV_785","ASV_1306",1,0,0,"Positive"
"ASV_804","ASV_1306",0.665147715805747,0.000153494525760411,0.00699625213424714,"Positive"
"ASV_811","ASV_1306",1,0,0,"Positive"
"ASV_850","ASV_1306",0.665147715805747,0.000153494525760411,0.00699625213424714,"Positive"
"ASV_894","ASV_1306",0.665147715805747,0.000153494525760411,0.00699625213424714,"Positive"
"ASV_907","ASV_1306",1,0,0,"Positive"
"ASV_990","ASV_1306",1,0,0,"Positive"
"ASV_1019","ASV_1306",1,0,0,"Positive"
"ASV_1062","ASV_1306",0.720576692122892,2.24538803994534e-05,0.00156051363512379,"Positive"
"ASV_1092","ASV_1306",1,0,0,"Positive"
"ASV_1150","ASV_1306",0.720576692122892,2.24538803994534e-05,0.00156051363512379,"Positive"
"ASV_1165","ASV_1306",0.665147715805747,0.000153494525760411,0.00699625213424714,"Positive"
"ASV_1190","ASV_1306",0.720576692122892,2.24538803994534e-05,0.00156051363512379,"Positive"
"ASV_1196","ASV_1306",0.665147715805747,0.000153494525760411,0.00699625213424714,"Positive"
"ASV_44","ASV_1310",1,0,0,"Positive"
"ASV_252","ASV_1310",0.665147715805747,0.000153494525760411,0.00699625213424714,"Positive"
"ASV_299","ASV_1310",0.720576692122892,2.24538803994534e-05,0.00156051363512379,"Positive"
"ASV_359","ASV_1310",0.665147715805747,0.000153494525760411,0.00699625213424714,"Positive"
"ASV_411","ASV_1310",0.720576692122892,2.24538803994534e-05,0.00156051363512379,"Positive"
"ASV_663","ASV_1310",0.665147715805747,0.000153494525760411,0.00699625213424714,"Positive"
"ASV_671","ASV_1310",1,0,0,"Positive"
"ASV_767","ASV_1310",0.665147715805747,0.000153494525760411,0.00699625213424714,"Positive"
"ASV_1009","ASV_1310",1,0,0,"Positive"
"ASV_1029","ASV_1310",0.665147715805747,0.000153494525760411,0.00699625213424714,"Positive"
"ASV_1094","ASV_1310",1,0,0,"Positive"
"ASV_1097","ASV_1310",0.720576692122892,2.24538803994534e-05,0.00156051363512379,"Positive"
"ASV_1129","ASV_1310",1,0,0,"Positive"
"ASV_1150","ASV_1310",0.665147715805747,0.000153494525760411,0.00699625213424714,"Positive"
"ASV_1207","ASV_1310",0.665147715805747,0.000153494525760411,0.00699625213424714,"Positive"
"ASV_1220","ASV_1310",1,0,0,"Positive"
"ASV_1236","ASV_1310",1,0,0,"Positive"
"ASV_1247","ASV_1310",1,0,0,"Positive"
"ASV_1271","ASV_1310",0.720576692122892,2.24538803994534e-05,0.00156051363512379,"Positive"
"ASV_29","ASV_1311",0.720576692122892,2.24538803994534e-05,0.00156051363512379,"Positive"
"ASV_49","ASV_1311",0.720576692122892,2.24538803994534e-05,0.00156051363512379,"Positive"
"ASV_60","ASV_1311",1,0,0,"Positive"
"ASV_166","ASV_1311",1,0,0,"Positive"
"ASV_304","ASV_1311",0.665147715805747,0.000153494525760411,0.00699625213424714,"Positive"
"ASV_371","ASV_1311",0.665147715805747,0.000153494525760411,0.00699625213424714,"Positive"
"ASV_407","ASV_1311",0.665147715805747,0.000153494525760411,0.00699625213424714,"Positive"
"ASV_441","ASV_1311",0.720576692122892,2.24538803994534e-05,0.00156051363512379,"Positive"
"ASV_447","ASV_1311",1,0,0,"Positive"
"ASV_502","ASV_1311",1,0,0,"Positive"
"ASV_601","ASV_1311",0.665147715805747,0.000153494525760411,0.00699625213424714,"Positive"
"ASV_637","ASV_1311",0.720576692122892,2.24538803994534e-05,0.00156051363512379,"Positive"
"ASV_680","ASV_1311",1,0,0,"Positive"
"ASV_734","ASV_1311",0.665147715805747,0.000153494525760411,0.00699625213424714,"Positive"
"ASV_777","ASV_1311",1,0,0,"Positive"
"ASV_832","ASV_1311",1,0,0,"Positive"
"ASV_885","ASV_1311",1,0,0,"Positive"
"ASV_908","ASV_1311",0.720576692122892,2.24538803994534e-05,0.00156051363512379,"Positive"
"ASV_922","ASV_1311",0.720576692122892,2.24538803994534e-05,0.00156051363512379,"Positive"
"ASV_932","ASV_1311",0.720576692122892,2.24538803994534e-05,0.00156051363512379,"Positive"
"ASV_958","ASV_1311",0.720576692122892,2.24538803994534e-05,0.00156051363512379,"Positive"
"ASV_1088","ASV_1311",1,0,0,"Positive"
"ASV_1196","ASV_1311",0.720576692122892,2.24538803994534e-05,0.00156051363512379,"Positive"
"ASV_1208","ASV_1311",1,0,0,"Positive"
"ASV_1274","ASV_1311",0.720576692122892,2.24538803994534e-05,0.00156051363512379,"Positive"
"ASV_137","ASV_1315",0.665147715805747,0.000153494525760411,0.00699625213424714,"Positive"
"ASV_211","ASV_1315",0.720576692122892,2.24538803994534e-05,0.00156051363512379,"Positive"
"ASV_272","ASV_1315",1,0,0,"Positive"
"ASV_383","ASV_1315",0.665147715805747,0.000153494525760411,0.00699625213424714,"Positive"
"ASV_422","ASV_1315",0.720576692122892,2.24538803994534e-05,0.00156051363512379,"Positive"
"ASV_455","ASV_1315",0.720576692122892,2.24538803994534e-05,0.00156051363512379,"Positive"
"ASV_598","ASV_1315",1,0,0,"Positive"
"ASV_600","ASV_1315",0.720576692122892,2.24538803994534e-05,0.00156051363512379,"Positive"
"ASV_608","ASV_1315",0.665147715805747,0.000153494525760411,0.00699625213424714,"Positive"
"ASV_631","ASV_1315",0.720576692122892,2.24538803994534e-05,0.00156051363512379,"Positive"
"ASV_695","ASV_1315",0.720576692122892,2.24538803994534e-05,0.00156051363512379,"Positive"
"ASV_912","ASV_1315",1,0,0,"Positive"
"ASV_988","ASV_1315",0.665147715805747,0.000153494525760411,0.00699625213424714,"Positive"
"ASV_1012","ASV_1315",0.720576692122892,2.24538803994534e-05,0.00156051363512379,"Positive"
"ASV_1024","ASV_1315",1,0,0,"Positive"
"ASV_1061","ASV_1315",1,0,0,"Positive"
"ASV_8","ASV_1318",0.720576692122892,2.24538803994534e-05,0.00156051363512379,"Positive"
"ASV_31","ASV_1318",0.720576692122892,2.24538803994534e-05,0.00156051363512379,"Positive"
"ASV_84","ASV_1318",0.665147715805747,0.000153494525760411,0.00699625213424714,"Positive"
"ASV_104","ASV_1318",1,0,0,"Positive"
"ASV_237","ASV_1318",1,0,0,"Positive"
"ASV_293","ASV_1318",0.720576692122892,2.24538803994534e-05,0.00156051363512379,"Positive"
"ASV_387","ASV_1318",0.720576692122892,2.24538803994534e-05,0.00156051363512379,"Positive"
"ASV_419","ASV_1318",0.720576692122892,2.24538803994534e-05,0.00156051363512379,"Positive"
"ASV_437","ASV_1318",0.665147715805747,0.000153494525760411,0.00699625213424714,"Positive"
"ASV_460","ASV_1318",1,0,0,"Positive"
"ASV_503","ASV_1318",0.720576692122892,2.24538803994534e-05,0.00156051363512379,"Positive"
"ASV_552","ASV_1318",0.665147715805747,0.000153494525760411,0.00699625213424714,"Positive"
"ASV_637","ASV_1318",0.665147715805747,0.000153494525760411,0.00699625213424714,"Positive"
"ASV_691","ASV_1318",0.720576692122892,2.24538803994534e-05,0.00156051363512379,"Positive"
"ASV_789","ASV_1318",1,0,0,"Positive"
"ASV_894","ASV_1318",0.720576692122892,2.24538803994534e-05,0.00156051363512379,"Positive"
"ASV_950","ASV_1318",1,0,0,"Positive"
"ASV_992","ASV_1318",1,0,0,"Positive"
"ASV_1007","ASV_1318",1,0,0,"Positive"
"ASV_1108","ASV_1318",1,0,0,"Positive"
"ASV_1136","ASV_1318",1,0,0,"Positive"
"ASV_1268","ASV_1318",1,0,0,"Positive"
"ASV_1298","ASV_1318",0.665147715805747,0.000153494525760411,0.00699625213424714,"Positive"
"ASV_226","ASV_1319",0.832239719563824,7.36862437733521e-08,9.94947876598897e-06,"Positive"
"ASV_601","ASV_1319",0.765759031906359,3.24513858140918e-06,0.000415059381465605,"Positive"
"ASV_1194","ASV_1319",0.829777471872807,8.71652050538074e-08,1.15771811706161e-05,"Positive"
"ASV_48","ASV_1322",0.665147715805747,0.000153494525760411,0.00699625213424714,"Positive"
"ASV_131","ASV_1322",0.665147715805747,0.000153494525760411,0.00699625213424714,"Positive"
"ASV_220","ASV_1322",1,0,0,"Positive"
"ASV_293","ASV_1322",0.665147715805747,0.000153494525760411,0.00699625213424714,"Positive"
"ASV_351","ASV_1322",1,0,0,"Positive"
"ASV_469","ASV_1322",1,0,0,"Positive"
"ASV_512","ASV_1322",1,0,0,"Positive"
"ASV_650","ASV_1322",0.720576692122892,2.24538803994534e-05,0.00156051363512379,"Positive"
"ASV_710","ASV_1322",0.665147715805747,0.000153494525760411,0.00699625213424714,"Positive"
"ASV_747","ASV_1322",1,0,0,"Positive"
"ASV_812","ASV_1322",1,0,0,"Positive"
"ASV_831","ASV_1322",1,0,0,"Positive"
"ASV_859","ASV_1322",1,0,0,"Positive"
"ASV_874","ASV_1322",1,0,0,"Positive"
"ASV_879","ASV_1322",1,0,0,"Positive"
"ASV_921","ASV_1322",1,0,0,"Positive"
"ASV_983","ASV_1322",1,0,0,"Positive"
"ASV_1012","ASV_1322",0.665147715805747,0.000153494525760411,0.00699625213424714,"Positive"
"ASV_1033","ASV_1322",1,0,0,"Positive"
"ASV_1045","ASV_1322",1,0,0,"Positive"
"ASV_1060","ASV_1322",1,0,0,"Positive"
"ASV_1062","ASV_1322",0.665147715805747,0.000153494525760411,0.00699625213424714,"Positive"
"ASV_1074","ASV_1322",1,0,0,"Positive"
"ASV_1077","ASV_1322",1,0,0,"Positive"
"ASV_1080","ASV_1322",1,0,0,"Positive"
"ASV_1102","ASV_1322",1,0,0,"Positive"
"ASV_1107","ASV_1322",1,0,0,"Positive"
"ASV_1118","ASV_1322",1,0,0,"Positive"
"ASV_1128","ASV_1322",1,0,0,"Positive"
"ASV_1179","ASV_1322",0.665147715805747,0.000153494525760411,0.00699625213424714,"Positive"
"ASV_1242","ASV_1322",1,0,0,"Positive"
"ASV_60","ASV_1324",0.720576692122892,2.24538803994534e-05,0.00156051363512379,"Positive"
"ASV_100","ASV_1324",0.665147715805747,0.000153494525760411,0.00699625213424714,"Positive"
"ASV_122","ASV_1324",0.665147715805747,0.000153494525760411,0.00699625213424714,"Positive"
"ASV_166","ASV_1324",0.720576692122892,2.24538803994534e-05,0.00156051363512379,"Positive"
"ASV_173","ASV_1324",0.643496507721114,0.000293422897945206,0.0132086181271113,"Positive"
"ASV_262","ASV_1324",0.765759031906359,3.24513858140918e-06,0.000415059381465605,"Positive"
"ASV_337","ASV_1324",0.665147715805747,0.000153494525760411,0.00699625213424714,"Positive"
"ASV_371","ASV_1324",0.997041420118343,0,0,"Positive"
"ASV_389","ASV_1324",0.702193824303783,4.45318073913903e-05,0.00305723135512934,"Positive"
"ASV_429","ASV_1324",0.706541773680277,3.8048701537452e-05,0.00262650072680959,"Positive"
"ASV_447","ASV_1324",0.720576692122892,2.24538803994534e-05,0.00156051363512379,"Positive"
"ASV_494","ASV_1324",0.665147715805747,0.000153494525760411,0.00699625213424714,"Positive"
"ASV_502","ASV_1324",0.720576692122892,2.24538803994534e-05,0.00156051363512379,"Positive"
"ASV_535","ASV_1324",0.665147715805747,0.000153494525760411,0.00699625213424714,"Positive"
"ASV_596","ASV_1324",0.665147715805747,0.000153494525760411,0.00699625213424714,"Positive"
"ASV_611","ASV_1324",0.665147715805747,0.000153494525760411,0.00699625213424714,"Positive"
"ASV_652","ASV_1324",0.665147715805747,0.000153494525760411,0.00699625213424714,"Positive"
"ASV_680","ASV_1324",0.720576692122892,2.24538803994534e-05,0.00156051363512379,"Positive"
"ASV_777","ASV_1324",0.720576692122892,2.24538803994534e-05,0.00156051363512379,"Positive"
"ASV_832","ASV_1324",0.720576692122892,2.24538803994534e-05,0.00156051363512379,"Positive"
"ASV_885","ASV_1324",0.720576692122892,2.24538803994534e-05,0.00156051363512379,"Positive"
"ASV_903","ASV_1324",0.665147715805747,0.000153494525760411,0.00699625213424714,"Positive"
"ASV_916","ASV_1324",0.665147715805747,0.000153494525760411,0.00699625213424714,"Positive"
"ASV_1049","ASV_1324",0.665147715805747,0.000153494525760411,0.00699625213424714,"Positive"
"ASV_1088","ASV_1324",0.720576692122892,2.24538803994534e-05,0.00156051363512379,"Positive"
"ASV_1110","ASV_1324",0.640458391150573,0.000320088686899478,0.0143972713920697,"Positive"
"ASV_1208","ASV_1324",0.720576692122892,2.24538803994534e-05,0.00156051363512379,"Positive"
"ASV_1311","ASV_1324",0.720576692122892,2.24538803994534e-05,0.00156051363512379,"Positive"
"ASV_455","ASV_1331",0.665147715805747,0.000153494525760411,0.00699625213424714,"Positive"
"ASV_464","ASV_1331",1,0,0,"Positive"
"ASV_582","ASV_1331",1,0,0,"Positive"
"ASV_662","ASV_1331",1,0,0,"Positive"
"ASV_691","ASV_1331",0.665147715805747,0.000153494525760411,0.00699625213424714,"Positive"
"ASV_833","ASV_1331",1,0,0,"Positive"
"ASV_867","ASV_1331",1,0,0,"Positive"
"ASV_969","ASV_1331",0.720576692122892,2.24538803994534e-05,0.00156051363512379,"Positive"
"ASV_1023","ASV_1331",1,0,0,"Positive"
"ASV_1035","ASV_1331",1,0,0,"Positive"
"ASV_1134","ASV_1331",1,0,0,"Positive"
"ASV_1280","ASV_1331",1,0,0,"Positive"
"ASV_8","ASV_1332",0.665147715805747,0.000153494525760411,0.00699625213424714,"Positive"
"ASV_65","ASV_1332",0.720576692122892,2.24538803994534e-05,0.00156051363512379,"Positive"
"ASV_75","ASV_1332",1,0,0,"Positive"
"ASV_110","ASV_1332",0.720576692122892,2.24538803994534e-05,0.00156051363512379,"Positive"
"ASV_127","ASV_1332",1,0,0,"Positive"
"ASV_137","ASV_1332",0.720576692122892,2.24538803994534e-05,0.00156051363512379,"Positive"
"ASV_159","ASV_1332",0.720576692122892,2.24538803994534e-05,0.00156051363512379,"Positive"
"ASV_222","ASV_1332",1,0,0,"Positive"
"ASV_252","ASV_1332",0.720576692122892,2.24538803994534e-05,0.00156051363512379,"Positive"
"ASV_257","ASV_1332",1,0,0,"Positive"
"ASV_274","ASV_1332",1,0,0,"Positive"
"ASV_283","ASV_1332",1,0,0,"Positive"
"ASV_287","ASV_1332",0.665147715805747,0.000153494525760411,0.00699625213424714,"Positive"
"ASV_299","ASV_1332",0.665147715805747,0.000153494525760411,0.00699625213424714,"Positive"
"ASV_321","ASV_1332",0.720576692122892,2.24538803994534e-05,0.00156051363512379,"Positive"
"ASV_335","ASV_1332",0.720576692122892,2.24538803994534e-05,0.00156051363512379,"Positive"
"ASV_342","ASV_1332",0.665147715805747,0.000153494525760411,0.00699625213424714,"Positive"
"ASV_352","ASV_1332",1,0,0,"Positive"
"ASV_359","ASV_1332",0.720576692122892,2.24538803994534e-05,0.00156051363512379,"Positive"
"ASV_360","ASV_1332",0.665147715805747,0.000153494525760411,0.00699625213424714,"Positive"
"ASV_366","ASV_1332",1,0,0,"Positive"
"ASV_384","ASV_1332",1,0,0,"Positive"
"ASV_419","ASV_1332",0.665147715805747,0.000153494525760411,0.00699625213424714,"Positive"
"ASV_421","ASV_1332",1,0,0,"Positive"
"ASV_423","ASV_1332",0.665147715805747,0.000153494525760411,0.00699625213424714,"Positive"
"ASV_431","ASV_1332",1,0,0,"Positive"
"ASV_437","ASV_1332",0.720576692122892,2.24538803994534e-05,0.00156051363512379,"Positive"
"ASV_503","ASV_1332",0.665147715805747,0.000153494525760411,0.00699625213424714,"Positive"
"ASV_538","ASV_1332",1,0,0,"Positive"
"ASV_539","ASV_1332",0.665147715805747,0.000153494525760411,0.00699625213424714,"Positive"
"ASV_546","ASV_1332",1,0,0,"Positive"
"ASV_561","ASV_1332",1,0,0,"Positive"
"ASV_568","ASV_1332",0.665147715805747,0.000153494525760411,0.00699625213424714,"Positive"
"ASV_570","ASV_1332",1,0,0,"Positive"
"ASV_600","ASV_1332",0.665147715805747,0.000153494525760411,0.00699625213424714,"Positive"
"ASV_612","ASV_1332",1,0,0,"Positive"
"ASV_631","ASV_1332",0.665147715805747,0.000153494525760411,0.00699625213424714,"Positive"
"ASV_665","ASV_1332",1,0,0,"Positive"
"ASV_669","ASV_1332",0.665147715805747,0.000153494525760411,0.00699625213424714,"Positive"
"ASV_683","ASV_1332",1,0,0,"Positive"
"ASV_693","ASV_1332",1,0,0,"Positive"
"ASV_705","ASV_1332",1,0,0,"Positive"
"ASV_727","ASV_1332",1,0,0,"Positive"
"ASV_728","ASV_1332",1,0,0,"Positive"
"ASV_734","ASV_1332",0.720576692122892,2.24538803994534e-05,0.00156051363512379,"Positive"
"ASV_742","ASV_1332",0.665147715805747,0.000153494525760411,0.00699625213424714,"Positive"
"ASV_772","ASV_1332",0.720576692122892,2.24538803994534e-05,0.00156051363512379,"Positive"
"ASV_785","ASV_1332",1,0,0,"Positive"
"ASV_804","ASV_1332",0.665147715805747,0.000153494525760411,0.00699625213424714,"Positive"
"ASV_811","ASV_1332",1,0,0,"Positive"
"ASV_850","ASV_1332",0.665147715805747,0.000153494525760411,0.00699625213424714,"Positive"
"ASV_894","ASV_1332",0.665147715805747,0.000153494525760411,0.00699625213424714,"Positive"
"ASV_907","ASV_1332",1,0,0,"Positive"
"ASV_990","ASV_1332",1,0,0,"Positive"
"ASV_1019","ASV_1332",1,0,0,"Positive"
"ASV_1062","ASV_1332",0.720576692122892,2.24538803994534e-05,0.00156051363512379,"Positive"
"ASV_1092","ASV_1332",1,0,0,"Positive"
"ASV_1150","ASV_1332",0.720576692122892,2.24538803994534e-05,0.00156051363512379,"Positive"
"ASV_1165","ASV_1332",0.665147715805747,0.000153494525760411,0.00699625213424714,"Positive"
"ASV_1190","ASV_1332",0.720576692122892,2.24538803994534e-05,0.00156051363512379,"Positive"
"ASV_1196","ASV_1332",0.665147715805747,0.000153494525760411,0.00699625213424714,"Positive"
"ASV_1306","ASV_1332",1,0,0,"Positive"
"ASV_12","ASV_1335",0.665147715805747,0.000153494525760411,0.00699625213424714,"Positive"
"ASV_31","ASV_1335",0.665147715805747,0.000153494525760411,0.00699625213424714,"Positive"
"ASV_271","ASV_1335",0.720576692122892,2.24538803994534e-05,0.00156051363512379,"Positive"
"ASV_331","ASV_1335",0.665147715805747,0.000153494525760411,0.00699625213424714,"Positive"
"ASV_399","ASV_1335",1,0,0,"Positive"
"ASV_519","ASV_1335",1,0,0,"Positive"
"ASV_658","ASV_1335",1,0,0,"Positive"
"ASV_708","ASV_1335",0.720576692122892,2.24538803994534e-05,0.00156051363512379,"Positive"
"ASV_746","ASV_1335",1,0,0,"Positive"
"ASV_1082","ASV_1335",0.665147715805747,0.000153494525760411,0.00699625213424714,"Positive"
"ASV_1101","ASV_1335",1,0,0,"Positive"
"ASV_1127","ASV_1335",1,0,0,"Positive"
"ASV_1251","ASV_1335",0.665147715805747,0.000153494525760411,0.00699625213424714,"Positive"
"ASV_262","ASV_1344",0.652151639344262,0.000227836393568381,0.0103523044281977,"Positive"
"ASV_441","ASV_1344",0.763296784215341,3.64471975866643e-06,0.000458945768754608,"Positive"
"ASV_483","ASV_1344",0.618340163934426,0.000586988732612204,0.0260503111334429,"Positive"
"ASV_637","ASV_1344",0.795306004198565,7.15677216822641e-07,9.2434728981734e-05,"Positive"
"ASV_1084","ASV_1344",0.648053278688525,0.000257081160242034,0.0116466488061395,"Positive"
"ASV_1152","ASV_1344",0.618340163934426,0.000586988732612204,0.0260503111334429,"Positive"
"ASV_1298","ASV_1344",0.829777471872807,8.71652050538074e-08,1.15771811706161e-05,"Positive"
"ASV_387","ASV_1347",0.665147715805747,0.000153494525760411,0.00699625213424714,"Positive"
"ASV_552","ASV_1347",0.720576692122892,2.24538803994534e-05,0.00156051363512379,"Positive"
"ASV_605","ASV_1347",0.665147715805747,0.000153494525760411,0.00699625213424714,"Positive"
"ASV_645","ASV_1347",0.665147715805747,0.000153494525760411,0.00699625213424714,"Positive"
"ASV_804","ASV_1347",0.720576692122892,2.24538803994534e-05,0.00156051363512379,"Positive"
"ASV_1044","ASV_1347",1,0,0,"Positive"
"ASV_1091","ASV_1347",1,0,0,"Positive"
"ASV_1097","ASV_1347",0.665147715805747,0.000153494525760411,0.00699625213424714,"Positive"
"ASV_1189","ASV_1347",0.665147715805747,0.000153494525760411,0.00699625213424714,"Positive"
"ASV_1202","ASV_1347",1,0,0,"Positive"
"ASV_57","ASV_1352",0.673932153356572,0.00011625979537655,0.00699625213424714,"Positive"
"ASV_12","ASV_1355",0.720576692122892,2.24538803994534e-05,0.00156051363512379,"Positive"
"ASV_240","ASV_1355",0.720576692122892,2.24538803994534e-05,0.00156051363512379,"Positive"
"ASV_331","ASV_1355",0.720576692122892,2.24538803994534e-05,0.00156051363512379,"Positive"
"ASV_695","ASV_1355",0.665147715805747,0.000153494525760411,0.00699625213424714,"Positive"
"ASV_848","ASV_1355",1,0,0,"Positive"
"ASV_937","ASV_1355",1,0,0,"Positive"
"ASV_946","ASV_1355",0.720576692122892,2.24538803994534e-05,0.00156051363512379,"Positive"
"ASV_1166","ASV_1355",1,0,0,"Positive"
"ASV_1180","ASV_1355",0.720576692122892,2.24538803994534e-05,0.00156051363512379,"Positive"
"ASV_1241","ASV_1355",1,0,0,"Positive"
"ASV_1281","ASV_1355",1,0,0,"Positive"
"ASV_65","ASV_1357",0.665147715805747,0.000153494525760411,0.00699625213424714,"Positive"
"ASV_81","ASV_1357",0.720576692122892,2.24538803994534e-05,0.00156051363512379,"Positive"
"ASV_100","ASV_1357",1,0,0,"Positive"
"ASV_122","ASV_1357",1,0,0,"Positive"
"ASV_240","ASV_1357",0.665147715805747,0.000153494525760411,0.00699625213424714,"Positive"
"ASV_337","ASV_1357",1,0,0,"Positive"
"ASV_360","ASV_1357",0.720576692122892,2.24538803994534e-05,0.00156051363512379,"Positive"
"ASV_371","ASV_1357",0.720576692122892,2.24538803994534e-05,0.00156051363512379,"Positive"
"ASV_494","ASV_1357",1,0,0,"Positive"
"ASV_535","ASV_1357",1,0,0,"Positive"
"ASV_596","ASV_1357",1,0,0,"Positive"
"ASV_611","ASV_1357",1,0,0,"Positive"
"ASV_623","ASV_1357",0.665147715805747,0.000153494525760411,0.00699625213424714,"Positive"
"ASV_652","ASV_1357",1,0,0,"Positive"
"ASV_754","ASV_1357",0.720576692122892,2.24538803994534e-05,0.00156051363512379,"Positive"
"ASV_793","ASV_1357",0.720576692122892,2.24538803994534e-05,0.00156051363512379,"Positive"
"ASV_903","ASV_1357",1,0,0,"Positive"
"ASV_916","ASV_1357",1,0,0,"Positive"
"ASV_1049","ASV_1357",1,0,0,"Positive"
"ASV_1167","ASV_1357",0.720576692122892,2.24538803994534e-05,0.00156051363512379,"Positive"
"ASV_1324","ASV_1357",0.665147715805747,0.000153494525760411,0.00699625213424714,"Positive"
"ASV_613","ASV_1360",0.632437344299386,0.000400959079382979,0.0180025155466436,"Positive"
"ASV_137","ASV_1373",0.665147715805747,0.000153494525760411,0.00699625213424714,"Positive"
"ASV_211","ASV_1373",0.720576692122892,2.24538803994534e-05,0.00156051363512379,"Positive"
"ASV_272","ASV_1373",1,0,0,"Positive"
"ASV_383","ASV_1373",0.665147715805747,0.000153494525760411,0.00699625213424714,"Positive"
"ASV_422","ASV_1373",0.720576692122892,2.24538803994534e-05,0.00156051363512379,"Positive"
"ASV_455","ASV_1373",0.720576692122892,2.24538803994534e-05,0.00156051363512379,"Positive"
"ASV_598","ASV_1373",1,0,0,"Positive"
"ASV_600","ASV_1373",0.720576692122892,2.24538803994534e-05,0.00156051363512379,"Positive"
"ASV_608","ASV_1373",0.665147715805747,0.000153494525760411,0.00699625213424714,"Positive"
"ASV_631","ASV_1373",0.720576692122892,2.24538803994534e-05,0.00156051363512379,"Positive"
"ASV_695","ASV_1373",0.720576692122892,2.24538803994534e-05,0.00156051363512379,"Positive"
"ASV_912","ASV_1373",1,0,0,"Positive"
"ASV_988","ASV_1373",0.665147715805747,0.000153494525760411,0.00699625213424714,"Positive"
"ASV_1012","ASV_1373",0.720576692122892,2.24538803994534e-05,0.00156051363512379,"Positive"
"ASV_1024","ASV_1373",1,0,0,"Positive"
"ASV_1061","ASV_1373",1,0,0,"Positive"
"ASV_1315","ASV_1373",1,0,0,"Positive"
"ASV_137","ASV_1376",0.665147715805747,0.000153494525760411,0.00699625213424714,"Positive"
"ASV_211","ASV_1376",0.720576692122892,2.24538803994534e-05,0.00156051363512379,"Positive"
"ASV_272","ASV_1376",1,0,0,"Positive"
"ASV_383","ASV_1376",0.665147715805747,0.000153494525760411,0.00699625213424714,"Positive"
"ASV_422","ASV_1376",0.720576692122892,2.24538803994534e-05,0.00156051363512379,"Positive"
"ASV_455","ASV_1376",0.720576692122892,2.24538803994534e-05,0.00156051363512379,"Positive"
"ASV_598","ASV_1376",1,0,0,"Positive"
"ASV_600","ASV_1376",0.720576692122892,2.24538803994534e-05,0.00156051363512379,"Positive"
"ASV_608","ASV_1376",0.665147715805747,0.000153494525760411,0.00699625213424714,"Positive"
"ASV_631","ASV_1376",0.720576692122892,2.24538803994534e-05,0.00156051363512379,"Positive"
"ASV_695","ASV_1376",0.720576692122892,2.24538803994534e-05,0.00156051363512379,"Positive"
"ASV_912","ASV_1376",1,0,0,"Positive"
"ASV_988","ASV_1376",0.665147715805747,0.000153494525760411,0.00699625213424714,"Positive"
"ASV_1012","ASV_1376",0.720576692122892,2.24538803994534e-05,0.00156051363512379,"Positive"
"ASV_1024","ASV_1376",1,0,0,"Positive"
"ASV_1061","ASV_1376",1,0,0,"Positive"
"ASV_1315","ASV_1376",1,0,0,"Positive"
"ASV_1373","ASV_1376",1,0,0,"Positive"
"ASV_8","ASV_1380",0.665147715805747,0.000153494525760411,0.00699625213424714,"Positive"
"ASV_65","ASV_1380",0.720576692122892,2.24538803994534e-05,0.00156051363512379,"Positive"
"ASV_75","ASV_1380",1,0,0,"Positive"
"ASV_110","ASV_1380",0.720576692122892,2.24538803994534e-05,0.00156051363512379,"Positive"
"ASV_127","ASV_1380",1,0,0,"Positive"
"ASV_137","ASV_1380",0.720576692122892,2.24538803994534e-05,0.00156051363512379,"Positive"
"ASV_159","ASV_1380",0.720576692122892,2.24538803994534e-05,0.00156051363512379,"Positive"
"ASV_222","ASV_1380",1,0,0,"Positive"
"ASV_252","ASV_1380",0.720576692122892,2.24538803994534e-05,0.00156051363512379,"Positive"
"ASV_257","ASV_1380",1,0,0,"Positive"
"ASV_274","ASV_1380",1,0,0,"Positive"
"ASV_283","ASV_1380",1,0,0,"Positive"
"ASV_287","ASV_1380",0.665147715805747,0.000153494525760411,0.00699625213424714,"Positive"
"ASV_299","ASV_1380",0.665147715805747,0.000153494525760411,0.00699625213424714,"Positive"
"ASV_321","ASV_1380",0.720576692122892,2.24538803994534e-05,0.00156051363512379,"Positive"
"ASV_335","ASV_1380",0.720576692122892,2.24538803994534e-05,0.00156051363512379,"Positive"
"ASV_342","ASV_1380",0.665147715805747,0.000153494525760411,0.00699625213424714,"Positive"
"ASV_352","ASV_1380",1,0,0,"Positive"
"ASV_359","ASV_1380",0.720576692122892,2.24538803994534e-05,0.00156051363512379,"Positive"
"ASV_360","ASV_1380",0.665147715805747,0.000153494525760411,0.00699625213424714,"Positive"
"ASV_366","ASV_1380",1,0,0,"Positive"
"ASV_384","ASV_1380",1,0,0,"Positive"
"ASV_419","ASV_1380",0.665147715805747,0.000153494525760411,0.00699625213424714,"Positive"
"ASV_421","ASV_1380",1,0,0,"Positive"
"ASV_423","ASV_1380",0.665147715805747,0.000153494525760411,0.00699625213424714,"Positive"
"ASV_431","ASV_1380",1,0,0,"Positive"
"ASV_437","ASV_1380",0.720576692122892,2.24538803994534e-05,0.00156051363512379,"Positive"
"ASV_503","ASV_1380",0.665147715805747,0.000153494525760411,0.00699625213424714,"Positive"
"ASV_538","ASV_1380",1,0,0,"Positive"
"ASV_539","ASV_1380",0.665147715805747,0.000153494525760411,0.00699625213424714,"Positive"
"ASV_546","ASV_1380",1,0,0,"Positive"
"ASV_561","ASV_1380",1,0,0,"Positive"
"ASV_568","ASV_1380",0.665147715805747,0.000153494525760411,0.00699625213424714,"Positive"
"ASV_570","ASV_1380",1,0,0,"Positive"
"ASV_600","ASV_1380",0.665147715805747,0.000153494525760411,0.00699625213424714,"Positive"
"ASV_612","ASV_1380",1,0,0,"Positive"
"ASV_631","ASV_1380",0.665147715805747,0.000153494525760411,0.00699625213424714,"Positive"
"ASV_665","ASV_1380",1,0,0,"Positive"
"ASV_669","ASV_1380",0.665147715805747,0.000153494525760411,0.00699625213424714,"Positive"
"ASV_683","ASV_1380",1,0,0,"Positive"
"ASV_693","ASV_1380",1,0,0,"Positive"
"ASV_705","ASV_1380",1,0,0,"Positive"
"ASV_727","ASV_1380",1,0,0,"Positive"
"ASV_728","ASV_1380",1,0,0,"Positive"
"ASV_734","ASV_1380",0.720576692122892,2.24538803994534e-05,0.00156051363512379,"Positive"
"ASV_742","ASV_1380",0.665147715805747,0.000153494525760411,0.00699625213424714,"Positive"
"ASV_772","ASV_1380",0.720576692122892,2.24538803994534e-05,0.00156051363512379,"Positive"
"ASV_785","ASV_1380",1,0,0,"Positive"
"ASV_804","ASV_1380",0.665147715805747,0.000153494525760411,0.00699625213424714,"Positive"
"ASV_811","ASV_1380",1,0,0,"Positive"
"ASV_850","ASV_1380",0.665147715805747,0.000153494525760411,0.00699625213424714,"Positive"
"ASV_894","ASV_1380",0.665147715805747,0.000153494525760411,0.00699625213424714,"Positive"
"ASV_907","ASV_1380",1,0,0,"Positive"
"ASV_990","ASV_1380",1,0,0,"Positive"
"ASV_1019","ASV_1380",1,0,0,"Positive"
"ASV_1062","ASV_1380",0.720576692122892,2.24538803994534e-05,0.00156051363512379,"Positive"
"ASV_1092","ASV_1380",1,0,0,"Positive"
"ASV_1150","ASV_1380",0.720576692122892,2.24538803994534e-05,0.00156051363512379,"Positive"
"ASV_1165","ASV_1380",0.665147715805747,0.000153494525760411,0.00699625213424714,"Positive"
"ASV_1190","ASV_1380",0.720576692122892,2.24538803994534e-05,0.00156051363512379,"Positive"
"ASV_1196","ASV_1380",0.665147715805747,0.000153494525760411,0.00699625213424714,"Positive"
"ASV_1306","ASV_1380",1,0,0,"Positive"
"ASV_1332","ASV_1380",1,0,0,"Positive"
"ASV_29","ASV_1381",0.720576692122892,2.24538803994534e-05,0.00156051363512379,"Positive"
"ASV_49","ASV_1381",0.720576692122892,2.24538803994534e-05,0.00156051363512379,"Positive"
"ASV_60","ASV_1381",1,0,0,"Positive"
"ASV_166","ASV_1381",1,0,0,"Positive"
"ASV_304","ASV_1381",0.665147715805747,0.000153494525760411,0.00699625213424714,"Positive"
"ASV_371","ASV_1381",0.665147715805747,0.000153494525760411,0.00699625213424714,"Positive"
"ASV_407","ASV_1381",0.665147715805747,0.000153494525760411,0.00699625213424714,"Positive"
"ASV_441","ASV_1381",0.720576692122892,2.24538803994534e-05,0.00156051363512379,"Positive"
"ASV_447","ASV_1381",1,0,0,"Positive"
"ASV_502","ASV_1381",1,0,0,"Positive"
"ASV_601","ASV_1381",0.665147715805747,0.000153494525760411,0.00699625213424714,"Positive"
"ASV_637","ASV_1381",0.720576692122892,2.24538803994534e-05,0.00156051363512379,"Positive"
"ASV_680","ASV_1381",1,0,0,"Positive"
"ASV_734","ASV_1381",0.665147715805747,0.000153494525760411,0.00699625213424714,"Positive"
"ASV_777","ASV_1381",1,0,0,"Positive"
"ASV_832","ASV_1381",1,0,0,"Positive"
"ASV_885","ASV_1381",1,0,0,"Positive"
"ASV_908","ASV_1381",0.720576692122892,2.24538803994534e-05,0.00156051363512379,"Positive"
"ASV_922","ASV_1381",0.720576692122892,2.24538803994534e-05,0.00156051363512379,"Positive"
"ASV_932","ASV_1381",0.720576692122892,2.24538803994534e-05,0.00156051363512379,"Positive"
"ASV_958","ASV_1381",0.720576692122892,2.24538803994534e-05,0.00156051363512379,"Positive"
"ASV_1088","ASV_1381",1,0,0,"Positive"
"ASV_1196","ASV_1381",0.720576692122892,2.24538803994534e-05,0.00156051363512379,"Positive"
"ASV_1208","ASV_1381",1,0,0,"Positive"
"ASV_1274","ASV_1381",0.720576692122892,2.24538803994534e-05,0.00156051363512379,"Positive"
"ASV_1311","ASV_1381",1,0,0,"Positive"
"ASV_1324","ASV_1381",0.720576692122892,2.24538803994534e-05,0.00156051363512379,"Positive"
"ASV_57","ASV_1388",0.795306004198565,7.15677216822641e-07,9.2434728981734e-05,"Positive"
"ASV_370","ASV_1388",0.605884927396481,0.000809974667526303,0.0354960770898367,"Positive"
"ASV_714","ASV_1388",0.622438524590164,0.000526408520027166,0.0235204024088957,"Positive"
"ASV_938","ASV_1388",0.622438524590164,0.000526408520027166,0.0235204024088957,"Positive"
"ASV_29","ASV_1394",0.665147715805747,0.000153494525760411,0.00699625213424714,"Positive"
"ASV_81","ASV_1394",0.665147715805747,0.000153494525760411,0.00699625213424714,"Positive"
"ASV_278","ASV_1394",1,0,0,"Positive"
"ASV_287","ASV_1394",0.720576692122892,2.24538803994534e-05,0.00156051363512379,"Positive"
"ASV_474","ASV_1394",0.665147715805747,0.000153494525760411,0.00699625213424714,"Positive"
"ASV_551","ASV_1394",1,0,0,"Positive"
"ASV_608","ASV_1394",0.720576692122892,2.24538803994534e-05,0.00156051363512379,"Positive"
"ASV_628","ASV_1394",1,0,0,"Positive"
"ASV_660","ASV_1394",0.665147715805747,0.000153494525760411,0.00699625213424714,"Positive"
"ASV_709","ASV_1394",1,0,0,"Positive"
"ASV_713","ASV_1394",1,0,0,"Positive"
"ASV_765","ASV_1394",1,0,0,"Positive"
"ASV_856","ASV_1394",0.720576692122892,2.24538803994534e-05,0.00156051363512379,"Positive"
"ASV_863","ASV_1394",0.720576692122892,2.24538803994534e-05,0.00156051363512379,"Positive"
"ASV_909","ASV_1394",1,0,0,"Positive"
"ASV_953","ASV_1394",1,0,0,"Positive"
"ASV_1034","ASV_1394",0.665147715805747,0.000153494525760411,0.00699625213424714,"Positive"
"ASV_1054","ASV_1394",1,0,0,"Positive"
"ASV_1191","ASV_1394",0.720576692122892,2.24538803994534e-05,0.00156051363512379,"Positive"
"ASV_1207","ASV_1394",0.720576692122892,2.24538803994534e-05,0.00156051363512379,"Positive"
"ASV_1274","ASV_1394",0.665147715805747,0.000153494525760411,0.00699625213424714,"Positive"
"ASV_1295","ASV_1394",1,0,0,"Positive"
"ASV_137","ASV_1397",0.665147715805747,0.000153494525760411,0.00699625213424714,"Positive"
"ASV_211","ASV_1397",0.720576692122892,2.24538803994534e-05,0.00156051363512379,"Positive"
"ASV_272","ASV_1397",1,0,0,"Positive"
"ASV_383","ASV_1397",0.665147715805747,0.000153494525760411,0.00699625213424714,"Positive"
"ASV_422","ASV_1397",0.720576692122892,2.24538803994534e-05,0.00156051363512379,"Positive"
"ASV_455","ASV_1397",0.720576692122892,2.24538803994534e-05,0.00156051363512379,"Positive"
"ASV_598","ASV_1397",1,0,0,"Positive"
"ASV_600","ASV_1397",0.720576692122892,2.24538803994534e-05,0.00156051363512379,"Positive"
"ASV_608","ASV_1397",0.665147715805747,0.000153494525760411,0.00699625213424714,"Positive"
"ASV_631","ASV_1397",0.720576692122892,2.24538803994534e-05,0.00156051363512379,"Positive"
"ASV_695","ASV_1397",0.720576692122892,2.24538803994534e-05,0.00156051363512379,"Positive"
"ASV_912","ASV_1397",1,0,0,"Positive"
"ASV_988","ASV_1397",0.665147715805747,0.000153494525760411,0.00699625213424714,"Positive"
"ASV_1012","ASV_1397",0.720576692122892,2.24538803994534e-05,0.00156051363512379,"Positive"
"ASV_1024","ASV_1397",1,0,0,"Positive"
"ASV_1061","ASV_1397",1,0,0,"Positive"
"ASV_1315","ASV_1397",1,0,0,"Positive"
"ASV_1373","ASV_1397",1,0,0,"Positive"
"ASV_1376","ASV_1397",1,0,0,"Positive"
"ASV_137","ASV_1398",0.665147715805747,0.000153494525760411,0.00699625213424714,"Positive"
"ASV_211","ASV_1398",0.720576692122892,2.24538803994534e-05,0.00156051363512379,"Positive"
"ASV_272","ASV_1398",1,0,0,"Positive"
"ASV_383","ASV_1398",0.665147715805747,0.000153494525760411,0.00699625213424714,"Positive"
"ASV_422","ASV_1398",0.720576692122892,2.24538803994534e-05,0.00156051363512379,"Positive"
"ASV_455","ASV_1398",0.720576692122892,2.24538803994534e-05,0.00156051363512379,"Positive"
"ASV_598","ASV_1398",1,0,0,"Positive"
"ASV_600","ASV_1398",0.720576692122892,2.24538803994534e-05,0.00156051363512379,"Positive"
"ASV_608","ASV_1398",0.665147715805747,0.000153494525760411,0.00699625213424714,"Positive"
"ASV_631","ASV_1398",0.720576692122892,2.24538803994534e-05,0.00156051363512379,"Positive"
"ASV_695","ASV_1398",0.720576692122892,2.24538803994534e-05,0.00156051363512379,"Positive"
"ASV_912","ASV_1398",1,0,0,"Positive"
"ASV_988","ASV_1398",0.665147715805747,0.000153494525760411,0.00699625213424714,"Positive"
"ASV_1012","ASV_1398",0.720576692122892,2.24538803994534e-05,0.00156051363512379,"Positive"
"ASV_1024","ASV_1398",1,0,0,"Positive"
"ASV_1061","ASV_1398",1,0,0,"Positive"
"ASV_1315","ASV_1398",1,0,0,"Positive"
"ASV_1373","ASV_1398",1,0,0,"Positive"
"ASV_1376","ASV_1398",1,0,0,"Positive"
"ASV_1397","ASV_1398",1,0,0,"Positive"
"ASV_25","ASV_1399",0.64774425720922,0.000259414273193981,0.0117311955912506,"Positive"
"ASV_556","ASV_1399",0.783410138248848,1.35246630161845e-06,0.000174517402381948,"Positive"
"ASV_938","ASV_1399",0.690653031608678,6.67419127542423e-05,0.00457406340630339,"Positive"
"ASV_1121","ASV_1399",0.62842511663615,0.000447740224111648,0.0200931331358277,"Positive"
"ASV_1138","ASV_1399",0.700640227838837,4.70758044075481e-05,0.00322947729834417,"Positive"
"ASV_137","ASV_1402",0.665147715805747,0.000153494525760411,0.00699625213424714,"Positive"
"ASV_211","ASV_1402",0.720576692122892,2.24538803994534e-05,0.00156051363512379,"Positive"
"ASV_272","ASV_1402",1,0,0,"Positive"
"ASV_383","ASV_1402",0.665147715805747,0.000153494525760411,0.00699625213424714,"Positive"
"ASV_422","ASV_1402",0.720576692122892,2.24538803994534e-05,0.00156051363512379,"Positive"
"ASV_455","ASV_1402",0.720576692122892,2.24538803994534e-05,0.00156051363512379,"Positive"
"ASV_598","ASV_1402",1,0,0,"Positive"
"ASV_600","ASV_1402",0.720576692122892,2.24538803994534e-05,0.00156051363512379,"Positive"
"ASV_608","ASV_1402",0.665147715805747,0.000153494525760411,0.00699625213424714,"Positive"
"ASV_631","ASV_1402",0.720576692122892,2.24538803994534e-05,0.00156051363512379,"Positive"
"ASV_695","ASV_1402",0.720576692122892,2.24538803994534e-05,0.00156051363512379,"Positive"
"ASV_912","ASV_1402",1,0,0,"Positive"
"ASV_988","ASV_1402",0.665147715805747,0.000153494525760411,0.00699625213424714,"Positive"
"ASV_1012","ASV_1402",0.720576692122892,2.24538803994534e-05,0.00156051363512379,"Positive"
"ASV_1024","ASV_1402",1,0,0,"Positive"
"ASV_1061","ASV_1402",1,0,0,"Positive"
"ASV_1315","ASV_1402",1,0,0,"Positive"
"ASV_1373","ASV_1402",1,0,0,"Positive"
"ASV_1376","ASV_1402",1,0,0,"Positive"
"ASV_1397","ASV_1402",1,0,0,"Positive"
"ASV_1398","ASV_1402",1,0,0,"Positive"
"ASV_60","ASV_1403",0.665147715805747,0.000153494525760411,0.00699625213424714,"Positive"
"ASV_62","ASV_1403",0.643496507721114,0.000293422897945206,0.0132086181271113,"Positive"
"ASV_96","ASV_1403",0.702193824303783,4.45318073913903e-05,0.00305723135512934,"Positive"
"ASV_150","ASV_1403",0.720576692122892,2.24538803994534e-05,0.00156051363512379,"Positive"
"ASV_157","ASV_1403",0.720576692122892,2.24538803994534e-05,0.00156051363512379,"Positive"
"ASV_166","ASV_1403",0.665147715805747,0.000153494525760411,0.00699625213424714,"Positive"
"ASV_247","ASV_1403",0.720576692122892,2.24538803994534e-05,0.00156051363512379,"Positive"
"ASV_316","ASV_1403",0.720576692122892,2.24538803994534e-05,0.00156051363512379,"Positive"
"ASV_447","ASV_1403",0.665147715805747,0.000153494525760411,0.00699625213424714,"Positive"
"ASV_483","ASV_1403",0.829777471872807,8.71652050538074e-08,1.15771811706161e-05,"Positive"
"ASV_502","ASV_1403",0.665147715805747,0.000153494525760411,0.00699625213424714,"Positive"
"ASV_659","ASV_1403",0.765759031906359,3.24513858140918e-06,0.000415059381465605,"Positive"
"ASV_680","ASV_1403",0.665147715805747,0.000153494525760411,0.00699625213424714,"Positive"
"ASV_771","ASV_1403",0.720576692122892,2.24538803994534e-05,0.00156051363512379,"Positive"
"ASV_777","ASV_1403",0.665147715805747,0.000153494525760411,0.00699625213424714,"Positive"
"ASV_828","ASV_1403",0.720576692122892,2.24538803994534e-05,0.00156051363512379,"Positive"
"ASV_832","ASV_1403",0.665147715805747,0.000153494525760411,0.00699625213424714,"Positive"
"ASV_878","ASV_1403",0.720576692122892,2.24538803994534e-05,0.00156051363512379,"Positive"
"ASV_885","ASV_1403",0.665147715805747,0.000153494525760411,0.00699625213424714,"Positive"
"ASV_908","ASV_1403",0.997041420118343,0,0,"Positive"
"ASV_932","ASV_1403",0.997041420118343,0,0,"Positive"
"ASV_982","ASV_1403",0.720576692122892,2.24538803994534e-05,0.00156051363512379,"Positive"
"ASV_989","ASV_1403",0.720576692122892,2.24538803994534e-05,0.00156051363512379,"Positive"
"ASV_1004","ASV_1403",0.720576692122892,2.24538803994534e-05,0.00156051363512379,"Positive"
"ASV_1025","ASV_1403",0.720576692122892,2.24538803994534e-05,0.00156051363512379,"Positive"
"ASV_1043","ASV_1403",0.720576692122892,2.24538803994534e-05,0.00156051363512379,"Positive"
"ASV_1070","ASV_1403",0.720576692122892,2.24538803994534e-05,0.00156051363512379,"Positive"
"ASV_1088","ASV_1403",0.665147715805747,0.000153494525760411,0.00699625213424714,"Positive"
"ASV_1208","ASV_1403",0.665147715805747,0.000153494525760411,0.00699625213424714,"Positive"
"ASV_1222","ASV_1403",0.720576692122892,2.24538803994534e-05,0.00156051363512379,"Positive"
"ASV_1235","ASV_1403",0.720576692122892,2.24538803994534e-05,0.00156051363512379,"Positive"
"ASV_1254","ASV_1403",0.720576692122892,2.24538803994534e-05,0.00156051363512379,"Positive"
"ASV_1311","ASV_1403",0.665147715805747,0.000153494525760411,0.00699625213424714,"Positive"
"ASV_1381","ASV_1403",0.665147715805747,0.000153494525760411,0.00699625213424714,"Positive"
"ASV_110","ASV_1404",0.665147715805747,0.000153494525760411,0.00699625213424714,"Positive"
"ASV_159","ASV_1404",0.665147715805747,0.000153494525760411,0.00699625213424714,"Positive"
"ASV_196","ASV_1404",0.720576692122892,2.24538803994534e-05,0.00156051363512379,"Positive"
"ASV_305","ASV_1404",0.665147715805747,0.000153494525760411,0.00699625213424714,"Positive"
"ASV_364","ASV_1404",1,0,0,"Positive"
"ASV_401","ASV_1404",1,0,0,"Positive"
"ASV_476","ASV_1404",0.665147715805747,0.000153494525760411,0.00699625213424714,"Positive"
"ASV_507","ASV_1404",1,0,0,"Positive"
"ASV_660","ASV_1404",0.720576692122892,2.24538803994534e-05,0.00156051363512379,"Positive"
"ASV_724","ASV_1404",1,0,0,"Positive"
"ASV_860","ASV_1404",0.665147715805747,0.000153494525760411,0.00699625213424714,"Positive"
"ASV_926","ASV_1404",1,0,0,"Positive"
"ASV_954","ASV_1404",1,0,0,"Positive"
"ASV_988","ASV_1404",0.720576692122892,2.24538803994534e-05,0.00156051363512379,"Positive"
"ASV_1082","ASV_1404",0.720576692122892,2.24538803994534e-05,0.00156051363512379,"Positive"
"ASV_1146","ASV_1404",1,0,0,"Positive"
"ASV_1167","ASV_1404",0.665147715805747,0.000153494525760411,0.00699625213424714,"Positive"
"ASV_1198","ASV_1404",1,0,0,"Positive"
"ASV_48","ASV_1409",0.665147715805747,0.000153494525760411,0.00699625213424714,"Positive"
"ASV_131","ASV_1409",0.665147715805747,0.000153494525760411,0.00699625213424714,"Positive"
"ASV_220","ASV_1409",1,0,0,"Positive"
"ASV_293","ASV_1409",0.665147715805747,0.000153494525760411,0.00699625213424714,"Positive"
"ASV_351","ASV_1409",1,0,0,"Positive"
"ASV_469","ASV_1409",1,0,0,"Positive"
"ASV_512","ASV_1409",1,0,0,"Positive"
"ASV_650","ASV_1409",0.720576692122892,2.24538803994534e-05,0.00156051363512379,"Positive"
"ASV_710","ASV_1409",0.665147715805747,0.000153494525760411,0.00699625213424714,"Positive"
"ASV_747","ASV_1409",1,0,0,"Positive"
"ASV_812","ASV_1409",1,0,0,"Positive"
"ASV_831","ASV_1409",1,0,0,"Positive"
"ASV_859","ASV_1409",1,0,0,"Positive"
"ASV_874","ASV_1409",1,0,0,"Positive"
"ASV_879","ASV_1409",1,0,0,"Positive"
"ASV_921","ASV_1409",1,0,0,"Positive"
"ASV_983","ASV_1409",1,0,0,"Positive"
"ASV_1012","ASV_1409",0.665147715805747,0.000153494525760411,0.00699625213424714,"Positive"
"ASV_1033","ASV_1409",1,0,0,"Positive"
"ASV_1045","ASV_1409",1,0,0,"Positive"
"ASV_1060","ASV_1409",1,0,0,"Positive"
"ASV_1062","ASV_1409",0.665147715805747,0.000153494525760411,0.00699625213424714,"Positive"
"ASV_1074","ASV_1409",1,0,0,"Positive"
"ASV_1077","ASV_1409",1,0,0,"Positive"
"ASV_1080","ASV_1409",1,0,0,"Positive"
"ASV_1102","ASV_1409",1,0,0,"Positive"
"ASV_1107","ASV_1409",1,0,0,"Positive"
"ASV_1118","ASV_1409",1,0,0,"Positive"
"ASV_1128","ASV_1409",1,0,0,"Positive"
"ASV_1179","ASV_1409",0.665147715805747,0.000153494525760411,0.00699625213424714,"Positive"
"ASV_1242","ASV_1409",1,0,0,"Positive"
"ASV_1322","ASV_1409",1,0,0,"Positive"
"ASV_59","ASV_1411",0.673932153356572,0.00011625979537655,0.00699625213424714,"Positive"
"ASV_104","ASV_1411",0.720576692122892,2.24538803994534e-05,0.00156051363512379,"Positive"
"ASV_109","ASV_1411",0.615234836773903,0.00063685624331411,0.0280740858416343,"Positive"
"ASV_117","ASV_1411",0.665147715805747,0.000153494525760411,0.00699625213424714,"Positive"
"ASV_237","ASV_1411",0.720576692122892,2.24538803994534e-05,0.00156051363512379,"Positive"
"ASV_282","ASV_1411",0.763296784215341,3.64471975866643e-06,0.000458945768754608,"Positive"
"ASV_354","ASV_1411",0.665147715805747,0.000153494525760411,0.00699625213424714,"Positive"
"ASV_408","ASV_1411",0.665147715805747,0.000153494525760411,0.00699625213424714,"Positive"
"ASV_410","ASV_1411",0.665147715805747,0.000153494525760411,0.00699625213424714,"Positive"
"ASV_429","ASV_1411",0.647844457097608,0.000258655734379776,0.0116988071280695,"Positive"
"ASV_460","ASV_1411",0.720576692122892,2.24538803994534e-05,0.00156051363512379,"Positive"
"ASV_617","ASV_1411",0.665147715805747,0.000153494525760411,0.00699625213424714,"Positive"
"ASV_732","ASV_1411",0.665147715805747,0.000153494525760411,0.00699625213424714,"Positive"
"ASV_789","ASV_1411",0.720576692122892,2.24538803994534e-05,0.00156051363512379,"Positive"
"ASV_950","ASV_1411",0.720576692122892,2.24538803994534e-05,0.00156051363512379,"Positive"
"ASV_959","ASV_1411",0.665147715805747,0.000153494525760411,0.00699625213424714,"Positive"
"ASV_992","ASV_1411",0.720576692122892,2.24538803994534e-05,0.00156051363512379,"Positive"
"ASV_1007","ASV_1411",0.720576692122892,2.24538803994534e-05,0.00156051363512379,"Positive"
"ASV_1086","ASV_1411",0.665147715805747,0.000153494525760411,0.00699625213424714,"Positive"
"ASV_1108","ASV_1411",0.720576692122892,2.24538803994534e-05,0.00156051363512379,"Positive"
"ASV_1115","ASV_1411",0.832239719563824,7.36862437733521e-08,9.94947876598897e-06,"Positive"
"ASV_1136","ASV_1411",0.720576692122892,2.24538803994534e-05,0.00156051363512379,"Positive"
"ASV_1268","ASV_1411",0.720576692122892,2.24538803994534e-05,0.00156051363512379,"Positive"
"ASV_1318","ASV_1411",0.720576692122892,2.24538803994534e-05,0.00156051363512379,"Positive"
"ASV_12","ASV_1413",0.665147715805747,0.000153494525760411,0.00699625213424714,"Positive"
"ASV_31","ASV_1413",0.665147715805747,0.000153494525760411,0.00699625213424714,"Positive"
"ASV_271","ASV_1413",0.720576692122892,2.24538803994534e-05,0.00156051363512379,"Positive"
"ASV_331","ASV_1413",0.665147715805747,0.000153494525760411,0.00699625213424714,"Positive"
"ASV_399","ASV_1413",1,0,0,"Positive"
"ASV_519","ASV_1413",1,0,0,"Positive"
"ASV_658","ASV_1413",1,0,0,"Positive"
"ASV_708","ASV_1413",0.720576692122892,2.24538803994534e-05,0.00156051363512379,"Positive"
"ASV_746","ASV_1413",1,0,0,"Positive"
"ASV_1082","ASV_1413",0.665147715805747,0.000153494525760411,0.00699625213424714,"Positive"
"ASV_1101","ASV_1413",1,0,0,"Positive"
"ASV_1127","ASV_1413",1,0,0,"Positive"
"ASV_1251","ASV_1413",0.665147715805747,0.000153494525760411,0.00699625213424714,"Positive"
"ASV_1335","ASV_1413",1,0,0,"Positive"
"ASV_29","ASV_1414",0.665147715805747,0.000153494525760411,0.00699625213424714,"Positive"
"ASV_81","ASV_1414",0.665147715805747,0.000153494525760411,0.00699625213424714,"Positive"
"ASV_278","ASV_1414",1,0,0,"Positive"
"ASV_287","ASV_1414",0.720576692122892,2.24538803994534e-05,0.00156051363512379,"Positive"
"ASV_474","ASV_1414",0.665147715805747,0.000153494525760411,0.00699625213424714,"Positive"
"ASV_551","ASV_1414",1,0,0,"Positive"
"ASV_608","ASV_1414",0.720576692122892,2.24538803994534e-05,0.00156051363512379,"Positive"
"ASV_628","ASV_1414",1,0,0,"Positive"
"ASV_660","ASV_1414",0.665147715805747,0.000153494525760411,0.00699625213424714,"Positive"
"ASV_709","ASV_1414",1,0,0,"Positive"
"ASV_713","ASV_1414",1,0,0,"Positive"
"ASV_765","ASV_1414",1,0,0,"Positive"
"ASV_856","ASV_1414",0.720576692122892,2.24538803994534e-05,0.00156051363512379,"Positive"
"ASV_863","ASV_1414",0.720576692122892,2.24538803994534e-05,0.00156051363512379,"Positive"
"ASV_909","ASV_1414",1,0,0,"Positive"
"ASV_953","ASV_1414",1,0,0,"Positive"
"ASV_1034","ASV_1414",0.665147715805747,0.000153494525760411,0.00699625213424714,"Positive"
"ASV_1054","ASV_1414",1,0,0,"Positive"
"ASV_1191","ASV_1414",0.720576692122892,2.24538803994534e-05,0.00156051363512379,"Positive"
"ASV_1207","ASV_1414",0.720576692122892,2.24538803994534e-05,0.00156051363512379,"Positive"
"ASV_1274","ASV_1414",0.665147715805747,0.000153494525760411,0.00699625213424714,"Positive"
"ASV_1295","ASV_1414",1,0,0,"Positive"
"ASV_1394","ASV_1414",1,0,0,"Positive"
"ASV_137","ASV_1415",0.665147715805747,0.000153494525760411,0.00699625213424714,"Positive"
"ASV_211","ASV_1415",0.720576692122892,2.24538803994534e-05,0.00156051363512379,"Positive"
"ASV_272","ASV_1415",1,0,0,"Positive"
"ASV_383","ASV_1415",0.665147715805747,0.000153494525760411,0.00699625213424714,"Positive"
"ASV_422","ASV_1415",0.720576692122892,2.24538803994534e-05,0.00156051363512379,"Positive"
"ASV_455","ASV_1415",0.720576692122892,2.24538803994534e-05,0.00156051363512379,"Positive"
"ASV_598","ASV_1415",1,0,0,"Positive"
"ASV_600","ASV_1415",0.720576692122892,2.24538803994534e-05,0.00156051363512379,"Positive"
"ASV_608","ASV_1415",0.665147715805747,0.000153494525760411,0.00699625213424714,"Positive"
"ASV_631","ASV_1415",0.720576692122892,2.24538803994534e-05,0.00156051363512379,"Positive"
"ASV_695","ASV_1415",0.720576692122892,2.24538803994534e-05,0.00156051363512379,"Positive"
"ASV_912","ASV_1415",1,0,0,"Positive"
"ASV_988","ASV_1415",0.665147715805747,0.000153494525760411,0.00699625213424714,"Positive"
"ASV_1012","ASV_1415",0.720576692122892,2.24538803994534e-05,0.00156051363512379,"Positive"
"ASV_1024","ASV_1415",1,0,0,"Positive"
"ASV_1061","ASV_1415",1,0,0,"Positive"
"ASV_1315","ASV_1415",1,0,0,"Positive"
"ASV_1373","ASV_1415",1,0,0,"Positive"
"ASV_1376","ASV_1415",1,0,0,"Positive"
"ASV_1397","ASV_1415",1,0,0,"Positive"
"ASV_1398","ASV_1415",1,0,0,"Positive"
"ASV_1402","ASV_1415",1,0,0,"Positive"
"ASV_137","ASV_1416",0.665147715805747,0.000153494525760411,0.00699625213424714,"Positive"
"ASV_211","ASV_1416",0.720576692122892,2.24538803994534e-05,0.00156051363512379,"Positive"
"ASV_272","ASV_1416",1,0,0,"Positive"
"ASV_383","ASV_1416",0.665147715805747,0.000153494525760411,0.00699625213424714,"Positive"
"ASV_422","ASV_1416",0.720576692122892,2.24538803994534e-05,0.00156051363512379,"Positive"
"ASV_455","ASV_1416",0.720576692122892,2.24538803994534e-05,0.00156051363512379,"Positive"
"ASV_598","ASV_1416",1,0,0,"Positive"
"ASV_600","ASV_1416",0.720576692122892,2.24538803994534e-05,0.00156051363512379,"Positive"
"ASV_608","ASV_1416",0.665147715805747,0.000153494525760411,0.00699625213424714,"Positive"
"ASV_631","ASV_1416",0.720576692122892,2.24538803994534e-05,0.00156051363512379,"Positive"
"ASV_695","ASV_1416",0.720576692122892,2.24538803994534e-05,0.00156051363512379,"Positive"
"ASV_912","ASV_1416",1,0,0,"Positive"
"ASV_988","ASV_1416",0.665147715805747,0.000153494525760411,0.00699625213424714,"Positive"
"ASV_1012","ASV_1416",0.720576692122892,2.24538803994534e-05,0.00156051363512379,"Positive"
"ASV_1024","ASV_1416",1,0,0,"Positive"
"ASV_1061","ASV_1416",1,0,0,"Positive"
"ASV_1315","ASV_1416",1,0,0,"Positive"
"ASV_1373","ASV_1416",1,0,0,"Positive"
"ASV_1376","ASV_1416",1,0,0,"Positive"
"ASV_1397","ASV_1416",1,0,0,"Positive"
"ASV_1398","ASV_1416",1,0,0,"Positive"
"ASV_1402","ASV_1416",1,0,0,"Positive"
"ASV_1415","ASV_1416",1,0,0,"Positive"
"ASV_117","ASV_1419",0.720576692122892,2.24538803994534e-05,0.00156051363512379,"Positive"
"ASV_218","ASV_1419",0.600019200921649,0.000938331035804207,0.035870838792321,"Positive"
"ASV_239","ASV_1419",0.665147715805747,0.000153494525760411,0.00699625213424714,"Positive"
"ASV_311","ASV_1419",0.665147715805747,0.000153494525760411,0.00699625213424714,"Positive"
"ASV_354","ASV_1419",0.720576692122892,2.24538803994534e-05,0.00156051363512379,"Positive"
"ASV_386","ASV_1419",0.734803444627488,1.27308589377151e-05,0.00156051363512379,"Positive"
"ASV_408","ASV_1419",0.720576692122892,2.24538803994534e-05,0.00156051363512379,"Positive"
"ASV_410","ASV_1419",0.720576692122892,2.24538803994534e-05,0.00156051363512379,"Positive"
"ASV_617","ASV_1419",0.720576692122892,2.24538803994534e-05,0.00156051363512379,"Positive"
"ASV_619","ASV_1419",0.665147715805747,0.000153494525760411,0.00699625213424714,"Positive"
"ASV_647","ASV_1419",0.665147715805747,0.000153494525760411,0.00699625213424714,"Positive"
"ASV_684","ASV_1419",0.665147715805747,0.000153494525760411,0.00699625213424714,"Positive"
"ASV_725","ASV_1419",0.763296784215341,3.64471975866643e-06,0.000458945768754608,"Positive"
"ASV_732","ASV_1419",0.720576692122892,2.24538803994534e-05,0.00156051363512379,"Positive"
"ASV_786","ASV_1419",0.665147715805747,0.000153494525760411,0.00699625213424714,"Positive"
"ASV_790","ASV_1419",0.665147715805747,0.000153494525760411,0.00699625213424714,"Positive"
"ASV_871","ASV_1419",0.665147715805747,0.000153494525760411,0.00699625213424714,"Positive"
"ASV_917","ASV_1419",0.61740881146215,0.000601574330445054,0.0266505431379534,"Positive"
"ASV_959","ASV_1419",0.720576692122892,2.24538803994534e-05,0.00156051363512379,"Positive"
"ASV_1073","ASV_1419",0.665147715805747,0.000153494525760411,0.00699625213424714,"Positive"
"ASV_1086","ASV_1419",0.720576692122892,2.24538803994534e-05,0.00156051363512379,"Positive"
"ASV_150","ASV_1420",1,0,0,"Positive"
"ASV_157","ASV_1420",1,0,0,"Positive"
"ASV_161","ASV_1420",0.665147715805747,0.000153494525760411,0.00699625213424714,"Positive"
"ASV_211","ASV_1420",0.665147715805747,0.000153494525760411,0.00699625213424714,"Positive"
"ASV_247","ASV_1420",1,0,0,"Positive"
"ASV_271","ASV_1420",0.665147715805747,0.000153494525760411,0.00699625213424714,"Positive"
"ASV_316","ASV_1420",1,0,0,"Positive"
"ASV_474","ASV_1420",0.720576692122892,2.24538803994534e-05,0.00156051363512379,"Positive"
"ASV_521","ASV_1420",0.720576692122892,2.24538803994534e-05,0.00156051363512379,"Positive"
"ASV_771","ASV_1420",1,0,0,"Positive"
"ASV_793","ASV_1420",0.665147715805747,0.000153494525760411,0.00699625213424714,"Positive"
"ASV_803","ASV_1420",0.665147715805747,0.000153494525760411,0.00699625213424714,"Positive"
"ASV_828","ASV_1420",1,0,0,"Positive"
"ASV_878","ASV_1420",1,0,0,"Positive"
"ASV_908","ASV_1420",0.665147715805747,0.000153494525760411,0.00699625213424714,"Positive"
"ASV_932","ASV_1420",0.665147715805747,0.000153494525760411,0.00699625213424714,"Positive"
"ASV_982","ASV_1420",1,0,0,"Positive"
"ASV_989","ASV_1420",1,0,0,"Positive"
"ASV_1004","ASV_1420",1,0,0,"Positive"
"ASV_1025","ASV_1420",1,0,0,"Positive"
"ASV_1043","ASV_1420",1,0,0,"Positive"
"ASV_1070","ASV_1420",1,0,0,"Positive"
"ASV_1189","ASV_1420",0.720576692122892,2.24538803994534e-05,0.00156051363512379,"Positive"
"ASV_1222","ASV_1420",1,0,0,"Positive"
"ASV_1235","ASV_1420",1,0,0,"Positive"
"ASV_1251","ASV_1420",0.720576692122892,2.24538803994534e-05,0.00156051363512379,"Positive"
"ASV_1254","ASV_1420",1,0,0,"Positive"
"ASV_1303","ASV_1420",0.665147715805747,0.000153494525760411,0.00699625213424714,"Positive"
"ASV_1403","ASV_1420",0.720576692122892,2.24538803994534e-05,0.00156051363512379,"Positive"
"ASV_44","ASV_1421",1,0,0,"Positive"
"ASV_252","ASV_1421",0.665147715805747,0.000153494525760411,0.00699625213424714,"Positive"
"ASV_299","ASV_1421",0.720576692122892,2.24538803994534e-05,0.00156051363512379,"Positive"
"ASV_359","ASV_1421",0.665147715805747,0.000153494525760411,0.00699625213424714,"Positive"
"ASV_411","ASV_1421",0.720576692122892,2.24538803994534e-05,0.00156051363512379,"Positive"
"ASV_663","ASV_1421",0.665147715805747,0.000153494525760411,0.00699625213424714,"Positive"
"ASV_671","ASV_1421",1,0,0,"Positive"
"ASV_767","ASV_1421",0.665147715805747,0.000153494525760411,0.00699625213424714,"Positive"
"ASV_1009","ASV_1421",1,0,0,"Positive"
"ASV_1029","ASV_1421",0.665147715805747,0.000153494525760411,0.00699625213424714,"Positive"
"ASV_1094","ASV_1421",1,0,0,"Positive"
"ASV_1097","ASV_1421",0.720576692122892,2.24538803994534e-05,0.00156051363512379,"Positive"
"ASV_1129","ASV_1421",1,0,0,"Positive"
"ASV_1150","ASV_1421",0.665147715805747,0.000153494525760411,0.00699625213424714,"Positive"
"ASV_1207","ASV_1421",0.665147715805747,0.000153494525760411,0.00699625213424714,"Positive"
"ASV_1220","ASV_1421",1,0,0,"Positive"
"ASV_1236","ASV_1421",1,0,0,"Positive"
"ASV_1247","ASV_1421",1,0,0,"Positive"
"ASV_1271","ASV_1421",0.720576692122892,2.24538803994534e-05,0.00156051363512379,"Positive"
"ASV_1310","ASV_1421",1,0,0,"Positive"
"ASV_60","ASV_1423",0.665147715805747,0.000153494525760411,0.00699625213424714,"Positive"
"ASV_166","ASV_1423",0.665147715805747,0.000153494525760411,0.00699625213424714,"Positive"
"ASV_399","ASV_1423",0.720576692122892,2.24538803994534e-05,0.00156051363512379,"Positive"
"ASV_447","ASV_1423",0.665147715805747,0.000153494525760411,0.00699625213424714,"Positive"
"ASV_502","ASV_1423",0.665147715805747,0.000153494525760411,0.00699625213424714,"Positive"
"ASV_519","ASV_1423",0.720576692122892,2.24538803994534e-05,0.00156051363512379,"Positive"
"ASV_658","ASV_1423",0.720576692122892,2.24538803994534e-05,0.00156051363512379,"Positive"
"ASV_680","ASV_1423",0.665147715805747,0.000153494525760411,0.00699625213424714,"Positive"
"ASV_746","ASV_1423",0.720576692122892,2.24538803994534e-05,0.00156051363512379,"Positive"
"ASV_777","ASV_1423",0.665147715805747,0.000153494525760411,0.00699625213424714,"Positive"
"ASV_832","ASV_1423",0.665147715805747,0.000153494525760411,0.00699625213424714,"Positive"
"ASV_885","ASV_1423",0.665147715805747,0.000153494525760411,0.00699625213424714,"Positive"
"ASV_1088","ASV_1423",0.665147715805747,0.000153494525760411,0.00699625213424714,"Positive"
"ASV_1101","ASV_1423",0.720576692122892,2.24538803994534e-05,0.00156051363512379,"Positive"
"ASV_1127","ASV_1423",0.720576692122892,2.24538803994534e-05,0.00156051363512379,"Positive"
"ASV_1152","ASV_1423",0.829777471872807,8.71652050538074e-08,1.15771811706161e-05,"Positive"
"ASV_1208","ASV_1423",0.665147715805747,0.000153494525760411,0.00699625213424714,"Positive"
"ASV_1311","ASV_1423",0.665147715805747,0.000153494525760411,0.00699625213424714,"Positive"
"ASV_1335","ASV_1423",0.720576692122892,2.24538803994534e-05,0.00156051363512379,"Positive"
"ASV_1381","ASV_1423",0.665147715805747,0.000153494525760411,0.00699625213424714,"Positive"
"ASV_1413","ASV_1423",0.720576692122892,2.24538803994534e-05,0.00156051363512379,"Positive"
"ASV_40","ASV_1427",0.665147715805747,0.000153494525760411,0.00699625213424714,"Positive"
"ASV_226","ASV_1427",0.720576692122892,2.24538803994534e-05,0.00156051363512379,"Positive"
"ASV_298","ASV_1427",1,0,0,"Positive"
"ASV_409","ASV_1427",1,0,0,"Positive"
"ASV_627","ASV_1427",1,0,0,"Positive"
"ASV_898","ASV_1427",0.665147715805747,0.000153494525760411,0.00699625213424714,"Positive"
"ASV_969","ASV_1427",0.665147715805747,0.000153494525760411,0.00699625213424714,"Positive"
"ASV_1020","ASV_1427",1,0,0,"Positive"
"ASV_1050","ASV_1427",1,0,0,"Positive"
"ASV_1085","ASV_1427",1,0,0,"Positive"
"ASV_1194","ASV_1427",0.665147715805747,0.000153494525760411,0.00699625213424714,"Positive"
"ASV_1289","ASV_1427",0.720576692122892,2.24538803994534e-05,0.00156051363512379,"Positive"
"ASV_455","ASV_1433",0.665147715805747,0.000153494525760411,0.00699625213424714,"Positive"
"ASV_464","ASV_1433",1,0,0,"Positive"
"ASV_582","ASV_1433",1,0,0,"Positive"
"ASV_662","ASV_1433",1,0,0,"Positive"
"ASV_691","ASV_1433",0.665147715805747,0.000153494525760411,0.00699625213424714,"Positive"
"ASV_833","ASV_1433",1,0,0,"Positive"
"ASV_867","ASV_1433",1,0,0,"Positive"
"ASV_969","ASV_1433",0.720576692122892,2.24538803994534e-05,0.00156051363512379,"Positive"
"ASV_1023","ASV_1433",1,0,0,"Positive"
"ASV_1035","ASV_1433",1,0,0,"Positive"
"ASV_1134","ASV_1433",1,0,0,"Positive"
"ASV_1280","ASV_1433",1,0,0,"Positive"
"ASV_1331","ASV_1433",1,0,0,"Positive"
"ASV_455","ASV_1440",0.665147715805747,0.000153494525760411,0.00699625213424714,"Positive"
"ASV_464","ASV_1440",1,0,0,"Positive"
"ASV_582","ASV_1440",1,0,0,"Positive"
"ASV_662","ASV_1440",1,0,0,"Positive"
"ASV_691","ASV_1440",0.665147715805747,0.000153494525760411,0.00699625213424714,"Positive"
"ASV_833","ASV_1440",1,0,0,"Positive"
"ASV_867","ASV_1440",1,0,0,"Positive"
"ASV_969","ASV_1440",0.720576692122892,2.24538803994534e-05,0.00156051363512379,"Positive"
"ASV_1023","ASV_1440",1,0,0,"Positive"
"ASV_1035","ASV_1440",1,0,0,"Positive"
"ASV_1134","ASV_1440",1,0,0,"Positive"
"ASV_1280","ASV_1440",1,0,0,"Positive"
"ASV_1331","ASV_1440",1,0,0,"Positive"
"ASV_1433","ASV_1440",1,0,0,"Positive"
"ASV_40","ASV_1441",0.665147715805747,0.000153494525760411,0.00699625213424714,"Positive"
"ASV_226","ASV_1441",0.720576692122892,2.24538803994534e-05,0.00156051363512379,"Positive"
"ASV_298","ASV_1441",1,0,0,"Positive"
"ASV_409","ASV_1441",1,0,0,"Positive"
"ASV_627","ASV_1441",1,0,0,"Positive"
"ASV_898","ASV_1441",0.665147715805747,0.000153494525760411,0.00699625213424714,"Positive"
"ASV_969","ASV_1441",0.665147715805747,0.000153494525760411,0.00699625213424714,"Positive"
"ASV_1020","ASV_1441",1,0,0,"Positive"
"ASV_1050","ASV_1441",1,0,0,"Positive"
"ASV_1085","ASV_1441",1,0,0,"Positive"
"ASV_1194","ASV_1441",0.665147715805747,0.000153494525760411,0.00699625213424714,"Positive"
"ASV_1289","ASV_1441",0.720576692122892,2.24538803994534e-05,0.00156051363512379,"Positive"
"ASV_1427","ASV_1441",1,0,0,"Positive"
"ASV_65","ASV_1442",0.665147715805747,0.000153494525760411,0.00699625213424714,"Positive"
"ASV_81","ASV_1442",0.720576692122892,2.24538803994534e-05,0.00156051363512379,"Positive"
"ASV_100","ASV_1442",1,0,0,"Positive"
"ASV_122","ASV_1442",1,0,0,"Positive"
"ASV_240","ASV_1442",0.665147715805747,0.000153494525760411,0.00699625213424714,"Positive"
"ASV_337","ASV_1442",1,0,0,"Positive"
"ASV_360","ASV_1442",0.720576692122892,2.24538803994534e-05,0.00156051363512379,"Positive"
"ASV_371","ASV_1442",0.720576692122892,2.24538803994534e-05,0.00156051363512379,"Positive"
"ASV_494","ASV_1442",1,0,0,"Positive"
"ASV_535","ASV_1442",1,0,0,"Positive"
"ASV_596","ASV_1442",1,0,0,"Positive"
"ASV_611","ASV_1442",1,0,0,"Positive"
"ASV_623","ASV_1442",0.665147715805747,0.000153494525760411,0.00699625213424714,"Positive"
"ASV_652","ASV_1442",1,0,0,"Positive"
"ASV_754","ASV_1442",0.720576692122892,2.24538803994534e-05,0.00156051363512379,"Positive"
"ASV_793","ASV_1442",0.720576692122892,2.24538803994534e-05,0.00156051363512379,"Positive"
"ASV_903","ASV_1442",1,0,0,"Positive"
"ASV_916","ASV_1442",1,0,0,"Positive"
"ASV_1049","ASV_1442",1,0,0,"Positive"
"ASV_1167","ASV_1442",0.720576692122892,2.24538803994534e-05,0.00156051363512379,"Positive"
"ASV_1324","ASV_1442",0.665147715805747,0.000153494525760411,0.00699625213424714,"Positive"
"ASV_1357","ASV_1442",1,0,0,"Positive"
"ASV_57","ASV_1445",0.665147715805747,0.000153494525760411,0.00699625213424714,"Positive"
"ASV_539","ASV_1445",0.720576692122892,2.24538803994534e-05,0.00156051363512379,"Positive"
"ASV_586","ASV_1445",1,0,0,"Positive"
"ASV_591","ASV_1445",0.720576692122892,2.24538803994534e-05,0.00156051363512379,"Positive"
"ASV_642","ASV_1445",0.720576692122892,2.24538803994534e-05,0.00156051363512379,"Positive"
"ASV_663","ASV_1445",0.720576692122892,2.24538803994534e-05,0.00156051363512379,"Positive"
"ASV_769","ASV_1445",1,0,0,"Positive"
"ASV_772","ASV_1445",0.665147715805747,0.000153494525760411,0.00699625213424714,"Positive"
"ASV_844","ASV_1445",1,0,0,"Positive"
"ASV_899","ASV_1445",1,0,0,"Positive"
"ASV_966","ASV_1445",0.665147715805747,0.000153494525760411,0.00699625213424714,"Positive"
"ASV_1157","ASV_1445",1,0,0,"Positive"
"ASV_42","ASV_1447",0.720576692122892,2.24538803994534e-05,0.00156051363512379,"Positive"
"ASV_84","ASV_1447",0.720576692122892,2.24538803994534e-05,0.00156051363512379,"Positive"
"ASV_442","ASV_1447",0.720576692122892,2.24538803994534e-05,0.00156051363512379,"Positive"
"ASV_1293","ASV_1447",0.720576692122892,2.24538803994534e-05,0.00156051363512379,"Positive"
"ASV_62","ASV_1449",0.678280102733066,0.000100977333874486,0.00687431802304738,"Positive"
"ASV_75","ASV_1449",0.720576692122892,2.24538803994534e-05,0.00156051363512379,"Positive"
"ASV_105","ASV_1449",0.678280102733066,0.000100977333874486,0.00687431802304738,"Positive"
"ASV_127","ASV_1449",0.720576692122892,2.24538803994534e-05,0.00156051363512379,"Positive"
"ASV_150","ASV_1449",0.665147715805747,0.000153494525760411,0.00699625213424714,"Positive"
"ASV_157","ASV_1449",0.665147715805747,0.000153494525760411,0.00699625213424714,"Positive"
"ASV_174","ASV_1449",0.61740881146215,0.000601574330445054,0.0266505431379534,"Positive"
"ASV_222","ASV_1449",0.720576692122892,2.24538803994534e-05,0.00156051363512379,"Positive"
"ASV_224","ASV_1449",0.612698584722994,0.000680285588452456,0.0298789473233601,"Positive"
"ASV_247","ASV_1449",0.665147715805747,0.000153494525760411,0.00699625213424714,"Positive"
"ASV_257","ASV_1449",0.720576692122892,2.24538803994534e-05,0.00156051363512379,"Positive"
"ASV_264","ASV_1449",0.765759031906359,3.24513858140918e-06,0.000415059381465605,"Positive"
"ASV_274","ASV_1449",0.720576692122892,2.24538803994534e-05,0.00156051363512379,"Positive"
"ASV_283","ASV_1449",0.720576692122892,2.24538803994534e-05,0.00156051363512379,"Positive"
"ASV_316","ASV_1449",0.665147715805747,0.000153494525760411,0.00699625213424714,"Positive"
"ASV_352","ASV_1449",0.720576692122892,2.24538803994534e-05,0.00156051363512379,"Positive"
"ASV_366","ASV_1449",0.720576692122892,2.24538803994534e-05,0.00156051363512379,"Positive"
"ASV_384","ASV_1449",0.720576692122892,2.24538803994534e-05,0.00156051363512379,"Positive"
"ASV_421","ASV_1449",0.720576692122892,2.24538803994534e-05,0.00156051363512379,"Positive"
"ASV_431","ASV_1449",0.720576692122892,2.24538803994534e-05,0.00156051363512379,"Positive"
"ASV_538","ASV_1449",0.720576692122892,2.24538803994534e-05,0.00156051363512379,"Positive"
"ASV_546","ASV_1449",0.720576692122892,2.24538803994534e-05,0.00156051363512379,"Positive"
"ASV_561","ASV_1449",0.720576692122892,2.24538803994534e-05,0.00156051363512379,"Positive"
"ASV_570","ASV_1449",0.720576692122892,2.24538803994534e-05,0.00156051363512379,"Positive"
"ASV_612","ASV_1449",0.720576692122892,2.24538803994534e-05,0.00156051363512379,"Positive"
"ASV_665","ASV_1449",0.720576692122892,2.24538803994534e-05,0.00156051363512379,"Positive"
"ASV_683","ASV_1449",0.720576692122892,2.24538803994534e-05,0.00156051363512379,"Positive"
"ASV_693","ASV_1449",0.720576692122892,2.24538803994534e-05,0.00156051363512379,"Positive"
"ASV_705","ASV_1449",0.720576692122892,2.24538803994534e-05,0.00156051363512379,"Positive"
"ASV_727","ASV_1449",0.720576692122892,2.24538803994534e-05,0.00156051363512379,"Positive"
"ASV_728","ASV_1449",0.720576692122892,2.24538803994534e-05,0.00156051363512379,"Positive"
"ASV_771","ASV_1449",0.665147715805747,0.000153494525760411,0.00699625213424714,"Positive"
"ASV_785","ASV_1449",0.720576692122892,2.24538803994534e-05,0.00156051363512379,"Positive"
"ASV_811","ASV_1449",0.720576692122892,2.24538803994534e-05,0.00156051363512379,"Positive"
"ASV_828","ASV_1449",0.665147715805747,0.000153494525760411,0.00699625213424714,"Positive"
"ASV_878","ASV_1449",0.665147715805747,0.000153494525760411,0.00699625213424714,"Positive"
"ASV_907","ASV_1449",0.720576692122892,2.24538803994534e-05,0.00156051363512379,"Positive"
"ASV_982","ASV_1449",0.665147715805747,0.000153494525760411,0.00699625213424714,"Positive"
"ASV_989","ASV_1449",0.665147715805747,0.000153494525760411,0.00699625213424714,"Positive"
"ASV_990","ASV_1449",0.720576692122892,2.24538803994534e-05,0.00156051363512379,"Positive"
"ASV_1004","ASV_1449",0.665147715805747,0.000153494525760411,0.00699625213424714,"Positive"
"ASV_1019","ASV_1449",0.720576692122892,2.24538803994534e-05,0.00156051363512379,"Positive"
"ASV_1025","ASV_1449",0.665147715805747,0.000153494525760411,0.00699625213424714,"Positive"
"ASV_1043","ASV_1449",0.665147715805747,0.000153494525760411,0.00699625213424714,"Positive"
"ASV_1070","ASV_1449",0.665147715805747,0.000153494525760411,0.00699625213424714,"Positive"
"ASV_1092","ASV_1449",0.720576692122892,2.24538803994534e-05,0.00156051363512379,"Positive"
"ASV_1143","ASV_1449",0.61740881146215,0.000601574330445054,0.0266505431379534,"Positive"
"ASV_1222","ASV_1449",0.665147715805747,0.000153494525760411,0.00699625213424714,"Positive"
"ASV_1235","ASV_1449",0.665147715805747,0.000153494525760411,0.00699625213424714,"Positive"
"ASV_1254","ASV_1449",0.665147715805747,0.000153494525760411,0.00699625213424714,"Positive"
"ASV_1306","ASV_1449",0.720576692122892,2.24538803994534e-05,0.00156051363512379,"Positive"
"ASV_1332","ASV_1449",0.720576692122892,2.24538803994534e-05,0.00156051363512379,"Positive"
"ASV_1380","ASV_1449",0.720576692122892,2.24538803994534e-05,0.00156051363512379,"Positive"
"ASV_1420","ASV_1449",0.665147715805747,0.000153494525760411,0.00699625213424714,"Positive"
"ASV_48","ASV_1450",0.720576692122892,2.24538803994534e-05,0.00156051363512379,"Positive"
"ASV_57","ASV_1450",0.720576692122892,2.24538803994534e-05,0.00156051363512379,"Positive"
"ASV_64","ASV_1450",1,0,0,"Positive"
"ASV_321","ASV_1450",0.665147715805747,0.000153494525760411,0.00699625213424714,"Positive"
"ASV_342","ASV_1450",0.720576692122892,2.24538803994534e-05,0.00156051363512379,"Positive"
"ASV_349","ASV_1450",1,0,0,"Positive"
"ASV_373","ASV_1450",0.720576692122892,2.24538803994534e-05,0.00156051363512379,"Positive"
"ASV_404","ASV_1450",1,0,0,"Positive"
"ASV_414","ASV_1450",1,0,0,"Positive"
"ASV_545","ASV_1450",1,0,0,"Positive"
"ASV_621","ASV_1450",1,0,0,"Positive"
"ASV_635","ASV_1450",0.665147715805747,0.000153494525760411,0.00699625213424714,"Positive"
"ASV_653","ASV_1450",1,0,0,"Positive"
"ASV_708","ASV_1450",0.665147715805747,0.000153494525760411,0.00699625213424714,"Positive"
"ASV_754","ASV_1450",0.665147715805747,0.000153494525760411,0.00699625213424714,"Positive"
"ASV_763","ASV_1450",1,0,0,"Positive"
"ASV_797","ASV_1450",1,0,0,"Positive"
"ASV_803","ASV_1450",0.720576692122892,2.24538803994534e-05,0.00156051363512379,"Positive"
"ASV_819","ASV_1450",1,0,0,"Positive"
"ASV_946","ASV_1450",0.665147715805747,0.000153494525760411,0.00699625213424714,"Positive"
"ASV_1029","ASV_1450",0.720576692122892,2.24538803994534e-05,0.00156051363512379,"Positive"
"ASV_1069","ASV_1450",1,0,0,"Positive"
"ASV_1131","ASV_1450",1,0,0,"Positive"
"ASV_1197","ASV_1450",1,0,0,"Positive"
"ASV_48","ASV_1451",0.720576692122892,2.24538803994534e-05,0.00156051363512379,"Positive"
"ASV_57","ASV_1451",0.720576692122892,2.24538803994534e-05,0.00156051363512379,"Positive"
"ASV_64","ASV_1451",1,0,0,"Positive"
"ASV_321","ASV_1451",0.665147715805747,0.000153494525760411,0.00699625213424714,"Positive"
"ASV_342","ASV_1451",0.720576692122892,2.24538803994534e-05,0.00156051363512379,"Positive"
"ASV_349","ASV_1451",1,0,0,"Positive"
"ASV_373","ASV_1451",0.720576692122892,2.24538803994534e-05,0.00156051363512379,"Positive"
"ASV_404","ASV_1451",1,0,0,"Positive"
"ASV_414","ASV_1451",1,0,0,"Positive"
"ASV_545","ASV_1451",1,0,0,"Positive"
"ASV_621","ASV_1451",1,0,0,"Positive"
"ASV_635","ASV_1451",0.665147715805747,0.000153494525760411,0.00699625213424714,"Positive"
"ASV_653","ASV_1451",1,0,0,"Positive"
"ASV_708","ASV_1451",0.665147715805747,0.000153494525760411,0.00699625213424714,"Positive"
"ASV_754","ASV_1451",0.665147715805747,0.000153494525760411,0.00699625213424714,"Positive"
"ASV_763","ASV_1451",1,0,0,"Positive"
"ASV_797","ASV_1451",1,0,0,"Positive"
"ASV_803","ASV_1451",0.720576692122892,2.24538803994534e-05,0.00156051363512379,"Positive"
"ASV_819","ASV_1451",1,0,0,"Positive"
"ASV_946","ASV_1451",0.665147715805747,0.000153494525760411,0.00699625213424714,"Positive"
"ASV_1029","ASV_1451",0.720576692122892,2.24538803994534e-05,0.00156051363512379,"Positive"
"ASV_1069","ASV_1451",1,0,0,"Positive"
"ASV_1131","ASV_1451",1,0,0,"Positive"
"ASV_1197","ASV_1451",1,0,0,"Positive"
"ASV_1450","ASV_1451",1,0,0,"Positive"
"ASV_258","ASV_1452",0.665147715805747,0.000153494525760411,0.00699625213424714,"Positive"
"ASV_336","ASV_1452",1,0,0,"Positive"
"ASV_442","ASV_1452",0.665147715805747,0.000153494525760411,0.00699625213424714,"Positive"
"ASV_591","ASV_1452",0.665147715805747,0.000153494525760411,0.00699625213424714,"Positive"
"ASV_605","ASV_1452",0.720576692122892,2.24538803994534e-05,0.00156051363512379,"Positive"
"ASV_778","ASV_1452",1,0,0,"Positive"
"ASV_816","ASV_1452",1,0,0,"Positive"
"ASV_850","ASV_1452",0.720576692122892,2.24538803994534e-05,0.00156051363512379,"Positive"
"ASV_860","ASV_1452",0.720576692122892,2.24538803994534e-05,0.00156051363512379,"Positive"
"ASV_906","ASV_1452",1,0,0,"Positive"
"ASV_1021","ASV_1452",1,0,0,"Positive"
"ASV_1071","ASV_1452",1,0,0,"Positive"
"ASV_1125","ASV_1452",1,0,0,"Positive"
"ASV_1203","ASV_1452",1,0,0,"Positive"
"ASV_1266","ASV_1452",1,0,0,"Positive"
"ASV_1271","ASV_1452",0.665147715805747,0.000153494525760411,0.00699625213424714,"Positive"
"ASV_24","ASV_1453",0.720576692122892,2.24538803994534e-05,0.00156051363512379,"Positive"
"ASV_134","ASV_1453",1,0,0,"Positive"
"ASV_233","ASV_1453",1,0,0,"Positive"
"ASV_304","ASV_1453",0.720576692122892,2.24538803994534e-05,0.00156051363512379,"Positive"
"ASV_335","ASV_1453",0.665147715805747,0.000153494525760411,0.00699625213424714,"Positive"
"ASV_373","ASV_1453",0.665147715805747,0.000153494525760411,0.00699625213424714,"Positive"
"ASV_383","ASV_1453",0.720576692122892,2.24538803994534e-05,0.00156051363512379,"Positive"
"ASV_422","ASV_1453",0.665147715805747,0.000153494525760411,0.00699625213424714,"Positive"
"ASV_476","ASV_1453",0.720576692122892,2.24538803994534e-05,0.00156051363512379,"Positive"
"ASV_501","ASV_1453",1,0,0,"Positive"
"ASV_521","ASV_1453",0.665147715805747,0.000153494525760411,0.00699625213424714,"Positive"
"ASV_580","ASV_1453",1,0,0,"Positive"
"ASV_949","ASV_1453",1,0,0,"Positive"
"ASV_1191","ASV_1453",0.665147715805747,0.000153494525760411,0.00699625213424714,"Positive"
"ASV_1289","ASV_1453",0.665147715805747,0.000153494525760411,0.00699625213424714,"Positive"
"ASV_1292","ASV_1453",1,0,0,"Positive"
"ASV_1303","ASV_1453",0.720576692122892,2.24538803994534e-05,0.00156051363512379,"Positive"
"ASV_464","ASV_1461",0.720576692122892,2.24538803994534e-05,0.00156051363512379,"Positive"
"ASV_563","ASV_1461",0.665147715805747,0.000153494525760411,0.00699625213424714,"Positive"
"ASV_582","ASV_1461",0.720576692122892,2.24538803994534e-05,0.00156051363512379,"Positive"
"ASV_662","ASV_1461",0.720576692122892,2.24538803994534e-05,0.00156051363512379,"Positive"
"ASV_833","ASV_1461",0.720576692122892,2.24538803994534e-05,0.00156051363512379,"Positive"
"ASV_867","ASV_1461",0.720576692122892,2.24538803994534e-05,0.00156051363512379,"Positive"
"ASV_1023","ASV_1461",0.720576692122892,2.24538803994534e-05,0.00156051363512379,"Positive"
"ASV_1035","ASV_1461",0.720576692122892,2.24538803994534e-05,0.00156051363512379,"Positive"
"ASV_1134","ASV_1461",0.720576692122892,2.24538803994534e-05,0.00156051363512379,"Positive"
"ASV_1280","ASV_1461",0.720576692122892,2.24538803994534e-05,0.00156051363512379,"Positive"
"ASV_1331","ASV_1461",0.720576692122892,2.24538803994534e-05,0.00156051363512379,"Positive"
"ASV_1433","ASV_1461",0.720576692122892,2.24538803994534e-05,0.00156051363512379,"Positive"
"ASV_1440","ASV_1461",0.720576692122892,2.24538803994534e-05,0.00156051363512379,"Positive"
"ASV_87","ASV_1466",0.795306004198565,7.15677216822641e-07,9.2434728981734e-05,"Positive"
"ASV_104","ASV_1466",0.720576692122892,2.24538803994534e-05,0.00156051363512379,"Positive"
"ASV_150","ASV_1466",0.665147715805747,0.000153494525760411,0.00699625213424714,"Positive"
"ASV_157","ASV_1466",0.665147715805747,0.000153494525760411,0.00699625213424714,"Positive"
"ASV_237","ASV_1466",0.720576692122892,2.24538803994534e-05,0.00156051363512379,"Positive"
"ASV_247","ASV_1466",0.665147715805747,0.000153494525760411,0.00699625213424714,"Positive"
"ASV_316","ASV_1466",0.665147715805747,0.000153494525760411,0.00699625213424714,"Positive"
"ASV_460","ASV_1466",0.720576692122892,2.24538803994534e-05,0.00156051363512379,"Positive"
"ASV_483","ASV_1466",0.763296784215341,3.64471975866643e-06,0.000458945768754608,"Positive"
"ASV_661","ASV_1466",0.795306004198565,7.15677216822641e-07,9.2434728981734e-05,"Positive"
"ASV_771","ASV_1466",0.665147715805747,0.000153494525760411,0.00699625213424714,"Positive"
"ASV_789","ASV_1466",0.720576692122892,2.24538803994534e-05,0.00156051363512379,"Positive"
"ASV_828","ASV_1466",0.665147715805747,0.000153494525760411,0.00699625213424714,"Positive"
"ASV_878","ASV_1466",0.665147715805747,0.000153494525760411,0.00699625213424714,"Positive"
"ASV_950","ASV_1466",0.720576692122892,2.24538803994534e-05,0.00156051363512379,"Positive"
"ASV_982","ASV_1466",0.665147715805747,0.000153494525760411,0.00699625213424714,"Positive"
"ASV_989","ASV_1466",0.665147715805747,0.000153494525760411,0.00699625213424714,"Positive"
"ASV_992","ASV_1466",0.720576692122892,2.24538803994534e-05,0.00156051363512379,"Positive"
"ASV_1004","ASV_1466",0.665147715805747,0.000153494525760411,0.00699625213424714,"Positive"
"ASV_1007","ASV_1466",0.720576692122892,2.24538803994534e-05,0.00156051363512379,"Positive"
"ASV_1025","ASV_1466",0.665147715805747,0.000153494525760411,0.00699625213424714,"Positive"
"ASV_1043","ASV_1466",0.665147715805747,0.000153494525760411,0.00699625213424714,"Positive"
"ASV_1070","ASV_1466",0.665147715805747,0.000153494525760411,0.00699625213424714,"Positive"
"ASV_1108","ASV_1466",0.720576692122892,2.24538803994534e-05,0.00156051363512379,"Positive"
"ASV_1115","ASV_1466",0.8002304995806,5.43241576611564e-07,7.10936547391713e-05,"Positive"
"ASV_1136","ASV_1466",0.720576692122892,2.24538803994534e-05,0.00156051363512379,"Positive"
"ASV_1170","ASV_1466",0.61740881146215,0.000601574330445054,0.0266505431379534,"Positive"
"ASV_1222","ASV_1466",0.665147715805747,0.000153494525760411,0.00699625213424714,"Positive"
"ASV_1235","ASV_1466",0.665147715805747,0.000153494525760411,0.00699625213424714,"Positive"
"ASV_1254","ASV_1466",0.665147715805747,0.000153494525760411,0.00699625213424714,"Positive"
"ASV_1268","ASV_1466",0.720576692122892,2.24538803994534e-05,0.00156051363512379,"Positive"
"ASV_1318","ASV_1466",0.720576692122892,2.24538803994534e-05,0.00156051363512379,"Positive"
"ASV_1420","ASV_1466",0.665147715805747,0.000153494525760411,0.00699625213424714,"Positive"
"ASV_137","ASV_1467",0.665147715805747,0.000153494525760411,0.00699625213424714,"Positive"
"ASV_211","ASV_1467",0.720576692122892,2.24538803994534e-05,0.00156051363512379,"Positive"
"ASV_272","ASV_1467",1,0,0,"Positive"
"ASV_383","ASV_1467",0.665147715805747,0.000153494525760411,0.00699625213424714,"Positive"
"ASV_422","ASV_1467",0.720576692122892,2.24538803994534e-05,0.00156051363512379,"Positive"
"ASV_455","ASV_1467",0.720576692122892,2.24538803994534e-05,0.00156051363512379,"Positive"
"ASV_598","ASV_1467",1,0,0,"Positive"
"ASV_600","ASV_1467",0.720576692122892,2.24538803994534e-05,0.00156051363512379,"Positive"
"ASV_608","ASV_1467",0.665147715805747,0.000153494525760411,0.00699625213424714,"Positive"
"ASV_631","ASV_1467",0.720576692122892,2.24538803994534e-05,0.00156051363512379,"Positive"
"ASV_695","ASV_1467",0.720576692122892,2.24538803994534e-05,0.00156051363512379,"Positive"
"ASV_912","ASV_1467",1,0,0,"Positive"
"ASV_988","ASV_1467",0.665147715805747,0.000153494525760411,0.00699625213424714,"Positive"
"ASV_1012","ASV_1467",0.720576692122892,2.24538803994534e-05,0.00156051363512379,"Positive"
"ASV_1024","ASV_1467",1,0,0,"Positive"
"ASV_1061","ASV_1467",1,0,0,"Positive"
"ASV_1315","ASV_1467",1,0,0,"Positive"
"ASV_1373","ASV_1467",1,0,0,"Positive"
"ASV_1376","ASV_1467",1,0,0,"Positive"
"ASV_1397","ASV_1467",1,0,0,"Positive"
"ASV_1398","ASV_1467",1,0,0,"Positive"
"ASV_1402","ASV_1467",1,0,0,"Positive"
"ASV_1415","ASV_1467",1,0,0,"Positive"
"ASV_1416","ASV_1467",1,0,0,"Positive"
"ASV_104","ASV_1469",0.720576692122892,2.24538803994534e-05,0.00156051363512379,"Positive"
"ASV_237","ASV_1469",0.720576692122892,2.24538803994534e-05,0.00156051363512379,"Positive"
"ASV_298","ASV_1469",0.665147715805747,0.000153494525760411,0.00699625213424714,"Positive"
"ASV_327","ASV_1469",0.644424077783084,0.000285679961085528,0.0128831454599764,"Positive"
"ASV_409","ASV_1469",0.665147715805747,0.000153494525760411,0.00699625213424714,"Positive"
"ASV_460","ASV_1469",0.720576692122892,2.24538803994534e-05,0.00156051363512379,"Positive"
"ASV_627","ASV_1469",0.665147715805747,0.000153494525760411,0.00699625213424714,"Positive"
"ASV_789","ASV_1469",0.720576692122892,2.24538803994534e-05,0.00156051363512379,"Positive"
"ASV_950","ASV_1469",0.720576692122892,2.24538803994534e-05,0.00156051363512379,"Positive"
"ASV_992","ASV_1469",0.720576692122892,2.24538803994534e-05,0.00156051363512379,"Positive"
"ASV_1007","ASV_1469",0.720576692122892,2.24538803994534e-05,0.00156051363512379,"Positive"
"ASV_1020","ASV_1469",0.665147715805747,0.000153494525760411,0.00699625213424714,"Positive"
"ASV_1050","ASV_1469",0.665147715805747,0.000153494525760411,0.00699625213424714,"Positive"
"ASV_1085","ASV_1469",0.665147715805747,0.000153494525760411,0.00699625213424714,"Positive"
"ASV_1108","ASV_1469",0.720576692122892,2.24538803994534e-05,0.00156051363512379,"Positive"
"ASV_1136","ASV_1469",0.720576692122892,2.24538803994534e-05,0.00156051363512379,"Positive"
"ASV_1268","ASV_1469",0.720576692122892,2.24538803994534e-05,0.00156051363512379,"Positive"
"ASV_1318","ASV_1469",0.720576692122892,2.24538803994534e-05,0.00156051363512379,"Positive"
"ASV_1427","ASV_1469",0.665147715805747,0.000153494525760411,0.00699625213424714,"Positive"
"ASV_1441","ASV_1469",0.665147715805747,0.000153494525760411,0.00699625213424714,"Positive"
"ASV_90","ASV_1472",0.720576692122892,2.24538803994534e-05,0.00156051363512379,"Positive"
"ASV_343","ASV_1472",0.734803444627488,1.27308589377151e-05,0.00156051363512379,"Positive"
"ASV_397","ASV_1472",0.720576692122892,2.24538803994534e-05,0.00156051363512379,"Positive"
"ASV_448","ASV_1472",0.720576692122892,2.24538803994534e-05,0.00156051363512379,"Positive"
"ASV_543","ASV_1472",0.720576692122892,2.24538803994534e-05,0.00156051363512379,"Positive"
"ASV_586","ASV_1472",0.665147715805747,0.000153494525760411,0.00699625213424714,"Positive"
"ASV_769","ASV_1472",0.665147715805747,0.000153494525760411,0.00699625213424714,"Positive"
"ASV_822","ASV_1472",0.600019200921649,0.000938331035804207,0.035870838792321,"Positive"
"ASV_844","ASV_1472",0.665147715805747,0.000153494525760411,0.00699625213424714,"Positive"
"ASV_899","ASV_1472",0.665147715805747,0.000153494525760411,0.00699625213424714,"Positive"
"ASV_947","ASV_1472",0.615234836773903,0.00063685624331411,0.0280740858416343,"Positive"
"ASV_966","ASV_1472",1,0,0,"Positive"
"ASV_1157","ASV_1472",0.665147715805747,0.000153494525760411,0.00699625213424714,"Positive"
"ASV_1181","ASV_1472",0.720576692122892,2.24538803994534e-05,0.00156051363512379,"Positive"
"ASV_1445","ASV_1472",0.665147715805747,0.000153494525760411,0.00699625213424714,"Positive"
"ASV_399","ASV_1475",0.665147715805747,0.000153494525760411,0.00699625213424714,"Positive"
"ASV_464","ASV_1475",0.720576692122892,2.24538803994534e-05,0.00156051363512379,"Positive"
"ASV_519","ASV_1475",0.665147715805747,0.000153494525760411,0.00699625213424714,"Positive"
"ASV_582","ASV_1475",0.720576692122892,2.24538803994534e-05,0.00156051363512379,"Positive"
"ASV_658","ASV_1475",0.665147715805747,0.000153494525760411,0.00699625213424714,"Positive"
"ASV_662","ASV_1475",0.720576692122892,2.24538803994534e-05,0.00156051363512379,"Positive"
"ASV_746","ASV_1475",0.665147715805747,0.000153494525760411,0.00699625213424714,"Positive"
"ASV_833","ASV_1475",0.720576692122892,2.24538803994534e-05,0.00156051363512379,"Positive"
"ASV_867","ASV_1475",0.720576692122892,2.24538803994534e-05,0.00156051363512379,"Positive"
"ASV_1023","ASV_1475",0.720576692122892,2.24538803994534e-05,0.00156051363512379,"Positive"
"ASV_1035","ASV_1475",0.720576692122892,2.24538803994534e-05,0.00156051363512379,"Positive"
"ASV_1101","ASV_1475",0.665147715805747,0.000153494525760411,0.00699625213424714,"Positive"
"ASV_1127","ASV_1475",0.665147715805747,0.000153494525760411,0.00699625213424714,"Positive"
"ASV_1134","ASV_1475",0.720576692122892,2.24538803994534e-05,0.00156051363512379,"Positive"
"ASV_1280","ASV_1475",0.720576692122892,2.24538803994534e-05,0.00156051363512379,"Positive"
"ASV_1331","ASV_1475",0.720576692122892,2.24538803994534e-05,0.00156051363512379,"Positive"
"ASV_1335","ASV_1475",0.665147715805747,0.000153494525760411,0.00699625213424714,"Positive"
"ASV_1413","ASV_1475",0.665147715805747,0.000153494525760411,0.00699625213424714,"Positive"
"ASV_1433","ASV_1475",0.720576692122892,2.24538803994534e-05,0.00156051363512379,"Positive"
"ASV_1440","ASV_1475",0.720576692122892,2.24538803994534e-05,0.00156051363512379,"Positive"
"ASV_387","ASV_1476",0.832239719563824,7.36862437733521e-08,9.94947876598897e-06,"Positive"
"ASV_552","ASV_1476",0.829777471872807,8.71652050538074e-08,1.15771811706161e-05,"Positive"
"ASV_572","ASV_1476",0.620389344262295,0.000555978856660477,0.0247496105758623,"Positive"
"ASV_645","ASV_1476",0.763296784215341,3.64471975866643e-06,0.000458945768754608,"Positive"
"ASV_1084","ASV_1476",0.618340163934426,0.000586988732612204,0.0260503111334429,"Positive"
"ASV_1151","ASV_1476",0.620389344262295,0.000555978856660477,0.0247496105758623,"Positive"
"ASV_1298","ASV_1476",0.795306004198565,7.15677216822641e-07,9.2434728981734e-05,"Positive"
"ASV_1344","ASV_1476",0.652151639344262,0.000227836393568381,0.0103523044281977,"Positive"
"ASV_387","ASV_1477",0.665147715805747,0.000153494525760411,0.00699625213424714,"Positive"
"ASV_552","ASV_1477",0.720576692122892,2.24538803994534e-05,0.00156051363512379,"Positive"
"ASV_605","ASV_1477",0.665147715805747,0.000153494525760411,0.00699625213424714,"Positive"
"ASV_645","ASV_1477",0.665147715805747,0.000153494525760411,0.00699625213424714,"Positive"
"ASV_804","ASV_1477",0.720576692122892,2.24538803994534e-05,0.00156051363512379,"Positive"
"ASV_1044","ASV_1477",1,0,0,"Positive"
"ASV_1091","ASV_1477",1,0,0,"Positive"
"ASV_1097","ASV_1477",0.665147715805747,0.000153494525760411,0.00699625213424714,"Positive"
"ASV_1189","ASV_1477",0.665147715805747,0.000153494525760411,0.00699625213424714,"Positive"
"ASV_1202","ASV_1477",1,0,0,"Positive"
"ASV_1347","ASV_1477",1,0,0,"Positive"
"ASV_65","ASV_1478",0.665147715805747,0.000153494525760411,0.00699625213424714,"Positive"
"ASV_81","ASV_1478",0.720576692122892,2.24538803994534e-05,0.00156051363512379,"Positive"
"ASV_100","ASV_1478",1,0,0,"Positive"
"ASV_122","ASV_1478",1,0,0,"Positive"
"ASV_240","ASV_1478",0.665147715805747,0.000153494525760411,0.00699625213424714,"Positive"
"ASV_337","ASV_1478",1,0,0,"Positive"
"ASV_360","ASV_1478",0.720576692122892,2.24538803994534e-05,0.00156051363512379,"Positive"
"ASV_371","ASV_1478",0.720576692122892,2.24538803994534e-05,0.00156051363512379,"Positive"
"ASV_494","ASV_1478",1,0,0,"Positive"
"ASV_535","ASV_1478",1,0,0,"Positive"
"ASV_596","ASV_1478",1,0,0,"Positive"
"ASV_611","ASV_1478",1,0,0,"Positive"
"ASV_623","ASV_1478",0.665147715805747,0.000153494525760411,0.00699625213424714,"Positive"
"ASV_652","ASV_1478",1,0,0,"Positive"
"ASV_754","ASV_1478",0.720576692122892,2.24538803994534e-05,0.00156051363512379,"Positive"
"ASV_793","ASV_1478",0.720576692122892,2.24538803994534e-05,0.00156051363512379,"Positive"
"ASV_903","ASV_1478",1,0,0,"Positive"
"ASV_916","ASV_1478",1,0,0,"Positive"
"ASV_1049","ASV_1478",1,0,0,"Positive"
"ASV_1167","ASV_1478",0.720576692122892,2.24538803994534e-05,0.00156051363512379,"Positive"
"ASV_1324","ASV_1478",0.665147715805747,0.000153494525760411,0.00699625213424714,"Positive"
"ASV_1357","ASV_1478",1,0,0,"Positive"
"ASV_1442","ASV_1478",1,0,0,"Positive"
"ASV_110","ASV_1482",0.665147715805747,0.000153494525760411,0.00699625213424714,"Positive"
"ASV_159","ASV_1482",0.665147715805747,0.000153494525760411,0.00699625213424714,"Positive"
"ASV_196","ASV_1482",0.720576692122892,2.24538803994534e-05,0.00156051363512379,"Positive"
"ASV_305","ASV_1482",0.665147715805747,0.000153494525760411,0.00699625213424714,"Positive"
"ASV_364","ASV_1482",1,0,0,"Positive"
"ASV_401","ASV_1482",1,0,0,"Positive"
"ASV_476","ASV_1482",0.665147715805747,0.000153494525760411,0.00699625213424714,"Positive"
"ASV_507","ASV_1482",1,0,0,"Positive"
"ASV_660","ASV_1482",0.720576692122892,2.24538803994534e-05,0.00156051363512379,"Positive"
"ASV_724","ASV_1482",1,0,0,"Positive"
"ASV_860","ASV_1482",0.665147715805747,0.000153494525760411,0.00699625213424714,"Positive"
"ASV_926","ASV_1482",1,0,0,"Positive"
"ASV_954","ASV_1482",1,0,0,"Positive"
"ASV_988","ASV_1482",0.720576692122892,2.24538803994534e-05,0.00156051363512379,"Positive"
"ASV_1082","ASV_1482",0.720576692122892,2.24538803994534e-05,0.00156051363512379,"Positive"
"ASV_1146","ASV_1482",1,0,0,"Positive"
"ASV_1167","ASV_1482",0.665147715805747,0.000153494525760411,0.00699625213424714,"Positive"
"ASV_1198","ASV_1482",1,0,0,"Positive"
"ASV_1404","ASV_1482",1,0,0,"Positive"
"ASV_8","ASV_1487",0.665147715805747,0.000153494525760411,0.00699625213424714,"Positive"
"ASV_65","ASV_1487",0.720576692122892,2.24538803994534e-05,0.00156051363512379,"Positive"
"ASV_75","ASV_1487",1,0,0,"Positive"
"ASV_110","ASV_1487",0.720576692122892,2.24538803994534e-05,0.00156051363512379,"Positive"
"ASV_127","ASV_1487",1,0,0,"Positive"
"ASV_137","ASV_1487",0.720576692122892,2.24538803994534e-05,0.00156051363512379,"Positive"
"ASV_159","ASV_1487",0.720576692122892,2.24538803994534e-05,0.00156051363512379,"Positive"
"ASV_222","ASV_1487",1,0,0,"Positive"
"ASV_252","ASV_1487",0.720576692122892,2.24538803994534e-05,0.00156051363512379,"Positive"
"ASV_257","ASV_1487",1,0,0,"Positive"
"ASV_274","ASV_1487",1,0,0,"Positive"
"ASV_283","ASV_1487",1,0,0,"Positive"
"ASV_287","ASV_1487",0.665147715805747,0.000153494525760411,0.00699625213424714,"Positive"
"ASV_299","ASV_1487",0.665147715805747,0.000153494525760411,0.00699625213424714,"Positive"
"ASV_321","ASV_1487",0.720576692122892,2.24538803994534e-05,0.00156051363512379,"Positive"
"ASV_335","ASV_1487",0.720576692122892,2.24538803994534e-05,0.00156051363512379,"Positive"
"ASV_342","ASV_1487",0.665147715805747,0.000153494525760411,0.00699625213424714,"Positive"
"ASV_352","ASV_1487",1,0,0,"Positive"
"ASV_359","ASV_1487",0.720576692122892,2.24538803994534e-05,0.00156051363512379,"Positive"
"ASV_360","ASV_1487",0.665147715805747,0.000153494525760411,0.00699625213424714,"Positive"
"ASV_366","ASV_1487",1,0,0,"Positive"
"ASV_384","ASV_1487",1,0,0,"Positive"
"ASV_419","ASV_1487",0.665147715805747,0.000153494525760411,0.00699625213424714,"Positive"
"ASV_421","ASV_1487",1,0,0,"Positive"
"ASV_423","ASV_1487",0.665147715805747,0.000153494525760411,0.00699625213424714,"Positive"
"ASV_431","ASV_1487",1,0,0,"Positive"
"ASV_437","ASV_1487",0.720576692122892,2.24538803994534e-05,0.00156051363512379,"Positive"
"ASV_503","ASV_1487",0.665147715805747,0.000153494525760411,0.00699625213424714,"Positive"
"ASV_538","ASV_1487",1,0,0,"Positive"
"ASV_539","ASV_1487",0.665147715805747,0.000153494525760411,0.00699625213424714,"Positive"
"ASV_546","ASV_1487",1,0,0,"Positive"
"ASV_561","ASV_1487",1,0,0,"Positive"
"ASV_568","ASV_1487",0.665147715805747,0.000153494525760411,0.00699625213424714,"Positive"
"ASV_570","ASV_1487",1,0,0,"Positive"
"ASV_600","ASV_1487",0.665147715805747,0.000153494525760411,0.00699625213424714,"Positive"
"ASV_612","ASV_1487",1,0,0,"Positive"
"ASV_631","ASV_1487",0.665147715805747,0.000153494525760411,0.00699625213424714,"Positive"
"ASV_665","ASV_1487",1,0,0,"Positive"
"ASV_669","ASV_1487",0.665147715805747,0.000153494525760411,0.00699625213424714,"Positive"
"ASV_683","ASV_1487",1,0,0,"Positive"
"ASV_693","ASV_1487",1,0,0,"Positive"
"ASV_705","ASV_1487",1,0,0,"Positive"
"ASV_727","ASV_1487",1,0,0,"Positive"
"ASV_728","ASV_1487",1,0,0,"Positive"
"ASV_734","ASV_1487",0.720576692122892,2.24538803994534e-05,0.00156051363512379,"Positive"
"ASV_742","ASV_1487",0.665147715805747,0.000153494525760411,0.00699625213424714,"Positive"
"ASV_772","ASV_1487",0.720576692122892,2.24538803994534e-05,0.00156051363512379,"Positive"
"ASV_785","ASV_1487",1,0,0,"Positive"
"ASV_804","ASV_1487",0.665147715805747,0.000153494525760411,0.00699625213424714,"Positive"
"ASV_811","ASV_1487",1,0,0,"Positive"
"ASV_850","ASV_1487",0.665147715805747,0.000153494525760411,0.00699625213424714,"Positive"
"ASV_894","ASV_1487",0.665147715805747,0.000153494525760411,0.00699625213424714,"Positive"
"ASV_907","ASV_1487",1,0,0,"Positive"
"ASV_990","ASV_1487",1,0,0,"Positive"
"ASV_1019","ASV_1487",1,0,0,"Positive"
"ASV_1062","ASV_1487",0.720576692122892,2.24538803994534e-05,0.00156051363512379,"Positive"
"ASV_1092","ASV_1487",1,0,0,"Positive"
"ASV_1150","ASV_1487",0.720576692122892,2.24538803994534e-05,0.00156051363512379,"Positive"
"ASV_1165","ASV_1487",0.665147715805747,0.000153494525760411,0.00699625213424714,"Positive"
"ASV_1190","ASV_1487",0.720576692122892,2.24538803994534e-05,0.00156051363512379,"Positive"
"ASV_1196","ASV_1487",0.665147715805747,0.000153494525760411,0.00699625213424714,"Positive"
"ASV_1306","ASV_1487",1,0,0,"Positive"
"ASV_1332","ASV_1487",1,0,0,"Positive"
"ASV_1380","ASV_1487",1,0,0,"Positive"
"ASV_1449","ASV_1487",0.720576692122892,2.24538803994534e-05,0.00156051363512379,"Positive"
"ASV_42","ASV_1490",0.720576692122892,2.24538803994534e-05,0.00156051363512379,"Positive"
"ASV_84","ASV_1490",0.720576692122892,2.24538803994534e-05,0.00156051363512379,"Positive"
"ASV_442","ASV_1490",0.720576692122892,2.24538803994534e-05,0.00156051363512379,"Positive"
"ASV_1293","ASV_1490",0.720576692122892,2.24538803994534e-05,0.00156051363512379,"Positive"
"ASV_1447","ASV_1490",1,0,0,"Positive"
"ASV_12","ASV_1491",0.720576692122892,2.24538803994534e-05,0.00156051363512379,"Positive"
"ASV_240","ASV_1491",0.720576692122892,2.24538803994534e-05,0.00156051363512379,"Positive"
"ASV_331","ASV_1491",0.720576692122892,2.24538803994534e-05,0.00156051363512379,"Positive"
"ASV_695","ASV_1491",0.665147715805747,0.000153494525760411,0.00699625213424714,"Positive"
"ASV_848","ASV_1491",1,0,0,"Positive"
"ASV_937","ASV_1491",1,0,0,"Positive"
"ASV_946","ASV_1491",0.720576692122892,2.24538803994534e-05,0.00156051363512379,"Positive"
"ASV_1166","ASV_1491",1,0,0,"Positive"
"ASV_1180","ASV_1491",0.720576692122892,2.24538803994534e-05,0.00156051363512379,"Positive"
"ASV_1241","ASV_1491",1,0,0,"Positive"
"ASV_1281","ASV_1491",1,0,0,"Positive"
"ASV_1355","ASV_1491",1,0,0,"Positive"
"ASV_8","ASV_1496",0.720576692122892,2.24538803994534e-05,0.00156051363512379,"Positive"
"ASV_31","ASV_1496",0.720576692122892,2.24538803994534e-05,0.00156051363512379,"Positive"
"ASV_84","ASV_1496",0.665147715805747,0.000153494525760411,0.00699625213424714,"Positive"
"ASV_104","ASV_1496",1,0,0,"Positive"
"ASV_237","ASV_1496",1,0,0,"Positive"
"ASV_293","ASV_1496",0.720576692122892,2.24538803994534e-05,0.00156051363512379,"Positive"
"ASV_387","ASV_1496",0.720576692122892,2.24538803994534e-05,0.00156051363512379,"Positive"
"ASV_419","ASV_1496",0.720576692122892,2.24538803994534e-05,0.00156051363512379,"Positive"
"ASV_437","ASV_1496",0.665147715805747,0.000153494525760411,0.00699625213424714,"Positive"
"ASV_460","ASV_1496",1,0,0,"Positive"
"ASV_503","ASV_1496",0.720576692122892,2.24538803994534e-05,0.00156051363512379,"Positive"
"ASV_552","ASV_1496",0.665147715805747,0.000153494525760411,0.00699625213424714,"Positive"
"ASV_637","ASV_1496",0.665147715805747,0.000153494525760411,0.00699625213424714,"Positive"
"ASV_691","ASV_1496",0.720576692122892,2.24538803994534e-05,0.00156051363512379,"Positive"
"ASV_789","ASV_1496",1,0,0,"Positive"
"ASV_894","ASV_1496",0.720576692122892,2.24538803994534e-05,0.00156051363512379,"Positive"
"ASV_950","ASV_1496",1,0,0,"Positive"
"ASV_992","ASV_1496",1,0,0,"Positive"
"ASV_1007","ASV_1496",1,0,0,"Positive"
"ASV_1108","ASV_1496",1,0,0,"Positive"
"ASV_1136","ASV_1496",1,0,0,"Positive"
"ASV_1268","ASV_1496",1,0,0,"Positive"
"ASV_1298","ASV_1496",0.665147715805747,0.000153494525760411,0.00699625213424714,"Positive"
"ASV_1318","ASV_1496",1,0,0,"Positive"
"ASV_1411","ASV_1496",0.720576692122892,2.24538803994534e-05,0.00156051363512379,"Positive"
"ASV_1466","ASV_1496",0.720576692122892,2.24538803994534e-05,0.00156051363512379,"Positive"
"ASV_1469","ASV_1496",0.720576692122892,2.24538803994534e-05,0.00156051363512379,"Positive"
"ASV_110","ASV_1498",0.665147715805747,0.000153494525760411,0.00699625213424714,"Positive"
"ASV_159","ASV_1498",0.665147715805747,0.000153494525760411,0.00699625213424714,"Positive"
"ASV_196","ASV_1498",0.720576692122892,2.24538803994534e-05,0.00156051363512379,"Positive"
"ASV_305","ASV_1498",0.665147715805747,0.000153494525760411,0.00699625213424714,"Positive"
"ASV_364","ASV_1498",1,0,0,"Positive"
"ASV_401","ASV_1498",1,0,0,"Positive"
"ASV_476","ASV_1498",0.665147715805747,0.000153494525760411,0.00699625213424714,"Positive"
"ASV_507","ASV_1498",1,0,0,"Positive"
"ASV_660","ASV_1498",0.720576692122892,2.24538803994534e-05,0.00156051363512379,"Positive"
"ASV_724","ASV_1498",1,0,0,"Positive"
"ASV_860","ASV_1498",0.665147715805747,0.000153494525760411,0.00699625213424714,"Positive"
"ASV_926","ASV_1498",1,0,0,"Positive"
"ASV_954","ASV_1498",1,0,0,"Positive"
"ASV_988","ASV_1498",0.720576692122892,2.24538803994534e-05,0.00156051363512379,"Positive"
"ASV_1082","ASV_1498",0.720576692122892,2.24538803994534e-05,0.00156051363512379,"Positive"
"ASV_1146","ASV_1498",1,0,0,"Positive"
"ASV_1167","ASV_1498",0.665147715805747,0.000153494525760411,0.00699625213424714,"Positive"
"ASV_1198","ASV_1498",1,0,0,"Positive"
"ASV_1404","ASV_1498",1,0,0,"Positive"
"ASV_1482","ASV_1498",1,0,0,"Positive"
"ASV_226","ASV_1500",0.676106128044819,0.000108380732493973,0.00699625213424714,"Positive"
"ASV_1055","ASV_1500",0.851260633938646,1.8251924638335e-08,2.49370190921268e-06,"Positive"
"ASV_1194","ASV_1500",0.673932153356572,0.00011625979537655,0.00699625213424714,"Positive"
"ASV_131","ASV_1501",0.720576692122892,2.24538803994534e-05,0.00156051363512379,"Positive"
"ASV_217","ASV_1501",1,0,0,"Positive"
"ASV_251","ASV_1501",1,0,0,"Positive"
"ASV_407","ASV_1501",0.720576692122892,2.24538803994534e-05,0.00156051363512379,"Positive"
"ASV_493","ASV_1501",1,0,0,"Positive"
"ASV_568","ASV_1501",0.720576692122892,2.24538803994534e-05,0.00156051363512379,"Positive"
"ASV_573","ASV_1501",1,0,0,"Positive"
"ASV_587","ASV_1501",1,0,0,"Positive"
"ASV_623","ASV_1501",0.720576692122892,2.24538803994534e-05,0.00156051363512379,"Positive"
"ASV_849","ASV_1501",1,0,0,"Positive"
"ASV_929","ASV_1501",0.720576692122892,2.24538803994534e-05,0.00156051363512379,"Positive"
"ASV_984","ASV_1501",1,0,0,"Positive"
"ASV_1257","ASV_1501",1,0,0,"Positive"
"ASV_155","ASV_1506",0.625476416066786,0.000485098820198981,0.0217343772909252,"Positive"
"ASV_161","ASV_1506",0.832239719563824,7.36862437733521e-08,9.94947876598897e-06,"Positive"
"ASV_556","ASV_1506",0.70371321129427,4.21626897280092e-05,0.00290685926417132,"Positive"
"ASV_607","ASV_1506",0.881113557339258,1.31344934928279e-09,1.79629958606812e-07,"Positive"
"ASV_767","ASV_1506",0.8002304995806,5.43241576611564e-07,7.10936547391713e-05,"Positive"
"ASV_1115","ASV_1506",0.622438524590164,0.000526408520027166,0.0235204024088957,"Positive"
"ASV_1121","ASV_1506",0.993852459016393,0,0,"Positive"
"ASV_1399","ASV_1506",0.619206166269849,0.00057370432442605,0.0255181172278826,"Positive"
"ASV_29","ASV_1507",0.720576692122892,2.24538803994534e-05,0.00156051363512379,"Positive"
"ASV_49","ASV_1507",0.720576692122892,2.24538803994534e-05,0.00156051363512379,"Positive"
"ASV_60","ASV_1507",1,0,0,"Positive"
"ASV_166","ASV_1507",1,0,0,"Positive"
"ASV_304","ASV_1507",0.665147715805747,0.000153494525760411,0.00699625213424714,"Positive"
"ASV_371","ASV_1507",0.665147715805747,0.000153494525760411,0.00699625213424714,"Positive"
"ASV_407","ASV_1507",0.665147715805747,0.000153494525760411,0.00699625213424714,"Positive"
"ASV_441","ASV_1507",0.720576692122892,2.24538803994534e-05,0.00156051363512379,"Positive"
"ASV_447","ASV_1507",1,0,0,"Positive"
"ASV_502","ASV_1507",1,0,0,"Positive"
"ASV_601","ASV_1507",0.665147715805747,0.000153494525760411,0.00699625213424714,"Positive"
"ASV_637","ASV_1507",0.720576692122892,2.24538803994534e-05,0.00156051363512379,"Positive"
"ASV_680","ASV_1507",1,0,0,"Positive"
"ASV_734","ASV_1507",0.665147715805747,0.000153494525760411,0.00699625213424714,"Positive"
"ASV_777","ASV_1507",1,0,0,"Positive"
"ASV_832","ASV_1507",1,0,0,"Positive"
"ASV_885","ASV_1507",1,0,0,"Positive"
"ASV_908","ASV_1507",0.720576692122892,2.24538803994534e-05,0.00156051363512379,"Positive"
"ASV_922","ASV_1507",0.720576692122892,2.24538803994534e-05,0.00156051363512379,"Positive"
"ASV_932","ASV_1507",0.720576692122892,2.24538803994534e-05,0.00156051363512379,"Positive"
"ASV_958","ASV_1507",0.720576692122892,2.24538803994534e-05,0.00156051363512379,"Positive"
"ASV_1088","ASV_1507",1,0,0,"Positive"
"ASV_1196","ASV_1507",0.720576692122892,2.24538803994534e-05,0.00156051363512379,"Positive"
"ASV_1208","ASV_1507",1,0,0,"Positive"
"ASV_1274","ASV_1507",0.720576692122892,2.24538803994534e-05,0.00156051363512379,"Positive"
"ASV_1311","ASV_1507",1,0,0,"Positive"
"ASV_1324","ASV_1507",0.720576692122892,2.24538803994534e-05,0.00156051363512379,"Positive"
"ASV_1381","ASV_1507",1,0,0,"Positive"
"ASV_1403","ASV_1507",0.665147715805747,0.000153494525760411,0.00699625213424714,"Positive"
"ASV_1423","ASV_1507",0.665147715805747,0.000153494525760411,0.00699625213424714,"Positive"
"ASV_150","ASV_1508",0.665147715805747,0.000153494525760411,0.00699625213424714,"Positive"
"ASV_157","ASV_1508",0.665147715805747,0.000153494525760411,0.00699625213424714,"Positive"
"ASV_247","ASV_1508",0.665147715805747,0.000153494525760411,0.00699625213424714,"Positive"
"ASV_316","ASV_1508",0.665147715805747,0.000153494525760411,0.00699625213424714,"Positive"
"ASV_336","ASV_1508",0.720576692122892,2.24538803994534e-05,0.00156051363512379,"Positive"
"ASV_532","ASV_1508",0.616664271355505,0.000613460673911659,0.0271249522358802,"Positive"
"ASV_771","ASV_1508",0.665147715805747,0.000153494525760411,0.00699625213424714,"Positive"
"ASV_778","ASV_1508",0.720576692122892,2.24538803994534e-05,0.00156051363512379,"Positive"
"ASV_816","ASV_1508",0.720576692122892,2.24538803994534e-05,0.00156051363512379,"Positive"
"ASV_828","ASV_1508",0.665147715805747,0.000153494525760411,0.00699625213424714,"Positive"
"ASV_878","ASV_1508",0.665147715805747,0.000153494525760411,0.00699625213424714,"Positive"
"ASV_906","ASV_1508",0.720576692122892,2.24538803994534e-05,0.00156051363512379,"Positive"
"ASV_982","ASV_1508",0.665147715805747,0.000153494525760411,0.00699625213424714,"Positive"
"ASV_989","ASV_1508",0.665147715805747,0.000153494525760411,0.00699625213424714,"Positive"
"ASV_1004","ASV_1508",0.665147715805747,0.000153494525760411,0.00699625213424714,"Positive"
"ASV_1021","ASV_1508",0.720576692122892,2.24538803994534e-05,0.00156051363512379,"Positive"
"ASV_1025","ASV_1508",0.665147715805747,0.000153494525760411,0.00699625213424714,"Positive"
"ASV_1043","ASV_1508",0.665147715805747,0.000153494525760411,0.00699625213424714,"Positive"
"ASV_1070","ASV_1508",0.665147715805747,0.000153494525760411,0.00699625213424714,"Positive"
"ASV_1071","ASV_1508",0.720576692122892,2.24538803994534e-05,0.00156051363512379,"Positive"
"ASV_1125","ASV_1508",0.720576692122892,2.24538803994534e-05,0.00156051363512379,"Positive"
"ASV_1203","ASV_1508",0.720576692122892,2.24538803994534e-05,0.00156051363512379,"Positive"
"ASV_1222","ASV_1508",0.665147715805747,0.000153494525760411,0.00699625213424714,"Positive"
"ASV_1235","ASV_1508",0.665147715805747,0.000153494525760411,0.00699625213424714,"Positive"
"ASV_1254","ASV_1508",0.665147715805747,0.000153494525760411,0.00699625213424714,"Positive"
"ASV_1266","ASV_1508",0.720576692122892,2.24538803994534e-05,0.00156051363512379,"Positive"
"ASV_1420","ASV_1508",0.665147715805747,0.000153494525760411,0.00699625213424714,"Positive"
"ASV_1452","ASV_1508",0.720576692122892,2.24538803994534e-05,0.00156051363512379,"Positive"
"ASV_387","ASV_1513",0.665147715805747,0.000153494525760411,0.00699625213424714,"Positive"
"ASV_552","ASV_1513",0.720576692122892,2.24538803994534e-05,0.00156051363512379,"Positive"
"ASV_605","ASV_1513",0.665147715805747,0.000153494525760411,0.00699625213424714,"Positive"
"ASV_645","ASV_1513",0.665147715805747,0.000153494525760411,0.00699625213424714,"Positive"
"ASV_804","ASV_1513",0.720576692122892,2.24538803994534e-05,0.00156051363512379,"Positive"
"ASV_1044","ASV_1513",1,0,0,"Positive"
"ASV_1091","ASV_1513",1,0,0,"Positive"
"ASV_1097","ASV_1513",0.665147715805747,0.000153494525760411,0.00699625213424714,"Positive"
"ASV_1189","ASV_1513",0.665147715805747,0.000153494525760411,0.00699625213424714,"Positive"
"ASV_1202","ASV_1513",1,0,0,"Positive"
"ASV_1347","ASV_1513",1,0,0,"Positive"
"ASV_1477","ASV_1513",1,0,0,"Positive"
"ASV_387","ASV_1514",0.665147715805747,0.000153494525760411,0.00699625213424714,"Positive"
"ASV_552","ASV_1514",0.720576692122892,2.24538803994534e-05,0.00156051363512379,"Positive"
"ASV_605","ASV_1514",0.665147715805747,0.000153494525760411,0.00699625213424714,"Positive"
"ASV_645","ASV_1514",0.665147715805747,0.000153494525760411,0.00699625213424714,"Positive"
"ASV_804","ASV_1514",0.720576692122892,2.24538803994534e-05,0.00156051363512379,"Positive"
"ASV_1044","ASV_1514",1,0,0,"Positive"
"ASV_1091","ASV_1514",1,0,0,"Positive"
"ASV_1097","ASV_1514",0.665147715805747,0.000153494525760411,0.00699625213424714,"Positive"
"ASV_1189","ASV_1514",0.665147715805747,0.000153494525760411,0.00699625213424714,"Positive"
"ASV_1202","ASV_1514",1,0,0,"Positive"
"ASV_1347","ASV_1514",1,0,0,"Positive"
"ASV_1477","ASV_1514",1,0,0,"Positive"
"ASV_1513","ASV_1514",1,0,0,"Positive"
"ASV_48","ASV_1516",0.665147715805747,0.000153494525760411,0.00699625213424714,"Positive"
"ASV_131","ASV_1516",0.665147715805747,0.000153494525760411,0.00699625213424714,"Positive"
"ASV_220","ASV_1516",1,0,0,"Positive"
"ASV_293","ASV_1516",0.665147715805747,0.000153494525760411,0.00699625213424714,"Positive"
"ASV_351","ASV_1516",1,0,0,"Positive"
"ASV_469","ASV_1516",1,0,0,"Positive"
"ASV_512","ASV_1516",1,0,0,"Positive"
"ASV_650","ASV_1516",0.720576692122892,2.24538803994534e-05,0.00156051363512379,"Positive"
"ASV_710","ASV_1516",0.665147715805747,0.000153494525760411,0.00699625213424714,"Positive"
"ASV_747","ASV_1516",1,0,0,"Positive"
"ASV_812","ASV_1516",1,0,0,"Positive"
"ASV_831","ASV_1516",1,0,0,"Positive"
"ASV_859","ASV_1516",1,0,0,"Positive"
"ASV_874","ASV_1516",1,0,0,"Positive"
"ASV_879","ASV_1516",1,0,0,"Positive"
"ASV_921","ASV_1516",1,0,0,"Positive"
"ASV_983","ASV_1516",1,0,0,"Positive"
"ASV_1012","ASV_1516",0.665147715805747,0.000153494525760411,0.00699625213424714,"Positive"
"ASV_1033","ASV_1516",1,0,0,"Positive"
"ASV_1045","ASV_1516",1,0,0,"Positive"
"ASV_1060","ASV_1516",1,0,0,"Positive"
"ASV_1062","ASV_1516",0.665147715805747,0.000153494525760411,0.00699625213424714,"Positive"
"ASV_1074","ASV_1516",1,0,0,"Positive"
"ASV_1077","ASV_1516",1,0,0,"Positive"
"ASV_1080","ASV_1516",1,0,0,"Positive"
"ASV_1102","ASV_1516",1,0,0,"Positive"
"ASV_1107","ASV_1516",1,0,0,"Positive"
"ASV_1118","ASV_1516",1,0,0,"Positive"
"ASV_1128","ASV_1516",1,0,0,"Positive"
"ASV_1179","ASV_1516",0.665147715805747,0.000153494525760411,0.00699625213424714,"Positive"
"ASV_1242","ASV_1516",1,0,0,"Positive"
"ASV_1322","ASV_1516",1,0,0,"Positive"
"ASV_1409","ASV_1516",1,0,0,"Positive"
"ASV_32","ASV_1528",0.665147715805747,0.000153494525760411,0.00699625213424714,"Positive"
"ASV_117","ASV_1528",1,0,0,"Positive"
"ASV_161","ASV_1528",0.720576692122892,2.24538803994534e-05,0.00156051363512379,"Positive"
"ASV_354","ASV_1528",1,0,0,"Positive"
"ASV_408","ASV_1528",1,0,0,"Positive"
"ASV_410","ASV_1528",1,0,0,"Positive"
"ASV_617","ASV_1528",1,0,0,"Positive"
"ASV_650","ASV_1528",0.665147715805747,0.000153494525760411,0.00699625213424714,"Positive"
"ASV_732","ASV_1528",1,0,0,"Positive"
"ASV_742","ASV_1528",0.720576692122892,2.24538803994534e-05,0.00156051363512379,"Positive"
"ASV_767","ASV_1528",0.720576692122892,2.24538803994534e-05,0.00156051363512379,"Positive"
"ASV_856","ASV_1528",0.665147715805747,0.000153494525760411,0.00699625213424714,"Positive"
"ASV_922","ASV_1528",0.665147715805747,0.000153494525760411,0.00699625213424714,"Positive"
"ASV_959","ASV_1528",1,0,0,"Positive"
"ASV_1086","ASV_1528",1,0,0,"Positive"
"ASV_1179","ASV_1528",0.720576692122892,2.24538803994534e-05,0.00156051363512379,"Positive"
"ASV_1411","ASV_1528",0.665147715805747,0.000153494525760411,0.00699625213424714,"Positive"
"ASV_1419","ASV_1528",0.720576692122892,2.24538803994534e-05,0.00156051363512379,"Positive"
"ASV_12","ASV_1531",0.720576692122892,2.24538803994534e-05,0.00156051363512379,"Positive"
"ASV_240","ASV_1531",0.720576692122892,2.24538803994534e-05,0.00156051363512379,"Positive"
"ASV_331","ASV_1531",0.720576692122892,2.24538803994534e-05,0.00156051363512379,"Positive"
"ASV_695","ASV_1531",0.665147715805747,0.000153494525760411,0.00699625213424714,"Positive"
"ASV_848","ASV_1531",1,0,0,"Positive"
"ASV_937","ASV_1531",1,0,0,"Positive"
"ASV_946","ASV_1531",0.720576692122892,2.24538803994534e-05,0.00156051363512379,"Positive"
"ASV_1166","ASV_1531",1,0,0,"Positive"
"ASV_1180","ASV_1531",0.720576692122892,2.24538803994534e-05,0.00156051363512379,"Positive"
"ASV_1241","ASV_1531",1,0,0,"Positive"
"ASV_1281","ASV_1531",1,0,0,"Positive"
"ASV_1355","ASV_1531",1,0,0,"Positive"
"ASV_1491","ASV_1531",1,0,0,"Positive"
"ASV_387","ASV_1533",0.665147715805747,0.000153494525760411,0.00699625213424714,"Positive"
"ASV_552","ASV_1533",0.720576692122892,2.24538803994534e-05,0.00156051363512379,"Positive"
"ASV_605","ASV_1533",0.665147715805747,0.000153494525760411,0.00699625213424714,"Positive"
"ASV_645","ASV_1533",0.665147715805747,0.000153494525760411,0.00699625213424714,"Positive"
"ASV_804","ASV_1533",0.720576692122892,2.24538803994534e-05,0.00156051363512379,"Positive"
"ASV_1044","ASV_1533",1,0,0,"Positive"
"ASV_1091","ASV_1533",1,0,0,"Positive"
"ASV_1097","ASV_1533",0.665147715805747,0.000153494525760411,0.00699625213424714,"Positive"
"ASV_1189","ASV_1533",0.665147715805747,0.000153494525760411,0.00699625213424714,"Positive"
"ASV_1202","ASV_1533",1,0,0,"Positive"
"ASV_1347","ASV_1533",1,0,0,"Positive"
"ASV_1477","ASV_1533",1,0,0,"Positive"
"ASV_1513","ASV_1533",1,0,0,"Positive"
"ASV_1514","ASV_1533",1,0,0,"Positive"
"ASV_8","ASV_1536",0.720576692122892,2.24538803994534e-05,0.00156051363512379,"Positive"
"ASV_31","ASV_1536",0.720576692122892,2.24538803994534e-05,0.00156051363512379,"Positive"
"ASV_84","ASV_1536",0.665147715805747,0.000153494525760411,0.00699625213424714,"Positive"
"ASV_104","ASV_1536",1,0,0,"Positive"
"ASV_237","ASV_1536",1,0,0,"Positive"
"ASV_293","ASV_1536",0.720576692122892,2.24538803994534e-05,0.00156051363512379,"Positive"
"ASV_387","ASV_1536",0.720576692122892,2.24538803994534e-05,0.00156051363512379,"Positive"
"ASV_419","ASV_1536",0.720576692122892,2.24538803994534e-05,0.00156051363512379,"Positive"
"ASV_437","ASV_1536",0.665147715805747,0.000153494525760411,0.00699625213424714,"Positive"
"ASV_460","ASV_1536",1,0,0,"Positive"
"ASV_503","ASV_1536",0.720576692122892,2.24538803994534e-05,0.00156051363512379,"Positive"
"ASV_552","ASV_1536",0.665147715805747,0.000153494525760411,0.00699625213424714,"Positive"
"ASV_637","ASV_1536",0.665147715805747,0.000153494525760411,0.00699625213424714,"Positive"
"ASV_691","ASV_1536",0.720576692122892,2.24538803994534e-05,0.00156051363512379,"Positive"
"ASV_789","ASV_1536",1,0,0,"Positive"
"ASV_894","ASV_1536",0.720576692122892,2.24538803994534e-05,0.00156051363512379,"Positive"
"ASV_950","ASV_1536",1,0,0,"Positive"
"ASV_992","ASV_1536",1,0,0,"Positive"
"ASV_1007","ASV_1536",1,0,0,"Positive"
"ASV_1108","ASV_1536",1,0,0,"Positive"
"ASV_1136","ASV_1536",1,0,0,"Positive"
"ASV_1268","ASV_1536",1,0,0,"Positive"
"ASV_1298","ASV_1536",0.665147715805747,0.000153494525760411,0.00699625213424714,"Positive"
"ASV_1318","ASV_1536",1,0,0,"Positive"
"ASV_1411","ASV_1536",0.720576692122892,2.24538803994534e-05,0.00156051363512379,"Positive"
"ASV_1466","ASV_1536",0.720576692122892,2.24538803994534e-05,0.00156051363512379,"Positive"
"ASV_1469","ASV_1536",0.720576692122892,2.24538803994534e-05,0.00156051363512379,"Positive"
"ASV_1496","ASV_1536",1,0,0,"Positive"
