"from","to","rho","p","q","edge_sign"
"ASV_3","ASV_6",0.669565217391304,0.000345520128303578,0.0405018915649716,"Positive"
"ASV_3","ASV_9",0.659130434782609,0.000460063174833936,0.040870604530939,"Positive"
"ASV_6","ASV_9",0.683478260869565,0.00023175396568198,0.0324893623475268,"Positive"
"ASV_6","ASV_15",0.826086956521739,6.62340857049415e-07,0.000248550793978614,"Positive"
"ASV_6","ASV_16",-0.73304347826087,4.61259882267306e-05,0.0100480105982096,"Negative"
"ASV_15","ASV_16",-0.660869565217391,0.000438955269285835,0.0405018915649716,"Negative"
"ASV_16","ASV_18",-0.665217391304348,0.000389816421526135,0.0405018915649716,"Negative"
"ASV_6","ASV_23",0.701739130434783,0.000132710271420144,0.0191574415041055,"Positive"
"ASV_15","ASV_23",0.781739130434783,6.45452722580764e-06,0.0021780240036479,"Positive"
"ASV_8","ASV_24",0.751304347826087,2.32406083546799e-05,0.00714975236417188,"Positive"
"ASV_23","ASV_24",-0.662608695652174,0.000418691439708851,0.0405018915649716,"Negative"
"ASV_6","ASV_30",0.786086956521739,5.2877074985247e-06,0.00179659630194948,"Positive"
"ASV_8","ASV_30",-0.736521739130435,4.06527779301946e-05,0.0100480105982096,"Negative"
"ASV_12","ASV_30",0.675652173913043,0.000290872339567372,0.0399648164880086,"Positive"
"ASV_15","ASV_30",0.68,0.000256592073030637,0.0356525484551614,"Positive"
"ASV_8","ASV_31",0.674494471261265,0.00030064514872441,0.0405018915649716,"Positive"
"ASV_23","ASV_32",-0.656147606331978,0.000498315741296773,0.0441210932278079,"Negative"
"ASV_13","ASV_33",0.798023875121013,2.98551019817239e-06,0.00105491595747205,"Positive"
"ASV_25","ASV_37",0.662608695652174,0.000418691439708851,0.0405018915649716,"Positive"
"ASV_30","ASV_37",0.698260869565217,0.000148036020747977,0.0211309777712132,"Positive"
"ASV_8","ASV_38",0.663761787198485,0.00040570738433976,0.0405018915649716,"Positive"
"ASV_8","ASV_44",0.690836281150003,0.000186007701470592,0.0263331469489555,"Positive"
"ASV_16","ASV_44",0.734504819781482,4.37522620990727e-05,0.0100480105982096,"Positive"
"ASV_31","ASV_44",0.671768176589271,0.000324793778716304,0.0405018915649716,"Positive"
"ASV_16","ASV_53",0.662888416425856,0.000415509094514821,0.0405018915649716,"Positive"
"ASV_38","ASV_53",0.685964912280702,0.00021530572947448,0.0302943330865836,"Positive"
"ASV_44","ASV_53",0.705263157894737,0.000118615444094861,0.017223711632747,"Positive"
"ASV_8","ASV_60",0.677868380548152,0.000272931952347566,0.0376498710985373,"Positive"
"ASV_24","ASV_60",0.699877094202312,0.000140732550322209,0.0201217790078228,"Positive"
"ASV_37","ASV_60",-0.65850071253249,0.000467919930557059,0.0415471696322246,"Negative"
"ASV_67","ASV_72",1,0,0,"Positive"
"ASV_23","ASV_73",-0.716779008508943,8.12546529762592e-05,0.0120679956497234,"Negative"
"ASV_24","ASV_73",0.734742296619497,4.33768431824522e-05,0.0100480105982096,"Positive"
"ASV_55","ASV_73",0.674718626591548,0.000298730965947236,0.0405018915649716,"Positive"
"ASV_33","ASV_74",0.722315118514615,6.73043204786339e-05,0.0100480105982096,"Positive"
"ASV_17","ASV_79",0.722315118514615,6.73043204786339e-05,0.0100480105982096,"Positive"
"ASV_38","ASV_81",0.671348899961177,0.000328653143678359,0.0405018915649716,"Positive"
"ASV_49","ASV_85",0.722765835742245,6.62672323272773e-05,0.0100480105982096,"Positive"
"ASV_41","ASV_88",0.722315118514615,6.73043204786339e-05,0.0100480105982096,"Positive"
"ASV_79","ASV_89",0.659505108208996,0.000455442957357111,0.0405018915649716,"Positive"
"ASV_4","ASV_90",-0.696310699154224,0.000157287503556702,0.0224051858381174,"Negative"
"ASV_37","ASV_90",-0.710751361741998,9.92673008228806e-05,0.0146486169012763,"Negative"
"ASV_25","ASV_95",0.664057419481594,0.000402435267134793,0.0405018915649716,"Positive"
"ASV_30","ASV_95",0.667971313898971,0.00036122311371134,0.0405018915649716,"Positive"
"ASV_23","ASV_102",0.658986263019643,0.000461851784264056,0.0410189326758237,"Positive"
"ASV_24","ASV_110",0.680310769042293,0.000254282447644805,0.0353601275431555,"Positive"
"ASV_73","ASV_110",0.660668165465772,0.000441355904626572,0.0405018915649716,"Positive"
"ASV_9","ASV_114",0.838260869565217,3.16584769510797e-07,0.000127994145999227,"Positive"
"ASV_49","ASV_114",0.653913043478261,0.000528746929567614,0.0466716943602086,"Positive"
"ASV_25","ASV_117",0.671304347826087,0.000329065568737796,0.0405018915649716,"Positive"
"ASV_8","ASV_121",0.874186106343266,2.38076818259714e-08,9.72800496790713e-06,"Positive"
"ASV_24","ASV_121",0.770304977895627,1.06819189431562e-05,0.00355924635394353,"Positive"
"ASV_31","ASV_121",0.689022541168973,0.000196481861894471,0.0277249252464143,"Positive"
"ASV_44","ASV_121",0.706476833459371,0.000114074030371336,0.0166314425956192,"Positive"
"ASV_60","ASV_121",0.761140819964349,1.56780385236477e-05,0.00520385635751469,"Positive"
"ASV_73","ASV_121",0.662238275688914,0.00042293814747163,0.0405018915649716,"Positive"
"ASV_90","ASV_121",0.689412055997956,0.000194190112614567,0.0274239857439897,"Positive"
"ASV_73","ASV_128",0.653831688422693,0.000529884518023049,0.0467481771061701,"Positive"
"ASV_31","ASV_129",0.652113060889325,0.000554415741313763,0.0487502765497631,"Positive"
"ASV_32","ASV_132",-0.722674651620435,6.6475905432295e-05,0.0100480105982096,"Negative"
"ASV_8","ASV_134",0.667509222313003,0.000365889805590047,0.0405018915649716,"Positive"
"ASV_24","ASV_134",0.77815116190187,7.58370628428651e-06,0.00255156572461509,"Positive"
"ASV_60","ASV_134",0.686895715007971,0.000209415811953217,0.0294896627150863,"Positive"
"ASV_73","ASV_134",0.770318809385474,1.06755952637982e-05,0.00355924635394353,"Positive"
"ASV_90","ASV_134",0.675739618274672,0.000290145520484231,0.0398967443866803,"Positive"
"ASV_110","ASV_134",0.786538461538462,5.17799710575417e-06,0.00176279365436911,"Positive"
"ASV_121","ASV_134",0.722073662676843,6.7865740988271e-05,0.0101230617499654,"Positive"
"ASV_8","ASV_135",0.704823816066223,0.000120297952812543,0.0174459854906213,"Positive"
"ASV_38","ASV_135",0.657702129498916,0.000478050341798708,0.0424029915443445,"Positive"
"ASV_60","ASV_135",0.668017563019897,0.000360758896750024,0.0405018915649716,"Positive"
"ASV_90","ASV_135",0.663585642047209,0.000407667937155409,0.0405018915649716,"Positive"
"ASV_121","ASV_135",0.755062275777036,2.00383842727803e-05,0.00622010566357549,"Positive"
"ASV_92","ASV_139",0.722315118514615,6.73043204786339e-05,0.0100480105982096,"Positive"
"ASV_27","ASV_142",-0.655971479500891,0.000500658005165633,0.0443057282400426,"Negative"
"ASV_60","ASV_142",0.690730837789661,0.000186603011524955,0.0264065849690413,"Positive"
"ASV_121","ASV_142",0.741532976827095,3.37727448678216e-05,0.0100480105982096,"Positive"
"ASV_135","ASV_142",0.674090449956442,0.000304122231655324,0.0405018915649716,"Positive"
"ASV_53","ASV_155",0.678961971425873,0.000264439487634771,0.0365669354442119,"Positive"
"ASV_6","ASV_156",0.704347826086957,0.000122144330517715,0.0177063070802824,"Positive"
"ASV_16","ASV_158",0.685792460710019,0.000216412665804189,0.0304376647604248,"Positive"
"ASV_44","ASV_158",0.721460125457849,6.93108336529136e-05,0.0103252184223378,"Positive"
"ASV_74","ASV_165",0.659505108208996,0.000455442957357111,0.0405018915649716,"Positive"
"ASV_21","ASV_175",0.675303252441909,0.000293788279681184,0.0400780439368084,"Positive"
"ASV_26","ASV_175",0.678416569775233,0.000268645714331051,0.0370882723269727,"Positive"
"ASV_41","ASV_179",0.659505108208996,0.000455442957357111,0.0405018915649716,"Positive"
"ASV_36","ASV_186",0.722315118514615,6.73043204786339e-05,0.0100480105982096,"Positive"
"ASV_79","ASV_186",0.659505108208996,0.000455442957357111,0.0405018915649716,"Positive"
"ASV_44","ASV_191",0.677230699706335,0.000277992630703494,0.0383020090241952,"Positive"
"ASV_90","ASV_191",0.738898767912147,3.72492362239463e-05,0.0100480105982096,"Positive"
"ASV_8","ASV_197",0.847483366080674,1.73654903345977e-07,7.04558802851885e-05,"Positive"
"ASV_16","ASV_197",0.736437025897954,4.07789640566314e-05,0.0100480105982096,"Positive"
"ASV_31","ASV_197",0.661775630620452,0.000428294556003239,0.0405018915649716,"Positive"
"ASV_44","ASV_197",0.803126051690141,2.31145031071023e-06,0.000854381898609949,"Positive"
"ASV_121","ASV_197",0.800134790353619,2.6879496370924e-06,0.000988251334323956,"Positive"
"ASV_36","ASV_198",0.722315118514615,6.73043204786339e-05,0.0100480105982096,"Positive"
"ASV_79","ASV_198",0.659505108208996,0.000455442957357111,0.0405018915649716,"Positive"
"ASV_186","ASV_198",1,0,0,"Positive"
"ASV_60","ASV_216",0.651823197855779,0.00055864844843434,0.0490974253744416,"Positive"
"ASV_90","ASV_216",0.732590247514198,4.68848411174783e-05,0.0100480105982096,"Positive"
"ASV_121","ASV_216",0.718624954157768,7.63451289249595e-05,0.0113534984418741,"Positive"
"ASV_135","ASV_216",0.706896551724138,0.000112539294466085,0.0165082364041031,"Positive"
"ASV_142","ASV_216",0.776317380054941,8.22576911296835e-06,0.002759513487494,"Positive"
"ASV_171","ASV_228",-0.796333059381195,3.24460166911678e-06,0.00114529125344929,"Negative"
"ASV_213","ASV_232",0.653164740719602,0.000539290524495861,0.0475211690930559,"Positive"
"ASV_8","ASV_236",0.660201953598867,0.000446956709522439,0.0405018915649716,"Positive"
"ASV_24","ASV_236",0.774766410252788,8.80591950380705e-06,0.00295126669551061,"Positive"
"ASV_37","ASV_236",-0.708260772279961,0.000107674961344451,0.0158283570094007,"Negative"
"ASV_60","ASV_236",0.777985142774009,7.63994780483834e-06,0.00256798304065846,"Positive"
"ASV_73","ASV_236",0.672131801562156,0.000321478605435299,0.0405018915649716,"Positive"
"ASV_90","ASV_236",0.813216918793185,1.36268373918114e-06,0.000508045327256976,"Positive"
"ASV_121","ASV_236",0.695419442214291,0.000161680953474796,0.0230215119818686,"Positive"
"ASV_134","ASV_236",0.798374939020634,2.93408088225533e-06,0.00105491595747205,"Positive"
"ASV_135","ASV_236",0.660813479055068,0.000439622663439332,0.0405018915649716,"Positive"
"ASV_216","ASV_236",0.733369013072939,4.55876241638453e-05,0.0100480105982096,"Positive"
"ASV_20","ASV_241",-0.741512689050488,3.37983876990133e-05,0.0100480105982096,"Negative"
"ASV_8","ASV_245",0.689993151970684,0.000190814493669977,0.0269693608030724,"Positive"
"ASV_38","ASV_245",0.653983261355443,0.000527766771084792,0.0466448712224902,"Positive"
"ASV_53","ASV_245",0.70158029638859,0.000133378627687364,0.0192458662918003,"Positive"
"ASV_121","ASV_245",0.785868343236576,5.34156512843609e-06,0.00180777120512082,"Positive"
"ASV_135","ASV_245",0.666889864793307,0.000372226717507473,0.0405018915649716,"Positive"
"ASV_197","ASV_245",0.651266229452909,0.000566859992408464,0.0497937267656508,"Positive"
"ASV_216","ASV_245",0.74098873865923,3.4466604513339e-05,0.0100480105982096,"Positive"
"ASV_90","ASV_250",-0.653161592505855,0.000539335264031493,0.0475211690930559,"Negative"
"ASV_13","ASV_251",0.747655136588245,2.67738818227059e-05,0.00818561591736478,"Positive"
"ASV_233","ASV_253",0.725849569369452,5.95401715144384e-05,0.0100480105982096,"Positive"
"ASV_88","ASV_254",0.671477358373211,0.000327466498742712,0.0405018915649716,"Positive"
"ASV_153","ASV_259",1,0,0,"Positive"
"ASV_16","ASV_260",-0.72149722712578,6.92226856724432e-05,0.0103165434288795,"Negative"
"ASV_18","ASV_260",0.665796596804851,0.000383644952803408,0.0405018915649716,"Positive"
"ASV_119","ASV_264",1,0,0,"Positive"
"ASV_41","ASV_268",1,0,0,"Positive"
"ASV_88","ASV_268",0.722315118514615,6.73043204786339e-05,0.0100480105982096,"Positive"
"ASV_179","ASV_268",0.659505108208996,0.000455442957357111,0.0405018915649716,"Positive"
"ASV_19","ASV_269",1,0,0,"Positive"
"ASV_175","ASV_279",0.688899298202061,0.000197211866895142,0.0278165523422466,"Positive"
"ASV_102","ASV_281",0.688034587199515,0.000202400628791066,0.0285250890265758,"Positive"
"ASV_96","ASV_284",-0.65327142399502,0.000537776334860407,0.0474080357161642,"Negative"
"ASV_17","ASV_286",0.722315118514615,6.73043204786339e-05,0.0100480105982096,"Positive"
"ASV_79","ASV_286",1,0,0,"Positive"
"ASV_89","ASV_286",0.659505108208996,0.000455442957357111,0.0405018915649716,"Positive"
"ASV_186","ASV_286",0.659505108208996,0.000455442957357111,0.0405018915649716,"Positive"
"ASV_198","ASV_286",0.659505108208996,0.000455442957357111,0.0405018915649716,"Positive"
"ASV_125","ASV_289",0.746907216494845,2.75538681764331e-05,0.00841662068083756,"Positive"
"ASV_67","ASV_297",1,0,0,"Positive"
"ASV_72","ASV_297",1,0,0,"Positive"
"ASV_92","ASV_302",0.659505108208996,0.000455442957357111,0.0405018915649716,"Positive"
"ASV_150","ASV_302",0.722315118514615,6.73043204786339e-05,0.0100480105982096,"Positive"
"ASV_153","ASV_306",1,0,0,"Positive"
"ASV_259","ASV_306",1,0,0,"Positive"
"ASV_77","ASV_308",-0.741933543678943,3.32699429712591e-05,0.0100480105982096,"Negative"
"ASV_139","ASV_314",0.659505108208996,0.000455442957357111,0.0405018915649716,"Positive"
"ASV_179","ASV_314",0.722315118514615,6.73043204786339e-05,0.0100480105982096,"Positive"
"ASV_8","ASV_315",0.716820817190754,8.11404663916271e-05,0.0120562287557727,"Positive"
"ASV_16","ASV_315",0.714821317003333,8.67616955764205e-05,0.0128526942203446,"Positive"
"ASV_44","ASV_315",0.721966154365986,6.81170330385505e-05,0.0101561524422135,"Positive"
"ASV_121","ASV_315",0.716600658512254,8.17433406778978e-05,0.0121353496267254,"Positive"
"ASV_197","ASV_315",0.84401998418471,2.18563507292657e-07,8.84681971155895e-05,"Positive"
"ASV_199","ASV_315",0.693122036417277,0.000173503523336116,0.0246540142461103,"Positive"
"ASV_24","ASV_319",0.671403461933026,0.000328148667704031,0.0405018915649716,"Positive"
"ASV_134","ASV_319",0.666794859469826,0.00037320713034239,0.0405018915649716,"Positive"
"ASV_236","ASV_319",0.817887775224033,1.05560313201636e-06,0.000394410156146069,"Positive"
"ASV_236","ASV_320",0.663979806675665,0.000403292078763773,0.0405018915649716,"Positive"
"ASV_58","ASV_323",0.75108011041613,2.3445207846251e-05,0.00720626702664649,"Positive"
"ASV_247","ASV_323",0.675430896947811,0.00029271861999991,0.0400780439368084,"Positive"
"ASV_278","ASV_323",-0.669001359132583,0.000351006087604855,0.0405018915649716,"Negative"
"ASV_19","ASV_332",1,0,0,"Positive"
"ASV_269","ASV_332",1,0,0,"Positive"
"ASV_193","ASV_336",1,0,0,"Positive"
"ASV_15","ASV_337",-0.662143724050628,0.000424028102280927,0.0405018915649716,"Negative"
"ASV_73","ASV_337",0.659413150295332,0.000456573182956665,0.0405814718402965,"Positive"
"ASV_128","ASV_337",0.798110874196577,2.97269110438592e-06,0.00105491595747205,"Positive"
"ASV_74","ASV_338",0.659505108208996,0.000455442957357111,0.0405018915649716,"Positive"
"ASV_150","ASV_338",0.722315118514615,6.73043204786339e-05,0.0100480105982096,"Positive"
"ASV_135","ASV_340",0.737931034482759,3.8603344474808e-05,0.0100480105982096,"Positive"
"ASV_199","ASV_340",0.70924115354326,0.000104293864269245,0.0153444127564902,"Positive"
"ASV_315","ASV_340",0.681609195402299,0.000244827107012124,0.0341442610724236,"Positive"
"ASV_150","ASV_342",1,0,0,"Positive"
"ASV_302","ASV_342",0.722315118514615,6.73043204786339e-05,0.0100480105982096,"Positive"
"ASV_338","ASV_342",0.722315118514615,6.73043204786339e-05,0.0100480105982096,"Positive"
"ASV_153","ASV_343",1,0,0,"Positive"
"ASV_259","ASV_343",1,0,0,"Positive"
"ASV_306","ASV_343",1,0,0,"Positive"
"ASV_21","ASV_349",0.791715385989621,4.05688181759345e-06,0.0013865971734632,"Positive"
"ASV_175","ASV_349",0.751915279816668,2.26911487457571e-05,0.00700103779237678,"Positive"
"ASV_324","ASV_349",0.682068969391427,0.000241553118641047,0.0337807040795396,"Positive"
"ASV_139","ASV_354",0.791715385989621,4.05688181759345e-06,0.0013865971734632,"Positive"
"ASV_36","ASV_372",0.722315118514615,6.73043204786339e-05,0.0100480105982096,"Positive"
"ASV_79","ASV_372",0.659505108208996,0.000455442957357111,0.0405018915649716,"Positive"
"ASV_186","ASV_372",1,0,0,"Positive"
"ASV_198","ASV_372",1,0,0,"Positive"
"ASV_286","ASV_372",0.659505108208996,0.000455442957357111,0.0405018915649716,"Positive"
"ASV_41","ASV_373",0.722315118514615,6.73043204786339e-05,0.0100480105982096,"Positive"
"ASV_207","ASV_373",0.706377428974729,0.000114440181750552,0.0166314425956192,"Positive"
"ASV_268","ASV_373",0.722315118514615,6.73043204786339e-05,0.0100480105982096,"Positive"
"ASV_6","ASV_376",0.681483098817424,0.000245731744110023,0.0341986593755056,"Positive"
"ASV_118","ASV_379",0.652884763385843,0.000543281875601487,0.0478444596601907,"Positive"
"ASV_300","ASV_381",0.69115000150839,0.000184246287892709,0.0261052161356282,"Positive"
"ASV_320","ASV_381",0.711531320473344,9.67553562054579e-05,0.0143085488498264,"Positive"
"ASV_216","ASV_385",0.722238176839802,6.74827771427466e-05,0.0100702933532381,"Positive"
"ASV_123","ASV_387",0.722315118514615,6.73043204786339e-05,0.0100480105982096,"Positive"
"ASV_125","ASV_387",0.66868535272509,0.000354113544959178,0.0405018915649716,"Positive"
"ASV_245","ASV_388",0.751909489473886,2.26963021816573e-05,0.00700103779237678,"Positive"
"ASV_41","ASV_390",1,0,0,"Positive"
"ASV_88","ASV_390",0.722315118514615,6.73043204786339e-05,0.0100480105982096,"Positive"
"ASV_179","ASV_390",0.659505108208996,0.000455442957357111,0.0405018915649716,"Positive"
"ASV_268","ASV_390",1,0,0,"Positive"
"ASV_373","ASV_390",0.722315118514615,6.73043204786339e-05,0.0100480105982096,"Positive"
"ASV_207","ASV_394",0.680464788112145,0.000253144501837888,0.0352160865777826,"Positive"
"ASV_373","ASV_398",0.672750121052715,0.000315908823334876,0.0405018915649716,"Positive"
"ASV_166","ASV_400",-0.655288041731835,0.000509837293344084,0.0450949059166729,"Negative"
"ASV_33","ASV_404",0.722315118514615,6.73043204786339e-05,0.0100480105982096,"Positive"
"ASV_74","ASV_404",1,0,0,"Positive"
"ASV_165","ASV_404",0.659505108208996,0.000455442957357111,0.0405018915649716,"Positive"
"ASV_338","ASV_404",0.659505108208996,0.000455442957357111,0.0405018915649716,"Positive"
"ASV_36","ASV_405",0.722315118514615,6.73043204786339e-05,0.0100480105982096,"Positive"
"ASV_79","ASV_405",0.659505108208996,0.000455442957357111,0.0405018915649716,"Positive"
"ASV_186","ASV_405",1,0,0,"Positive"
"ASV_198","ASV_405",1,0,0,"Positive"
"ASV_286","ASV_405",0.659505108208996,0.000455442957357111,0.0405018915649716,"Positive"
"ASV_372","ASV_405",1,0,0,"Positive"
"ASV_179","ASV_409",0.706377428974729,0.000114440181750552,0.0166314425956192,"Positive"
"ASV_62","ASV_411",0.763914635050137,1.39839200272718e-05,0.00465498511602807,"Positive"
"ASV_41","ASV_412",1,0,0,"Positive"
"ASV_88","ASV_412",0.722315118514615,6.73043204786339e-05,0.0100480105982096,"Positive"
"ASV_179","ASV_412",0.659505108208996,0.000455442957357111,0.0405018915649716,"Positive"
"ASV_268","ASV_412",1,0,0,"Positive"
"ASV_373","ASV_412",0.722315118514615,6.73043204786339e-05,0.0100480105982096,"Positive"
"ASV_390","ASV_412",1,0,0,"Positive"
"ASV_129","ASV_417",0.661631011883714,0.000429980933861263,0.0405018915649716,"Positive"
"ASV_118","ASV_418",0.665781582359992,0.000383803856346621,0.0405018915649716,"Positive"
"ASV_330","ASV_419",0.66868535272509,0.000354113544959178,0.0405018915649716,"Positive"
"ASV_89","ASV_421",0.665893347076968,0.000382622375766362,0.0405018915649716,"Positive"
"ASV_191","ASV_421",0.669019818176027,0.000350825303995661,0.0405018915649716,"Positive"
"ASV_119","ASV_423",1,0,0,"Positive"
"ASV_264","ASV_423",1,0,0,"Positive"
"ASV_41","ASV_424",1,0,0,"Positive"
"ASV_88","ASV_424",0.722315118514615,6.73043204786339e-05,0.0100480105982096,"Positive"
"ASV_179","ASV_424",0.659505108208996,0.000455442957357111,0.0405018915649716,"Positive"
"ASV_268","ASV_424",1,0,0,"Positive"
"ASV_373","ASV_424",0.722315118514615,6.73043204786339e-05,0.0100480105982096,"Positive"
"ASV_390","ASV_424",1,0,0,"Positive"
"ASV_412","ASV_424",1,0,0,"Positive"
"ASV_233","ASV_425",0.656582000580594,0.000492579335770849,0.043635595332806,"Positive"
"ASV_79","ASV_429",0.659505108208996,0.000455442957357111,0.0405018915649716,"Positive"
"ASV_119","ASV_429",0.722315118514615,6.73043204786339e-05,0.0100480105982096,"Positive"
"ASV_264","ASV_429",0.722315118514615,6.73043204786339e-05,0.0100480105982096,"Positive"
"ASV_286","ASV_429",0.659505108208996,0.000455442957357111,0.0405018915649716,"Positive"
"ASV_423","ASV_429",0.722315118514615,6.73043204786339e-05,0.0100480105982096,"Positive"
"ASV_33","ASV_430",0.722315118514615,6.73043204786339e-05,0.0100480105982096,"Positive"
"ASV_74","ASV_430",1,0,0,"Positive"
"ASV_165","ASV_430",0.659505108208996,0.000455442957357111,0.0405018915649716,"Positive"
"ASV_338","ASV_430",0.659505108208996,0.000455442957357111,0.0405018915649716,"Positive"
"ASV_404","ASV_430",1,0,0,"Positive"
"ASV_21","ASV_433",0.722315118514615,6.73043204786339e-05,0.0100480105982096,"Positive"
"ASV_88","ASV_433",0.659505108208996,0.000455442957357111,0.0405018915649716,"Positive"
"ASV_17","ASV_436",0.659505108208996,0.000455442957357111,0.0405018915649716,"Positive"
"ASV_244","ASV_436",0.659505108208996,0.000455442957357111,0.0405018915649716,"Positive"
"ASV_24","ASV_438",0.654944503621741,0.000514506100256718,0.0454961913500084,"Positive"
"ASV_135","ASV_438",0.670852721943606,0.000333271763418574,0.0405018915649716,"Positive"
"ASV_340","ASV_438",0.701968339844516,0.000131750943590081,0.0190353452692789,"Positive"
"ASV_133","ASV_439",0.675303252441909,0.000293788279681184,0.0400780439368084,"Positive"
"ASV_207","ASV_452",0.792077386572723,3.98724224792701e-06,0.0013865971734632,"Positive"
"ASV_123","ASV_455",0.659505108208996,0.000455442957357111,0.0405018915649716,"Positive"
"ASV_153","ASV_455",0.722315118514615,6.73043204786339e-05,0.0100480105982096,"Positive"
"ASV_259","ASV_455",0.722315118514615,6.73043204786339e-05,0.0100480105982096,"Positive"
"ASV_306","ASV_455",0.722315118514615,6.73043204786339e-05,0.0100480105982096,"Positive"
"ASV_343","ASV_455",0.722315118514615,6.73043204786339e-05,0.0100480105982096,"Positive"
"ASV_155","ASV_459",0.653569724697977,0.000533561951307826,0.0470605734879216,"Positive"
"ASV_33","ASV_460",0.722315118514615,6.73043204786339e-05,0.0100480105982096,"Positive"
"ASV_74","ASV_460",1,0,0,"Positive"
"ASV_165","ASV_460",0.659505108208996,0.000455442957357111,0.0405018915649716,"Positive"
"ASV_338","ASV_460",0.659505108208996,0.000455442957357111,0.0405018915649716,"Positive"
"ASV_404","ASV_460",1,0,0,"Positive"
"ASV_430","ASV_460",1,0,0,"Positive"
"ASV_457","ASV_461",1,0,0,"Positive"
"ASV_89","ASV_463",0.675303252441909,0.000293788279681184,0.0400780439368084,"Positive"
"ASV_175","ASV_463",0.789655172413793,4.4741732565523e-06,0.00152619758666757,"Positive"
"ASV_319","ASV_463",0.656532164298613,0.000493234534869602,0.043682415990705,"Positive"
"ASV_349","ASV_463",0.730614563674553,5.03225044523603e-05,0.0100480105982096,"Positive"
"ASV_21","ASV_464",0.659505108208996,0.000455442957357111,0.0405018915649716,"Positive"
"ASV_165","ASV_464",0.722315118514615,6.73043204786339e-05,0.0100480105982096,"Positive"
"ASV_244","ASV_464",0.722315118514615,6.73043204786339e-05,0.0100480105982096,"Positive"
"ASV_373","ASV_464",0.659505108208996,0.000455442957357111,0.0405018915649716,"Positive"
"ASV_419","ASV_464",0.722315118514615,6.73043204786339e-05,0.0100480105982096,"Positive"
"ASV_24","ASV_466",0.749289671135084,2.51366715078305e-05,0.00770556286182041,"Positive"
"ASV_73","ASV_466",0.703222136075841,0.00012660983460866,0.0183382194927826,"Positive"
"ASV_90","ASV_466",0.669146379084466,0.000349587970575271,0.0405018915649716,"Positive"
"ASV_121","ASV_466",0.678730801059858,0.000266215264294933,0.0367821823401732,"Positive"
"ASV_128","ASV_466",0.680106143505823,0.000255801174206205,0.0355569818390257,"Positive"
"ASV_134","ASV_466",0.681541584073375,0.000245311800445958,0.034167792431662,"Positive"
"ASV_135","ASV_466",0.692591183821389,0.000176340190686464,0.0250364593911434,"Positive"
"ASV_236","ASV_466",0.70833021183084,0.000107432363883442,0.0157994294970845,"Positive"
"ASV_464","ASV_471",0.659505108208996,0.000455442957357111,0.0405018915649716,"Positive"
"ASV_33","ASV_474",0.659505108208996,0.000455442957357111,0.0405018915649716,"Positive"
"ASV_123","ASV_477",0.659505108208996,0.000455442957357111,0.0405018915649716,"Positive"
"ASV_125","ASV_477",0.706377428974729,0.000114440181750552,0.0166314425956192,"Positive"
"ASV_433","ASV_477",0.722315118514615,6.73043204786339e-05,0.0100480105982096,"Positive"
"ASV_193","ASV_481",1,0,0,"Positive"
"ASV_336","ASV_481",1,0,0,"Positive"
"ASV_8","ASV_484",0.68200832608545,0.00024198275783549,0.0338133645789856,"Positive"
"ASV_197","ASV_484",0.830630275000388,5.06264377309051e-07,0.000190395708266833,"Positive"
"ASV_311","ASV_484",0.668551091377325,0.000355441016294034,0.0405018915649716,"Positive"
"ASV_315","ASV_484",0.786602820534989,5.16252423743424e-06,0.00175926276792763,"Positive"
"ASV_466","ASV_487",0.673108629167783,0.000312717949872976,0.0405018915649716,"Positive"
"ASV_192","ASV_492",0.698275862068966,0.000147966779681319,0.0211298399481565,"Positive"
"ASV_279","ASV_492",0.667169997908304,0.000369348861881225,0.0405018915649716,"Positive"
"ASV_118","ASV_493",0.663950842309229,0.000403612237706685,0.0405018915649716,"Positive"
"ASV_379","ASV_493",0.752856513083954,2.18670427363232e-05,0.00676338806570593,"Positive"
"ASV_123","ASV_495",0.722315118514615,6.73043204786339e-05,0.0100480105982096,"Positive"
"ASV_436","ASV_495",0.659505108208996,0.000455442957357111,0.0405018915649716,"Positive"
"ASV_8","ASV_500",-0.659231068372986,0.000458818261453109,0.0407705126864278,"Negative"
"ASV_37","ASV_500",0.682046871181182,0.000241709600720341,0.0337888858745117,"Positive"
"ASV_67","ASV_506",1,0,0,"Positive"
"ASV_72","ASV_506",1,0,0,"Positive"
"ASV_297","ASV_506",1,0,0,"Positive"
"ASV_51","ASV_507",0.659450085028829,0.000456118938345185,0.0405515487683455,"Positive"
"ASV_290","ASV_507",0.847537342201656,1.73025843430707e-07,7.02833421610494e-05,"Positive"
"ASV_471","ASV_515",0.758595818049816,1.73893664801028e-05,0.00556823014963849,"Positive"
"ASV_387","ASV_520",0.66868535272509,0.000354113544959178,0.0405018915649716,"Positive"
"ASV_421","ASV_520",0.661340206185567,0.000433389398196038,0.0405018915649716,"Positive"
"ASV_41","ASV_524",0.722315118514615,6.73043204786339e-05,0.0100480105982096,"Positive"
"ASV_268","ASV_524",0.722315118514615,6.73043204786339e-05,0.0100480105982096,"Positive"
"ASV_390","ASV_524",0.722315118514615,6.73043204786339e-05,0.0100480105982096,"Positive"
"ASV_412","ASV_524",0.722315118514615,6.73043204786339e-05,0.0100480105982096,"Positive"
"ASV_424","ASV_524",0.722315118514615,6.73043204786339e-05,0.0100480105982096,"Positive"
"ASV_436","ASV_524",0.659505108208996,0.000455442957357111,0.0405018915649716,"Positive"
"ASV_463","ASV_527",0.682460987003911,0.000238791778253145,0.033435211777211,"Positive"
"ASV_38","ASV_528",0.69155365481637,0.000182001347272198,0.025818961179361,"Positive"
"ASV_79","ASV_529",0.659505108208996,0.000455442957357111,0.0405018915649716,"Positive"
"ASV_207","ASV_529",0.66868535272509,0.000354113544959178,0.0405018915649716,"Positive"
"ASV_286","ASV_529",0.659505108208996,0.000455442957357111,0.0405018915649716,"Positive"
"ASV_349","ASV_529",0.834297687626513,4.051897504187e-07,0.000157537500877277,"Positive"
"ASV_464","ASV_529",0.722315118514615,6.73043204786339e-05,0.0100480105982096,"Positive"
"ASV_89","ASV_533",0.798023875121013,2.98551019817239e-06,0.00105491595747205,"Positive"
"ASV_175","ASV_533",0.707183775918226,0.000111499474380272,0.016362666481767,"Positive"
"ASV_463","ASV_533",0.807297141786168,1.86481221420287e-06,0.000692258842035601,"Positive"
"ASV_466","ASV_533",0.652240880350985,0.000552558090768152,0.0485993231249065,"Positive"
"ASV_471","ASV_533",0.834297687626513,4.051897504187e-07,0.000157537500877277,"Positive"
"ASV_527","ASV_533",0.658206498159073,0.000471630344281326,0.0418443011784357,"Positive"
"ASV_529","ASV_533",0.758595818049816,1.73893664801028e-05,0.00556823014963849,"Positive"
"ASV_419","ASV_534",0.659505108208996,0.000455442957357111,0.0405018915649716,"Positive"
"ASV_452","ASV_535",0.790007513148009,4.40021531433743e-06,0.00150245569740493,"Positive"
"ASV_19","ASV_544",1,0,0,"Positive"
"ASV_269","ASV_544",1,0,0,"Positive"
"ASV_332","ASV_544",1,0,0,"Positive"
"ASV_133","ASV_546",0.722315118514615,6.73043204786339e-05,0.0100480105982096,"Positive"
"ASV_92","ASV_547",1,0,0,"Positive"
"ASV_139","ASV_547",0.722315118514615,6.73043204786339e-05,0.0100480105982096,"Positive"
"ASV_302","ASV_547",0.659505108208996,0.000455442957357111,0.0405018915649716,"Positive"
"ASV_192","ASV_549",0.676022675805761,0.000287803619721139,0.0396063029988549,"Positive"
"ASV_289","ASV_549",0.75687394716949,1.86388189105102e-05,0.00595173729960473,"Positive"
"ASV_292","ASV_551",0.661799039476806,0.000428022128314387,0.0405018915649716,"Positive"
"ASV_17","ASV_555",0.659505108208996,0.000455442957357111,0.0405018915649716,"Positive"
"ASV_244","ASV_555",0.659505108208996,0.000455442957357111,0.0405018915649716,"Positive"
"ASV_436","ASV_555",1,0,0,"Positive"
"ASV_495","ASV_555",0.659505108208996,0.000455442957357111,0.0405018915649716,"Positive"
"ASV_524","ASV_555",0.659505108208996,0.000455442957357111,0.0405018915649716,"Positive"
"ASV_88","ASV_557",0.798023875121013,2.98551019817239e-06,0.00105491595747205,"Positive"
"ASV_41","ASV_559",1,0,0,"Positive"
"ASV_88","ASV_559",0.722315118514615,6.73043204786339e-05,0.0100480105982096,"Positive"
"ASV_179","ASV_559",0.659505108208996,0.000455442957357111,0.0405018915649716,"Positive"
"ASV_268","ASV_559",1,0,0,"Positive"
"ASV_373","ASV_559",0.722315118514615,6.73043204786339e-05,0.0100480105982096,"Positive"
"ASV_390","ASV_559",1,0,0,"Positive"
"ASV_412","ASV_559",1,0,0,"Positive"
"ASV_424","ASV_559",1,0,0,"Positive"
"ASV_524","ASV_559",0.722315118514615,6.73043204786339e-05,0.0100480105982096,"Positive"
"ASV_289","ASV_560",0.847888443608715,1.68983493420427e-07,6.87222788424948e-05,"Positive"
"ASV_439","ASV_560",0.679492844933476,0.000260400436148167,0.0361380267252465,"Positive"
"ASV_549","ASV_560",0.701954362085054,0.000131809271752825,0.0190353452692789,"Positive"
"ASV_74","ASV_563",0.722315118514615,6.73043204786339e-05,0.0100480105982096,"Positive"
"ASV_314","ASV_563",0.659505108208996,0.000455442957357111,0.0405018915649716,"Positive"
"ASV_354","ASV_563",0.831143443060818,4.90887142934326e-07,0.000184814186187824,"Positive"
"ASV_404","ASV_563",0.722315118514615,6.73043204786339e-05,0.0100480105982096,"Positive"
"ASV_430","ASV_563",0.722315118514615,6.73043204786339e-05,0.0100480105982096,"Positive"
"ASV_460","ASV_563",0.722315118514615,6.73043204786339e-05,0.0100480105982096,"Positive"
"ASV_21","ASV_565",0.996219281663516,0,0,"Positive"
"ASV_175","ASV_565",0.672750121052715,0.000315908823334876,0.0405018915649716,"Positive"
"ASV_349","ASV_565",0.798023875121013,2.98551019817239e-06,0.00105491595747205,"Positive"
"ASV_433","ASV_565",0.659505108208996,0.000455442957357111,0.0405018915649716,"Positive"
"ASV_464","ASV_565",0.722315118514615,6.73043204786339e-05,0.0100480105982096,"Positive"
"ASV_284","ASV_566",0.716368660296422,8.23828813816263e-05,0.0122109443395484,"Positive"
"ASV_67","ASV_567",0.722315118514615,6.73043204786339e-05,0.0100480105982096,"Positive"
"ASV_72","ASV_567",0.722315118514615,6.73043204786339e-05,0.0100480105982096,"Positive"
"ASV_297","ASV_567",0.722315118514615,6.73043204786339e-05,0.0100480105982096,"Positive"
"ASV_314","ASV_567",0.659505108208996,0.000455442957357111,0.0405018915649716,"Positive"
"ASV_492","ASV_567",0.672750121052715,0.000315908823334876,0.0405018915649716,"Positive"
"ASV_506","ASV_567",0.722315118514615,6.73043204786339e-05,0.0100480105982096,"Positive"
"ASV_429","ASV_571",0.834297687626513,4.051897504187e-07,0.000157537500877277,"Positive"
"ASV_89","ASV_574",0.791715385989621,4.05688181759345e-06,0.0013865971734632,"Positive"
"ASV_216","ASV_574",0.660894552251267,0.000438658220178745,0.0405018915649716,"Positive"
"ASV_320","ASV_574",0.652240880350985,0.000552558090768152,0.0485993231249065,"Positive"
"ASV_380","ASV_574",0.711443919146649,9.70340441686091e-05,0.014331325756834,"Positive"
"ASV_462","ASV_574",0.729793911856133,5.1814309367515e-05,0.0100480105982096,"Positive"
"ASV_67","ASV_575",0.659505108208996,0.000455442957357111,0.0405018915649716,"Positive"
"ASV_72","ASV_575",0.659505108208996,0.000455442957357111,0.0405018915649716,"Positive"
"ASV_92","ASV_575",0.722315118514615,6.73043204786339e-05,0.0100480105982096,"Positive"
"ASV_297","ASV_575",0.659505108208996,0.000455442957357111,0.0405018915649716,"Positive"
"ASV_506","ASV_575",0.659505108208996,0.000455442957357111,0.0405018915649716,"Positive"
"ASV_547","ASV_575",0.722315118514615,6.73043204786339e-05,0.0100480105982096,"Positive"
"ASV_253","ASV_576",0.723463970567168,6.46885223529736e-05,0.0100480105982096,"Positive"
"ASV_575","ASV_577",0.755441573484121,1.97379231001715e-05,0.00613235932427086,"Positive"
"ASV_92","ASV_579",0.722315118514615,6.73043204786339e-05,0.0100480105982096,"Positive"
"ASV_433","ASV_579",0.659505108208996,0.000455442957357111,0.0405018915649716,"Positive"
"ASV_547","ASV_579",0.722315118514615,6.73043204786339e-05,0.0100480105982096,"Positive"
"ASV_557","ASV_579",0.758595818049816,1.73893664801028e-05,0.00556823014963849,"Positive"
"ASV_45","ASV_587",0.679692642107678,0.00025889427655823,0.0359579438925711,"Positive"
"ASV_323","ASV_587",0.689767448341344,0.000192119492121945,0.0271426827737134,"Positive"
"ASV_510","ASV_588",0.736206896551724,4.11234987556242e-05,0.0100480105982096,"Positive"
"ASV_33","ASV_592",0.659505108208996,0.000455442957357111,0.0405018915649716,"Positive"
"ASV_474","ASV_592",1,0,0,"Positive"
"ASV_464","ASV_593",0.722315118514615,6.73043204786339e-05,0.0100480105982096,"Positive"
"ASV_471","ASV_593",0.996219281663516,0,0,"Positive"
"ASV_515","ASV_593",0.755441573484121,1.97379231001715e-05,0.00613235932427086,"Positive"
"ASV_533","ASV_593",0.831143443060818,4.90887142934326e-07,0.000184814186187824,"Positive"
"ASV_92","ASV_596",0.722315118514615,6.73043204786339e-05,0.0100480105982096,"Positive"
"ASV_457","ASV_596",0.659505108208996,0.000455442957357111,0.0405018915649716,"Positive"
"ASV_461","ASV_596",0.659505108208996,0.000455442957357111,0.0405018915649716,"Positive"
"ASV_547","ASV_596",0.722315118514615,6.73043204786339e-05,0.0100480105982096,"Positive"
"ASV_254","ASV_598",0.703188702079562,0.000126744617946706,0.0183500347053697,"Positive"
"ASV_491","ASV_598",0.665281784642576,0.000389126080856617,0.0405018915649716,"Positive"
"ASV_457","ASV_599",1,0,0,"Positive"
"ASV_461","ASV_599",1,0,0,"Positive"
"ASV_596","ASV_599",0.659505108208996,0.000455442957357111,0.0405018915649716,"Positive"
"ASV_131","ASV_600",0.720322521288077,7.20618612561896e-05,0.0107211448585487,"Positive"
"ASV_171","ASV_600",0.77340570793438,9.34443911626559e-06,0.00312870873381644,"Positive"
"ASV_24","ASV_602",0.656835811568097,0.000489254147002738,0.0433633079943714,"Positive"
"ASV_60","ASV_602",0.67105400648817,0.000331391379330803,0.0405018915649716,"Positive"
"ASV_90","ASV_602",0.731552584274093,4.86636914796001e-05,0.0100480105982096,"Positive"
"ASV_121","ASV_602",0.655871789146808,0.000501987977537866,0.0444120276740882,"Positive"
"ASV_128","ASV_602",0.728735632183908,5.37953704340399e-05,0.0100480105982096,"Positive"
"ASV_134","ASV_602",0.683340341988168,0.000232697419368488,0.0326083687649385,"Positive"
"ASV_135","ASV_602",0.781609195402299,6.49265827723511e-06,0.00218874936146499,"Positive"
"ASV_236","ASV_602",0.728345937640932,5.45414527159949e-05,0.0100480105982096,"Positive"
"ASV_319","ASV_602",0.722484724865692,6.69124015284517e-05,0.0100480105982096,"Positive"
"ASV_432","ASV_602",0.676284367074584,0.000285653129163732,0.0393417597400361,"Positive"
"ASV_463","ASV_602",0.754555460995278,2.0446156764331e-05,0.00633527749553551,"Positive"
"ASV_466","ASV_602",0.77932935864532,7.19500211321389e-06,0.00242314883181007,"Positive"
"ASV_21","ASV_604",0.722315118514615,6.73043204786339e-05,0.0100480105982096,"Positive"
"ASV_88","ASV_604",0.659505108208996,0.000455442957357111,0.0405018915649716,"Positive"
"ASV_433","ASV_604",1,0,0,"Positive"
"ASV_477","ASV_604",0.722315118514615,6.73043204786339e-05,0.0100480105982096,"Positive"
"ASV_565","ASV_604",0.659505108208996,0.000455442957357111,0.0405018915649716,"Positive"
"ASV_579","ASV_604",0.659505108208996,0.000455442957357111,0.0405018915649716,"Positive"
"ASV_302","ASV_609",0.758595818049816,1.73893664801028e-05,0.00556823014963849,"Positive"
"ASV_472","ASV_609",0.681578947368421,0.000245043846589965,0.0341442610724236,"Positive"
"ASV_36","ASV_615",0.722315118514615,6.73043204786339e-05,0.0100480105982096,"Positive"
"ASV_67","ASV_615",0.659505108208996,0.000455442957357111,0.0405018915649716,"Positive"
"ASV_72","ASV_615",0.659505108208996,0.000455442957357111,0.0405018915649716,"Positive"
"ASV_297","ASV_615",0.659505108208996,0.000455442957357111,0.0405018915649716,"Positive"
"ASV_369","ASV_615",0.675303252441909,0.000293788279681184,0.0400780439368084,"Positive"
"ASV_506","ASV_615",0.659505108208996,0.000455442957357111,0.0405018915649716,"Positive"
"ASV_577","ASV_615",0.834297687626513,4.051897504187e-07,0.000157537500877277,"Positive"
"ASV_119","ASV_618",0.659505108208996,0.000455442957357111,0.0405018915649716,"Positive"
"ASV_182","ASV_618",0.700793417678486,0.0001367333000033,0.0195580794299619,"Positive"
"ASV_193","ASV_618",0.722315118514615,6.73043204786339e-05,0.0100480105982096,"Positive"
"ASV_264","ASV_618",0.659505108208996,0.000455442957357111,0.0405018915649716,"Positive"
"ASV_336","ASV_618",0.722315118514615,6.73043204786339e-05,0.0100480105982096,"Positive"
"ASV_423","ASV_618",0.659505108208996,0.000455442957357111,0.0405018915649716,"Positive"
"ASV_481","ASV_618",0.722315118514615,6.73043204786339e-05,0.0100480105982096,"Positive"
"ASV_38","ASV_624",0.737821489346023,3.87593224462357e-05,0.0100480105982096,"Positive"
"ASV_135","ASV_624",0.751670010536276,2.29103462778824e-05,0.00705444336528741,"Positive"
"ASV_17","ASV_626",0.722315118514615,6.73043204786339e-05,0.0100480105982096,"Positive"
"ASV_79","ASV_626",1,0,0,"Positive"
"ASV_89","ASV_626",0.659505108208996,0.000455442957357111,0.0405018915649716,"Positive"
"ASV_186","ASV_626",0.659505108208996,0.000455442957357111,0.0405018915649716,"Positive"
"ASV_198","ASV_626",0.659505108208996,0.000455442957357111,0.0405018915649716,"Positive"
"ASV_286","ASV_626",1,0,0,"Positive"
"ASV_372","ASV_626",0.659505108208996,0.000455442957357111,0.0405018915649716,"Positive"
"ASV_405","ASV_626",0.659505108208996,0.000455442957357111,0.0405018915649716,"Positive"
"ASV_429","ASV_626",0.659505108208996,0.000455442957357111,0.0405018915649716,"Positive"
"ASV_529","ASV_626",0.659505108208996,0.000455442957357111,0.0405018915649716,"Positive"
"ASV_19","ASV_627",0.722315118514615,6.73043204786339e-05,0.0100480105982096,"Positive"
"ASV_269","ASV_627",0.722315118514615,6.73043204786339e-05,0.0100480105982096,"Positive"
"ASV_332","ASV_627",0.722315118514615,6.73043204786339e-05,0.0100480105982096,"Positive"
"ASV_544","ASV_627",0.722315118514615,6.73043204786339e-05,0.0100480105982096,"Positive"
"ASV_254","ASV_628",0.670121004995395,0.000340185675426152,0.0405018915649716,"Positive"
"ASV_459","ASV_633",0.675229357798165,0.000294409067261192,0.0401468497354808,"Positive"
"ASV_409","ASV_634",0.836197294538089,3.60281775524385e-07,0.000145490134093931,"Positive"
"ASV_133","ASV_638",0.674269364021332,0.000302578177247659,0.0405018915649716,"Positive"
"ASV_562","ASV_640",0.69026560685439,0.000189249484637388,0.0267591322343062,"Positive"
"ASV_226","ASV_641",0.716364577323687,8.23941759184876e-05,0.0122109443395484,"Positive"
"ASV_326","ASV_641",0.67572130835398,0.000290297577883347,0.0399017434024474,"Positive"
"ASV_529","ASV_641",0.675303252441909,0.000293788279681184,0.0400780439368084,"Positive"
"ASV_533","ASV_641",0.747655136588245,2.67738818227059e-05,0.00818561591736478,"Positive"
"ASV_574","ASV_641",0.709313847532438,0.000104046903085298,0.0153146117082847,"Positive"
"ASV_79","ASV_645",0.659505108208996,0.000455442957357111,0.0405018915649716,"Positive"
"ASV_92","ASV_645",0.722315118514615,6.73043204786339e-05,0.0100480105982096,"Positive"
"ASV_286","ASV_645",0.659505108208996,0.000455442957357111,0.0405018915649716,"Positive"
"ASV_380","ASV_645",0.672750121052715,0.000315908823334876,0.0405018915649716,"Positive"
"ASV_547","ASV_645",0.722315118514615,6.73043204786339e-05,0.0100480105982096,"Positive"
"ASV_626","ASV_645",0.659505108208996,0.000455442957357111,0.0405018915649716,"Positive"
"ASV_21","ASV_648",0.722315118514615,6.73043204786339e-05,0.0100480105982096,"Positive"
"ASV_88","ASV_648",0.659505108208996,0.000455442957357111,0.0405018915649716,"Positive"
"ASV_433","ASV_648",1,0,0,"Positive"
"ASV_477","ASV_648",0.722315118514615,6.73043204786339e-05,0.0100480105982096,"Positive"
"ASV_565","ASV_648",0.659505108208996,0.000455442957357111,0.0405018915649716,"Positive"
"ASV_579","ASV_648",0.659505108208996,0.000455442957357111,0.0405018915649716,"Positive"
"ASV_604","ASV_648",1,0,0,"Positive"
"ASV_74","ASV_653",0.722315118514615,6.73043204786339e-05,0.0100480105982096,"Positive"
"ASV_404","ASV_653",0.722315118514615,6.73043204786339e-05,0.0100480105982096,"Positive"
"ASV_430","ASV_653",0.722315118514615,6.73043204786339e-05,0.0100480105982096,"Positive"
"ASV_460","ASV_653",0.722315118514615,6.73043204786339e-05,0.0100480105982096,"Positive"
"ASV_546","ASV_653",0.659505108208996,0.000455442957357111,0.0405018915649716,"Positive"
"ASV_123","ASV_654",1,0,0,"Positive"
"ASV_387","ASV_654",0.722315118514615,6.73043204786339e-05,0.0100480105982096,"Positive"
"ASV_455","ASV_654",0.659505108208996,0.000455442957357111,0.0405018915649716,"Positive"
"ASV_477","ASV_654",0.659505108208996,0.000455442957357111,0.0405018915649716,"Positive"
"ASV_495","ASV_654",0.722315118514615,6.73043204786339e-05,0.0100480105982096,"Positive"
"ASV_17","ASV_655",0.674269364021332,0.000302578177247659,0.0405018915649716,"Positive"
"ASV_388","ASV_655",0.804398590363854,2.16605220448862e-06,0.000801497417919494,"Positive"
"ASV_429","ASV_655",0.735693488280004,4.19013851384875e-05,0.0100480105982096,"Positive"
"ASV_67","ASV_668",0.722315118514615,6.73043204786339e-05,0.0100480105982096,"Positive"
"ASV_72","ASV_668",0.722315118514615,6.73043204786339e-05,0.0100480105982096,"Positive"
"ASV_79","ASV_668",0.659505108208996,0.000455442957357111,0.0405018915649716,"Positive"
"ASV_254","ASV_668",0.674269364021332,0.000302578177247659,0.0405018915649716,"Positive"
"ASV_286","ASV_668",0.659505108208996,0.000455442957357111,0.0405018915649716,"Positive"
"ASV_297","ASV_668",0.722315118514615,6.73043204786339e-05,0.0100480105982096,"Positive"
"ASV_506","ASV_668",0.722315118514615,6.73043204786339e-05,0.0100480105982096,"Positive"
"ASV_626","ASV_668",0.659505108208996,0.000455442957357111,0.0405018915649716,"Positive"
"ASV_33","ASV_671",0.722315118514615,6.73043204786339e-05,0.0100480105982096,"Positive"
"ASV_74","ASV_671",1,0,0,"Positive"
"ASV_165","ASV_671",0.659505108208996,0.000455442957357111,0.0405018915649716,"Positive"
"ASV_338","ASV_671",0.659505108208996,0.000455442957357111,0.0405018915649716,"Positive"
"ASV_404","ASV_671",1,0,0,"Positive"
"ASV_430","ASV_671",1,0,0,"Positive"
"ASV_460","ASV_671",1,0,0,"Positive"
"ASV_563","ASV_671",0.722315118514615,6.73043204786339e-05,0.0100480105982096,"Positive"
"ASV_653","ASV_671",0.722315118514615,6.73043204786339e-05,0.0100480105982096,"Positive"
"ASV_44","ASV_676",0.653022429944707,0.00054131612401731,0.0476835211006972,"Positive"
"ASV_90","ASV_676",0.664666438600805,0.000395766555608024,0.0405018915649716,"Positive"
"ASV_134","ASV_676",0.728762076713816,5.37450680395679e-05,0.0100480105982096,"Positive"
"ASV_236","ASV_676",0.67945266207991,0.00026070427120084,0.0361656389733217,"Positive"
"ASV_462","ASV_676",0.717871698593736,7.83161548332245e-05,0.011641595145069,"Positive"
"ASV_574","ASV_676",0.785996425644053,5.30995198433359e-06,0.00180060351240261,"Positive"
"ASV_79","ASV_677",0.659505108208996,0.000455442957357111,0.0405018915649716,"Positive"
"ASV_150","ASV_677",0.722315118514615,6.73043204786339e-05,0.0100480105982096,"Positive"
"ASV_286","ASV_677",0.659505108208996,0.000455442957357111,0.0405018915649716,"Positive"
"ASV_311","ASV_677",0.758595818049816,1.73893664801028e-05,0.00556823014963849,"Positive"
"ASV_342","ASV_677",0.722315118514615,6.73043204786339e-05,0.0100480105982096,"Positive"
"ASV_574","ASV_677",0.831143443060818,4.90887142934326e-07,0.000184814186187824,"Positive"
"ASV_576","ASV_677",0.674269364021332,0.000302578177247659,0.0405018915649716,"Positive"
"ASV_626","ASV_677",0.659505108208996,0.000455442957357111,0.0405018915649716,"Positive"
"ASV_636","ASV_677",0.798023875121013,2.98551019817239e-06,0.00105491595747205,"Positive"
"ASV_676","ASV_677",0.672750121052715,0.000315908823334876,0.0405018915649716,"Positive"
"ASV_17","ASV_678",0.722315118514615,6.73043204786339e-05,0.0100480105982096,"Positive"
"ASV_79","ASV_678",1,0,0,"Positive"
"ASV_89","ASV_678",0.659505108208996,0.000455442957357111,0.0405018915649716,"Positive"
"ASV_186","ASV_678",0.659505108208996,0.000455442957357111,0.0405018915649716,"Positive"
"ASV_198","ASV_678",0.659505108208996,0.000455442957357111,0.0405018915649716,"Positive"
"ASV_286","ASV_678",1,0,0,"Positive"
"ASV_372","ASV_678",0.659505108208996,0.000455442957357111,0.0405018915649716,"Positive"
"ASV_405","ASV_678",0.659505108208996,0.000455442957357111,0.0405018915649716,"Positive"
"ASV_429","ASV_678",0.659505108208996,0.000455442957357111,0.0405018915649716,"Positive"
"ASV_529","ASV_678",0.659505108208996,0.000455442957357111,0.0405018915649716,"Positive"
"ASV_626","ASV_678",1,0,0,"Positive"
"ASV_645","ASV_678",0.659505108208996,0.000455442957357111,0.0405018915649716,"Positive"
"ASV_668","ASV_678",0.659505108208996,0.000455442957357111,0.0405018915649716,"Positive"
"ASV_677","ASV_678",0.659505108208996,0.000455442957357111,0.0405018915649716,"Positive"
"ASV_133","ASV_680",0.722315118514615,6.73043204786339e-05,0.0100480105982096,"Positive"
"ASV_546","ASV_680",1,0,0,"Positive"
"ASV_653","ASV_680",0.659505108208996,0.000455442957357111,0.0405018915649716,"Positive"
"ASV_419","ASV_682",0.659505108208996,0.000455442957357111,0.0405018915649716,"Positive"
"ASV_534","ASV_682",1,0,0,"Positive"
"ASV_88","ASV_688",0.798023875121013,2.98551019817239e-06,0.00105491595747205,"Positive"
"ASV_251","ASV_688",0.747655136588245,2.67738818227059e-05,0.00818561591736478,"Positive"
"ASV_457","ASV_692",1,0,0,"Positive"
"ASV_461","ASV_692",1,0,0,"Positive"
"ASV_596","ASV_692",0.659505108208996,0.000455442957357111,0.0405018915649716,"Positive"
"ASV_599","ASV_692",1,0,0,"Positive"
"ASV_22","ASV_697",0.735693488280004,4.19013851384875e-05,0.0100480105982096,"Positive"
"ASV_41","ASV_697",0.722315118514615,6.73043204786339e-05,0.0100480105982096,"Positive"
"ASV_268","ASV_697",0.722315118514615,6.73043204786339e-05,0.0100480105982096,"Positive"
"ASV_390","ASV_697",0.722315118514615,6.73043204786339e-05,0.0100480105982096,"Positive"
"ASV_412","ASV_697",0.722315118514615,6.73043204786339e-05,0.0100480105982096,"Positive"
"ASV_424","ASV_697",0.722315118514615,6.73043204786339e-05,0.0100480105982096,"Positive"
"ASV_474","ASV_697",0.659505108208996,0.000455442957357111,0.0405018915649716,"Positive"
"ASV_559","ASV_697",0.722315118514615,6.73043204786339e-05,0.0100480105982096,"Positive"
"ASV_592","ASV_697",0.659505108208996,0.000455442957357111,0.0405018915649716,"Positive"
"ASV_688","ASV_697",0.834297687626513,4.051897504187e-07,0.000157537500877277,"Positive"
"ASV_21","ASV_698",0.722315118514615,6.73043204786339e-05,0.0100480105982096,"Positive"
"ASV_88","ASV_698",0.659505108208996,0.000455442957357111,0.0405018915649716,"Positive"
"ASV_433","ASV_698",1,0,0,"Positive"
"ASV_477","ASV_698",0.722315118514615,6.73043204786339e-05,0.0100480105982096,"Positive"
"ASV_565","ASV_698",0.659505108208996,0.000455442957357111,0.0405018915649716,"Positive"
"ASV_579","ASV_698",0.659505108208996,0.000455442957357111,0.0405018915649716,"Positive"
"ASV_604","ASV_698",1,0,0,"Positive"
"ASV_648","ASV_698",1,0,0,"Positive"
"ASV_123","ASV_699",0.659505108208996,0.000455442957357111,0.0405018915649716,"Positive"
"ASV_125","ASV_699",0.671477358373211,0.000327466498742712,0.0405018915649716,"Positive"
"ASV_387","ASV_699",0.996219281663516,0,0,"Positive"
"ASV_520","ASV_699",0.671477358373211,0.000327466498742712,0.0405018915649716,"Positive"
"ASV_654","ASV_699",0.659505108208996,0.000455442957357111,0.0405018915649716,"Positive"
"ASV_150","ASV_700",0.722315118514615,6.73043204786339e-05,0.0100480105982096,"Positive"
"ASV_274","ASV_700",0.798023875121013,2.98551019817239e-06,0.00105491595747205,"Positive"
"ASV_342","ASV_700",0.722315118514615,6.73043204786339e-05,0.0100480105982096,"Positive"
"ASV_464","ASV_700",0.659505108208996,0.000455442957357111,0.0405018915649716,"Positive"
"ASV_150","ASV_704",1,0,0,"Positive"
"ASV_302","ASV_704",0.722315118514615,6.73043204786339e-05,0.0100480105982096,"Positive"
"ASV_338","ASV_704",0.722315118514615,6.73043204786339e-05,0.0100480105982096,"Positive"
"ASV_342","ASV_704",1,0,0,"Positive"
"ASV_677","ASV_704",0.722315118514615,6.73043204786339e-05,0.0100480105982096,"Positive"
"ASV_700","ASV_704",0.722315118514615,6.73043204786339e-05,0.0100480105982096,"Positive"
"ASV_67","ASV_707",1,0,0,"Positive"
"ASV_72","ASV_707",1,0,0,"Positive"
"ASV_297","ASV_707",1,0,0,"Positive"
"ASV_506","ASV_707",1,0,0,"Positive"
"ASV_567","ASV_707",0.722315118514615,6.73043204786339e-05,0.0100480105982096,"Positive"
"ASV_575","ASV_707",0.659505108208996,0.000455442957357111,0.0405018915649716,"Positive"
"ASV_615","ASV_707",0.659505108208996,0.000455442957357111,0.0405018915649716,"Positive"
"ASV_668","ASV_707",0.722315118514615,6.73043204786339e-05,0.0100480105982096,"Positive"
"ASV_300","ASV_709",0.681578947368421,0.000245043846589965,0.0341442610724236,"Positive"
"ASV_338","ASV_709",0.758595818049816,1.73893664801028e-05,0.00556823014963849,"Positive"
"ASV_540","ASV_709",0.666160655236524,0.00037980940843596,0.0405018915649716,"Positive"
"ASV_653","ASV_709",0.791715385989621,4.05688181759345e-06,0.0013865971734632,"Positive"
"ASV_419","ASV_714",0.659505108208996,0.000455442957357111,0.0405018915649716,"Positive"
"ASV_534","ASV_714",1,0,0,"Positive"
"ASV_682","ASV_714",1,0,0,"Positive"
"ASV_41","ASV_715",0.722315118514615,6.73043204786339e-05,0.0100480105982096,"Positive"
"ASV_79","ASV_715",0.659505108208996,0.000455442957357111,0.0405018915649716,"Positive"
"ASV_207","ASV_715",0.738485493928126,3.78223100505615e-05,0.0100480105982096,"Positive"
"ASV_268","ASV_715",0.722315118514615,6.73043204786339e-05,0.0100480105982096,"Positive"
"ASV_286","ASV_715",0.659505108208996,0.000455442957357111,0.0405018915649716,"Positive"
"ASV_390","ASV_715",0.722315118514615,6.73043204786339e-05,0.0100480105982096,"Positive"
"ASV_412","ASV_715",0.722315118514615,6.73043204786339e-05,0.0100480105982096,"Positive"
"ASV_424","ASV_715",0.722315118514615,6.73043204786339e-05,0.0100480105982096,"Positive"
"ASV_518","ASV_715",0.758595818049816,1.73893664801028e-05,0.00556823014963849,"Positive"
"ASV_559","ASV_715",0.722315118514615,6.73043204786339e-05,0.0100480105982096,"Positive"
"ASV_571","ASV_715",0.755441573484121,1.97379231001715e-05,0.00613235932427086,"Positive"
"ASV_626","ASV_715",0.659505108208996,0.000455442957357111,0.0405018915649716,"Positive"
"ASV_678","ASV_715",0.659505108208996,0.000455442957357111,0.0405018915649716,"Positive"
"ASV_59","ASV_716",-0.672802201151515,0.000315443540086058,0.0405018915649716,"Negative"
"ASV_241","ASV_716",0.651280607098126,0.00056664671437745,0.0497876736697527,"Positive"
"ASV_125","ASV_719",0.674269364021332,0.000302578177247659,0.0405018915649716,"Positive"
"ASV_289","ASV_719",0.671477358373211,0.000327466498742712,0.0405018915649716,"Positive"
"ASV_314","ASV_719",0.659505108208996,0.000455442957357111,0.0405018915649716,"Positive"
"ASV_433","ASV_719",0.722315118514615,6.73043204786339e-05,0.0100480105982096,"Positive"
"ASV_604","ASV_719",0.722315118514615,6.73043204786339e-05,0.0100480105982096,"Positive"
"ASV_648","ASV_719",0.722315118514615,6.73043204786339e-05,0.0100480105982096,"Positive"
"ASV_698","ASV_719",0.722315118514615,6.73043204786339e-05,0.0100480105982096,"Positive"
"ASV_206","ASV_721",-0.741904354081189,3.33063585049587e-05,0.0100480105982096,"Negative"
"ASV_21","ASV_722",0.659505108208996,0.000455442957357111,0.0405018915649716,"Positive"
"ASV_165","ASV_722",0.722315118514615,6.73043204786339e-05,0.0100480105982096,"Positive"
"ASV_244","ASV_722",0.722315118514615,6.73043204786339e-05,0.0100480105982096,"Positive"
"ASV_373","ASV_722",0.659505108208996,0.000455442957357111,0.0405018915649716,"Positive"
"ASV_419","ASV_722",0.722315118514615,6.73043204786339e-05,0.0100480105982096,"Positive"
"ASV_464","ASV_722",1,0,0,"Positive"
"ASV_471","ASV_722",0.659505108208996,0.000455442957357111,0.0405018915649716,"Positive"
"ASV_529","ASV_722",0.722315118514615,6.73043204786339e-05,0.0100480105982096,"Positive"
"ASV_565","ASV_722",0.722315118514615,6.73043204786339e-05,0.0100480105982096,"Positive"
"ASV_593","ASV_722",0.722315118514615,6.73043204786339e-05,0.0100480105982096,"Positive"
"ASV_700","ASV_722",0.659505108208996,0.000455442957357111,0.0405018915649716,"Positive"
"ASV_53","ASV_726",-0.654260734729563,0.000523908927251959,0.0463157785687636,"Negative"
"ASV_185","ASV_729",-0.692310062976826,0.000177858710349366,0.025241664257051,"Negative"
"ASV_79","ASV_731",0.659505108208996,0.000455442957357111,0.0405018915649716,"Positive"
"ASV_193","ASV_731",0.722315118514615,6.73043204786339e-05,0.0100480105982096,"Positive"
"ASV_286","ASV_731",0.659505108208996,0.000455442957357111,0.0405018915649716,"Positive"
"ASV_336","ASV_731",0.722315118514615,6.73043204786339e-05,0.0100480105982096,"Positive"
"ASV_481","ASV_731",0.722315118514615,6.73043204786339e-05,0.0100480105982096,"Positive"
"ASV_626","ASV_731",0.659505108208996,0.000455442957357111,0.0405018915649716,"Positive"
"ASV_678","ASV_731",0.659505108208996,0.000455442957357111,0.0405018915649716,"Positive"
"ASV_133","ASV_735",0.722315118514615,6.73043204786339e-05,0.0100480105982096,"Positive"
"ASV_546","ASV_735",1,0,0,"Positive"
"ASV_653","ASV_735",0.659505108208996,0.000455442957357111,0.0405018915649716,"Positive"
"ASV_680","ASV_735",1,0,0,"Positive"
"ASV_89","ASV_736",0.834297687626513,4.051897504187e-07,0.000157537500877277,"Positive"
"ASV_388","ASV_736",0.697977283546329,0.000149351069246517,0.0213098702919736,"Positive"
"ASV_421","ASV_736",0.822265441191968,8.2546170210307e-07,0.000309427010756277,"Positive"
"ASV_462","ASV_736",0.753656383088486,2.11875856783728e-05,0.00655911735634831,"Positive"
"ASV_466","ASV_736",0.74967930454976,2.47596864955124e-05,0.00759675203138335,"Positive"
"ASV_676","ASV_736",0.705053704304015,0.00011941498516177,0.0173252203861227,"Positive"
"ASV_51","ASV_738",0.684252411235665,0.000226519841237671,0.03179436916908,"Positive"
"ASV_92","ASV_743",1,0,0,"Positive"
"ASV_139","ASV_743",0.722315118514615,6.73043204786339e-05,0.0100480105982096,"Positive"
"ASV_302","ASV_743",0.659505108208996,0.000455442957357111,0.0405018915649716,"Positive"
"ASV_547","ASV_743",1,0,0,"Positive"
"ASV_575","ASV_743",0.722315118514615,6.73043204786339e-05,0.0100480105982096,"Positive"
"ASV_579","ASV_743",0.722315118514615,6.73043204786339e-05,0.0100480105982096,"Positive"
"ASV_596","ASV_743",0.722315118514615,6.73043204786339e-05,0.0100480105982096,"Positive"
"ASV_645","ASV_743",0.722315118514615,6.73043204786339e-05,0.0100480105982096,"Positive"
"ASV_314","ASV_745",0.722315118514615,6.73043204786339e-05,0.0100480105982096,"Positive"
"ASV_391","ASV_745",0.798023875121013,2.98551019817239e-06,0.00105491595747205,"Positive"
"ASV_581","ASV_745",0.659505108208996,0.000455442957357111,0.0405018915649716,"Positive"
"ASV_21","ASV_746",0.674269364021332,0.000302578177247659,0.0405018915649716,"Positive"
"ASV_565","ASV_746",0.665893347076968,0.000382622375766362,0.0405018915649716,"Positive"
"ASV_89","ASV_747",0.791715385989621,4.05688181759345e-06,0.0013865971734632,"Positive"
"ASV_216","ASV_747",0.660894552251267,0.000438658220178745,0.0405018915649716,"Positive"
"ASV_320","ASV_747",0.652240880350985,0.000552558090768152,0.0485993231249065,"Positive"
"ASV_380","ASV_747",0.711443919146649,9.70340441686091e-05,0.014331325756834,"Positive"
"ASV_462","ASV_747",0.729793911856133,5.1814309367515e-05,0.0100480105982096,"Positive"
"ASV_574","ASV_747",1,0,0,"Positive"
"ASV_641","ASV_747",0.709313847532438,0.000104046903085298,0.0153146117082847,"Positive"
"ASV_676","ASV_747",0.785996425644053,5.30995198433359e-06,0.00180060351240261,"Positive"
"ASV_677","ASV_747",0.831143443060818,4.90887142934326e-07,0.000184814186187824,"Positive"
"ASV_88","ASV_748",0.671477358373211,0.000327466498742712,0.0405018915649716,"Positive"
"ASV_353","ASV_749",0.685370736722655,0.000219140546799279,0.0307836678908079,"Positive"
"ASV_17","ASV_750",0.722315118514615,6.73043204786339e-05,0.0100480105982096,"Positive"
"ASV_79","ASV_750",1,0,0,"Positive"
"ASV_89","ASV_750",0.659505108208996,0.000455442957357111,0.0405018915649716,"Positive"
"ASV_186","ASV_750",0.659505108208996,0.000455442957357111,0.0405018915649716,"Positive"
"ASV_198","ASV_750",0.659505108208996,0.000455442957357111,0.0405018915649716,"Positive"
"ASV_286","ASV_750",1,0,0,"Positive"
"ASV_372","ASV_750",0.659505108208996,0.000455442957357111,0.0405018915649716,"Positive"
"ASV_405","ASV_750",0.659505108208996,0.000455442957357111,0.0405018915649716,"Positive"
"ASV_429","ASV_750",0.659505108208996,0.000455442957357111,0.0405018915649716,"Positive"
"ASV_529","ASV_750",0.659505108208996,0.000455442957357111,0.0405018915649716,"Positive"
"ASV_626","ASV_750",1,0,0,"Positive"
"ASV_645","ASV_750",0.659505108208996,0.000455442957357111,0.0405018915649716,"Positive"
"ASV_668","ASV_750",0.659505108208996,0.000455442957357111,0.0405018915649716,"Positive"
"ASV_677","ASV_750",0.659505108208996,0.000455442957357111,0.0405018915649716,"Positive"
"ASV_678","ASV_750",1,0,0,"Positive"
"ASV_715","ASV_750",0.659505108208996,0.000455442957357111,0.0405018915649716,"Positive"
"ASV_731","ASV_750",0.659505108208996,0.000455442957357111,0.0405018915649716,"Positive"
"ASV_79","ASV_751",0.659505108208996,0.000455442957357111,0.0405018915649716,"Positive"
"ASV_89","ASV_751",1,0,0,"Positive"
"ASV_286","ASV_751",0.659505108208996,0.000455442957357111,0.0405018915649716,"Positive"
"ASV_421","ASV_751",0.665893347076968,0.000382622375766362,0.0405018915649716,"Positive"
"ASV_463","ASV_751",0.675303252441909,0.000293788279681184,0.0400780439368084,"Positive"
"ASV_533","ASV_751",0.798023875121013,2.98551019817239e-06,0.00105491595747205,"Positive"
"ASV_574","ASV_751",0.791715385989621,4.05688181759345e-06,0.0013865971734632,"Positive"
"ASV_626","ASV_751",0.659505108208996,0.000455442957357111,0.0405018915649716,"Positive"
"ASV_678","ASV_751",0.659505108208996,0.000455442957357111,0.0405018915649716,"Positive"
"ASV_736","ASV_751",0.834297687626513,4.051897504187e-07,0.000157537500877277,"Positive"
"ASV_747","ASV_751",0.791715385989621,4.05688181759345e-06,0.0013865971734632,"Positive"
"ASV_750","ASV_751",0.659505108208996,0.000455442957357111,0.0405018915649716,"Positive"
"ASV_150","ASV_753",0.722315118514615,6.73043204786339e-05,0.0100480105982096,"Positive"
"ASV_342","ASV_753",0.722315118514615,6.73043204786339e-05,0.0100480105982096,"Positive"
"ASV_433","ASV_753",0.659505108208996,0.000455442957357111,0.0405018915649716,"Positive"
"ASV_604","ASV_753",0.659505108208996,0.000455442957357111,0.0405018915649716,"Positive"
"ASV_648","ASV_753",0.659505108208996,0.000455442957357111,0.0405018915649716,"Positive"
"ASV_698","ASV_753",0.659505108208996,0.000455442957357111,0.0405018915649716,"Positive"
"ASV_704","ASV_753",0.722315118514615,6.73043204786339e-05,0.0100480105982096,"Positive"
"ASV_574","ASV_756",0.724224348831918,6.30067072926455e-05,0.0100480105982096,"Positive"
"ASV_636","ASV_756",0.653931985562938,0.000528482365556027,0.0466602844335584,"Positive"
"ASV_747","ASV_756",0.724224348831918,6.30067072926455e-05,0.0100480105982096,"Positive"
"ASV_119","ASV_757",0.722315118514615,6.73043204786339e-05,0.0100480105982096,"Positive"
"ASV_182","ASV_757",0.674269364021332,0.000302578177247659,0.0405018915649716,"Positive"
"ASV_264","ASV_757",0.722315118514615,6.73043204786339e-05,0.0100480105982096,"Positive"
"ASV_312","ASV_757",0.706377428974729,0.000114440181750552,0.0166314425956192,"Positive"
"ASV_423","ASV_757",0.722315118514615,6.73043204786339e-05,0.0100480105982096,"Positive"
"ASV_436","ASV_757",0.659505108208996,0.000455442957357111,0.0405018915649716,"Positive"
"ASV_555","ASV_757",0.659505108208996,0.000455442957357111,0.0405018915649716,"Positive"
"ASV_703","ASV_757",0.672750121052715,0.000315908823334876,0.0405018915649716,"Positive"
"ASV_119","ASV_758",1,0,0,"Positive"
"ASV_264","ASV_758",1,0,0,"Positive"
"ASV_423","ASV_758",1,0,0,"Positive"
"ASV_429","ASV_758",0.722315118514615,6.73043204786339e-05,0.0100480105982096,"Positive"
"ASV_618","ASV_758",0.659505108208996,0.000455442957357111,0.0405018915649716,"Positive"
"ASV_757","ASV_758",0.722315118514615,6.73043204786339e-05,0.0100480105982096,"Positive"
"ASV_7","ASV_761",0.653836561286964,0.000529816321180654,0.0467481771061701,"Positive"
"ASV_492","ASV_762",0.783866354029841,5.85787176610175e-06,0.00198056367315361,"Positive"
"ASV_567","ASV_762",0.834297687626513,4.051897504187e-07,0.000157537500877277,"Positive"
"ASV_30","ASV_764",-0.693032360769296,0.000173979901326726,0.0247115233406266,"Negative"
"ASV_731","ASV_764",0.675303252441909,0.000293788279681184,0.0400780439368084,"Positive"
"ASV_598","ASV_772",0.658206498159073,0.000471630344281326,0.0418443011784357,"Positive"
"ASV_36","ASV_773",0.722315118514615,6.73043204786339e-05,0.0100480105982096,"Positive"
"ASV_67","ASV_773",0.659505108208996,0.000455442957357111,0.0405018915649716,"Positive"
"ASV_72","ASV_773",0.659505108208996,0.000455442957357111,0.0405018915649716,"Positive"
"ASV_297","ASV_773",0.659505108208996,0.000455442957357111,0.0405018915649716,"Positive"
"ASV_369","ASV_773",0.675303252441909,0.000293788279681184,0.0400780439368084,"Positive"
"ASV_506","ASV_773",0.659505108208996,0.000455442957357111,0.0405018915649716,"Positive"
"ASV_577","ASV_773",0.834297687626513,4.051897504187e-07,0.000157537500877277,"Positive"
"ASV_615","ASV_773",1,0,0,"Positive"
"ASV_707","ASV_773",0.659505108208996,0.000455442957357111,0.0405018915649716,"Positive"
"ASV_312","ASV_774",0.69762597161834,0.000150994316419739,0.0215354238759691,"Positive"
"ASV_33","ASV_775",0.659505108208996,0.000455442957357111,0.0405018915649716,"Positive"
"ASV_474","ASV_775",1,0,0,"Positive"
"ASV_592","ASV_775",1,0,0,"Positive"
"ASV_697","ASV_775",0.659505108208996,0.000455442957357111,0.0405018915649716,"Positive"
"ASV_74","ASV_779",0.722315118514615,6.73043204786339e-05,0.0100480105982096,"Positive"
"ASV_404","ASV_779",0.722315118514615,6.73043204786339e-05,0.0100480105982096,"Positive"
"ASV_430","ASV_779",0.722315118514615,6.73043204786339e-05,0.0100480105982096,"Positive"
"ASV_457","ASV_779",0.659505108208996,0.000455442957357111,0.0405018915649716,"Positive"
"ASV_460","ASV_779",0.722315118514615,6.73043204786339e-05,0.0100480105982096,"Positive"
"ASV_461","ASV_779",0.659505108208996,0.000455442957357111,0.0405018915649716,"Positive"
"ASV_599","ASV_779",0.659505108208996,0.000455442957357111,0.0405018915649716,"Positive"
"ASV_671","ASV_779",0.722315118514615,6.73043204786339e-05,0.0100480105982096,"Positive"
"ASV_692","ASV_779",0.659505108208996,0.000455442957357111,0.0405018915649716,"Positive"
"ASV_487","ASV_780",0.694292036270104,0.000167391685136131,0.0237953559334179,"Positive"
"ASV_338","ASV_781",0.671477358373211,0.000327466498742712,0.0405018915649716,"Positive"
"ASV_627","ASV_783",0.659505108208996,0.000455442957357111,0.0405018915649716,"Positive"
"ASV_139","ASV_787",0.659505108208996,0.000455442957357111,0.0405018915649716,"Positive"
"ASV_179","ASV_787",0.722315118514615,6.73043204786339e-05,0.0100480105982096,"Positive"
"ASV_314","ASV_787",1,0,0,"Positive"
"ASV_563","ASV_787",0.659505108208996,0.000455442957357111,0.0405018915649716,"Positive"
"ASV_567","ASV_787",0.659505108208996,0.000455442957357111,0.0405018915649716,"Positive"
"ASV_719","ASV_787",0.659505108208996,0.000455442957357111,0.0405018915649716,"Positive"
"ASV_745","ASV_787",0.722315118514615,6.73043204786339e-05,0.0100480105982096,"Positive"
"ASV_79","ASV_791",0.722315118514615,6.73043204786339e-05,0.0100480105982096,"Positive"
"ASV_286","ASV_791",0.722315118514615,6.73043204786339e-05,0.0100480105982096,"Positive"
"ASV_314","ASV_791",0.659505108208996,0.000455442957357111,0.0405018915649716,"Positive"
"ASV_626","ASV_791",0.722315118514615,6.73043204786339e-05,0.0100480105982096,"Positive"
"ASV_678","ASV_791",0.722315118514615,6.73043204786339e-05,0.0100480105982096,"Positive"
"ASV_750","ASV_791",0.722315118514615,6.73043204786339e-05,0.0100480105982096,"Positive"
"ASV_787","ASV_791",0.659505108208996,0.000455442957357111,0.0405018915649716,"Positive"
"ASV_41","ASV_795",0.722315118514615,6.73043204786339e-05,0.0100480105982096,"Positive"
"ASV_268","ASV_795",0.722315118514615,6.73043204786339e-05,0.0100480105982096,"Positive"
"ASV_390","ASV_795",0.722315118514615,6.73043204786339e-05,0.0100480105982096,"Positive"
"ASV_412","ASV_795",0.722315118514615,6.73043204786339e-05,0.0100480105982096,"Positive"
"ASV_424","ASV_795",0.722315118514615,6.73043204786339e-05,0.0100480105982096,"Positive"
"ASV_457","ASV_795",0.659505108208996,0.000455442957357111,0.0405018915649716,"Positive"
"ASV_461","ASV_795",0.659505108208996,0.000455442957357111,0.0405018915649716,"Positive"
"ASV_559","ASV_795",0.722315118514615,6.73043204786339e-05,0.0100480105982096,"Positive"
"ASV_599","ASV_795",0.659505108208996,0.000455442957357111,0.0405018915649716,"Positive"
"ASV_692","ASV_795",0.659505108208996,0.000455442957357111,0.0405018915649716,"Positive"
"ASV_179","ASV_796",0.834297687626513,4.051897504187e-07,0.000157537500877277,"Positive"
"ASV_373","ASV_796",0.758595818049816,1.73893664801028e-05,0.00556823014963849,"Positive"
"ASV_749","ASV_796",0.660894552251267,0.000438658220178745,0.0405018915649716,"Positive"
"ASV_79","ASV_800",0.659505108208996,0.000455442957357111,0.0405018915649716,"Positive"
"ASV_286","ASV_800",0.659505108208996,0.000455442957357111,0.0405018915649716,"Positive"
"ASV_349","ASV_800",0.755441573484121,1.97379231001715e-05,0.00613235932427086,"Positive"
"ASV_433","ASV_800",0.722315118514615,6.73043204786339e-05,0.0100480105982096,"Positive"
"ASV_604","ASV_800",0.722315118514615,6.73043204786339e-05,0.0100480105982096,"Positive"
"ASV_626","ASV_800",0.659505108208996,0.000455442957357111,0.0405018915649716,"Positive"
"ASV_648","ASV_800",0.722315118514615,6.73043204786339e-05,0.0100480105982096,"Positive"
"ASV_678","ASV_800",0.659505108208996,0.000455442957357111,0.0405018915649716,"Positive"
"ASV_698","ASV_800",0.722315118514615,6.73043204786339e-05,0.0100480105982096,"Positive"
"ASV_750","ASV_800",0.659505108208996,0.000455442957357111,0.0405018915649716,"Positive"
"ASV_772","ASV_800",0.798023875121013,2.98551019817239e-06,0.00105491595747205,"Positive"
"ASV_19","ASV_801",0.722315118514615,6.73043204786339e-05,0.0100480105982096,"Positive"
"ASV_79","ASV_801",0.659505108208996,0.000455442957357111,0.0405018915649716,"Positive"
"ASV_269","ASV_801",0.722315118514615,6.73043204786339e-05,0.0100480105982096,"Positive"
"ASV_286","ASV_801",0.659505108208996,0.000455442957357111,0.0405018915649716,"Positive"
"ASV_332","ASV_801",0.722315118514615,6.73043204786339e-05,0.0100480105982096,"Positive"
"ASV_520","ASV_801",0.674269364021332,0.000302578177247659,0.0405018915649716,"Positive"
"ASV_544","ASV_801",0.722315118514615,6.73043204786339e-05,0.0100480105982096,"Positive"
"ASV_626","ASV_801",0.659505108208996,0.000455442957357111,0.0405018915649716,"Positive"
"ASV_678","ASV_801",0.659505108208996,0.000455442957357111,0.0405018915649716,"Positive"
"ASV_750","ASV_801",0.659505108208996,0.000455442957357111,0.0405018915649716,"Positive"
"ASV_457","ASV_806",1,0,0,"Positive"
"ASV_461","ASV_806",1,0,0,"Positive"
"ASV_596","ASV_806",0.659505108208996,0.000455442957357111,0.0405018915649716,"Positive"
"ASV_599","ASV_806",1,0,0,"Positive"
"ASV_692","ASV_806",1,0,0,"Positive"
"ASV_779","ASV_806",0.659505108208996,0.000455442957357111,0.0405018915649716,"Positive"
"ASV_795","ASV_806",0.659505108208996,0.000455442957357111,0.0405018915649716,"Positive"
"ASV_369","ASV_807",0.760344827586207,1.61965385174767e-05,0.00536562848782863,"Positive"
"ASV_21","ASV_808",0.722315118514615,6.73043204786339e-05,0.0100480105982096,"Positive"
"ASV_88","ASV_808",0.659505108208996,0.000455442957357111,0.0405018915649716,"Positive"
"ASV_433","ASV_808",1,0,0,"Positive"
"ASV_477","ASV_808",0.722315118514615,6.73043204786339e-05,0.0100480105982096,"Positive"
"ASV_565","ASV_808",0.659505108208996,0.000455442957357111,0.0405018915649716,"Positive"
"ASV_579","ASV_808",0.659505108208996,0.000455442957357111,0.0405018915649716,"Positive"
"ASV_604","ASV_808",1,0,0,"Positive"
"ASV_648","ASV_808",1,0,0,"Positive"
"ASV_698","ASV_808",1,0,0,"Positive"
"ASV_719","ASV_808",0.722315118514615,6.73043204786339e-05,0.0100480105982096,"Positive"
"ASV_753","ASV_808",0.659505108208996,0.000455442957357111,0.0405018915649716,"Positive"
"ASV_800","ASV_808",0.722315118514615,6.73043204786339e-05,0.0100480105982096,"Positive"
"ASV_651","ASV_820",0.672385692601733,0.000319181336949192,0.0405018915649716,"Positive"
"ASV_92","ASV_823",1,0,0,"Positive"
"ASV_139","ASV_823",0.722315118514615,6.73043204786339e-05,0.0100480105982096,"Positive"
"ASV_302","ASV_823",0.659505108208996,0.000455442957357111,0.0405018915649716,"Positive"
"ASV_547","ASV_823",1,0,0,"Positive"
"ASV_575","ASV_823",0.722315118514615,6.73043204786339e-05,0.0100480105982096,"Positive"
"ASV_579","ASV_823",0.722315118514615,6.73043204786339e-05,0.0100480105982096,"Positive"
"ASV_596","ASV_823",0.722315118514615,6.73043204786339e-05,0.0100480105982096,"Positive"
"ASV_645","ASV_823",0.722315118514615,6.73043204786339e-05,0.0100480105982096,"Positive"
"ASV_743","ASV_823",1,0,0,"Positive"
"ASV_139","ASV_825",0.659505108208996,0.000455442957357111,0.0405018915649716,"Positive"
"ASV_179","ASV_825",0.722315118514615,6.73043204786339e-05,0.0100480105982096,"Positive"
"ASV_314","ASV_825",1,0,0,"Positive"
"ASV_563","ASV_825",0.659505108208996,0.000455442957357111,0.0405018915649716,"Positive"
"ASV_567","ASV_825",0.659505108208996,0.000455442957357111,0.0405018915649716,"Positive"
"ASV_719","ASV_825",0.659505108208996,0.000455442957357111,0.0405018915649716,"Positive"
"ASV_745","ASV_825",0.722315118514615,6.73043204786339e-05,0.0100480105982096,"Positive"
"ASV_787","ASV_825",1,0,0,"Positive"
"ASV_791","ASV_825",0.659505108208996,0.000455442957357111,0.0405018915649716,"Positive"
"ASV_89","ASV_826",0.834297687626513,4.051897504187e-07,0.000157537500877277,"Positive"
"ASV_462","ASV_826",0.709908519162505,0.000102045788432203,0.0150329008234395,"Positive"
"ASV_731","ASV_826",0.755441573484121,1.97379231001715e-05,0.00613235932427086,"Positive"
"ASV_736","ASV_826",0.681578947368421,0.000245043846589965,0.0341442610724236,"Positive"
"ASV_751","ASV_826",0.834297687626513,4.051897504187e-07,0.000157537500877277,"Positive"
"ASV_153","ASV_830",1,0,0,"Positive"
"ASV_259","ASV_830",1,0,0,"Positive"
"ASV_306","ASV_830",1,0,0,"Positive"
"ASV_343","ASV_830",1,0,0,"Positive"
"ASV_455","ASV_830",0.722315118514615,6.73043204786339e-05,0.0100480105982096,"Positive"
"ASV_123","ASV_834",0.722315118514615,6.73043204786339e-05,0.0100480105982096,"Positive"
"ASV_436","ASV_834",0.659505108208996,0.000455442957357111,0.0405018915649716,"Positive"
"ASV_495","ASV_834",1,0,0,"Positive"
"ASV_555","ASV_834",0.659505108208996,0.000455442957357111,0.0405018915649716,"Positive"
"ASV_654","ASV_834",0.722315118514615,6.73043204786339e-05,0.0100480105982096,"Positive"
"ASV_433","ASV_837",0.722315118514615,6.73043204786339e-05,0.0100480105982096,"Positive"
"ASV_534","ASV_837",0.659505108208996,0.000455442957357111,0.0405018915649716,"Positive"
"ASV_604","ASV_837",0.722315118514615,6.73043204786339e-05,0.0100480105982096,"Positive"
"ASV_648","ASV_837",0.722315118514615,6.73043204786339e-05,0.0100480105982096,"Positive"
"ASV_682","ASV_837",0.659505108208996,0.000455442957357111,0.0405018915649716,"Positive"
"ASV_698","ASV_837",0.722315118514615,6.73043204786339e-05,0.0100480105982096,"Positive"
"ASV_714","ASV_837",0.659505108208996,0.000455442957357111,0.0405018915649716,"Positive"
"ASV_808","ASV_837",0.722315118514615,6.73043204786339e-05,0.0100480105982096,"Positive"
"ASV_373","ASV_838",0.735693488280004,4.19013851384875e-05,0.0100480105982096,"Positive"
"ASV_796","ASV_838",0.845559079752647,1.9746298596246e-07,8.0021236961156e-05,"Positive"
"ASV_289","ASV_846",0.674269364021332,0.000302578177247659,0.0405018915649716,"Positive"
"ASV_560","ASV_846",0.831143443060818,4.90887142934326e-07,0.000184814186187824,"Positive"
"ASV_610","ASV_846",0.738485493928126,3.78223100505615e-05,0.0100480105982096,"Positive"
"ASV_783","ASV_846",0.659505108208996,0.000455442957357111,0.0405018915649716,"Positive"
"ASV_307","ASV_853",0.679527508514416,0.000260138581550606,0.0361162205823067,"Positive"
"ASV_745","ASV_853",0.834297687626513,4.051897504187e-07,0.000157537500877277,"Positive"
"ASV_180","ASV_854",0.701954362085054,0.000131809271752825,0.0190353452692789,"Positive"
"ASV_320","ASV_854",0.662183576697799,0.000423568399973151,0.0405018915649716,"Positive"
"ASV_645","ASV_854",0.755441573484121,1.97379231001715e-05,0.00613235932427086,"Positive"
"ASV_88","ASV_859",0.706377428974729,0.000114440181750552,0.0166314425956192,"Positive"
"ASV_179","ASV_859",0.735693488280004,4.19013851384875e-05,0.0100480105982096,"Positive"
"ASV_719","ASV_859",0.66868535272509,0.000354113544959178,0.0405018915649716,"Positive"
"ASV_172","ASV_860",0.657203286050849,0.000484474275699309,0.0429506995087512,"Positive"
"ASV_193","ASV_862",0.659505108208996,0.000455442957357111,0.0405018915649716,"Positive"
"ASV_336","ASV_862",0.659505108208996,0.000455442957357111,0.0405018915649716,"Positive"
"ASV_457","ASV_862",0.722315118514615,6.73043204786339e-05,0.0100480105982096,"Positive"
"ASV_461","ASV_862",0.722315118514615,6.73043204786339e-05,0.0100480105982096,"Positive"
"ASV_481","ASV_862",0.659505108208996,0.000455442957357111,0.0405018915649716,"Positive"
"ASV_599","ASV_862",0.722315118514615,6.73043204786339e-05,0.0100480105982096,"Positive"
"ASV_692","ASV_862",0.722315118514615,6.73043204786339e-05,0.0100480105982096,"Positive"
"ASV_806","ASV_862",0.722315118514615,6.73043204786339e-05,0.0100480105982096,"Positive"
"ASV_153","ASV_864",1,0,0,"Positive"
"ASV_259","ASV_864",1,0,0,"Positive"
"ASV_306","ASV_864",1,0,0,"Positive"
"ASV_343","ASV_864",1,0,0,"Positive"
"ASV_455","ASV_864",0.722315118514615,6.73043204786339e-05,0.0100480105982096,"Positive"
"ASV_830","ASV_864",1,0,0,"Positive"
"ASV_338","ASV_866",0.700793417678486,0.0001367333000033,0.0195580794299619,"Positive"
"ASV_540","ASV_866",0.716389991855774,8.23238949483329e-05,0.0122109443395484,"Positive"
"ASV_563","ASV_866",0.674269364021332,0.000302578177247659,0.0405018915649716,"Positive"
"ASV_606","ASV_866",0.673454940343631,0.000309662255890464,0.0405018915649716,"Positive"
"ASV_507","ASV_868",0.762939876980787,1.45598335001829e-05,0.00484202216011626,"Positive"
"ASV_251","ASV_872",0.672750121052715,0.000315908823334876,0.0405018915649716,"Positive"
"ASV_433","ASV_872",0.722315118514615,6.73043204786339e-05,0.0100480105982096,"Positive"
"ASV_474","ASV_872",0.659505108208996,0.000455442957357111,0.0405018915649716,"Positive"
"ASV_592","ASV_872",0.659505108208996,0.000455442957357111,0.0405018915649716,"Positive"
"ASV_604","ASV_872",0.722315118514615,6.73043204786339e-05,0.0100480105982096,"Positive"
"ASV_648","ASV_872",0.722315118514615,6.73043204786339e-05,0.0100480105982096,"Positive"
"ASV_688","ASV_872",0.755441573484121,1.97379231001715e-05,0.00613235932427086,"Positive"
"ASV_698","ASV_872",0.722315118514615,6.73043204786339e-05,0.0100480105982096,"Positive"
"ASV_775","ASV_872",0.659505108208996,0.000455442957357111,0.0405018915649716,"Positive"
"ASV_808","ASV_872",0.722315118514615,6.73043204786339e-05,0.0100480105982096,"Positive"
"ASV_557","ASV_874",0.676103351583338,0.00028713915802081,0.0395306370183021,"Positive"
"ASV_854","ASV_874",0.684057508660789,0.000227827808854553,0.0319519468485666,"Positive"
"ASV_755","ASV_875",0.66868535272509,0.000354113544959178,0.0405018915649716,"Positive"
"ASV_783","ASV_875",0.659505108208996,0.000455442957357111,0.0405018915649716,"Positive"
"ASV_803","ASV_875",0.722315118514615,6.73043204786339e-05,0.0100480105982096,"Positive"
"ASV_627","ASV_877",0.659505108208996,0.000455442957357111,0.0405018915649716,"Positive"
"ASV_783","ASV_877",1,0,0,"Positive"
"ASV_846","ASV_877",0.659505108208996,0.000455442957357111,0.0405018915649716,"Positive"
"ASV_875","ASV_877",0.659505108208996,0.000455442957357111,0.0405018915649716,"Positive"
"ASV_349","ASV_881",0.652240880350985,0.000552558090768152,0.0485993231249065,"Positive"
"ASV_772","ASV_881",0.678091890852701,0.000271177220571017,0.0374227819816822,"Positive"
"ASV_419","ASV_882",0.659505108208996,0.000455442957357111,0.0405018915649716,"Positive"
"ASV_534","ASV_882",1,0,0,"Positive"
"ASV_682","ASV_882",1,0,0,"Positive"
"ASV_714","ASV_882",1,0,0,"Positive"
"ASV_837","ASV_882",0.659505108208996,0.000455442957357111,0.0405018915649716,"Positive"
"ASV_193","ASV_883",0.722315118514615,6.73043204786339e-05,0.0100480105982096,"Positive"
"ASV_314","ASV_883",0.659505108208996,0.000455442957357111,0.0405018915649716,"Positive"
"ASV_336","ASV_883",0.722315118514615,6.73043204786339e-05,0.0100480105982096,"Positive"
"ASV_481","ASV_883",0.722315118514615,6.73043204786339e-05,0.0100480105982096,"Positive"
"ASV_755","ASV_883",0.665893347076968,0.000382622375766362,0.0405018915649716,"Positive"
"ASV_787","ASV_883",0.659505108208996,0.000455442957357111,0.0405018915649716,"Positive"
"ASV_825","ASV_883",0.659505108208996,0.000455442957357111,0.0405018915649716,"Positive"
"ASV_19","ASV_885",0.722315118514615,6.73043204786339e-05,0.0100480105982096,"Positive"
"ASV_153","ASV_885",0.659505108208996,0.000455442957357111,0.0405018915649716,"Positive"
"ASV_259","ASV_885",0.659505108208996,0.000455442957357111,0.0405018915649716,"Positive"
"ASV_269","ASV_885",0.722315118514615,6.73043204786339e-05,0.0100480105982096,"Positive"
"ASV_306","ASV_885",0.659505108208996,0.000455442957357111,0.0405018915649716,"Positive"
"ASV_332","ASV_885",0.722315118514615,6.73043204786339e-05,0.0100480105982096,"Positive"
"ASV_343","ASV_885",0.659505108208996,0.000455442957357111,0.0405018915649716,"Positive"
"ASV_544","ASV_885",0.722315118514615,6.73043204786339e-05,0.0100480105982096,"Positive"
"ASV_830","ASV_885",0.659505108208996,0.000455442957357111,0.0405018915649716,"Positive"
"ASV_864","ASV_885",0.659505108208996,0.000455442957357111,0.0405018915649716,"Positive"
"ASV_738","ASV_888",0.751724137931034,2.28618125639457e-05,0.00704578998200638,"Positive"
"ASV_719","ASV_889",0.758595818049816,1.73893664801028e-05,0.00556823014963849,"Positive"
"ASV_17","ASV_895",0.722315118514615,6.73043204786339e-05,0.0100480105982096,"Positive"
"ASV_79","ASV_895",1,0,0,"Positive"
"ASV_89","ASV_895",0.659505108208996,0.000455442957357111,0.0405018915649716,"Positive"
"ASV_186","ASV_895",0.659505108208996,0.000455442957357111,0.0405018915649716,"Positive"
"ASV_198","ASV_895",0.659505108208996,0.000455442957357111,0.0405018915649716,"Positive"
"ASV_286","ASV_895",1,0,0,"Positive"
"ASV_372","ASV_895",0.659505108208996,0.000455442957357111,0.0405018915649716,"Positive"
"ASV_405","ASV_895",0.659505108208996,0.000455442957357111,0.0405018915649716,"Positive"
"ASV_429","ASV_895",0.659505108208996,0.000455442957357111,0.0405018915649716,"Positive"
"ASV_529","ASV_895",0.659505108208996,0.000455442957357111,0.0405018915649716,"Positive"
"ASV_626","ASV_895",1,0,0,"Positive"
"ASV_645","ASV_895",0.659505108208996,0.000455442957357111,0.0405018915649716,"Positive"
"ASV_668","ASV_895",0.659505108208996,0.000455442957357111,0.0405018915649716,"Positive"
"ASV_677","ASV_895",0.659505108208996,0.000455442957357111,0.0405018915649716,"Positive"
"ASV_678","ASV_895",1,0,0,"Positive"
"ASV_715","ASV_895",0.659505108208996,0.000455442957357111,0.0405018915649716,"Positive"
"ASV_731","ASV_895",0.659505108208996,0.000455442957357111,0.0405018915649716,"Positive"
"ASV_750","ASV_895",1,0,0,"Positive"
"ASV_751","ASV_895",0.659505108208996,0.000455442957357111,0.0405018915649716,"Positive"
"ASV_791","ASV_895",0.722315118514615,6.73043204786339e-05,0.0100480105982096,"Positive"
"ASV_800","ASV_895",0.659505108208996,0.000455442957357111,0.0405018915649716,"Positive"
"ASV_801","ASV_895",0.659505108208996,0.000455442957357111,0.0405018915649716,"Positive"
"ASV_700","ASV_896",0.755441573484121,1.97379231001715e-05,0.00613235932427086,"Positive"
"ASV_803","ASV_901",1,0,0,"Positive"
"ASV_875","ASV_901",0.722315118514615,6.73043204786339e-05,0.0100480105982096,"Positive"
"ASV_33","ASV_903",0.722315118514615,6.73043204786339e-05,0.0100480105982096,"Positive"
"ASV_74","ASV_903",1,0,0,"Positive"
"ASV_165","ASV_903",0.659505108208996,0.000455442957357111,0.0405018915649716,"Positive"
"ASV_338","ASV_903",0.659505108208996,0.000455442957357111,0.0405018915649716,"Positive"
"ASV_404","ASV_903",1,0,0,"Positive"
"ASV_430","ASV_903",1,0,0,"Positive"
"ASV_460","ASV_903",1,0,0,"Positive"
"ASV_563","ASV_903",0.722315118514615,6.73043204786339e-05,0.0100480105982096,"Positive"
"ASV_653","ASV_903",0.722315118514615,6.73043204786339e-05,0.0100480105982096,"Positive"
"ASV_671","ASV_903",1,0,0,"Positive"
"ASV_779","ASV_903",0.722315118514615,6.73043204786339e-05,0.0100480105982096,"Positive"
"ASV_491","ASV_905",0.674200818910092,0.000303168924713715,0.0405018915649716,"Positive"
"ASV_521","ASV_905",0.8199360773359,9.41632895212763e-07,0.000352208490680639,"Positive"
"ASV_598","ASV_905",0.701954362085054,0.000131809271752825,0.0190353452692789,"Positive"
"ASV_668","ASV_905",0.834297687626513,4.051897504187e-07,0.000157537500877277,"Positive"
"ASV_567","ASV_906",0.675303252441909,0.000293788279681184,0.0400780439368084,"Positive"
"ASV_754","ASV_906",0.737186632188186,3.96742457184907e-05,0.0100480105982096,"Positive"
"ASV_896","ASV_906",0.653931985562938,0.000528482365556027,0.0466602844335584,"Positive"
"ASV_153","ASV_910",1,0,0,"Positive"
"ASV_259","ASV_910",1,0,0,"Positive"
"ASV_306","ASV_910",1,0,0,"Positive"
"ASV_343","ASV_910",1,0,0,"Positive"
"ASV_455","ASV_910",0.722315118514615,6.73043204786339e-05,0.0100480105982096,"Positive"
"ASV_830","ASV_910",1,0,0,"Positive"
"ASV_864","ASV_910",1,0,0,"Positive"
"ASV_885","ASV_910",0.659505108208996,0.000455442957357111,0.0405018915649716,"Positive"
"ASV_803","ASV_911",1,0,0,"Positive"
"ASV_875","ASV_911",0.722315118514615,6.73043204786339e-05,0.0100480105982096,"Positive"
"ASV_901","ASV_911",1,0,0,"Positive"
"ASV_153","ASV_912",1,0,0,"Positive"
"ASV_259","ASV_912",1,0,0,"Positive"
"ASV_306","ASV_912",1,0,0,"Positive"
"ASV_343","ASV_912",1,0,0,"Positive"
"ASV_455","ASV_912",0.722315118514615,6.73043204786339e-05,0.0100480105982096,"Positive"
"ASV_830","ASV_912",1,0,0,"Positive"
"ASV_864","ASV_912",1,0,0,"Positive"
"ASV_885","ASV_912",0.659505108208996,0.000455442957357111,0.0405018915649716,"Positive"
"ASV_910","ASV_912",1,0,0,"Positive"
"ASV_60","ASV_913",0.674101775988691,0.000304024283781956,0.0405018915649716,"Positive"
"ASV_121","ASV_913",0.690881991871671,0.000185750143808061,0.0263074839196579,"Positive"
"ASV_191","ASV_913",0.691419625692536,0.000182744097471321,0.0259136690684405,"Positive"
"ASV_421","ASV_913",0.740152313452955,3.55574572961093e-05,0.0100480105982096,"Positive"
"ASV_533","ASV_913",0.74967930454976,2.47596864955124e-05,0.00759675203138335,"Positive"
"ASV_736","ASV_913",0.682068969391427,0.000241553118641047,0.0337807040795396,"Positive"
"ASV_419","ASV_914",0.659505108208996,0.000455442957357111,0.0405018915649716,"Positive"
"ASV_534","ASV_914",1,0,0,"Positive"
"ASV_682","ASV_914",1,0,0,"Positive"
"ASV_714","ASV_914",1,0,0,"Positive"
"ASV_837","ASV_914",0.659505108208996,0.000455442957357111,0.0405018915649716,"Positive"
"ASV_882","ASV_914",1,0,0,"Positive"
"ASV_67","ASV_927",1,0,0,"Positive"
"ASV_72","ASV_927",1,0,0,"Positive"
"ASV_297","ASV_927",1,0,0,"Positive"
"ASV_506","ASV_927",1,0,0,"Positive"
"ASV_567","ASV_927",0.722315118514615,6.73043204786339e-05,0.0100480105982096,"Positive"
"ASV_575","ASV_927",0.659505108208996,0.000455442957357111,0.0405018915649716,"Positive"
"ASV_615","ASV_927",0.659505108208996,0.000455442957357111,0.0405018915649716,"Positive"
"ASV_668","ASV_927",0.722315118514615,6.73043204786339e-05,0.0100480105982096,"Positive"
"ASV_707","ASV_927",1,0,0,"Positive"
"ASV_773","ASV_927",0.659505108208996,0.000455442957357111,0.0405018915649716,"Positive"
"ASV_803","ASV_929",1,0,0,"Positive"
"ASV_875","ASV_929",0.722315118514615,6.73043204786339e-05,0.0100480105982096,"Positive"
"ASV_901","ASV_929",1,0,0,"Positive"
"ASV_911","ASV_929",1,0,0,"Positive"
"ASV_339","ASV_930",0.664172115967162,0.000401171956941226,0.0405018915649716,"Positive"
"ASV_676","ASV_930",0.732744635288765,4.66251232038584e-05,0.0100480105982096,"Positive"
"ASV_753","ASV_930",0.834297687626513,4.051897504187e-07,0.000157537500877277,"Positive"
"ASV_4","ASV_934",-0.68323685036973,0.000233407562749477,0.0326945975335493,"Negative"
"ASV_44","ASV_934",0.662860809303572,0.00041582224182779,0.0405018915649716,"Positive"
"ASV_60","ASV_934",0.670635964561662,0.000335307045916,0.0405018915649716,"Positive"
"ASV_90","ASV_934",0.720584838789018,7.14191531272501e-05,0.0106301105926755,"Positive"
"ASV_121","ASV_934",0.702866158791982,0.000128051351295344,0.018531443249882,"Positive"
"ASV_134","ASV_934",0.704298332089147,0.000122337733878375,0.0177268918462041,"Positive"
"ASV_135","ASV_934",0.730623664657741,5.03061743473143e-05,0.0100480105982096,"Positive"
"ASV_191","ASV_934",0.716364577323687,8.23941759184876e-05,0.0122109443395484,"Positive"
"ASV_216","ASV_934",0.741885686463641,3.33296657233362e-05,0.0100480105982096,"Positive"
"ASV_236","ASV_934",0.761479140399416,1.54621402972399e-05,0.00513713970482432,"Positive"
"ASV_394","ASV_934",0.733857063649338,4.47908453429235e-05,0.0100480105982096,"Positive"
"ASV_462","ASV_934",0.754891987983099,2.01745860639591e-05,0.0062567523587655,"Positive"
"ASV_486","ASV_934",0.663291929770017,0.000410955315264694,0.0405018915649716,"Positive"
"ASV_533","ASV_934",0.700793561075592,0.000136732682008756,0.0195580794299619,"Positive"
"ASV_574","ASV_934",0.807297141786168,1.86481221420287e-06,0.000692258842035601,"Positive"
"ASV_641","ASV_934",0.770689655172414,1.05072771399151e-05,0.00350783362135219,"Positive"
"ASV_676","ASV_934",0.786206896551724,5.25836417919479e-06,0.00178838832609271,"Positive"
"ASV_677","ASV_934",0.675303252441909,0.000293788279681184,0.0400780439368084,"Positive"
"ASV_736","ASV_934",0.730614563674553,5.03225044523603e-05,0.0100480105982096,"Positive"
"ASV_747","ASV_934",0.807297141786168,1.86481221420287e-06,0.000692258842035601,"Positive"
"ASV_913","ASV_934",0.671193942407148,0.000330089543664869,0.0405018915649716,"Positive"
"ASV_869","ASV_939",0.653945179504515,0.000528298153479545,0.0466602844335584,"Positive"
"ASV_56","ASV_943",0.651837061099542,0.000558445377162986,0.049092088961334,"Positive"
"ASV_333","ASV_943",0.757370966446753,1.82702744178087e-05,0.00583946078507655,"Positive"
"ASV_387","ASV_944",0.798023875121013,2.98551019817239e-06,0.00105491595747205,"Positive"
"ASV_568","ASV_944",0.678947368421053,0.000264551357584297,0.0365669354442119,"Positive"
"ASV_699","ASV_944",0.791715385989621,4.05688181759345e-06,0.0013865971734632,"Positive"
"ASV_429","ASV_946",0.671477358373211,0.000327466498742712,0.0405018915649716,"Positive"
"ASV_67","ASV_950",0.722315118514615,6.73043204786339e-05,0.0100480105982096,"Positive"
"ASV_72","ASV_950",0.722315118514615,6.73043204786339e-05,0.0100480105982096,"Positive"
"ASV_297","ASV_950",0.722315118514615,6.73043204786339e-05,0.0100480105982096,"Positive"
"ASV_345","ASV_950",0.791715385989621,4.05688181759345e-06,0.0013865971734632,"Positive"
"ASV_506","ASV_950",0.722315118514615,6.73043204786339e-05,0.0100480105982096,"Positive"
"ASV_521","ASV_950",0.66868535272509,0.000354113544959178,0.0405018915649716,"Positive"
"ASV_534","ASV_950",0.659505108208996,0.000455442957357111,0.0405018915649716,"Positive"
"ASV_682","ASV_950",0.659505108208996,0.000455442957357111,0.0405018915649716,"Positive"
"ASV_707","ASV_950",0.722315118514615,6.73043204786339e-05,0.0100480105982096,"Positive"
"ASV_714","ASV_950",0.659505108208996,0.000455442957357111,0.0405018915649716,"Positive"
"ASV_882","ASV_950",0.659505108208996,0.000455442957357111,0.0405018915649716,"Positive"
"ASV_914","ASV_950",0.659505108208996,0.000455442957357111,0.0405018915649716,"Positive"
"ASV_927","ASV_950",0.722315118514615,6.73043204786339e-05,0.0100480105982096,"Positive"
"ASV_119","ASV_952",1,0,0,"Positive"
"ASV_264","ASV_952",1,0,0,"Positive"
"ASV_423","ASV_952",1,0,0,"Positive"
"ASV_429","ASV_952",0.722315118514615,6.73043204786339e-05,0.0100480105982096,"Positive"
"ASV_618","ASV_952",0.659505108208996,0.000455442957357111,0.0405018915649716,"Positive"
"ASV_757","ASV_952",0.722315118514615,6.73043204786339e-05,0.0100480105982096,"Positive"
"ASV_758","ASV_952",1,0,0,"Positive"
"ASV_688","ASV_955",0.674200818910092,0.000303168924713715,0.0405018915649716,"Positive"
"ASV_102","ASV_956",0.757780856304111,1.79711946364236e-05,0.00574919855128963,"Positive"
"ASV_260","ASV_956",0.672850692164259,0.00031501085694341,0.0405018915649716,"Positive"
"ASV_17","ASV_961",1,0,0,"Positive"
"ASV_79","ASV_961",0.722315118514615,6.73043204786339e-05,0.0100480105982096,"Positive"
"ASV_286","ASV_961",0.722315118514615,6.73043204786339e-05,0.0100480105982096,"Positive"
"ASV_436","ASV_961",0.659505108208996,0.000455442957357111,0.0405018915649716,"Positive"
"ASV_555","ASV_961",0.659505108208996,0.000455442957357111,0.0405018915649716,"Positive"
"ASV_626","ASV_961",0.722315118514615,6.73043204786339e-05,0.0100480105982096,"Positive"
"ASV_655","ASV_961",0.674269364021332,0.000302578177247659,0.0405018915649716,"Positive"
"ASV_678","ASV_961",0.722315118514615,6.73043204786339e-05,0.0100480105982096,"Positive"
"ASV_750","ASV_961",0.722315118514615,6.73043204786339e-05,0.0100480105982096,"Positive"
"ASV_895","ASV_961",0.722315118514615,6.73043204786339e-05,0.0100480105982096,"Positive"
"ASV_311","ASV_962",0.8199360773359,9.41632895212763e-07,0.000352208490680639,"Positive"
"ASV_668","ASV_962",0.735693488280004,4.19013851384875e-05,0.0100480105982096,"Positive"
"ASV_677","ASV_962",0.665893347076968,0.000382622375766362,0.0405018915649716,"Positive"
"ASV_123","ASV_964",0.659505108208996,0.000455442957357111,0.0405018915649716,"Positive"
"ASV_457","ASV_964",0.722315118514615,6.73043204786339e-05,0.0100480105982096,"Positive"
"ASV_461","ASV_964",0.722315118514615,6.73043204786339e-05,0.0100480105982096,"Positive"
"ASV_599","ASV_964",0.722315118514615,6.73043204786339e-05,0.0100480105982096,"Positive"
"ASV_654","ASV_964",0.659505108208996,0.000455442957357111,0.0405018915649716,"Positive"
"ASV_692","ASV_964",0.722315118514615,6.73043204786339e-05,0.0100480105982096,"Positive"
"ASV_806","ASV_964",0.722315118514615,6.73043204786339e-05,0.0100480105982096,"Positive"
"ASV_89","ASV_965",0.755441573484121,1.97379231001715e-05,0.00613235932427086,"Positive"
"ASV_380","ASV_965",0.760435566273514,1.61366772608584e-05,0.00535093769573648,"Positive"
"ASV_466","ASV_965",0.701954362085054,0.000131809271752825,0.0190353452692789,"Positive"
"ASV_645","ASV_965",0.834297687626513,4.051897504187e-07,0.000157537500877277,"Positive"
"ASV_751","ASV_965",0.755441573484121,1.97379231001715e-05,0.00613235932427086,"Positive"
"ASV_803","ASV_969",1,0,0,"Positive"
"ASV_875","ASV_969",0.722315118514615,6.73043204786339e-05,0.0100480105982096,"Positive"
"ASV_901","ASV_969",1,0,0,"Positive"
"ASV_911","ASV_969",1,0,0,"Positive"
"ASV_929","ASV_969",1,0,0,"Positive"
"ASV_39","ASV_971",0.677835051546392,0.000273194455326697,0.0376559575684418,"Positive"
"ASV_88","ASV_971",0.738485493928126,3.78223100505615e-05,0.0100480105982096,"Positive"
"ASV_254","ASV_971",0.738659793814433,3.75796745963886e-05,0.0100480105982096,"Positive"
"ASV_92","ASV_974",1,0,0,"Positive"
"ASV_139","ASV_974",0.722315118514615,6.73043204786339e-05,0.0100480105982096,"Positive"
"ASV_302","ASV_974",0.659505108208996,0.000455442957357111,0.0405018915649716,"Positive"
"ASV_547","ASV_974",1,0,0,"Positive"
"ASV_575","ASV_974",0.722315118514615,6.73043204786339e-05,0.0100480105982096,"Positive"
"ASV_579","ASV_974",0.722315118514615,6.73043204786339e-05,0.0100480105982096,"Positive"
"ASV_596","ASV_974",0.722315118514615,6.73043204786339e-05,0.0100480105982096,"Positive"
"ASV_645","ASV_974",0.722315118514615,6.73043204786339e-05,0.0100480105982096,"Positive"
"ASV_743","ASV_974",1,0,0,"Positive"
"ASV_823","ASV_974",1,0,0,"Positive"
"ASV_92","ASV_975",1,0,0,"Positive"
"ASV_139","ASV_975",0.722315118514615,6.73043204786339e-05,0.0100480105982096,"Positive"
"ASV_302","ASV_975",0.659505108208996,0.000455442957357111,0.0405018915649716,"Positive"
"ASV_547","ASV_975",1,0,0,"Positive"
"ASV_575","ASV_975",0.722315118514615,6.73043204786339e-05,0.0100480105982096,"Positive"
"ASV_579","ASV_975",0.722315118514615,6.73043204786339e-05,0.0100480105982096,"Positive"
"ASV_596","ASV_975",0.722315118514615,6.73043204786339e-05,0.0100480105982096,"Positive"
"ASV_645","ASV_975",0.722315118514615,6.73043204786339e-05,0.0100480105982096,"Positive"
"ASV_743","ASV_975",1,0,0,"Positive"
"ASV_823","ASV_975",1,0,0,"Positive"
"ASV_974","ASV_975",1,0,0,"Positive"
"ASV_133","ASV_979",0.798023875121013,2.98551019817239e-06,0.00105491595747205,"Positive"
"ASV_973","ASV_979",0.801301166487357,2.53510946546243e-06,0.000933052855716862,"Positive"
"ASV_627","ASV_984",0.659505108208996,0.000455442957357111,0.0405018915649716,"Positive"
"ASV_783","ASV_984",1,0,0,"Positive"
"ASV_846","ASV_984",0.659505108208996,0.000455442957357111,0.0405018915649716,"Positive"
"ASV_875","ASV_984",0.659505108208996,0.000455442957357111,0.0405018915649716,"Positive"
"ASV_877","ASV_984",1,0,0,"Positive"
"ASV_224","ASV_985",0.661969469555099,0.000426043218022087,0.0405018915649716,"Positive"
"ASV_697","ASV_985",0.674269364021332,0.000302578177247659,0.0405018915649716,"Positive"
"ASV_92","ASV_990",1,0,0,"Positive"
"ASV_139","ASV_990",0.722315118514615,6.73043204786339e-05,0.0100480105982096,"Positive"
"ASV_302","ASV_990",0.659505108208996,0.000455442957357111,0.0405018915649716,"Positive"
"ASV_547","ASV_990",1,0,0,"Positive"
"ASV_575","ASV_990",0.722315118514615,6.73043204786339e-05,0.0100480105982096,"Positive"
"ASV_579","ASV_990",0.722315118514615,6.73043204786339e-05,0.0100480105982096,"Positive"
"ASV_596","ASV_990",0.722315118514615,6.73043204786339e-05,0.0100480105982096,"Positive"
"ASV_645","ASV_990",0.722315118514615,6.73043204786339e-05,0.0100480105982096,"Positive"
"ASV_743","ASV_990",1,0,0,"Positive"
"ASV_823","ASV_990",1,0,0,"Positive"
"ASV_974","ASV_990",1,0,0,"Positive"
"ASV_975","ASV_990",1,0,0,"Positive"
"ASV_193","ASV_991",1,0,0,"Positive"
"ASV_336","ASV_991",1,0,0,"Positive"
"ASV_481","ASV_991",1,0,0,"Positive"
"ASV_618","ASV_991",0.722315118514615,6.73043204786339e-05,0.0100480105982096,"Positive"
"ASV_731","ASV_991",0.722315118514615,6.73043204786339e-05,0.0100480105982096,"Positive"
"ASV_862","ASV_991",0.659505108208996,0.000455442957357111,0.0405018915649716,"Positive"
"ASV_883","ASV_991",0.722315118514615,6.73043204786339e-05,0.0100480105982096,"Positive"
"ASV_39","ASV_993",0.802638418393692,2.36942657205752e-06,0.000873938283179269,"Positive"
"ASV_814","ASV_993",0.705127538589084,0.000119132603448646,0.0172915257947464,"Positive"
"ASV_139","ASV_994",0.659505108208996,0.000455442957357111,0.0405018915649716,"Positive"
"ASV_179","ASV_994",0.722315118514615,6.73043204786339e-05,0.0100480105982096,"Positive"
"ASV_314","ASV_994",1,0,0,"Positive"
"ASV_563","ASV_994",0.659505108208996,0.000455442957357111,0.0405018915649716,"Positive"
"ASV_567","ASV_994",0.659505108208996,0.000455442957357111,0.0405018915649716,"Positive"
"ASV_719","ASV_994",0.659505108208996,0.000455442957357111,0.0405018915649716,"Positive"
"ASV_745","ASV_994",0.722315118514615,6.73043204786339e-05,0.0100480105982096,"Positive"
"ASV_787","ASV_994",1,0,0,"Positive"
"ASV_791","ASV_994",0.659505108208996,0.000455442957357111,0.0405018915649716,"Positive"
"ASV_825","ASV_994",1,0,0,"Positive"
"ASV_883","ASV_994",0.659505108208996,0.000455442957357111,0.0405018915649716,"Positive"
"ASV_79","ASV_995",0.722315118514615,6.73043204786339e-05,0.0100480105982096,"Positive"
"ASV_286","ASV_995",0.722315118514615,6.73043204786339e-05,0.0100480105982096,"Positive"
"ASV_626","ASV_995",0.722315118514615,6.73043204786339e-05,0.0100480105982096,"Positive"
"ASV_636","ASV_995",0.755441573484121,1.97379231001715e-05,0.00613235932427086,"Positive"
"ASV_678","ASV_995",0.722315118514615,6.73043204786339e-05,0.0100480105982096,"Positive"
"ASV_750","ASV_995",0.722315118514615,6.73043204786339e-05,0.0100480105982096,"Positive"
"ASV_783","ASV_995",0.659505108208996,0.000455442957357111,0.0405018915649716,"Positive"
"ASV_877","ASV_995",0.659505108208996,0.000455442957357111,0.0405018915649716,"Positive"
"ASV_895","ASV_995",0.722315118514615,6.73043204786339e-05,0.0100480105982096,"Positive"
"ASV_984","ASV_995",0.659505108208996,0.000455442957357111,0.0405018915649716,"Positive"
"ASV_645","ASV_996",0.758595818049816,1.73893664801028e-05,0.00556823014963849,"Positive"
"ASV_21","ASV_1000",0.722315118514615,6.73043204786339e-05,0.0100480105982096,"Positive"
"ASV_88","ASV_1000",0.659505108208996,0.000455442957357111,0.0405018915649716,"Positive"
"ASV_433","ASV_1000",1,0,0,"Positive"
"ASV_477","ASV_1000",0.722315118514615,6.73043204786339e-05,0.0100480105982096,"Positive"
"ASV_565","ASV_1000",0.659505108208996,0.000455442957357111,0.0405018915649716,"Positive"
"ASV_579","ASV_1000",0.659505108208996,0.000455442957357111,0.0405018915649716,"Positive"
"ASV_604","ASV_1000",1,0,0,"Positive"
"ASV_648","ASV_1000",1,0,0,"Positive"
"ASV_698","ASV_1000",1,0,0,"Positive"
"ASV_719","ASV_1000",0.722315118514615,6.73043204786339e-05,0.0100480105982096,"Positive"
"ASV_753","ASV_1000",0.659505108208996,0.000455442957357111,0.0405018915649716,"Positive"
"ASV_800","ASV_1000",0.722315118514615,6.73043204786339e-05,0.0100480105982096,"Positive"
"ASV_808","ASV_1000",1,0,0,"Positive"
"ASV_837","ASV_1000",0.722315118514615,6.73043204786339e-05,0.0100480105982096,"Positive"
"ASV_872","ASV_1000",0.722315118514615,6.73043204786339e-05,0.0100480105982096,"Positive"
"ASV_89","ASV_1002",0.798023875121013,2.98551019817239e-06,0.00105491595747205,"Positive"
"ASV_216","ASV_1002",0.653937767490727,0.000528401632204467,0.0466602844335584,"Positive"
"ASV_320","ASV_1002",0.660195037428436,0.000447040257656184,0.0405018915649716,"Positive"
"ASV_380","ASV_1002",0.694403346232957,0.000166820135088841,0.0237238869638817,"Positive"
"ASV_462","ASV_1002",0.725816833317407,5.9608308208503e-05,0.0100480105982096,"Positive"
"ASV_574","ASV_1002",0.989473684210526,0,0,"Positive"
"ASV_641","ASV_1002",0.696533417847169,0.000156206028804728,0.0222695296088229,"Positive"
"ASV_676","ASV_1002",0.773215995958784,9.42179075802407e-06,0.00315154788532102,"Positive"
"ASV_677","ASV_1002",0.758595818049816,1.73893664801028e-05,0.00556823014963849,"Positive"
"ASV_747","ASV_1002",0.989473684210526,0,0,"Positive"
"ASV_751","ASV_1002",0.798023875121013,2.98551019817239e-06,0.00105491595747205,"Positive"
"ASV_756","ASV_1002",0.732744635288765,4.66251232038584e-05,0.0100480105982096,"Positive"
"ASV_934","ASV_1002",0.803036998557745,2.32194297211663e-06,0.000857341395159531,"Positive"
"ASV_22","ASV_1003",0.671477358373211,0.000327466498742712,0.0405018915649716,"Positive"
"ASV_41","ASV_1003",0.722315118514615,6.73043204786339e-05,0.0100480105982096,"Positive"
"ASV_123","ASV_1003",0.659505108208996,0.000455442957357111,0.0405018915649716,"Positive"
"ASV_268","ASV_1003",0.722315118514615,6.73043204786339e-05,0.0100480105982096,"Positive"
"ASV_390","ASV_1003",0.722315118514615,6.73043204786339e-05,0.0100480105982096,"Positive"
"ASV_412","ASV_1003",0.722315118514615,6.73043204786339e-05,0.0100480105982096,"Positive"
"ASV_424","ASV_1003",0.722315118514615,6.73043204786339e-05,0.0100480105982096,"Positive"
"ASV_559","ASV_1003",0.722315118514615,6.73043204786339e-05,0.0100480105982096,"Positive"
"ASV_654","ASV_1003",0.659505108208996,0.000455442957357111,0.0405018915649716,"Positive"
"ASV_89","ASV_1008",0.755441573484121,1.97379231001715e-05,0.00613235932427086,"Positive"
"ASV_388","ASV_1008",0.658206498159073,0.000471630344281326,0.0418443011784357,"Positive"
"ASV_715","ASV_1008",0.834297687626513,4.051897504187e-07,0.000157537500877277,"Positive"
"ASV_751","ASV_1008",0.755441573484121,1.97379231001715e-05,0.00613235932427086,"Positive"
"ASV_21","ASV_1009",0.722315118514615,6.73043204786339e-05,0.0100480105982096,"Positive"
"ASV_88","ASV_1009",0.659505108208996,0.000455442957357111,0.0405018915649716,"Positive"
"ASV_433","ASV_1009",1,0,0,"Positive"
"ASV_477","ASV_1009",0.722315118514615,6.73043204786339e-05,0.0100480105982096,"Positive"
"ASV_565","ASV_1009",0.659505108208996,0.000455442957357111,0.0405018915649716,"Positive"
"ASV_579","ASV_1009",0.659505108208996,0.000455442957357111,0.0405018915649716,"Positive"
"ASV_604","ASV_1009",1,0,0,"Positive"
"ASV_648","ASV_1009",1,0,0,"Positive"
"ASV_698","ASV_1009",1,0,0,"Positive"
"ASV_719","ASV_1009",0.722315118514615,6.73043204786339e-05,0.0100480105982096,"Positive"
"ASV_753","ASV_1009",0.659505108208996,0.000455442957357111,0.0405018915649716,"Positive"
"ASV_800","ASV_1009",0.722315118514615,6.73043204786339e-05,0.0100480105982096,"Positive"
"ASV_808","ASV_1009",1,0,0,"Positive"
"ASV_837","ASV_1009",0.722315118514615,6.73043204786339e-05,0.0100480105982096,"Positive"
"ASV_872","ASV_1009",0.722315118514615,6.73043204786339e-05,0.0100480105982096,"Positive"
"ASV_1000","ASV_1009",1,0,0,"Positive"
"ASV_254","ASV_1010",0.694788507412144,0.000164855545181641,0.0234541697974698,"Positive"
"ASV_971","ASV_1010",0.67027765097698,0.000338695162248381,0.0405018915649716,"Positive"
"ASV_139","ASV_1011",0.659505108208996,0.000455442957357111,0.0405018915649716,"Positive"
"ASV_179","ASV_1011",0.722315118514615,6.73043204786339e-05,0.0100480105982096,"Positive"
"ASV_314","ASV_1011",1,0,0,"Positive"
"ASV_563","ASV_1011",0.659505108208996,0.000455442957357111,0.0405018915649716,"Positive"
"ASV_567","ASV_1011",0.659505108208996,0.000455442957357111,0.0405018915649716,"Positive"
"ASV_719","ASV_1011",0.659505108208996,0.000455442957357111,0.0405018915649716,"Positive"
"ASV_745","ASV_1011",0.722315118514615,6.73043204786339e-05,0.0100480105982096,"Positive"
"ASV_787","ASV_1011",1,0,0,"Positive"
"ASV_791","ASV_1011",0.659505108208996,0.000455442957357111,0.0405018915649716,"Positive"
"ASV_825","ASV_1011",1,0,0,"Positive"
"ASV_883","ASV_1011",0.659505108208996,0.000455442957357111,0.0405018915649716,"Positive"
"ASV_994","ASV_1011",1,0,0,"Positive"
"ASV_253","ASV_1013",0.785975258346589,5.31516499391316e-06,0.00180060351240261,"Positive"
"ASV_521","ASV_1013",0.671649484536082,0.000325882302891545,0.0405018915649716,"Positive"
"ASV_576","ASV_1013",0.677835051546392,0.000273194455326697,0.0376559575684418,"Positive"
"ASV_677","ASV_1013",0.674269364021332,0.000302578177247659,0.0405018915649716,"Positive"
"ASV_17","ASV_1014",0.659505108208996,0.000455442957357111,0.0405018915649716,"Positive"
"ASV_244","ASV_1014",0.659505108208996,0.000455442957357111,0.0405018915649716,"Positive"
"ASV_436","ASV_1014",1,0,0,"Positive"
"ASV_495","ASV_1014",0.659505108208996,0.000455442957357111,0.0405018915649716,"Positive"
"ASV_524","ASV_1014",0.659505108208996,0.000455442957357111,0.0405018915649716,"Positive"
"ASV_555","ASV_1014",1,0,0,"Positive"
"ASV_757","ASV_1014",0.659505108208996,0.000455442957357111,0.0405018915649716,"Positive"
"ASV_834","ASV_1014",0.659505108208996,0.000455442957357111,0.0405018915649716,"Positive"
"ASV_961","ASV_1014",0.659505108208996,0.000455442957357111,0.0405018915649716,"Positive"
"ASV_19","ASV_1015",0.659505108208996,0.000455442957357111,0.0405018915649716,"Positive"
"ASV_123","ASV_1015",0.722315118514615,6.73043204786339e-05,0.0100480105982096,"Positive"
"ASV_269","ASV_1015",0.659505108208996,0.000455442957357111,0.0405018915649716,"Positive"
"ASV_332","ASV_1015",0.659505108208996,0.000455442957357111,0.0405018915649716,"Positive"
"ASV_520","ASV_1015",0.700793417678486,0.0001367333000033,0.0195580794299619,"Positive"
"ASV_544","ASV_1015",0.659505108208996,0.000455442957357111,0.0405018915649716,"Positive"
"ASV_654","ASV_1015",0.722315118514615,6.73043204786339e-05,0.0100480105982096,"Positive"
"ASV_192","ASV_1016",0.672750121052715,0.000315908823334876,0.0405018915649716,"Positive"
"ASV_433","ASV_1016",0.659505108208996,0.000455442957357111,0.0405018915649716,"Positive"
"ASV_560","ASV_1016",0.798023875121013,2.98551019817239e-06,0.00105491595747205,"Positive"
"ASV_604","ASV_1016",0.659505108208996,0.000455442957357111,0.0405018915649716,"Positive"
"ASV_648","ASV_1016",0.659505108208996,0.000455442957357111,0.0405018915649716,"Positive"
"ASV_698","ASV_1016",0.659505108208996,0.000455442957357111,0.0405018915649716,"Positive"
"ASV_783","ASV_1016",0.722315118514615,6.73043204786339e-05,0.0100480105982096,"Positive"
"ASV_808","ASV_1016",0.659505108208996,0.000455442957357111,0.0405018915649716,"Positive"
"ASV_877","ASV_1016",0.722315118514615,6.73043204786339e-05,0.0100480105982096,"Positive"
"ASV_984","ASV_1016",0.722315118514615,6.73043204786339e-05,0.0100480105982096,"Positive"
"ASV_1000","ASV_1016",0.659505108208996,0.000455442957357111,0.0405018915649716,"Positive"
"ASV_1009","ASV_1016",0.659505108208996,0.000455442957357111,0.0405018915649716,"Positive"
"ASV_772","ASV_1017",0.688034587199515,0.000202400628791066,0.0285250890265758,"Positive"
"ASV_869","ASV_1017",0.90435630832162,1.34883060276536e-09,5.51796519362605e-07,"Positive"
"ASV_627","ASV_1022",0.659505108208996,0.000455442957357111,0.0405018915649716,"Positive"
"ASV_783","ASV_1022",1,0,0,"Positive"
"ASV_846","ASV_1022",0.659505108208996,0.000455442957357111,0.0405018915649716,"Positive"
"ASV_875","ASV_1022",0.659505108208996,0.000455442957357111,0.0405018915649716,"Positive"
"ASV_877","ASV_1022",1,0,0,"Positive"
"ASV_984","ASV_1022",1,0,0,"Positive"
"ASV_995","ASV_1022",0.659505108208996,0.000455442957357111,0.0405018915649716,"Positive"
"ASV_1016","ASV_1022",0.722315118514615,6.73043204786339e-05,0.0100480105982096,"Positive"
"ASV_627","ASV_1027",0.659505108208996,0.000455442957357111,0.0405018915649716,"Positive"
"ASV_783","ASV_1027",1,0,0,"Positive"
"ASV_846","ASV_1027",0.659505108208996,0.000455442957357111,0.0405018915649716,"Positive"
"ASV_875","ASV_1027",0.659505108208996,0.000455442957357111,0.0405018915649716,"Positive"
"ASV_877","ASV_1027",1,0,0,"Positive"
"ASV_984","ASV_1027",1,0,0,"Positive"
"ASV_995","ASV_1027",0.659505108208996,0.000455442957357111,0.0405018915649716,"Positive"
"ASV_1016","ASV_1027",0.722315118514615,6.73043204786339e-05,0.0100480105982096,"Positive"
"ASV_1022","ASV_1027",1,0,0,"Positive"
"ASV_67","ASV_1028",0.722315118514615,6.73043204786339e-05,0.0100480105982096,"Positive"
"ASV_72","ASV_1028",0.722315118514615,6.73043204786339e-05,0.0100480105982096,"Positive"
"ASV_150","ASV_1028",0.659505108208996,0.000455442957357111,0.0405018915649716,"Positive"
"ASV_297","ASV_1028",0.722315118514615,6.73043204786339e-05,0.0100480105982096,"Positive"
"ASV_342","ASV_1028",0.659505108208996,0.000455442957357111,0.0405018915649716,"Positive"
"ASV_506","ASV_1028",0.722315118514615,6.73043204786339e-05,0.0100480105982096,"Positive"
"ASV_704","ASV_1028",0.659505108208996,0.000455442957357111,0.0405018915649716,"Positive"
"ASV_707","ASV_1028",0.722315118514615,6.73043204786339e-05,0.0100480105982096,"Positive"
"ASV_927","ASV_1028",0.722315118514615,6.73043204786339e-05,0.0100480105982096,"Positive"
"ASV_179","ASV_1030",0.735693488280004,4.19013851384875e-05,0.0100480105982096,"Positive"
"ASV_207","ASV_1030",0.675773195876289,0.000289866850282428,0.0398743244206818,"Positive"
"ASV_373","ASV_1030",0.674269364021332,0.000302578177247659,0.0405018915649716,"Positive"
"ASV_796","ASV_1030",0.857205899032986,8.82394388668217e-08,3.59276199348365e-05,"Positive"
"ASV_838","ASV_1030",0.712886597938144,9.25227277570606e-05,0.0136884815563873,"Positive"
"ASV_113","ASV_1033",0.660404517791456,0.000444515701571557,0.0405018915649716,"Positive"
"ASV_47","ASV_1042",0.652269589480323,0.00055214159045236,0.0485993231249065,"Positive"
"ASV_153","ASV_1046",0.722315118514615,6.73043204786339e-05,0.0100480105982096,"Positive"
"ASV_259","ASV_1046",0.722315118514615,6.73043204786339e-05,0.0100480105982096,"Positive"
"ASV_306","ASV_1046",0.722315118514615,6.73043204786339e-05,0.0100480105982096,"Positive"
"ASV_343","ASV_1046",0.722315118514615,6.73043204786339e-05,0.0100480105982096,"Positive"
"ASV_433","ASV_1046",0.659505108208996,0.000455442957357111,0.0405018915649716,"Positive"
"ASV_604","ASV_1046",0.659505108208996,0.000455442957357111,0.0405018915649716,"Positive"
"ASV_648","ASV_1046",0.659505108208996,0.000455442957357111,0.0405018915649716,"Positive"
"ASV_698","ASV_1046",0.659505108208996,0.000455442957357111,0.0405018915649716,"Positive"
"ASV_808","ASV_1046",0.659505108208996,0.000455442957357111,0.0405018915649716,"Positive"
"ASV_830","ASV_1046",0.722315118514615,6.73043204786339e-05,0.0100480105982096,"Positive"
"ASV_864","ASV_1046",0.722315118514615,6.73043204786339e-05,0.0100480105982096,"Positive"
"ASV_910","ASV_1046",0.722315118514615,6.73043204786339e-05,0.0100480105982096,"Positive"
"ASV_912","ASV_1046",0.722315118514615,6.73043204786339e-05,0.0100480105982096,"Positive"
"ASV_1000","ASV_1046",0.659505108208996,0.000455442957357111,0.0405018915649716,"Positive"
"ASV_1009","ASV_1046",0.659505108208996,0.000455442957357111,0.0405018915649716,"Positive"
"ASV_67","ASV_1047",0.722315118514615,6.73043204786339e-05,0.0100480105982096,"Positive"
"ASV_72","ASV_1047",0.722315118514615,6.73043204786339e-05,0.0100480105982096,"Positive"
"ASV_79","ASV_1047",0.659505108208996,0.000455442957357111,0.0405018915649716,"Positive"
"ASV_254","ASV_1047",0.674269364021332,0.000302578177247659,0.0405018915649716,"Positive"
"ASV_286","ASV_1047",0.659505108208996,0.000455442957357111,0.0405018915649716,"Positive"
"ASV_297","ASV_1047",0.722315118514615,6.73043204786339e-05,0.0100480105982096,"Positive"
"ASV_506","ASV_1047",0.722315118514615,6.73043204786339e-05,0.0100480105982096,"Positive"
"ASV_626","ASV_1047",0.659505108208996,0.000455442957357111,0.0405018915649716,"Positive"
"ASV_668","ASV_1047",1,0,0,"Positive"
"ASV_678","ASV_1047",0.659505108208996,0.000455442957357111,0.0405018915649716,"Positive"
"ASV_707","ASV_1047",0.722315118514615,6.73043204786339e-05,0.0100480105982096,"Positive"
"ASV_750","ASV_1047",0.659505108208996,0.000455442957357111,0.0405018915649716,"Positive"
"ASV_895","ASV_1047",0.659505108208996,0.000455442957357111,0.0405018915649716,"Positive"
"ASV_905","ASV_1047",0.834297687626513,4.051897504187e-07,0.000157537500877277,"Positive"
"ASV_927","ASV_1047",0.722315118514615,6.73043204786339e-05,0.0100480105982096,"Positive"
"ASV_962","ASV_1047",0.735693488280004,4.19013851384875e-05,0.0100480105982096,"Positive"
"ASV_123","ASV_1049",1,0,0,"Positive"
"ASV_387","ASV_1049",0.722315118514615,6.73043204786339e-05,0.0100480105982096,"Positive"
"ASV_455","ASV_1049",0.659505108208996,0.000455442957357111,0.0405018915649716,"Positive"
"ASV_477","ASV_1049",0.659505108208996,0.000455442957357111,0.0405018915649716,"Positive"
"ASV_495","ASV_1049",0.722315118514615,6.73043204786339e-05,0.0100480105982096,"Positive"
"ASV_654","ASV_1049",1,0,0,"Positive"
"ASV_699","ASV_1049",0.659505108208996,0.000455442957357111,0.0405018915649716,"Positive"
"ASV_834","ASV_1049",0.722315118514615,6.73043204786339e-05,0.0100480105982096,"Positive"
"ASV_964","ASV_1049",0.659505108208996,0.000455442957357111,0.0405018915649716,"Positive"
"ASV_1003","ASV_1049",0.659505108208996,0.000455442957357111,0.0405018915649716,"Positive"
"ASV_1015","ASV_1049",0.722315118514615,6.73043204786339e-05,0.0100480105982096,"Positive"
"ASV_610","ASV_1051",0.83158289661624,4.78051759067455e-07,0.000184814186187824,"Positive"
"ASV_618","ASV_1051",0.758595818049816,1.73893664801028e-05,0.00556823014963849,"Positive"
"ASV_703","ASV_1051",0.67097255847663,0.000332151147579562,0.0405018915649716,"Positive"
"ASV_153","ASV_1052",0.722315118514615,6.73043204786339e-05,0.0100480105982096,"Positive"
"ASV_259","ASV_1052",0.722315118514615,6.73043204786339e-05,0.0100480105982096,"Positive"
"ASV_306","ASV_1052",0.722315118514615,6.73043204786339e-05,0.0100480105982096,"Positive"
"ASV_343","ASV_1052",0.722315118514615,6.73043204786339e-05,0.0100480105982096,"Positive"
"ASV_830","ASV_1052",0.722315118514615,6.73043204786339e-05,0.0100480105982096,"Positive"
"ASV_864","ASV_1052",0.722315118514615,6.73043204786339e-05,0.0100480105982096,"Positive"
"ASV_910","ASV_1052",0.722315118514615,6.73043204786339e-05,0.0100480105982096,"Positive"
"ASV_912","ASV_1052",0.722315118514615,6.73043204786339e-05,0.0100480105982096,"Positive"
"ASV_973","ASV_1052",0.674269364021332,0.000302578177247659,0.0405018915649716,"Positive"
"ASV_79","ASV_1056",0.722315118514615,6.73043204786339e-05,0.0100480105982096,"Positive"
"ASV_286","ASV_1056",0.722315118514615,6.73043204786339e-05,0.0100480105982096,"Positive"
"ASV_421","ASV_1056",0.706377428974729,0.000114440181750552,0.0166314425956192,"Positive"
"ASV_534","ASV_1056",0.659505108208996,0.000455442957357111,0.0405018915649716,"Positive"
"ASV_626","ASV_1056",0.722315118514615,6.73043204786339e-05,0.0100480105982096,"Positive"
"ASV_655","ASV_1056",0.706377428974729,0.000114440181750552,0.0166314425956192,"Positive"
"ASV_678","ASV_1056",0.722315118514615,6.73043204786339e-05,0.0100480105982096,"Positive"
"ASV_682","ASV_1056",0.659505108208996,0.000455442957357111,0.0405018915649716,"Positive"
"ASV_714","ASV_1056",0.659505108208996,0.000455442957357111,0.0405018915649716,"Positive"
"ASV_736","ASV_1056",0.758595818049816,1.73893664801028e-05,0.00556823014963849,"Positive"
"ASV_750","ASV_1056",0.722315118514615,6.73043204786339e-05,0.0100480105982096,"Positive"
"ASV_882","ASV_1056",0.659505108208996,0.000455442957357111,0.0405018915649716,"Positive"
"ASV_895","ASV_1056",0.722315118514615,6.73043204786339e-05,0.0100480105982096,"Positive"
"ASV_914","ASV_1056",0.659505108208996,0.000455442957357111,0.0405018915649716,"Positive"
"ASV_133","ASV_1057",0.722315118514615,6.73043204786339e-05,0.0100480105982096,"Positive"
"ASV_546","ASV_1057",1,0,0,"Positive"
"ASV_653","ASV_1057",0.659505108208996,0.000455442957357111,0.0405018915649716,"Positive"
"ASV_680","ASV_1057",1,0,0,"Positive"
"ASV_735","ASV_1057",1,0,0,"Positive"
"ASV_92","ASV_1060",0.722315118514615,6.73043204786339e-05,0.0100480105982096,"Positive"
"ASV_139","ASV_1060",1,0,0,"Positive"
"ASV_314","ASV_1060",0.659505108208996,0.000455442957357111,0.0405018915649716,"Positive"
"ASV_354","ASV_1060",0.791715385989621,4.05688181759345e-06,0.0013865971734632,"Positive"
"ASV_547","ASV_1060",0.722315118514615,6.73043204786339e-05,0.0100480105982096,"Positive"
"ASV_743","ASV_1060",0.722315118514615,6.73043204786339e-05,0.0100480105982096,"Positive"
"ASV_787","ASV_1060",0.659505108208996,0.000455442957357111,0.0405018915649716,"Positive"
"ASV_823","ASV_1060",0.722315118514615,6.73043204786339e-05,0.0100480105982096,"Positive"
"ASV_825","ASV_1060",0.659505108208996,0.000455442957357111,0.0405018915649716,"Positive"
"ASV_974","ASV_1060",0.722315118514615,6.73043204786339e-05,0.0100480105982096,"Positive"
"ASV_975","ASV_1060",0.722315118514615,6.73043204786339e-05,0.0100480105982096,"Positive"
"ASV_990","ASV_1060",0.722315118514615,6.73043204786339e-05,0.0100480105982096,"Positive"
"ASV_994","ASV_1060",0.659505108208996,0.000455442957357111,0.0405018915649716,"Positive"
"ASV_1011","ASV_1060",0.659505108208996,0.000455442957357111,0.0405018915649716,"Positive"
"ASV_207","ASV_1064",0.671220376224486,0.000329844126902401,0.0405018915649716,"Positive"
"ASV_373","ASV_1064",0.675303252441909,0.000293788279681184,0.0400780439368084,"Positive"
"ASV_394","ASV_1064",0.783461716063011,5.96744553860162e-06,0.00201563477538673,"Positive"
"ASV_41","ASV_1065",1,0,0,"Positive"
"ASV_88","ASV_1065",0.722315118514615,6.73043204786339e-05,0.0100480105982096,"Positive"
"ASV_179","ASV_1065",0.659505108208996,0.000455442957357111,0.0405018915649716,"Positive"
"ASV_268","ASV_1065",1,0,0,"Positive"
"ASV_373","ASV_1065",0.722315118514615,6.73043204786339e-05,0.0100480105982096,"Positive"
"ASV_390","ASV_1065",1,0,0,"Positive"
"ASV_412","ASV_1065",1,0,0,"Positive"
"ASV_424","ASV_1065",1,0,0,"Positive"
"ASV_524","ASV_1065",0.722315118514615,6.73043204786339e-05,0.0100480105982096,"Positive"
"ASV_559","ASV_1065",1,0,0,"Positive"
"ASV_697","ASV_1065",0.722315118514615,6.73043204786339e-05,0.0100480105982096,"Positive"
"ASV_715","ASV_1065",0.722315118514615,6.73043204786339e-05,0.0100480105982096,"Positive"
"ASV_795","ASV_1065",0.722315118514615,6.73043204786339e-05,0.0100480105982096,"Positive"
"ASV_1003","ASV_1065",0.722315118514615,6.73043204786339e-05,0.0100480105982096,"Positive"
"ASV_464","ASV_1073",0.722315118514615,6.73043204786339e-05,0.0100480105982096,"Positive"
"ASV_471","ASV_1073",0.996219281663516,0,0,"Positive"
"ASV_515","ASV_1073",0.755441573484121,1.97379231001715e-05,0.00613235932427086,"Positive"
"ASV_533","ASV_1073",0.831143443060818,4.90887142934326e-07,0.000184814186187824,"Positive"
"ASV_593","ASV_1073",1,0,0,"Positive"
"ASV_722","ASV_1073",0.722315118514615,6.73043204786339e-05,0.0100480105982096,"Positive"
"ASV_21","ASV_1074",0.722315118514615,6.73043204786339e-05,0.0100480105982096,"Positive"
"ASV_88","ASV_1074",0.659505108208996,0.000455442957357111,0.0405018915649716,"Positive"
"ASV_433","ASV_1074",1,0,0,"Positive"
"ASV_477","ASV_1074",0.722315118514615,6.73043204786339e-05,0.0100480105982096,"Positive"
"ASV_565","ASV_1074",0.659505108208996,0.000455442957357111,0.0405018915649716,"Positive"
"ASV_579","ASV_1074",0.659505108208996,0.000455442957357111,0.0405018915649716,"Positive"
"ASV_604","ASV_1074",1,0,0,"Positive"
"ASV_648","ASV_1074",1,0,0,"Positive"
"ASV_698","ASV_1074",1,0,0,"Positive"
"ASV_719","ASV_1074",0.722315118514615,6.73043204786339e-05,0.0100480105982096,"Positive"
"ASV_753","ASV_1074",0.659505108208996,0.000455442957357111,0.0405018915649716,"Positive"
"ASV_800","ASV_1074",0.722315118514615,6.73043204786339e-05,0.0100480105982096,"Positive"
"ASV_808","ASV_1074",1,0,0,"Positive"
"ASV_837","ASV_1074",0.722315118514615,6.73043204786339e-05,0.0100480105982096,"Positive"
"ASV_872","ASV_1074",0.722315118514615,6.73043204786339e-05,0.0100480105982096,"Positive"
"ASV_1000","ASV_1074",1,0,0,"Positive"
"ASV_1009","ASV_1074",1,0,0,"Positive"
"ASV_1016","ASV_1074",0.659505108208996,0.000455442957357111,0.0405018915649716,"Positive"
"ASV_1046","ASV_1074",0.659505108208996,0.000455442957357111,0.0405018915649716,"Positive"
"ASV_433","ASV_1075",0.659505108208996,0.000455442957357111,0.0405018915649716,"Positive"
"ASV_546","ASV_1075",0.722315118514615,6.73043204786339e-05,0.0100480105982096,"Positive"
"ASV_604","ASV_1075",0.659505108208996,0.000455442957357111,0.0405018915649716,"Positive"
"ASV_648","ASV_1075",0.659505108208996,0.000455442957357111,0.0405018915649716,"Positive"
"ASV_680","ASV_1075",0.722315118514615,6.73043204786339e-05,0.0100480105982096,"Positive"
"ASV_698","ASV_1075",0.659505108208996,0.000455442957357111,0.0405018915649716,"Positive"
"ASV_735","ASV_1075",0.722315118514615,6.73043204786339e-05,0.0100480105982096,"Positive"
"ASV_808","ASV_1075",0.659505108208996,0.000455442957357111,0.0405018915649716,"Positive"
"ASV_1000","ASV_1075",0.659505108208996,0.000455442957357111,0.0405018915649716,"Positive"
"ASV_1009","ASV_1075",0.659505108208996,0.000455442957357111,0.0405018915649716,"Positive"
"ASV_1057","ASV_1075",0.722315118514615,6.73043204786339e-05,0.0100480105982096,"Positive"
"ASV_1074","ASV_1075",0.659505108208996,0.000455442957357111,0.0405018915649716,"Positive"
"ASV_1033","ASV_1077",0.738659793814433,3.75796745963886e-05,0.0100480105982096,"Positive"
"ASV_119","ASV_1081",1,0,0,"Positive"
"ASV_264","ASV_1081",1,0,0,"Positive"
"ASV_423","ASV_1081",1,0,0,"Positive"
"ASV_429","ASV_1081",0.722315118514615,6.73043204786339e-05,0.0100480105982096,"Positive"
"ASV_618","ASV_1081",0.659505108208996,0.000455442957357111,0.0405018915649716,"Positive"
"ASV_757","ASV_1081",0.722315118514615,6.73043204786339e-05,0.0100480105982096,"Positive"
"ASV_758","ASV_1081",1,0,0,"Positive"
"ASV_952","ASV_1081",1,0,0,"Positive"
"ASV_19","ASV_1085",1,0,0,"Positive"
"ASV_269","ASV_1085",1,0,0,"Positive"
"ASV_332","ASV_1085",1,0,0,"Positive"
"ASV_544","ASV_1085",1,0,0,"Positive"
"ASV_627","ASV_1085",0.722315118514615,6.73043204786339e-05,0.0100480105982096,"Positive"
"ASV_801","ASV_1085",0.722315118514615,6.73043204786339e-05,0.0100480105982096,"Positive"
"ASV_885","ASV_1085",0.722315118514615,6.73043204786339e-05,0.0100480105982096,"Positive"
"ASV_1015","ASV_1085",0.659505108208996,0.000455442957357111,0.0405018915649716,"Positive"
"ASV_676","ASV_1086",0.65606205717715,0.000499452249819621,0.0442103696442617,"Positive"
"ASV_837","ASV_1086",0.798023875121013,2.98551019817239e-06,0.00105491595747205,"Positive"
"ASV_33","ASV_1087",0.722315118514615,6.73043204786339e-05,0.0100480105982096,"Positive"
"ASV_74","ASV_1087",1,0,0,"Positive"
"ASV_165","ASV_1087",0.659505108208996,0.000455442957357111,0.0405018915649716,"Positive"
"ASV_338","ASV_1087",0.659505108208996,0.000455442957357111,0.0405018915649716,"Positive"
"ASV_404","ASV_1087",1,0,0,"Positive"
"ASV_430","ASV_1087",1,0,0,"Positive"
"ASV_460","ASV_1087",1,0,0,"Positive"
"ASV_563","ASV_1087",0.722315118514615,6.73043204786339e-05,0.0100480105982096,"Positive"
"ASV_653","ASV_1087",0.722315118514615,6.73043204786339e-05,0.0100480105982096,"Positive"
"ASV_671","ASV_1087",1,0,0,"Positive"
"ASV_779","ASV_1087",0.722315118514615,6.73043204786339e-05,0.0100480105982096,"Positive"
"ASV_903","ASV_1087",1,0,0,"Positive"
"ASV_581","ASV_1089",1,0,0,"Positive"
"ASV_745","ASV_1089",0.659505108208996,0.000455442957357111,0.0405018915649716,"Positive"
"ASV_123","ASV_1092",1,0,0,"Positive"
"ASV_387","ASV_1092",0.722315118514615,6.73043204786339e-05,0.0100480105982096,"Positive"
"ASV_455","ASV_1092",0.659505108208996,0.000455442957357111,0.0405018915649716,"Positive"
"ASV_477","ASV_1092",0.659505108208996,0.000455442957357111,0.0405018915649716,"Positive"
"ASV_495","ASV_1092",0.722315118514615,6.73043204786339e-05,0.0100480105982096,"Positive"
"ASV_654","ASV_1092",1,0,0,"Positive"
"ASV_699","ASV_1092",0.659505108208996,0.000455442957357111,0.0405018915649716,"Positive"
"ASV_834","ASV_1092",0.722315118514615,6.73043204786339e-05,0.0100480105982096,"Positive"
"ASV_964","ASV_1092",0.659505108208996,0.000455442957357111,0.0405018915649716,"Positive"
"ASV_1003","ASV_1092",0.659505108208996,0.000455442957357111,0.0405018915649716,"Positive"
"ASV_1015","ASV_1092",0.722315118514615,6.73043204786339e-05,0.0100480105982096,"Positive"
"ASV_1049","ASV_1092",1,0,0,"Positive"
"ASV_19","ASV_1093",0.659505108208996,0.000455442957357111,0.0405018915649716,"Positive"
"ASV_123","ASV_1093",0.722315118514615,6.73043204786339e-05,0.0100480105982096,"Positive"
"ASV_269","ASV_1093",0.659505108208996,0.000455442957357111,0.0405018915649716,"Positive"
"ASV_332","ASV_1093",0.659505108208996,0.000455442957357111,0.0405018915649716,"Positive"
"ASV_520","ASV_1093",0.700793417678486,0.0001367333000033,0.0195580794299619,"Positive"
"ASV_544","ASV_1093",0.659505108208996,0.000455442957357111,0.0405018915649716,"Positive"
"ASV_654","ASV_1093",0.722315118514615,6.73043204786339e-05,0.0100480105982096,"Positive"
"ASV_1015","ASV_1093",1,0,0,"Positive"
"ASV_1049","ASV_1093",0.722315118514615,6.73043204786339e-05,0.0100480105982096,"Positive"
"ASV_1085","ASV_1093",0.659505108208996,0.000455442957357111,0.0405018915649716,"Positive"
"ASV_1092","ASV_1093",0.722315118514615,6.73043204786339e-05,0.0100480105982096,"Positive"
"ASV_67","ASV_1094",1,0,0,"Positive"
"ASV_72","ASV_1094",1,0,0,"Positive"
"ASV_297","ASV_1094",1,0,0,"Positive"
"ASV_506","ASV_1094",1,0,0,"Positive"
"ASV_567","ASV_1094",0.722315118514615,6.73043204786339e-05,0.0100480105982096,"Positive"
"ASV_575","ASV_1094",0.659505108208996,0.000455442957357111,0.0405018915649716,"Positive"
"ASV_615","ASV_1094",0.659505108208996,0.000455442957357111,0.0405018915649716,"Positive"
"ASV_668","ASV_1094",0.722315118514615,6.73043204786339e-05,0.0100480105982096,"Positive"
"ASV_707","ASV_1094",1,0,0,"Positive"
"ASV_773","ASV_1094",0.659505108208996,0.000455442957357111,0.0405018915649716,"Positive"
"ASV_927","ASV_1094",1,0,0,"Positive"
"ASV_950","ASV_1094",0.722315118514615,6.73043204786339e-05,0.0100480105982096,"Positive"
"ASV_1028","ASV_1094",0.722315118514615,6.73043204786339e-05,0.0100480105982096,"Positive"
"ASV_1047","ASV_1094",0.722315118514615,6.73043204786339e-05,0.0100480105982096,"Positive"
"ASV_239","ASV_1096",0.696466287681694,0.000156531313046493,0.0223066823445367,"Positive"
"ASV_979","ASV_1096",0.707919979893142,0.000108872533941096,0.0159907693430988,"Positive"
"ASV_457","ASV_1098",1,0,0,"Positive"
"ASV_461","ASV_1098",1,0,0,"Positive"
"ASV_596","ASV_1098",0.659505108208996,0.000455442957357111,0.0405018915649716,"Positive"
"ASV_599","ASV_1098",1,0,0,"Positive"
"ASV_692","ASV_1098",1,0,0,"Positive"
"ASV_779","ASV_1098",0.659505108208996,0.000455442957357111,0.0405018915649716,"Positive"
"ASV_795","ASV_1098",0.659505108208996,0.000455442957357111,0.0405018915649716,"Positive"
"ASV_806","ASV_1098",1,0,0,"Positive"
"ASV_862","ASV_1098",0.722315118514615,6.73043204786339e-05,0.0100480105982096,"Positive"
"ASV_964","ASV_1098",0.722315118514615,6.73043204786339e-05,0.0100480105982096,"Positive"
"ASV_41","ASV_1099",1,0,0,"Positive"
"ASV_88","ASV_1099",0.722315118514615,6.73043204786339e-05,0.0100480105982096,"Positive"
"ASV_179","ASV_1099",0.659505108208996,0.000455442957357111,0.0405018915649716,"Positive"
"ASV_268","ASV_1099",1,0,0,"Positive"
"ASV_373","ASV_1099",0.722315118514615,6.73043204786339e-05,0.0100480105982096,"Positive"
"ASV_390","ASV_1099",1,0,0,"Positive"
"ASV_412","ASV_1099",1,0,0,"Positive"
"ASV_424","ASV_1099",1,0,0,"Positive"
"ASV_524","ASV_1099",0.722315118514615,6.73043204786339e-05,0.0100480105982096,"Positive"
"ASV_559","ASV_1099",1,0,0,"Positive"
"ASV_697","ASV_1099",0.722315118514615,6.73043204786339e-05,0.0100480105982096,"Positive"
"ASV_715","ASV_1099",0.722315118514615,6.73043204786339e-05,0.0100480105982096,"Positive"
"ASV_795","ASV_1099",0.722315118514615,6.73043204786339e-05,0.0100480105982096,"Positive"
"ASV_1003","ASV_1099",0.722315118514615,6.73043204786339e-05,0.0100480105982096,"Positive"
"ASV_1065","ASV_1099",1,0,0,"Positive"
"ASV_89","ASV_1100",0.722315118514615,6.73043204786339e-05,0.0100480105982096,"Positive"
"ASV_133","ASV_1100",0.659505108208996,0.000455442957357111,0.0405018915649716,"Positive"
"ASV_387","ASV_1100",0.659505108208996,0.000455442957357111,0.0405018915649716,"Positive"
"ASV_471","ASV_1100",0.722315118514615,6.73043204786339e-05,0.0100480105982096,"Positive"
"ASV_593","ASV_1100",0.659505108208996,0.000455442957357111,0.0405018915649716,"Positive"
"ASV_699","ASV_1100",0.722315118514615,6.73043204786339e-05,0.0100480105982096,"Positive"
"ASV_751","ASV_1100",0.722315118514615,6.73043204786339e-05,0.0100480105982096,"Positive"
"ASV_846","ASV_1100",0.722315118514615,6.73043204786339e-05,0.0100480105982096,"Positive"
"ASV_1052","ASV_1100",0.659505108208996,0.000455442957357111,0.0405018915649716,"Positive"
"ASV_1073","ASV_1100",0.659505108208996,0.000455442957357111,0.0405018915649716,"Positive"
"ASV_645","ASV_1104",0.671477358373211,0.000327466498742712,0.0405018915649716,"Positive"
"ASV_962","ASV_1104",0.712886597938144,9.25227277570606e-05,0.0136884815563873,"Positive"
"ASV_373","ASV_1106",0.700793417678486,0.0001367333000033,0.0195580794299619,"Positive"
"ASV_398","ASV_1106",0.694788507412144,0.000164855545181641,0.0234541697974698,"Positive"
"ASV_796","ASV_1106",0.817606713479832,1.07216459532822e-06,0.000400164548882972,"Positive"
"ASV_838","ASV_1106",0.701546391752577,0.000133521675063086,0.0192503981900632,"Positive"
"ASV_1030","ASV_1106",0.685051546391753,0.000221225063799402,0.0310638361674188,"Positive"
"ASV_193","ASV_1108",0.659505108208996,0.000455442957357111,0.0405018915649716,"Positive"
"ASV_336","ASV_1108",0.659505108208996,0.000455442957357111,0.0405018915649716,"Positive"
"ASV_433","ASV_1108",0.722315118514615,6.73043204786339e-05,0.0100480105982096,"Positive"
"ASV_481","ASV_1108",0.659505108208996,0.000455442957357111,0.0405018915649716,"Positive"
"ASV_604","ASV_1108",0.722315118514615,6.73043204786339e-05,0.0100480105982096,"Positive"
"ASV_648","ASV_1108",0.722315118514615,6.73043204786339e-05,0.0100480105982096,"Positive"
"ASV_698","ASV_1108",0.722315118514615,6.73043204786339e-05,0.0100480105982096,"Positive"
"ASV_808","ASV_1108",0.722315118514615,6.73043204786339e-05,0.0100480105982096,"Positive"
"ASV_991","ASV_1108",0.659505108208996,0.000455442957357111,0.0405018915649716,"Positive"
"ASV_1000","ASV_1108",0.722315118514615,6.73043204786339e-05,0.0100480105982096,"Positive"
"ASV_1009","ASV_1108",0.722315118514615,6.73043204786339e-05,0.0100480105982096,"Positive"
"ASV_1074","ASV_1108",0.722315118514615,6.73043204786339e-05,0.0100480105982096,"Positive"
"ASV_41","ASV_1109",0.659505108208996,0.000455442957357111,0.0405018915649716,"Positive"
"ASV_88","ASV_1109",0.996219281663516,0,0,"Positive"
"ASV_254","ASV_1109",0.66868535272509,0.000354113544959178,0.0405018915649716,"Positive"
"ASV_268","ASV_1109",0.659505108208996,0.000455442957357111,0.0405018915649716,"Positive"
"ASV_390","ASV_1109",0.659505108208996,0.000455442957357111,0.0405018915649716,"Positive"
"ASV_412","ASV_1109",0.659505108208996,0.000455442957357111,0.0405018915649716,"Positive"
"ASV_424","ASV_1109",0.659505108208996,0.000455442957357111,0.0405018915649716,"Positive"
"ASV_433","ASV_1109",0.722315118514615,6.73043204786339e-05,0.0100480105982096,"Positive"
"ASV_557","ASV_1109",0.791715385989621,4.05688181759345e-06,0.0013865971734632,"Positive"
"ASV_559","ASV_1109",0.659505108208996,0.000455442957357111,0.0405018915649716,"Positive"
"ASV_604","ASV_1109",0.722315118514615,6.73043204786339e-05,0.0100480105982096,"Positive"
"ASV_648","ASV_1109",0.722315118514615,6.73043204786339e-05,0.0100480105982096,"Positive"
"ASV_688","ASV_1109",0.791715385989621,4.05688181759345e-06,0.0013865971734632,"Positive"
"ASV_698","ASV_1109",0.722315118514615,6.73043204786339e-05,0.0100480105982096,"Positive"
"ASV_748","ASV_1109",0.66868535272509,0.000354113544959178,0.0405018915649716,"Positive"
"ASV_808","ASV_1109",0.722315118514615,6.73043204786339e-05,0.0100480105982096,"Positive"
"ASV_859","ASV_1109",0.700793417678486,0.0001367333000033,0.0195580794299619,"Positive"
"ASV_971","ASV_1109",0.735693488280004,4.19013851384875e-05,0.0100480105982096,"Positive"
"ASV_1000","ASV_1109",0.722315118514615,6.73043204786339e-05,0.0100480105982096,"Positive"
"ASV_1009","ASV_1109",0.722315118514615,6.73043204786339e-05,0.0100480105982096,"Positive"
"ASV_1065","ASV_1109",0.659505108208996,0.000455442957357111,0.0405018915649716,"Positive"
"ASV_1074","ASV_1109",0.722315118514615,6.73043204786339e-05,0.0100480105982096,"Positive"
"ASV_1099","ASV_1109",0.659505108208996,0.000455442957357111,0.0405018915649716,"Positive"
"ASV_314","ASV_1111",0.659505108208996,0.000455442957357111,0.0405018915649716,"Positive"
"ASV_457","ASV_1111",0.722315118514615,6.73043204786339e-05,0.0100480105982096,"Positive"
"ASV_461","ASV_1111",0.722315118514615,6.73043204786339e-05,0.0100480105982096,"Positive"
"ASV_599","ASV_1111",0.722315118514615,6.73043204786339e-05,0.0100480105982096,"Positive"
"ASV_692","ASV_1111",0.722315118514615,6.73043204786339e-05,0.0100480105982096,"Positive"
"ASV_787","ASV_1111",0.659505108208996,0.000455442957357111,0.0405018915649716,"Positive"
"ASV_806","ASV_1111",0.722315118514615,6.73043204786339e-05,0.0100480105982096,"Positive"
"ASV_825","ASV_1111",0.659505108208996,0.000455442957357111,0.0405018915649716,"Positive"
"ASV_994","ASV_1111",0.659505108208996,0.000455442957357111,0.0405018915649716,"Positive"
"ASV_1011","ASV_1111",0.659505108208996,0.000455442957357111,0.0405018915649716,"Positive"
"ASV_1098","ASV_1111",0.722315118514615,6.73043204786339e-05,0.0100480105982096,"Positive"
"ASV_419","ASV_1113",0.659505108208996,0.000455442957357111,0.0405018915649716,"Positive"
"ASV_534","ASV_1113",1,0,0,"Positive"
"ASV_682","ASV_1113",1,0,0,"Positive"
"ASV_714","ASV_1113",1,0,0,"Positive"
"ASV_837","ASV_1113",0.659505108208996,0.000455442957357111,0.0405018915649716,"Positive"
"ASV_882","ASV_1113",1,0,0,"Positive"
"ASV_914","ASV_1113",1,0,0,"Positive"
"ASV_950","ASV_1113",0.659505108208996,0.000455442957357111,0.0405018915649716,"Positive"
"ASV_1056","ASV_1113",0.659505108208996,0.000455442957357111,0.0405018915649716,"Positive"
"ASV_429","ASV_1114",0.738485493928126,3.78223100505615e-05,0.0100480105982096,"Positive"
"ASV_571","ASV_1114",0.859535262889054,7.44774373284685e-08,3.03601198868585e-05,"Positive"
"ASV_618","ASV_1114",0.700793417678486,0.0001367333000033,0.0195580794299619,"Positive"
"ASV_731","ASV_1114",0.66868535272509,0.000354113544959178,0.0405018915649716,"Positive"
"ASV_764","ASV_1114",0.689132155927106,0.000195834561169894,0.0276448980506981,"Positive"
"ASV_67","ASV_1120",1,0,0,"Positive"
"ASV_72","ASV_1120",1,0,0,"Positive"
"ASV_297","ASV_1120",1,0,0,"Positive"
"ASV_506","ASV_1120",1,0,0,"Positive"
"ASV_567","ASV_1120",0.722315118514615,6.73043204786339e-05,0.0100480105982096,"Positive"
"ASV_575","ASV_1120",0.659505108208996,0.000455442957357111,0.0405018915649716,"Positive"
"ASV_615","ASV_1120",0.659505108208996,0.000455442957357111,0.0405018915649716,"Positive"
"ASV_668","ASV_1120",0.722315118514615,6.73043204786339e-05,0.0100480105982096,"Positive"
"ASV_707","ASV_1120",1,0,0,"Positive"
"ASV_773","ASV_1120",0.659505108208996,0.000455442957357111,0.0405018915649716,"Positive"
"ASV_927","ASV_1120",1,0,0,"Positive"
"ASV_950","ASV_1120",0.722315118514615,6.73043204786339e-05,0.0100480105982096,"Positive"
"ASV_1028","ASV_1120",0.722315118514615,6.73043204786339e-05,0.0100480105982096,"Positive"
"ASV_1047","ASV_1120",0.722315118514615,6.73043204786339e-05,0.0100480105982096,"Positive"
"ASV_1094","ASV_1120",1,0,0,"Positive"
"ASV_17","ASV_1124",0.722315118514615,6.73043204786339e-05,0.0100480105982096,"Positive"
"ASV_79","ASV_1124",1,0,0,"Positive"
"ASV_89","ASV_1124",0.659505108208996,0.000455442957357111,0.0405018915649716,"Positive"
"ASV_186","ASV_1124",0.659505108208996,0.000455442957357111,0.0405018915649716,"Positive"
"ASV_198","ASV_1124",0.659505108208996,0.000455442957357111,0.0405018915649716,"Positive"
"ASV_286","ASV_1124",1,0,0,"Positive"
"ASV_372","ASV_1124",0.659505108208996,0.000455442957357111,0.0405018915649716,"Positive"
"ASV_405","ASV_1124",0.659505108208996,0.000455442957357111,0.0405018915649716,"Positive"
"ASV_429","ASV_1124",0.659505108208996,0.000455442957357111,0.0405018915649716,"Positive"
"ASV_529","ASV_1124",0.659505108208996,0.000455442957357111,0.0405018915649716,"Positive"
"ASV_626","ASV_1124",1,0,0,"Positive"
"ASV_645","ASV_1124",0.659505108208996,0.000455442957357111,0.0405018915649716,"Positive"
"ASV_668","ASV_1124",0.659505108208996,0.000455442957357111,0.0405018915649716,"Positive"
"ASV_677","ASV_1124",0.659505108208996,0.000455442957357111,0.0405018915649716,"Positive"
"ASV_678","ASV_1124",1,0,0,"Positive"
"ASV_715","ASV_1124",0.659505108208996,0.000455442957357111,0.0405018915649716,"Positive"
"ASV_731","ASV_1124",0.659505108208996,0.000455442957357111,0.0405018915649716,"Positive"
"ASV_750","ASV_1124",1,0,0,"Positive"
"ASV_751","ASV_1124",0.659505108208996,0.000455442957357111,0.0405018915649716,"Positive"
"ASV_791","ASV_1124",0.722315118514615,6.73043204786339e-05,0.0100480105982096,"Positive"
"ASV_800","ASV_1124",0.659505108208996,0.000455442957357111,0.0405018915649716,"Positive"
"ASV_801","ASV_1124",0.659505108208996,0.000455442957357111,0.0405018915649716,"Positive"
"ASV_895","ASV_1124",1,0,0,"Positive"
"ASV_961","ASV_1124",0.722315118514615,6.73043204786339e-05,0.0100480105982096,"Positive"
"ASV_995","ASV_1124",0.722315118514615,6.73043204786339e-05,0.0100480105982096,"Positive"
"ASV_1047","ASV_1124",0.659505108208996,0.000455442957357111,0.0405018915649716,"Positive"
"ASV_1056","ASV_1124",0.722315118514615,6.73043204786339e-05,0.0100480105982096,"Positive"
"ASV_19","ASV_1126",1,0,0,"Positive"
"ASV_269","ASV_1126",1,0,0,"Positive"
"ASV_332","ASV_1126",1,0,0,"Positive"
"ASV_544","ASV_1126",1,0,0,"Positive"
"ASV_627","ASV_1126",0.722315118514615,6.73043204786339e-05,0.0100480105982096,"Positive"
"ASV_801","ASV_1126",0.722315118514615,6.73043204786339e-05,0.0100480105982096,"Positive"
"ASV_885","ASV_1126",0.722315118514615,6.73043204786339e-05,0.0100480105982096,"Positive"
"ASV_1015","ASV_1126",0.659505108208996,0.000455442957357111,0.0405018915649716,"Positive"
"ASV_1085","ASV_1126",1,0,0,"Positive"
"ASV_1093","ASV_1126",0.659505108208996,0.000455442957357111,0.0405018915649716,"Positive"
"ASV_36","ASV_1133",0.722315118514615,6.73043204786339e-05,0.0100480105982096,"Positive"
"ASV_314","ASV_1133",0.659505108208996,0.000455442957357111,0.0405018915649716,"Positive"
"ASV_787","ASV_1133",0.659505108208996,0.000455442957357111,0.0405018915649716,"Positive"
"ASV_807","ASV_1133",0.675303252441909,0.000293788279681184,0.0400780439368084,"Positive"
"ASV_825","ASV_1133",0.659505108208996,0.000455442957357111,0.0405018915649716,"Positive"
"ASV_994","ASV_1133",0.659505108208996,0.000455442957357111,0.0405018915649716,"Positive"
"ASV_1011","ASV_1133",0.659505108208996,0.000455442957357111,0.0405018915649716,"Positive"
"ASV_419","ASV_1138",0.659505108208996,0.000455442957357111,0.0405018915649716,"Positive"
"ASV_534","ASV_1138",1,0,0,"Positive"
"ASV_682","ASV_1138",1,0,0,"Positive"
"ASV_714","ASV_1138",1,0,0,"Positive"
"ASV_837","ASV_1138",0.659505108208996,0.000455442957357111,0.0405018915649716,"Positive"
"ASV_882","ASV_1138",1,0,0,"Positive"
"ASV_914","ASV_1138",1,0,0,"Positive"
"ASV_950","ASV_1138",0.659505108208996,0.000455442957357111,0.0405018915649716,"Positive"
"ASV_1056","ASV_1138",0.659505108208996,0.000455442957357111,0.0405018915649716,"Positive"
"ASV_1113","ASV_1138",1,0,0,"Positive"
"ASV_193","ASV_1140",1,0,0,"Positive"
"ASV_336","ASV_1140",1,0,0,"Positive"
"ASV_481","ASV_1140",1,0,0,"Positive"
"ASV_618","ASV_1140",0.722315118514615,6.73043204786339e-05,0.0100480105982096,"Positive"
"ASV_731","ASV_1140",0.722315118514615,6.73043204786339e-05,0.0100480105982096,"Positive"
"ASV_862","ASV_1140",0.659505108208996,0.000455442957357111,0.0405018915649716,"Positive"
"ASV_883","ASV_1140",0.722315118514615,6.73043204786339e-05,0.0100480105982096,"Positive"
"ASV_991","ASV_1140",1,0,0,"Positive"
"ASV_1108","ASV_1140",0.659505108208996,0.000455442957357111,0.0405018915649716,"Positive"
"ASV_21","ASV_1143",0.659505108208996,0.000455442957357111,0.0405018915649716,"Positive"
"ASV_165","ASV_1143",0.722315118514615,6.73043204786339e-05,0.0100480105982096,"Positive"
"ASV_244","ASV_1143",0.722315118514615,6.73043204786339e-05,0.0100480105982096,"Positive"
"ASV_373","ASV_1143",0.659505108208996,0.000455442957357111,0.0405018915649716,"Positive"
"ASV_419","ASV_1143",0.722315118514615,6.73043204786339e-05,0.0100480105982096,"Positive"
"ASV_464","ASV_1143",1,0,0,"Positive"
"ASV_471","ASV_1143",0.659505108208996,0.000455442957357111,0.0405018915649716,"Positive"
"ASV_529","ASV_1143",0.722315118514615,6.73043204786339e-05,0.0100480105982096,"Positive"
"ASV_565","ASV_1143",0.722315118514615,6.73043204786339e-05,0.0100480105982096,"Positive"
"ASV_593","ASV_1143",0.722315118514615,6.73043204786339e-05,0.0100480105982096,"Positive"
"ASV_700","ASV_1143",0.659505108208996,0.000455442957357111,0.0405018915649716,"Positive"
"ASV_722","ASV_1143",1,0,0,"Positive"
"ASV_1073","ASV_1143",0.722315118514615,6.73043204786339e-05,0.0100480105982096,"Positive"
"ASV_139","ASV_1144",0.659505108208996,0.000455442957357111,0.0405018915649716,"Positive"
"ASV_179","ASV_1144",0.722315118514615,6.73043204786339e-05,0.0100480105982096,"Positive"
"ASV_314","ASV_1144",1,0,0,"Positive"
"ASV_563","ASV_1144",0.659505108208996,0.000455442957357111,0.0405018915649716,"Positive"
"ASV_567","ASV_1144",0.659505108208996,0.000455442957357111,0.0405018915649716,"Positive"
"ASV_719","ASV_1144",0.659505108208996,0.000455442957357111,0.0405018915649716,"Positive"
"ASV_745","ASV_1144",0.722315118514615,6.73043204786339e-05,0.0100480105982096,"Positive"
"ASV_787","ASV_1144",1,0,0,"Positive"
"ASV_791","ASV_1144",0.659505108208996,0.000455442957357111,0.0405018915649716,"Positive"
"ASV_825","ASV_1144",1,0,0,"Positive"
"ASV_883","ASV_1144",0.659505108208996,0.000455442957357111,0.0405018915649716,"Positive"
"ASV_994","ASV_1144",1,0,0,"Positive"
"ASV_1011","ASV_1144",1,0,0,"Positive"
"ASV_1060","ASV_1144",0.659505108208996,0.000455442957357111,0.0405018915649716,"Positive"
"ASV_1111","ASV_1144",0.659505108208996,0.000455442957357111,0.0405018915649716,"Positive"
"ASV_1133","ASV_1144",0.659505108208996,0.000455442957357111,0.0405018915649716,"Positive"
"ASV_397","ASV_1145",0.656641250426967,0.000491801356337529,0.0435778712110334,"Positive"
"ASV_719","ASV_1149",0.758595818049816,1.73893664801028e-05,0.00556823014963849,"Positive"
"ASV_457","ASV_1153",0.722315118514615,6.73043204786339e-05,0.0100480105982096,"Positive"
"ASV_461","ASV_1153",0.722315118514615,6.73043204786339e-05,0.0100480105982096,"Positive"
"ASV_464","ASV_1153",0.659505108208996,0.000455442957357111,0.0405018915649716,"Positive"
"ASV_599","ASV_1153",0.722315118514615,6.73043204786339e-05,0.0100480105982096,"Positive"
"ASV_692","ASV_1153",0.722315118514615,6.73043204786339e-05,0.0100480105982096,"Positive"
"ASV_722","ASV_1153",0.659505108208996,0.000455442957357111,0.0405018915649716,"Positive"
"ASV_806","ASV_1153",0.722315118514615,6.73043204786339e-05,0.0100480105982096,"Positive"
"ASV_1098","ASV_1153",0.722315118514615,6.73043204786339e-05,0.0100480105982096,"Positive"
"ASV_1143","ASV_1153",0.659505108208996,0.000455442957357111,0.0405018915649716,"Positive"
"ASV_457","ASV_1154",0.659505108208996,0.000455442957357111,0.0405018915649716,"Positive"
"ASV_461","ASV_1154",0.659505108208996,0.000455442957357111,0.0405018915649716,"Positive"
"ASV_599","ASV_1154",0.659505108208996,0.000455442957357111,0.0405018915649716,"Positive"
"ASV_692","ASV_1154",0.659505108208996,0.000455442957357111,0.0405018915649716,"Positive"
"ASV_806","ASV_1154",0.659505108208996,0.000455442957357111,0.0405018915649716,"Positive"
"ASV_1098","ASV_1154",0.659505108208996,0.000455442957357111,0.0405018915649716,"Positive"
"ASV_1100","ASV_1154",0.722315118514615,6.73043204786339e-05,0.0100480105982096,"Positive"
"ASV_139","ASV_1155",0.831143443060818,4.90887142934326e-07,0.000184814186187824,"Positive"
"ASV_1060","ASV_1155",0.831143443060818,4.90887142934326e-07,0.000184814186187824,"Positive"
"ASV_653","ASV_1156",0.834297687626513,4.051897504187e-07,0.000157537500877277,"Positive"
"ASV_820","ASV_1156",0.70593144062378,0.000116095641685021,0.0168649214278453,"Positive"
"ASV_1052","ASV_1161",0.831143443060818,4.90887142934326e-07,0.000184814186187824,"Positive"
"ASV_19","ASV_1162",0.659505108208996,0.000455442957357111,0.0405018915649716,"Positive"
"ASV_269","ASV_1162",0.659505108208996,0.000455442957357111,0.0405018915649716,"Positive"
"ASV_332","ASV_1162",0.659505108208996,0.000455442957357111,0.0405018915649716,"Positive"
"ASV_474","ASV_1162",0.722315118514615,6.73043204786339e-05,0.0100480105982096,"Positive"
"ASV_544","ASV_1162",0.659505108208996,0.000455442957357111,0.0405018915649716,"Positive"
"ASV_592","ASV_1162",0.722315118514615,6.73043204786339e-05,0.0100480105982096,"Positive"
"ASV_646","ASV_1162",0.706377428974729,0.000114440181750552,0.0166314425956192,"Positive"
"ASV_775","ASV_1162",0.722315118514615,6.73043204786339e-05,0.0100480105982096,"Positive"
"ASV_1085","ASV_1162",0.659505108208996,0.000455442957357111,0.0405018915649716,"Positive"
"ASV_1126","ASV_1162",0.659505108208996,0.000455442957357111,0.0405018915649716,"Positive"
"ASV_92","ASV_1163",1,0,0,"Positive"
"ASV_139","ASV_1163",0.722315118514615,6.73043204786339e-05,0.0100480105982096,"Positive"
"ASV_302","ASV_1163",0.659505108208996,0.000455442957357111,0.0405018915649716,"Positive"
"ASV_547","ASV_1163",1,0,0,"Positive"
"ASV_575","ASV_1163",0.722315118514615,6.73043204786339e-05,0.0100480105982096,"Positive"
"ASV_579","ASV_1163",0.722315118514615,6.73043204786339e-05,0.0100480105982096,"Positive"
"ASV_596","ASV_1163",0.722315118514615,6.73043204786339e-05,0.0100480105982096,"Positive"
"ASV_645","ASV_1163",0.722315118514615,6.73043204786339e-05,0.0100480105982096,"Positive"
"ASV_743","ASV_1163",1,0,0,"Positive"
"ASV_823","ASV_1163",1,0,0,"Positive"
"ASV_974","ASV_1163",1,0,0,"Positive"
"ASV_975","ASV_1163",1,0,0,"Positive"
"ASV_990","ASV_1163",1,0,0,"Positive"
"ASV_1060","ASV_1163",0.722315118514615,6.73043204786339e-05,0.0100480105982096,"Positive"
"ASV_36","ASV_1164",1,0,0,"Positive"
"ASV_186","ASV_1164",0.722315118514615,6.73043204786339e-05,0.0100480105982096,"Positive"
"ASV_198","ASV_1164",0.722315118514615,6.73043204786339e-05,0.0100480105982096,"Positive"
"ASV_372","ASV_1164",0.722315118514615,6.73043204786339e-05,0.0100480105982096,"Positive"
"ASV_405","ASV_1164",0.722315118514615,6.73043204786339e-05,0.0100480105982096,"Positive"
"ASV_615","ASV_1164",0.722315118514615,6.73043204786339e-05,0.0100480105982096,"Positive"
"ASV_773","ASV_1164",0.722315118514615,6.73043204786339e-05,0.0100480105982096,"Positive"
"ASV_1133","ASV_1164",0.722315118514615,6.73043204786339e-05,0.0100480105982096,"Positive"
"ASV_753","ASV_1171",0.791715385989621,4.05688181759345e-06,0.0013865971734632,"Positive"
"ASV_509","ASV_1173",0.70998242661761,0.000101799453870566,0.0150094350829725,"Positive"
"ASV_964","ASV_1173",0.758595818049816,1.73893664801028e-05,0.00556823014963849,"Positive"
"ASV_1111","ASV_1173",0.831143443060818,4.90887142934326e-07,0.000184814186187824,"Positive"
"ASV_79","ASV_1176",0.659505108208996,0.000455442957357111,0.0405018915649716,"Positive"
"ASV_286","ASV_1176",0.659505108208996,0.000455442957357111,0.0405018915649716,"Positive"
"ASV_546","ASV_1176",0.722315118514615,6.73043204786339e-05,0.0100480105982096,"Positive"
"ASV_626","ASV_1176",0.659505108208996,0.000455442957357111,0.0405018915649716,"Positive"
"ASV_678","ASV_1176",0.659505108208996,0.000455442957357111,0.0405018915649716,"Positive"
"ASV_680","ASV_1176",0.722315118514615,6.73043204786339e-05,0.0100480105982096,"Positive"
"ASV_735","ASV_1176",0.722315118514615,6.73043204786339e-05,0.0100480105982096,"Positive"
"ASV_750","ASV_1176",0.659505108208996,0.000455442957357111,0.0405018915649716,"Positive"
"ASV_854","ASV_1176",0.834297687626513,4.051897504187e-07,0.000157537500877277,"Positive"
"ASV_895","ASV_1176",0.659505108208996,0.000455442957357111,0.0405018915649716,"Positive"
"ASV_1057","ASV_1176",0.722315118514615,6.73043204786339e-05,0.0100480105982096,"Positive"
"ASV_1124","ASV_1176",0.659505108208996,0.000455442957357111,0.0405018915649716,"Positive"
"ASV_888","ASV_1177",0.690529525211062,0.000187744193439254,0.0265571785358607,"Positive"
"ASV_79","ASV_1178",0.722315118514615,6.73043204786339e-05,0.0100480105982096,"Positive"
"ASV_286","ASV_1178",0.722315118514615,6.73043204786339e-05,0.0100480105982096,"Positive"
"ASV_521","ASV_1178",0.665893347076968,0.000382622375766362,0.0405018915649716,"Positive"
"ASV_581","ASV_1178",0.659505108208996,0.000455442957357111,0.0405018915649716,"Positive"
"ASV_626","ASV_1178",0.722315118514615,6.73043204786339e-05,0.0100480105982096,"Positive"
"ASV_678","ASV_1178",0.722315118514615,6.73043204786339e-05,0.0100480105982096,"Positive"
"ASV_750","ASV_1178",0.722315118514615,6.73043204786339e-05,0.0100480105982096,"Positive"
"ASV_772","ASV_1178",0.755441573484121,1.97379231001715e-05,0.00613235932427086,"Positive"
"ASV_895","ASV_1178",0.722315118514615,6.73043204786339e-05,0.0100480105982096,"Positive"
"ASV_905","ASV_1178",0.758595818049816,1.73893664801028e-05,0.00556823014963849,"Positive"
"ASV_924","ASV_1178",0.831143443060818,4.90887142934326e-07,0.000184814186187824,"Positive"
"ASV_996","ASV_1178",0.791715385989621,4.05688181759345e-06,0.0013865971734632,"Positive"
"ASV_1089","ASV_1178",0.659505108208996,0.000455442957357111,0.0405018915649716,"Positive"
"ASV_1124","ASV_1178",0.722315118514615,6.73043204786339e-05,0.0100480105982096,"Positive"
"ASV_36","ASV_1183",1,0,0,"Positive"
"ASV_186","ASV_1183",0.722315118514615,6.73043204786339e-05,0.0100480105982096,"Positive"
"ASV_198","ASV_1183",0.722315118514615,6.73043204786339e-05,0.0100480105982096,"Positive"
"ASV_372","ASV_1183",0.722315118514615,6.73043204786339e-05,0.0100480105982096,"Positive"
"ASV_405","ASV_1183",0.722315118514615,6.73043204786339e-05,0.0100480105982096,"Positive"
"ASV_615","ASV_1183",0.722315118514615,6.73043204786339e-05,0.0100480105982096,"Positive"
"ASV_773","ASV_1183",0.722315118514615,6.73043204786339e-05,0.0100480105982096,"Positive"
"ASV_1133","ASV_1183",0.722315118514615,6.73043204786339e-05,0.0100480105982096,"Positive"
"ASV_1164","ASV_1183",1,0,0,"Positive"
"ASV_133","ASV_1187",0.722315118514615,6.73043204786339e-05,0.0100480105982096,"Positive"
"ASV_546","ASV_1187",1,0,0,"Positive"
"ASV_653","ASV_1187",0.659505108208996,0.000455442957357111,0.0405018915649716,"Positive"
"ASV_680","ASV_1187",1,0,0,"Positive"
"ASV_735","ASV_1187",1,0,0,"Positive"
"ASV_1057","ASV_1187",1,0,0,"Positive"
"ASV_1075","ASV_1187",0.722315118514615,6.73043204786339e-05,0.0100480105982096,"Positive"
"ASV_1176","ASV_1187",0.722315118514615,6.73043204786339e-05,0.0100480105982096,"Positive"
"ASV_33","ASV_1189",0.722315118514615,6.73043204786339e-05,0.0100480105982096,"Positive"
"ASV_74","ASV_1189",1,0,0,"Positive"
"ASV_165","ASV_1189",0.659505108208996,0.000455442957357111,0.0405018915649716,"Positive"
"ASV_338","ASV_1189",0.659505108208996,0.000455442957357111,0.0405018915649716,"Positive"
"ASV_404","ASV_1189",1,0,0,"Positive"
"ASV_430","ASV_1189",1,0,0,"Positive"
"ASV_460","ASV_1189",1,0,0,"Positive"
"ASV_563","ASV_1189",0.722315118514615,6.73043204786339e-05,0.0100480105982096,"Positive"
"ASV_653","ASV_1189",0.722315118514615,6.73043204786339e-05,0.0100480105982096,"Positive"
"ASV_671","ASV_1189",1,0,0,"Positive"
"ASV_779","ASV_1189",0.722315118514615,6.73043204786339e-05,0.0100480105982096,"Positive"
"ASV_903","ASV_1189",1,0,0,"Positive"
"ASV_1087","ASV_1189",1,0,0,"Positive"
"ASV_133","ASV_1190",0.722315118514615,6.73043204786339e-05,0.0100480105982096,"Positive"
"ASV_546","ASV_1190",1,0,0,"Positive"
"ASV_653","ASV_1190",0.659505108208996,0.000455442957357111,0.0405018915649716,"Positive"
"ASV_680","ASV_1190",1,0,0,"Positive"
"ASV_735","ASV_1190",1,0,0,"Positive"
"ASV_1057","ASV_1190",1,0,0,"Positive"
"ASV_1075","ASV_1190",0.722315118514615,6.73043204786339e-05,0.0100480105982096,"Positive"
"ASV_1176","ASV_1190",0.722315118514615,6.73043204786339e-05,0.0100480105982096,"Positive"
"ASV_1187","ASV_1190",1,0,0,"Positive"
"ASV_153","ASV_1192",1,0,0,"Positive"
"ASV_259","ASV_1192",1,0,0,"Positive"
"ASV_306","ASV_1192",1,0,0,"Positive"
"ASV_343","ASV_1192",1,0,0,"Positive"
"ASV_455","ASV_1192",0.722315118514615,6.73043204786339e-05,0.0100480105982096,"Positive"
"ASV_830","ASV_1192",1,0,0,"Positive"
"ASV_864","ASV_1192",1,0,0,"Positive"
"ASV_885","ASV_1192",0.659505108208996,0.000455442957357111,0.0405018915649716,"Positive"
"ASV_910","ASV_1192",1,0,0,"Positive"
"ASV_912","ASV_1192",1,0,0,"Positive"
"ASV_1046","ASV_1192",0.722315118514615,6.73043204786339e-05,0.0100480105982096,"Positive"
"ASV_1052","ASV_1192",0.722315118514615,6.73043204786339e-05,0.0100480105982096,"Positive"
"ASV_419","ASV_1195",0.758595818049816,1.73893664801028e-05,0.00556823014963849,"Positive"
"ASV_495","ASV_1199",0.671477358373211,0.000327466498742712,0.0405018915649716,"Positive"
"ASV_520","ASV_1199",0.701546391752577,0.000133521675063086,0.0192503981900632,"Positive"
"ASV_801","ASV_1199",0.674269364021332,0.000302578177247659,0.0405018915649716,"Positive"
"ASV_834","ASV_1199",0.671477358373211,0.000327466498742712,0.0405018915649716,"Positive"
"ASV_1015","ASV_1199",0.735693488280004,4.19013851384875e-05,0.0100480105982096,"Positive"
"ASV_1093","ASV_1199",0.735693488280004,4.19013851384875e-05,0.0100480105982096,"Positive"
"ASV_546","ASV_1200",0.722315118514615,6.73043204786339e-05,0.0100480105982096,"Positive"
"ASV_581","ASV_1200",0.659505108208996,0.000455442957357111,0.0405018915649716,"Positive"
"ASV_680","ASV_1200",0.722315118514615,6.73043204786339e-05,0.0100480105982096,"Positive"
"ASV_735","ASV_1200",0.722315118514615,6.73043204786339e-05,0.0100480105982096,"Positive"
"ASV_1057","ASV_1200",0.722315118514615,6.73043204786339e-05,0.0100480105982096,"Positive"
"ASV_1089","ASV_1200",0.659505108208996,0.000455442957357111,0.0405018915649716,"Positive"
"ASV_1187","ASV_1200",0.722315118514615,6.73043204786339e-05,0.0100480105982096,"Positive"
"ASV_1190","ASV_1200",0.722315118514615,6.73043204786339e-05,0.0100480105982096,"Positive"
"ASV_125","ASV_1203",0.735693488280004,4.19013851384875e-05,0.0100480105982096,"Positive"
"ASV_289","ASV_1203",0.738485493928126,3.78223100505615e-05,0.0100480105982096,"Positive"
"ASV_433","ASV_1203",0.659505108208996,0.000455442957357111,0.0405018915649716,"Positive"
"ASV_560","ASV_1203",0.758595818049816,1.73893664801028e-05,0.00556823014963849,"Positive"
"ASV_604","ASV_1203",0.659505108208996,0.000455442957357111,0.0405018915649716,"Positive"
"ASV_648","ASV_1203",0.659505108208996,0.000455442957357111,0.0405018915649716,"Positive"
"ASV_698","ASV_1203",0.659505108208996,0.000455442957357111,0.0405018915649716,"Positive"
"ASV_808","ASV_1203",0.659505108208996,0.000455442957357111,0.0405018915649716,"Positive"
"ASV_930","ASV_1203",0.755441573484121,1.97379231001715e-05,0.00613235932427086,"Positive"
"ASV_971","ASV_1203",0.66868535272509,0.000354113544959178,0.0405018915649716,"Positive"
"ASV_1000","ASV_1203",0.659505108208996,0.000455442957357111,0.0405018915649716,"Positive"
"ASV_1009","ASV_1203",0.659505108208996,0.000455442957357111,0.0405018915649716,"Positive"
"ASV_1074","ASV_1203",0.659505108208996,0.000455442957357111,0.0405018915649716,"Positive"
"ASV_1086","ASV_1203",0.831143443060818,4.90887142934326e-07,0.000184814186187824,"Positive"
"ASV_1100","ASV_1203",0.722315118514615,6.73043204786339e-05,0.0100480105982096,"Positive"
"ASV_193","ASV_1206",0.659505108208996,0.000455442957357111,0.0405018915649716,"Positive"
"ASV_336","ASV_1206",0.659505108208996,0.000455442957357111,0.0405018915649716,"Positive"
"ASV_464","ASV_1206",0.722315118514615,6.73043204786339e-05,0.0100480105982096,"Positive"
"ASV_481","ASV_1206",0.659505108208996,0.000455442957357111,0.0405018915649716,"Positive"
"ASV_722","ASV_1206",0.722315118514615,6.73043204786339e-05,0.0100480105982096,"Positive"
"ASV_991","ASV_1206",0.659505108208996,0.000455442957357111,0.0405018915649716,"Positive"
"ASV_1140","ASV_1206",0.659505108208996,0.000455442957357111,0.0405018915649716,"Positive"
"ASV_1143","ASV_1206",0.722315118514615,6.73043204786339e-05,0.0100480105982096,"Positive"
"ASV_119","ASV_1208",1,0,0,"Positive"
"ASV_264","ASV_1208",1,0,0,"Positive"
"ASV_423","ASV_1208",1,0,0,"Positive"
"ASV_429","ASV_1208",0.722315118514615,6.73043204786339e-05,0.0100480105982096,"Positive"
"ASV_618","ASV_1208",0.659505108208996,0.000455442957357111,0.0405018915649716,"Positive"
"ASV_757","ASV_1208",0.722315118514615,6.73043204786339e-05,0.0100480105982096,"Positive"
"ASV_758","ASV_1208",1,0,0,"Positive"
"ASV_952","ASV_1208",1,0,0,"Positive"
"ASV_1081","ASV_1208",1,0,0,"Positive"
"ASV_43","ASV_1209",0.801301166487357,2.53510946546243e-06,0.000933052855716862,"Positive"
"ASV_685","ASV_1209",0.684057508660789,0.000227827808854553,0.0319519468485666,"Positive"
"ASV_186","ASV_1211",0.671477358373211,0.000327466498742712,0.0405018915649716,"Positive"
"ASV_198","ASV_1211",0.671477358373211,0.000327466498742712,0.0405018915649716,"Positive"
"ASV_372","ASV_1211",0.671477358373211,0.000327466498742712,0.0405018915649716,"Positive"
"ASV_405","ASV_1211",0.671477358373211,0.000327466498742712,0.0405018915649716,"Positive"
"ASV_946","ASV_1211",0.721134020618557,7.00898566206032e-05,0.0104367609686806,"Positive"
"ASV_995","ASV_1212",0.755441573484121,1.97379231001715e-05,0.00613235932427086,"Positive"
"ASV_534","ASV_1213",0.722315118514615,6.73043204786339e-05,0.0100480105982096,"Positive"
"ASV_551","ASV_1213",0.735693488280004,4.19013851384875e-05,0.0100480105982096,"Positive"
"ASV_682","ASV_1213",0.722315118514615,6.73043204786339e-05,0.0100480105982096,"Positive"
"ASV_714","ASV_1213",0.722315118514615,6.73043204786339e-05,0.0100480105982096,"Positive"
"ASV_736","ASV_1213",0.791715385989621,4.05688181759345e-06,0.0013865971734632,"Positive"
"ASV_882","ASV_1213",0.722315118514615,6.73043204786339e-05,0.0100480105982096,"Positive"
"ASV_914","ASV_1213",0.722315118514615,6.73043204786339e-05,0.0100480105982096,"Positive"
"ASV_1086","ASV_1213",0.755441573484121,1.97379231001715e-05,0.00613235932427086,"Positive"
"ASV_1100","ASV_1213",0.659505108208996,0.000455442957357111,0.0405018915649716,"Positive"
"ASV_1113","ASV_1213",0.722315118514615,6.73043204786339e-05,0.0100480105982096,"Positive"
"ASV_1138","ASV_1213",0.722315118514615,6.73043204786339e-05,0.0100480105982096,"Positive"
"ASV_244","ASV_1214",0.706377428974729,0.000114440181750552,0.0166314425956192,"Positive"
"ASV_757","ASV_1214",0.671477358373211,0.000327466498742712,0.0405018915649716,"Positive"
"ASV_780","ASV_1214",0.691237113402062,0.000183759777471648,0.0260469854738019,"Positive"
"ASV_815","ASV_1214",0.671787972669513,0.000324612536534818,0.0405018915649716,"Positive"
"ASV_21","ASV_1217",0.66868535272509,0.000354113544959178,0.0405018915649716,"Positive"
"ASV_284","ASV_1217",0.66610562493979,0.000380387038735996,0.0405018915649716,"Positive"
"ASV_319","ASV_1217",0.666903356227143,0.000372087673205623,0.0405018915649716,"Positive"
"ASV_463","ASV_1217",0.826770042063026,6.3642747560877e-07,0.000239086668165379,"Positive"
"ASV_565","ASV_1217",0.671477358373211,0.000327466498742712,0.0405018915649716,"Positive"
"ASV_92","ASV_1221",0.722315118514615,6.73043204786339e-05,0.0100480105982096,"Positive"
"ASV_457","ASV_1221",0.659505108208996,0.000455442957357111,0.0405018915649716,"Positive"
"ASV_461","ASV_1221",0.659505108208996,0.000455442957357111,0.0405018915649716,"Positive"
"ASV_547","ASV_1221",0.722315118514615,6.73043204786339e-05,0.0100480105982096,"Positive"
"ASV_596","ASV_1221",1,0,0,"Positive"
"ASV_599","ASV_1221",0.659505108208996,0.000455442957357111,0.0405018915649716,"Positive"
"ASV_692","ASV_1221",0.659505108208996,0.000455442957357111,0.0405018915649716,"Positive"
"ASV_743","ASV_1221",0.722315118514615,6.73043204786339e-05,0.0100480105982096,"Positive"
"ASV_806","ASV_1221",0.659505108208996,0.000455442957357111,0.0405018915649716,"Positive"
"ASV_823","ASV_1221",0.722315118514615,6.73043204786339e-05,0.0100480105982096,"Positive"
"ASV_974","ASV_1221",0.722315118514615,6.73043204786339e-05,0.0100480105982096,"Positive"
"ASV_975","ASV_1221",0.722315118514615,6.73043204786339e-05,0.0100480105982096,"Positive"
"ASV_990","ASV_1221",0.722315118514615,6.73043204786339e-05,0.0100480105982096,"Positive"
"ASV_1098","ASV_1221",0.659505108208996,0.000455442957357111,0.0405018915649716,"Positive"
"ASV_1163","ASV_1221",0.722315118514615,6.73043204786339e-05,0.0100480105982096,"Positive"
"ASV_339","ASV_1224",0.682068969391427,0.000241553118641047,0.0337807040795396,"Positive"
"ASV_380","ASV_1224",0.751915279816668,2.26911487457571e-05,0.00700103779237678,"Positive"
"ASV_574","ASV_1224",0.678947368421053,0.000264551357584297,0.0365669354442119,"Positive"
"ASV_677","ASV_1224",0.834297687626513,4.051897504187e-07,0.000157537500877277,"Positive"
"ASV_747","ASV_1224",0.678947368421053,0.000264551357584297,0.0365669354442119,"Positive"
"ASV_338","ASV_1225",0.671477358373211,0.000327466498742712,0.0405018915649716,"Positive"
"ASV_563","ASV_1225",0.700793417678486,0.0001367333000033,0.0195580794299619,"Positive"
"ASV_866","ASV_1225",0.710824742268041,9.90285619089093e-05,0.0146196425525325,"Positive"
"ASV_118","ASV_1226",0.675303252441909,0.000293788279681184,0.0400780439368084,"Positive"
"ASV_150","ASV_1226",0.722315118514615,6.73043204786339e-05,0.0100480105982096,"Positive"
"ASV_342","ASV_1226",0.722315118514615,6.73043204786339e-05,0.0100480105982096,"Positive"
"ASV_576","ASV_1226",0.706377428974729,0.000114440181750552,0.0166314425956192,"Positive"
"ASV_581","ASV_1226",0.659505108208996,0.000455442957357111,0.0405018915649716,"Positive"
"ASV_704","ASV_1226",0.722315118514615,6.73043204786339e-05,0.0100480105982096,"Positive"
"ASV_1013","ASV_1226",0.706377428974729,0.000114440181750552,0.0166314425956192,"Positive"
"ASV_1089","ASV_1226",0.659505108208996,0.000455442957357111,0.0405018915649716,"Positive"
"ASV_41","ASV_1227",1,0,0,"Positive"
"ASV_88","ASV_1227",0.722315118514615,6.73043204786339e-05,0.0100480105982096,"Positive"
"ASV_179","ASV_1227",0.659505108208996,0.000455442957357111,0.0405018915649716,"Positive"
"ASV_268","ASV_1227",1,0,0,"Positive"
"ASV_373","ASV_1227",0.722315118514615,6.73043204786339e-05,0.0100480105982096,"Positive"
"ASV_390","ASV_1227",1,0,0,"Positive"
"ASV_412","ASV_1227",1,0,0,"Positive"
"ASV_424","ASV_1227",1,0,0,"Positive"
"ASV_524","ASV_1227",0.722315118514615,6.73043204786339e-05,0.0100480105982096,"Positive"
"ASV_559","ASV_1227",1,0,0,"Positive"
"ASV_697","ASV_1227",0.722315118514615,6.73043204786339e-05,0.0100480105982096,"Positive"
"ASV_715","ASV_1227",0.722315118514615,6.73043204786339e-05,0.0100480105982096,"Positive"
"ASV_795","ASV_1227",0.722315118514615,6.73043204786339e-05,0.0100480105982096,"Positive"
"ASV_1003","ASV_1227",0.722315118514615,6.73043204786339e-05,0.0100480105982096,"Positive"
"ASV_1065","ASV_1227",1,0,0,"Positive"
"ASV_1099","ASV_1227",1,0,0,"Positive"
"ASV_1109","ASV_1227",0.659505108208996,0.000455442957357111,0.0405018915649716,"Positive"
"ASV_19","ASV_1229",1,0,0,"Positive"
"ASV_269","ASV_1229",1,0,0,"Positive"
"ASV_332","ASV_1229",1,0,0,"Positive"
"ASV_544","ASV_1229",1,0,0,"Positive"
"ASV_627","ASV_1229",0.722315118514615,6.73043204786339e-05,0.0100480105982096,"Positive"
"ASV_801","ASV_1229",0.722315118514615,6.73043204786339e-05,0.0100480105982096,"Positive"
"ASV_885","ASV_1229",0.722315118514615,6.73043204786339e-05,0.0100480105982096,"Positive"
"ASV_1015","ASV_1229",0.659505108208996,0.000455442957357111,0.0405018915649716,"Positive"
"ASV_1085","ASV_1229",1,0,0,"Positive"
"ASV_1093","ASV_1229",0.659505108208996,0.000455442957357111,0.0405018915649716,"Positive"
"ASV_1126","ASV_1229",1,0,0,"Positive"
"ASV_1162","ASV_1229",0.659505108208996,0.000455442957357111,0.0405018915649716,"Positive"
"ASV_19","ASV_1230",1,0,0,"Positive"
"ASV_269","ASV_1230",1,0,0,"Positive"
"ASV_332","ASV_1230",1,0,0,"Positive"
"ASV_544","ASV_1230",1,0,0,"Positive"
"ASV_627","ASV_1230",0.722315118514615,6.73043204786339e-05,0.0100480105982096,"Positive"
"ASV_801","ASV_1230",0.722315118514615,6.73043204786339e-05,0.0100480105982096,"Positive"
"ASV_885","ASV_1230",0.722315118514615,6.73043204786339e-05,0.0100480105982096,"Positive"
"ASV_1015","ASV_1230",0.659505108208996,0.000455442957357111,0.0405018915649716,"Positive"
"ASV_1085","ASV_1230",1,0,0,"Positive"
"ASV_1093","ASV_1230",0.659505108208996,0.000455442957357111,0.0405018915649716,"Positive"
"ASV_1126","ASV_1230",1,0,0,"Positive"
"ASV_1162","ASV_1230",0.659505108208996,0.000455442957357111,0.0405018915649716,"Positive"
"ASV_1229","ASV_1230",1,0,0,"Positive"
"ASV_19","ASV_1231",0.722315118514615,6.73043204786339e-05,0.0100480105982096,"Positive"
"ASV_123","ASV_1231",0.659505108208996,0.000455442957357111,0.0405018915649716,"Positive"
"ASV_269","ASV_1231",0.722315118514615,6.73043204786339e-05,0.0100480105982096,"Positive"
"ASV_332","ASV_1231",0.722315118514615,6.73043204786339e-05,0.0100480105982096,"Positive"
"ASV_520","ASV_1231",0.706377428974729,0.000114440181750552,0.0166314425956192,"Positive"
"ASV_544","ASV_1231",0.722315118514615,6.73043204786339e-05,0.0100480105982096,"Positive"
"ASV_654","ASV_1231",0.659505108208996,0.000455442957357111,0.0405018915649716,"Positive"
"ASV_1015","ASV_1231",0.996219281663516,0,0,"Positive"
"ASV_1049","ASV_1231",0.659505108208996,0.000455442957357111,0.0405018915649716,"Positive"
"ASV_1085","ASV_1231",0.722315118514615,6.73043204786339e-05,0.0100480105982096,"Positive"
"ASV_1092","ASV_1231",0.659505108208996,0.000455442957357111,0.0405018915649716,"Positive"
"ASV_1093","ASV_1231",0.996219281663516,0,0,"Positive"
"ASV_1126","ASV_1231",0.722315118514615,6.73043204786339e-05,0.0100480105982096,"Positive"
"ASV_1199","ASV_1231",0.738485493928126,3.78223100505615e-05,0.0100480105982096,"Positive"
"ASV_1229","ASV_1231",0.722315118514615,6.73043204786339e-05,0.0100480105982096,"Positive"
"ASV_1230","ASV_1231",0.722315118514615,6.73043204786339e-05,0.0100480105982096,"Positive"
"ASV_33","ASV_1232",0.722315118514615,6.73043204786339e-05,0.0100480105982096,"Positive"
"ASV_74","ASV_1232",1,0,0,"Positive"
"ASV_165","ASV_1232",0.659505108208996,0.000455442957357111,0.0405018915649716,"Positive"
"ASV_338","ASV_1232",0.659505108208996,0.000455442957357111,0.0405018915649716,"Positive"
"ASV_404","ASV_1232",1,0,0,"Positive"
"ASV_430","ASV_1232",1,0,0,"Positive"
"ASV_460","ASV_1232",1,0,0,"Positive"
"ASV_563","ASV_1232",0.722315118514615,6.73043204786339e-05,0.0100480105982096,"Positive"
"ASV_653","ASV_1232",0.722315118514615,6.73043204786339e-05,0.0100480105982096,"Positive"
"ASV_671","ASV_1232",1,0,0,"Positive"
"ASV_779","ASV_1232",0.722315118514615,6.73043204786339e-05,0.0100480105982096,"Positive"
"ASV_903","ASV_1232",1,0,0,"Positive"
"ASV_1087","ASV_1232",1,0,0,"Positive"
"ASV_1189","ASV_1232",1,0,0,"Positive"
"ASV_21","ASV_1233",1,0,0,"Positive"
"ASV_175","ASV_1233",0.675303252441909,0.000293788279681184,0.0400780439368084,"Positive"
"ASV_349","ASV_1233",0.791715385989621,4.05688181759345e-06,0.0013865971734632,"Positive"
"ASV_433","ASV_1233",0.722315118514615,6.73043204786339e-05,0.0100480105982096,"Positive"
"ASV_464","ASV_1233",0.659505108208996,0.000455442957357111,0.0405018915649716,"Positive"
"ASV_565","ASV_1233",0.996219281663516,0,0,"Positive"
"ASV_604","ASV_1233",0.722315118514615,6.73043204786339e-05,0.0100480105982096,"Positive"
"ASV_648","ASV_1233",0.722315118514615,6.73043204786339e-05,0.0100480105982096,"Positive"
"ASV_698","ASV_1233",0.722315118514615,6.73043204786339e-05,0.0100480105982096,"Positive"
"ASV_722","ASV_1233",0.659505108208996,0.000455442957357111,0.0405018915649716,"Positive"
"ASV_746","ASV_1233",0.674269364021332,0.000302578177247659,0.0405018915649716,"Positive"
"ASV_808","ASV_1233",0.722315118514615,6.73043204786339e-05,0.0100480105982096,"Positive"
"ASV_1000","ASV_1233",0.722315118514615,6.73043204786339e-05,0.0100480105982096,"Positive"
"ASV_1009","ASV_1233",0.722315118514615,6.73043204786339e-05,0.0100480105982096,"Positive"
"ASV_1074","ASV_1233",0.722315118514615,6.73043204786339e-05,0.0100480105982096,"Positive"
"ASV_1143","ASV_1233",0.659505108208996,0.000455442957357111,0.0405018915649716,"Positive"
"ASV_1217","ASV_1233",0.66868535272509,0.000354113544959178,0.0405018915649716,"Positive"
"ASV_67","ASV_1234",0.722315118514615,6.73043204786339e-05,0.0100480105982096,"Positive"
"ASV_72","ASV_1234",0.722315118514615,6.73043204786339e-05,0.0100480105982096,"Positive"
"ASV_254","ASV_1234",0.706377428974729,0.000114440181750552,0.0166314425956192,"Positive"
"ASV_297","ASV_1234",0.722315118514615,6.73043204786339e-05,0.0100480105982096,"Positive"
"ASV_433","ASV_1234",0.659505108208996,0.000455442957357111,0.0405018915649716,"Positive"
"ASV_458","ASV_1234",0.66868535272509,0.000354113544959178,0.0405018915649716,"Positive"
"ASV_506","ASV_1234",0.722315118514615,6.73043204786339e-05,0.0100480105982096,"Positive"
"ASV_604","ASV_1234",0.659505108208996,0.000455442957357111,0.0405018915649716,"Positive"
"ASV_648","ASV_1234",0.659505108208996,0.000455442957357111,0.0405018915649716,"Positive"
"ASV_698","ASV_1234",0.659505108208996,0.000455442957357111,0.0405018915649716,"Positive"
"ASV_707","ASV_1234",0.722315118514615,6.73043204786339e-05,0.0100480105982096,"Positive"
"ASV_808","ASV_1234",0.659505108208996,0.000455442957357111,0.0405018915649716,"Positive"
"ASV_873","ASV_1234",0.665893347076968,0.000382622375766362,0.0405018915649716,"Positive"
"ASV_927","ASV_1234",0.722315118514615,6.73043204786339e-05,0.0100480105982096,"Positive"
"ASV_1000","ASV_1234",0.659505108208996,0.000455442957357111,0.0405018915649716,"Positive"
"ASV_1009","ASV_1234",0.659505108208996,0.000455442957357111,0.0405018915649716,"Positive"
"ASV_1074","ASV_1234",0.659505108208996,0.000455442957357111,0.0405018915649716,"Positive"
"ASV_1094","ASV_1234",0.722315118514615,6.73043204786339e-05,0.0100480105982096,"Positive"
"ASV_1120","ASV_1234",0.722315118514615,6.73043204786339e-05,0.0100480105982096,"Positive"
"ASV_89","ASV_1235",0.700793417678486,0.0001367333000033,0.0195580794299619,"Positive"
"ASV_751","ASV_1235",0.700793417678486,0.0001367333000033,0.0195580794299619,"Positive"
"ASV_1178","ASV_1235",0.674269364021332,0.000302578177247659,0.0405018915649716,"Positive"
"ASV_419","ASV_1237",0.659505108208996,0.000455442957357111,0.0405018915649716,"Positive"
"ASV_534","ASV_1237",1,0,0,"Positive"
"ASV_682","ASV_1237",1,0,0,"Positive"
"ASV_714","ASV_1237",1,0,0,"Positive"
"ASV_837","ASV_1237",0.659505108208996,0.000455442957357111,0.0405018915649716,"Positive"
"ASV_882","ASV_1237",1,0,0,"Positive"
"ASV_914","ASV_1237",1,0,0,"Positive"
"ASV_950","ASV_1237",0.659505108208996,0.000455442957357111,0.0405018915649716,"Positive"
"ASV_1056","ASV_1237",0.659505108208996,0.000455442957357111,0.0405018915649716,"Positive"
"ASV_1113","ASV_1237",1,0,0,"Positive"
"ASV_1138","ASV_1237",1,0,0,"Positive"
"ASV_1213","ASV_1237",0.722315118514615,6.73043204786339e-05,0.0100480105982096,"Positive"
"ASV_19","ASV_1238",1,0,0,"Positive"
"ASV_269","ASV_1238",1,0,0,"Positive"
"ASV_332","ASV_1238",1,0,0,"Positive"
"ASV_544","ASV_1238",1,0,0,"Positive"
"ASV_627","ASV_1238",0.722315118514615,6.73043204786339e-05,0.0100480105982096,"Positive"
"ASV_801","ASV_1238",0.722315118514615,6.73043204786339e-05,0.0100480105982096,"Positive"
"ASV_885","ASV_1238",0.722315118514615,6.73043204786339e-05,0.0100480105982096,"Positive"
"ASV_1015","ASV_1238",0.659505108208996,0.000455442957357111,0.0405018915649716,"Positive"
"ASV_1085","ASV_1238",1,0,0,"Positive"
"ASV_1093","ASV_1238",0.659505108208996,0.000455442957357111,0.0405018915649716,"Positive"
"ASV_1126","ASV_1238",1,0,0,"Positive"
"ASV_1162","ASV_1238",0.659505108208996,0.000455442957357111,0.0405018915649716,"Positive"
"ASV_1229","ASV_1238",1,0,0,"Positive"
"ASV_1230","ASV_1238",1,0,0,"Positive"
"ASV_1231","ASV_1238",0.722315118514615,6.73043204786339e-05,0.0100480105982096,"Positive"
"ASV_92","ASV_1239",0.659505108208996,0.000455442957357111,0.0405018915649716,"Positive"
"ASV_456","ASV_1239",0.672750121052715,0.000315908823334876,0.0405018915649716,"Positive"
"ASV_547","ASV_1239",0.659505108208996,0.000455442957357111,0.0405018915649716,"Positive"
"ASV_743","ASV_1239",0.659505108208996,0.000455442957357111,0.0405018915649716,"Positive"
"ASV_783","ASV_1239",0.722315118514615,6.73043204786339e-05,0.0100480105982096,"Positive"
"ASV_823","ASV_1239",0.659505108208996,0.000455442957357111,0.0405018915649716,"Positive"
"ASV_877","ASV_1239",0.722315118514615,6.73043204786339e-05,0.0100480105982096,"Positive"
"ASV_974","ASV_1239",0.659505108208996,0.000455442957357111,0.0405018915649716,"Positive"
"ASV_975","ASV_1239",0.659505108208996,0.000455442957357111,0.0405018915649716,"Positive"
"ASV_984","ASV_1239",0.722315118514615,6.73043204786339e-05,0.0100480105982096,"Positive"
"ASV_990","ASV_1239",0.659505108208996,0.000455442957357111,0.0405018915649716,"Positive"
"ASV_1022","ASV_1239",0.722315118514615,6.73043204786339e-05,0.0100480105982096,"Positive"
"ASV_1027","ASV_1239",0.722315118514615,6.73043204786339e-05,0.0100480105982096,"Positive"
"ASV_1155","ASV_1239",0.755441573484121,1.97379231001715e-05,0.00613235932427086,"Positive"
"ASV_1163","ASV_1239",0.659505108208996,0.000455442957357111,0.0405018915649716,"Positive"
"ASV_119","ASV_1240",1,0,0,"Positive"
"ASV_264","ASV_1240",1,0,0,"Positive"
"ASV_423","ASV_1240",1,0,0,"Positive"
"ASV_429","ASV_1240",0.722315118514615,6.73043204786339e-05,0.0100480105982096,"Positive"
"ASV_618","ASV_1240",0.659505108208996,0.000455442957357111,0.0405018915649716,"Positive"
"ASV_757","ASV_1240",0.722315118514615,6.73043204786339e-05,0.0100480105982096,"Positive"
"ASV_758","ASV_1240",1,0,0,"Positive"
"ASV_952","ASV_1240",1,0,0,"Positive"
"ASV_1081","ASV_1240",1,0,0,"Positive"
"ASV_1208","ASV_1240",1,0,0,"Positive"
"ASV_21","ASV_1242",0.659505108208996,0.000455442957357111,0.0405018915649716,"Positive"
"ASV_165","ASV_1242",0.722315118514615,6.73043204786339e-05,0.0100480105982096,"Positive"
"ASV_244","ASV_1242",0.722315118514615,6.73043204786339e-05,0.0100480105982096,"Positive"
"ASV_373","ASV_1242",0.659505108208996,0.000455442957357111,0.0405018915649716,"Positive"
"ASV_419","ASV_1242",0.722315118514615,6.73043204786339e-05,0.0100480105982096,"Positive"
"ASV_464","ASV_1242",1,0,0,"Positive"
"ASV_471","ASV_1242",0.659505108208996,0.000455442957357111,0.0405018915649716,"Positive"
"ASV_529","ASV_1242",0.722315118514615,6.73043204786339e-05,0.0100480105982096,"Positive"
"ASV_565","ASV_1242",0.722315118514615,6.73043204786339e-05,0.0100480105982096,"Positive"
"ASV_593","ASV_1242",0.722315118514615,6.73043204786339e-05,0.0100480105982096,"Positive"
"ASV_700","ASV_1242",0.659505108208996,0.000455442957357111,0.0405018915649716,"Positive"
"ASV_722","ASV_1242",1,0,0,"Positive"
"ASV_1073","ASV_1242",0.722315118514615,6.73043204786339e-05,0.0100480105982096,"Positive"
"ASV_1143","ASV_1242",1,0,0,"Positive"
"ASV_1153","ASV_1242",0.659505108208996,0.000455442957357111,0.0405018915649716,"Positive"
"ASV_1206","ASV_1242",0.722315118514615,6.73043204786339e-05,0.0100480105982096,"Positive"
"ASV_1233","ASV_1242",0.659505108208996,0.000455442957357111,0.0405018915649716,"Positive"
"ASV_820","ASV_1246",0.686484931502754,0.00021199762200963,0.0298410448630004,"Positive"
"ASV_1075","ASV_1246",0.672750121052715,0.000315908823334876,0.0405018915649716,"Positive"
"ASV_17","ASV_1249",0.722315118514615,6.73043204786339e-05,0.0100480105982096,"Positive"
"ASV_79","ASV_1249",1,0,0,"Positive"
"ASV_89","ASV_1249",0.659505108208996,0.000455442957357111,0.0405018915649716,"Positive"
"ASV_186","ASV_1249",0.659505108208996,0.000455442957357111,0.0405018915649716,"Positive"
"ASV_198","ASV_1249",0.659505108208996,0.000455442957357111,0.0405018915649716,"Positive"
"ASV_286","ASV_1249",1,0,0,"Positive"
"ASV_372","ASV_1249",0.659505108208996,0.000455442957357111,0.0405018915649716,"Positive"
"ASV_405","ASV_1249",0.659505108208996,0.000455442957357111,0.0405018915649716,"Positive"
"ASV_429","ASV_1249",0.659505108208996,0.000455442957357111,0.0405018915649716,"Positive"
"ASV_529","ASV_1249",0.659505108208996,0.000455442957357111,0.0405018915649716,"Positive"
"ASV_626","ASV_1249",1,0,0,"Positive"
"ASV_645","ASV_1249",0.659505108208996,0.000455442957357111,0.0405018915649716,"Positive"
"ASV_668","ASV_1249",0.659505108208996,0.000455442957357111,0.0405018915649716,"Positive"
"ASV_677","ASV_1249",0.659505108208996,0.000455442957357111,0.0405018915649716,"Positive"
"ASV_678","ASV_1249",1,0,0,"Positive"
"ASV_715","ASV_1249",0.659505108208996,0.000455442957357111,0.0405018915649716,"Positive"
"ASV_731","ASV_1249",0.659505108208996,0.000455442957357111,0.0405018915649716,"Positive"
"ASV_750","ASV_1249",1,0,0,"Positive"
"ASV_751","ASV_1249",0.659505108208996,0.000455442957357111,0.0405018915649716,"Positive"
"ASV_791","ASV_1249",0.722315118514615,6.73043204786339e-05,0.0100480105982096,"Positive"
"ASV_800","ASV_1249",0.659505108208996,0.000455442957357111,0.0405018915649716,"Positive"
"ASV_801","ASV_1249",0.659505108208996,0.000455442957357111,0.0405018915649716,"Positive"
"ASV_895","ASV_1249",1,0,0,"Positive"
"ASV_961","ASV_1249",0.722315118514615,6.73043204786339e-05,0.0100480105982096,"Positive"
"ASV_995","ASV_1249",0.722315118514615,6.73043204786339e-05,0.0100480105982096,"Positive"
"ASV_1047","ASV_1249",0.659505108208996,0.000455442957357111,0.0405018915649716,"Positive"
"ASV_1056","ASV_1249",0.722315118514615,6.73043204786339e-05,0.0100480105982096,"Positive"
"ASV_1124","ASV_1249",1,0,0,"Positive"
"ASV_1176","ASV_1249",0.659505108208996,0.000455442957357111,0.0405018915649716,"Positive"
"ASV_1178","ASV_1249",0.722315118514615,6.73043204786339e-05,0.0100480105982096,"Positive"
"ASV_17","ASV_1250",0.722315118514615,6.73043204786339e-05,0.0100480105982096,"Positive"
"ASV_79","ASV_1250",1,0,0,"Positive"
"ASV_89","ASV_1250",0.659505108208996,0.000455442957357111,0.0405018915649716,"Positive"
"ASV_186","ASV_1250",0.659505108208996,0.000455442957357111,0.0405018915649716,"Positive"
"ASV_198","ASV_1250",0.659505108208996,0.000455442957357111,0.0405018915649716,"Positive"
"ASV_286","ASV_1250",1,0,0,"Positive"
"ASV_372","ASV_1250",0.659505108208996,0.000455442957357111,0.0405018915649716,"Positive"
"ASV_405","ASV_1250",0.659505108208996,0.000455442957357111,0.0405018915649716,"Positive"
"ASV_429","ASV_1250",0.659505108208996,0.000455442957357111,0.0405018915649716,"Positive"
"ASV_529","ASV_1250",0.659505108208996,0.000455442957357111,0.0405018915649716,"Positive"
"ASV_626","ASV_1250",1,0,0,"Positive"
"ASV_645","ASV_1250",0.659505108208996,0.000455442957357111,0.0405018915649716,"Positive"
"ASV_668","ASV_1250",0.659505108208996,0.000455442957357111,0.0405018915649716,"Positive"
"ASV_677","ASV_1250",0.659505108208996,0.000455442957357111,0.0405018915649716,"Positive"
"ASV_678","ASV_1250",1,0,0,"Positive"
"ASV_715","ASV_1250",0.659505108208996,0.000455442957357111,0.0405018915649716,"Positive"
"ASV_731","ASV_1250",0.659505108208996,0.000455442957357111,0.0405018915649716,"Positive"
"ASV_750","ASV_1250",1,0,0,"Positive"
"ASV_751","ASV_1250",0.659505108208996,0.000455442957357111,0.0405018915649716,"Positive"
"ASV_791","ASV_1250",0.722315118514615,6.73043204786339e-05,0.0100480105982096,"Positive"
"ASV_800","ASV_1250",0.659505108208996,0.000455442957357111,0.0405018915649716,"Positive"
"ASV_801","ASV_1250",0.659505108208996,0.000455442957357111,0.0405018915649716,"Positive"
"ASV_895","ASV_1250",1,0,0,"Positive"
"ASV_961","ASV_1250",0.722315118514615,6.73043204786339e-05,0.0100480105982096,"Positive"
"ASV_995","ASV_1250",0.722315118514615,6.73043204786339e-05,0.0100480105982096,"Positive"
"ASV_1047","ASV_1250",0.659505108208996,0.000455442957357111,0.0405018915649716,"Positive"
"ASV_1056","ASV_1250",0.722315118514615,6.73043204786339e-05,0.0100480105982096,"Positive"
"ASV_1124","ASV_1250",1,0,0,"Positive"
"ASV_1176","ASV_1250",0.659505108208996,0.000455442957357111,0.0405018915649716,"Positive"
"ASV_1178","ASV_1250",0.722315118514615,6.73043204786339e-05,0.0100480105982096,"Positive"
"ASV_1249","ASV_1250",1,0,0,"Positive"
"ASV_92","ASV_1253",1,0,0,"Positive"
"ASV_139","ASV_1253",0.722315118514615,6.73043204786339e-05,0.0100480105982096,"Positive"
"ASV_302","ASV_1253",0.659505108208996,0.000455442957357111,0.0405018915649716,"Positive"
"ASV_547","ASV_1253",1,0,0,"Positive"
"ASV_575","ASV_1253",0.722315118514615,6.73043204786339e-05,0.0100480105982096,"Positive"
"ASV_579","ASV_1253",0.722315118514615,6.73043204786339e-05,0.0100480105982096,"Positive"
"ASV_596","ASV_1253",0.722315118514615,6.73043204786339e-05,0.0100480105982096,"Positive"
"ASV_645","ASV_1253",0.722315118514615,6.73043204786339e-05,0.0100480105982096,"Positive"
"ASV_743","ASV_1253",1,0,0,"Positive"
"ASV_823","ASV_1253",1,0,0,"Positive"
"ASV_974","ASV_1253",1,0,0,"Positive"
"ASV_975","ASV_1253",1,0,0,"Positive"
"ASV_990","ASV_1253",1,0,0,"Positive"
"ASV_1060","ASV_1253",0.722315118514615,6.73043204786339e-05,0.0100480105982096,"Positive"
"ASV_1163","ASV_1253",1,0,0,"Positive"
"ASV_1221","ASV_1253",0.722315118514615,6.73043204786339e-05,0.0100480105982096,"Positive"
"ASV_1239","ASV_1253",0.659505108208996,0.000455442957357111,0.0405018915649716,"Positive"
"ASV_21","ASV_1258",0.722315118514615,6.73043204786339e-05,0.0100480105982096,"Positive"
"ASV_88","ASV_1258",0.659505108208996,0.000455442957357111,0.0405018915649716,"Positive"
"ASV_433","ASV_1258",1,0,0,"Positive"
"ASV_477","ASV_1258",0.722315118514615,6.73043204786339e-05,0.0100480105982096,"Positive"
"ASV_565","ASV_1258",0.659505108208996,0.000455442957357111,0.0405018915649716,"Positive"
"ASV_579","ASV_1258",0.659505108208996,0.000455442957357111,0.0405018915649716,"Positive"
"ASV_604","ASV_1258",1,0,0,"Positive"
"ASV_648","ASV_1258",1,0,0,"Positive"
"ASV_698","ASV_1258",1,0,0,"Positive"
"ASV_719","ASV_1258",0.722315118514615,6.73043204786339e-05,0.0100480105982096,"Positive"
"ASV_753","ASV_1258",0.659505108208996,0.000455442957357111,0.0405018915649716,"Positive"
"ASV_800","ASV_1258",0.722315118514615,6.73043204786339e-05,0.0100480105982096,"Positive"
"ASV_808","ASV_1258",1,0,0,"Positive"
"ASV_837","ASV_1258",0.722315118514615,6.73043204786339e-05,0.0100480105982096,"Positive"
"ASV_872","ASV_1258",0.722315118514615,6.73043204786339e-05,0.0100480105982096,"Positive"
"ASV_1000","ASV_1258",1,0,0,"Positive"
"ASV_1009","ASV_1258",1,0,0,"Positive"
"ASV_1016","ASV_1258",0.659505108208996,0.000455442957357111,0.0405018915649716,"Positive"
"ASV_1046","ASV_1258",0.659505108208996,0.000455442957357111,0.0405018915649716,"Positive"
"ASV_1074","ASV_1258",1,0,0,"Positive"
"ASV_1075","ASV_1258",0.659505108208996,0.000455442957357111,0.0405018915649716,"Positive"
"ASV_1108","ASV_1258",0.722315118514615,6.73043204786339e-05,0.0100480105982096,"Positive"
"ASV_1109","ASV_1258",0.722315118514615,6.73043204786339e-05,0.0100480105982096,"Positive"
"ASV_1203","ASV_1258",0.659505108208996,0.000455442957357111,0.0405018915649716,"Positive"
"ASV_1233","ASV_1258",0.722315118514615,6.73043204786339e-05,0.0100480105982096,"Positive"
"ASV_1234","ASV_1258",0.659505108208996,0.000455442957357111,0.0405018915649716,"Positive"
"ASV_667","ASV_1259",0.707919979893142,0.000108872533941096,0.0159907693430988,"Positive"
"ASV_1086","ASV_1259",0.678947368421053,0.000264551357584297,0.0365669354442119,"Positive"
"ASV_1203","ASV_1259",0.834297687626513,4.051897504187e-07,0.000157537500877277,"Positive"
"ASV_67","ASV_1260",0.659505108208996,0.000455442957357111,0.0405018915649716,"Positive"
"ASV_72","ASV_1260",0.659505108208996,0.000455442957357111,0.0405018915649716,"Positive"
"ASV_297","ASV_1260",0.659505108208996,0.000455442957357111,0.0405018915649716,"Positive"
"ASV_506","ASV_1260",0.659505108208996,0.000455442957357111,0.0405018915649716,"Positive"
"ASV_707","ASV_1260",0.659505108208996,0.000455442957357111,0.0405018915649716,"Positive"
"ASV_783","ASV_1260",0.722315118514615,6.73043204786339e-05,0.0100480105982096,"Positive"
"ASV_858","ASV_1260",0.798023875121013,2.98551019817239e-06,0.00105491595747205,"Positive"
"ASV_877","ASV_1260",0.722315118514615,6.73043204786339e-05,0.0100480105982096,"Positive"
"ASV_927","ASV_1260",0.659505108208996,0.000455442957357111,0.0405018915649716,"Positive"
"ASV_984","ASV_1260",0.722315118514615,6.73043204786339e-05,0.0100480105982096,"Positive"
"ASV_1022","ASV_1260",0.722315118514615,6.73043204786339e-05,0.0100480105982096,"Positive"
"ASV_1027","ASV_1260",0.722315118514615,6.73043204786339e-05,0.0100480105982096,"Positive"
"ASV_1094","ASV_1260",0.659505108208996,0.000455442957357111,0.0405018915649716,"Positive"
"ASV_1120","ASV_1260",0.659505108208996,0.000455442957357111,0.0405018915649716,"Positive"
"ASV_92","ASV_1261",0.659505108208996,0.000455442957357111,0.0405018915649716,"Positive"
"ASV_150","ASV_1261",0.722315118514615,6.73043204786339e-05,0.0100480105982096,"Positive"
"ASV_302","ASV_1261",1,0,0,"Positive"
"ASV_342","ASV_1261",0.722315118514615,6.73043204786339e-05,0.0100480105982096,"Positive"
"ASV_547","ASV_1261",0.659505108208996,0.000455442957357111,0.0405018915649716,"Positive"
"ASV_609","ASV_1261",0.758595818049816,1.73893664801028e-05,0.00556823014963849,"Positive"
"ASV_704","ASV_1261",0.722315118514615,6.73043204786339e-05,0.0100480105982096,"Positive"
"ASV_743","ASV_1261",0.659505108208996,0.000455442957357111,0.0405018915649716,"Positive"
"ASV_823","ASV_1261",0.659505108208996,0.000455442957357111,0.0405018915649716,"Positive"
"ASV_974","ASV_1261",0.659505108208996,0.000455442957357111,0.0405018915649716,"Positive"
"ASV_975","ASV_1261",0.659505108208996,0.000455442957357111,0.0405018915649716,"Positive"
"ASV_990","ASV_1261",0.659505108208996,0.000455442957357111,0.0405018915649716,"Positive"
"ASV_1163","ASV_1261",0.659505108208996,0.000455442957357111,0.0405018915649716,"Positive"
"ASV_1253","ASV_1261",0.659505108208996,0.000455442957357111,0.0405018915649716,"Positive"
"ASV_19","ASV_1262",1,0,0,"Positive"
"ASV_269","ASV_1262",1,0,0,"Positive"
"ASV_332","ASV_1262",1,0,0,"Positive"
"ASV_544","ASV_1262",1,0,0,"Positive"
"ASV_627","ASV_1262",0.722315118514615,6.73043204786339e-05,0.0100480105982096,"Positive"
"ASV_801","ASV_1262",0.722315118514615,6.73043204786339e-05,0.0100480105982096,"Positive"
"ASV_885","ASV_1262",0.722315118514615,6.73043204786339e-05,0.0100480105982096,"Positive"
"ASV_1015","ASV_1262",0.659505108208996,0.000455442957357111,0.0405018915649716,"Positive"
"ASV_1085","ASV_1262",1,0,0,"Positive"
"ASV_1093","ASV_1262",0.659505108208996,0.000455442957357111,0.0405018915649716,"Positive"
"ASV_1126","ASV_1262",1,0,0,"Positive"
"ASV_1162","ASV_1262",0.659505108208996,0.000455442957357111,0.0405018915649716,"Positive"
"ASV_1229","ASV_1262",1,0,0,"Positive"
"ASV_1230","ASV_1262",1,0,0,"Positive"
"ASV_1231","ASV_1262",0.722315118514615,6.73043204786339e-05,0.0100480105982096,"Positive"
"ASV_1238","ASV_1262",1,0,0,"Positive"
"ASV_468","ASV_1264",0.812319364229581,1.43006328956474e-06,0.000532590471226506,"Positive"
"ASV_795","ASV_1264",0.66868535272509,0.000354113544959178,0.0405018915649716,"Positive"
"ASV_588","ASV_1265",0.711443919146649,9.70340441686091e-05,0.014331325756834,"Positive"
"ASV_923","ASV_1265",0.662183576697799,0.000423568399973151,0.0405018915649716,"Positive"
"ASV_1200","ASV_1265",0.758595818049816,1.73893664801028e-05,0.00556823014963849,"Positive"
"ASV_36","ASV_1267",1,0,0,"Positive"
"ASV_186","ASV_1267",0.722315118514615,6.73043204786339e-05,0.0100480105982096,"Positive"
"ASV_198","ASV_1267",0.722315118514615,6.73043204786339e-05,0.0100480105982096,"Positive"
"ASV_372","ASV_1267",0.722315118514615,6.73043204786339e-05,0.0100480105982096,"Positive"
"ASV_405","ASV_1267",0.722315118514615,6.73043204786339e-05,0.0100480105982096,"Positive"
"ASV_615","ASV_1267",0.722315118514615,6.73043204786339e-05,0.0100480105982096,"Positive"
"ASV_773","ASV_1267",0.722315118514615,6.73043204786339e-05,0.0100480105982096,"Positive"
"ASV_1133","ASV_1267",0.722315118514615,6.73043204786339e-05,0.0100480105982096,"Positive"
"ASV_1164","ASV_1267",1,0,0,"Positive"
"ASV_1183","ASV_1267",1,0,0,"Positive"
"ASV_153","ASV_1269",1,0,0,"Positive"
"ASV_259","ASV_1269",1,0,0,"Positive"
"ASV_306","ASV_1269",1,0,0,"Positive"
"ASV_343","ASV_1269",1,0,0,"Positive"
"ASV_455","ASV_1269",0.722315118514615,6.73043204786339e-05,0.0100480105982096,"Positive"
"ASV_830","ASV_1269",1,0,0,"Positive"
"ASV_864","ASV_1269",1,0,0,"Positive"
"ASV_885","ASV_1269",0.659505108208996,0.000455442957357111,0.0405018915649716,"Positive"
"ASV_910","ASV_1269",1,0,0,"Positive"
"ASV_912","ASV_1269",1,0,0,"Positive"
"ASV_1046","ASV_1269",0.722315118514615,6.73043204786339e-05,0.0100480105982096,"Positive"
"ASV_1052","ASV_1269",0.722315118514615,6.73043204786339e-05,0.0100480105982096,"Positive"
"ASV_1192","ASV_1269",1,0,0,"Positive"
"ASV_67","ASV_1270",0.722315118514615,6.73043204786339e-05,0.0100480105982096,"Positive"
"ASV_72","ASV_1270",0.722315118514615,6.73043204786339e-05,0.0100480105982096,"Positive"
"ASV_297","ASV_1270",0.722315118514615,6.73043204786339e-05,0.0100480105982096,"Positive"
"ASV_458","ASV_1270",0.700793417678486,0.0001367333000033,0.0195580794299619,"Positive"
"ASV_506","ASV_1270",0.722315118514615,6.73043204786339e-05,0.0100480105982096,"Positive"
"ASV_521","ASV_1270",0.700793417678486,0.0001367333000033,0.0195580794299619,"Positive"
"ASV_581","ASV_1270",0.659505108208996,0.000455442957357111,0.0405018915649716,"Positive"
"ASV_707","ASV_1270",0.722315118514615,6.73043204786339e-05,0.0100480105982096,"Positive"
"ASV_905","ASV_1270",0.798023875121013,2.98551019817239e-06,0.00105491595747205,"Positive"
"ASV_927","ASV_1270",0.722315118514615,6.73043204786339e-05,0.0100480105982096,"Positive"
"ASV_1089","ASV_1270",0.659505108208996,0.000455442957357111,0.0405018915649716,"Positive"
"ASV_1094","ASV_1270",0.722315118514615,6.73043204786339e-05,0.0100480105982096,"Positive"
"ASV_1120","ASV_1270",0.722315118514615,6.73043204786339e-05,0.0100480105982096,"Positive"
"ASV_314","ASV_1275",0.659505108208996,0.000455442957357111,0.0405018915649716,"Positive"
"ASV_457","ASV_1275",0.722315118514615,6.73043204786339e-05,0.0100480105982096,"Positive"
"ASV_461","ASV_1275",0.722315118514615,6.73043204786339e-05,0.0100480105982096,"Positive"
"ASV_599","ASV_1275",0.722315118514615,6.73043204786339e-05,0.0100480105982096,"Positive"
"ASV_692","ASV_1275",0.722315118514615,6.73043204786339e-05,0.0100480105982096,"Positive"
"ASV_787","ASV_1275",0.659505108208996,0.000455442957357111,0.0405018915649716,"Positive"
"ASV_806","ASV_1275",0.722315118514615,6.73043204786339e-05,0.0100480105982096,"Positive"
"ASV_825","ASV_1275",0.659505108208996,0.000455442957357111,0.0405018915649716,"Positive"
"ASV_994","ASV_1275",0.659505108208996,0.000455442957357111,0.0405018915649716,"Positive"
"ASV_1011","ASV_1275",0.659505108208996,0.000455442957357111,0.0405018915649716,"Positive"
"ASV_1098","ASV_1275",0.722315118514615,6.73043204786339e-05,0.0100480105982096,"Positive"
"ASV_1111","ASV_1275",1,0,0,"Positive"
"ASV_1144","ASV_1275",0.659505108208996,0.000455442957357111,0.0405018915649716,"Positive"
"ASV_1173","ASV_1275",0.831143443060818,4.90887142934326e-07,0.000184814186187824,"Positive"
"ASV_1200","ASV_1276",0.674269364021332,0.000302578177247659,0.0405018915649716,"Positive"
"ASV_89","ASV_1286",0.722315118514615,6.73043204786339e-05,0.0100480105982096,"Positive"
"ASV_133","ASV_1286",0.659505108208996,0.000455442957357111,0.0405018915649716,"Positive"
"ASV_387","ASV_1286",0.659505108208996,0.000455442957357111,0.0405018915649716,"Positive"
"ASV_471","ASV_1286",0.722315118514615,6.73043204786339e-05,0.0100480105982096,"Positive"
"ASV_593","ASV_1286",0.659505108208996,0.000455442957357111,0.0405018915649716,"Positive"
"ASV_699","ASV_1286",0.722315118514615,6.73043204786339e-05,0.0100480105982096,"Positive"
"ASV_751","ASV_1286",0.722315118514615,6.73043204786339e-05,0.0100480105982096,"Positive"
"ASV_846","ASV_1286",0.722315118514615,6.73043204786339e-05,0.0100480105982096,"Positive"
"ASV_1052","ASV_1286",0.659505108208996,0.000455442957357111,0.0405018915649716,"Positive"
"ASV_1073","ASV_1286",0.659505108208996,0.000455442957357111,0.0405018915649716,"Positive"
"ASV_1100","ASV_1286",1,0,0,"Positive"
"ASV_1154","ASV_1286",0.722315118514615,6.73043204786339e-05,0.0100480105982096,"Positive"
"ASV_1203","ASV_1286",0.722315118514615,6.73043204786339e-05,0.0100480105982096,"Positive"
"ASV_1213","ASV_1286",0.659505108208996,0.000455442957357111,0.0405018915649716,"Positive"
"ASV_36","ASV_1287",1,0,0,"Positive"
"ASV_186","ASV_1287",0.722315118514615,6.73043204786339e-05,0.0100480105982096,"Positive"
"ASV_198","ASV_1287",0.722315118514615,6.73043204786339e-05,0.0100480105982096,"Positive"
"ASV_372","ASV_1287",0.722315118514615,6.73043204786339e-05,0.0100480105982096,"Positive"
"ASV_405","ASV_1287",0.722315118514615,6.73043204786339e-05,0.0100480105982096,"Positive"
"ASV_615","ASV_1287",0.722315118514615,6.73043204786339e-05,0.0100480105982096,"Positive"
"ASV_773","ASV_1287",0.722315118514615,6.73043204786339e-05,0.0100480105982096,"Positive"
"ASV_1133","ASV_1287",0.722315118514615,6.73043204786339e-05,0.0100480105982096,"Positive"
"ASV_1164","ASV_1287",1,0,0,"Positive"
"ASV_1183","ASV_1287",1,0,0,"Positive"
"ASV_1267","ASV_1287",1,0,0,"Positive"
"ASV_745","ASV_1288",0.834297687626513,4.051897504187e-07,0.000157537500877277,"Positive"
"ASV_791","ASV_1288",0.791715385989621,4.05688181759345e-06,0.0013865971734632,"Positive"
"ASV_853","ASV_1288",0.681578947368421,0.000245043846589965,0.0341442610724236,"Positive"
"ASV_1017","ASV_1288",0.662183576697799,0.000423568399973151,0.0405018915649716,"Positive"
"ASV_1178","ASV_1288",0.755441573484121,1.97379231001715e-05,0.00613235932427086,"Positive"
"ASV_581","ASV_1294",1,0,0,"Positive"
"ASV_745","ASV_1294",0.659505108208996,0.000455442957357111,0.0405018915649716,"Positive"
"ASV_1089","ASV_1294",1,0,0,"Positive"
"ASV_1178","ASV_1294",0.659505108208996,0.000455442957357111,0.0405018915649716,"Positive"
"ASV_1200","ASV_1294",0.659505108208996,0.000455442957357111,0.0405018915649716,"Positive"
"ASV_1226","ASV_1294",0.659505108208996,0.000455442957357111,0.0405018915649716,"Positive"
"ASV_1270","ASV_1294",0.659505108208996,0.000455442957357111,0.0405018915649716,"Positive"
"ASV_803","ASV_1295",1,0,0,"Positive"
"ASV_875","ASV_1295",0.722315118514615,6.73043204786339e-05,0.0100480105982096,"Positive"
"ASV_901","ASV_1295",1,0,0,"Positive"
"ASV_911","ASV_1295",1,0,0,"Positive"
"ASV_929","ASV_1295",1,0,0,"Positive"
"ASV_969","ASV_1295",1,0,0,"Positive"
"ASV_153","ASV_1296",1,0,0,"Positive"
"ASV_259","ASV_1296",1,0,0,"Positive"
"ASV_306","ASV_1296",1,0,0,"Positive"
"ASV_343","ASV_1296",1,0,0,"Positive"
"ASV_455","ASV_1296",0.722315118514615,6.73043204786339e-05,0.0100480105982096,"Positive"
"ASV_830","ASV_1296",1,0,0,"Positive"
"ASV_864","ASV_1296",1,0,0,"Positive"
"ASV_885","ASV_1296",0.659505108208996,0.000455442957357111,0.0405018915649716,"Positive"
"ASV_910","ASV_1296",1,0,0,"Positive"
"ASV_912","ASV_1296",1,0,0,"Positive"
"ASV_1046","ASV_1296",0.722315118514615,6.73043204786339e-05,0.0100480105982096,"Positive"
"ASV_1052","ASV_1296",0.722315118514615,6.73043204786339e-05,0.0100480105982096,"Positive"
"ASV_1192","ASV_1296",1,0,0,"Positive"
"ASV_1269","ASV_1296",1,0,0,"Positive"
"ASV_43","ASV_1297",0.66868535272509,0.000354113544959178,0.0405018915649716,"Positive"
"ASV_457","ASV_1297",0.659505108208996,0.000455442957357111,0.0405018915649716,"Positive"
"ASV_461","ASV_1297",0.659505108208996,0.000455442957357111,0.0405018915649716,"Positive"
"ASV_546","ASV_1297",0.722315118514615,6.73043204786339e-05,0.0100480105982096,"Positive"
"ASV_599","ASV_1297",0.659505108208996,0.000455442957357111,0.0405018915649716,"Positive"
"ASV_638","ASV_1297",0.738485493928126,3.78223100505615e-05,0.0100480105982096,"Positive"
"ASV_680","ASV_1297",0.722315118514615,6.73043204786339e-05,0.0100480105982096,"Positive"
"ASV_692","ASV_1297",0.659505108208996,0.000455442957357111,0.0405018915649716,"Positive"
"ASV_735","ASV_1297",0.722315118514615,6.73043204786339e-05,0.0100480105982096,"Positive"
"ASV_806","ASV_1297",0.659505108208996,0.000455442957357111,0.0405018915649716,"Positive"
"ASV_876","ASV_1297",0.675303252441909,0.000293788279681184,0.0400780439368084,"Positive"
"ASV_1057","ASV_1297",0.722315118514615,6.73043204786339e-05,0.0100480105982096,"Positive"
"ASV_1098","ASV_1297",0.659505108208996,0.000455442957357111,0.0405018915649716,"Positive"
"ASV_1187","ASV_1297",0.722315118514615,6.73043204786339e-05,0.0100480105982096,"Positive"
"ASV_1190","ASV_1297",0.722315118514615,6.73043204786339e-05,0.0100480105982096,"Positive"
"ASV_1209","ASV_1297",0.831143443060818,4.90887142934326e-07,0.000184814186187824,"Positive"
"ASV_79","ASV_1299",0.722315118514615,6.73043204786339e-05,0.0100480105982096,"Positive"
"ASV_119","ASV_1299",0.659505108208996,0.000455442957357111,0.0405018915649716,"Positive"
"ASV_264","ASV_1299",0.659505108208996,0.000455442957357111,0.0405018915649716,"Positive"
"ASV_286","ASV_1299",0.722315118514615,6.73043204786339e-05,0.0100480105982096,"Positive"
"ASV_423","ASV_1299",0.659505108208996,0.000455442957357111,0.0405018915649716,"Positive"
"ASV_429","ASV_1299",0.996219281663516,0,0,"Positive"
"ASV_571","ASV_1299",0.831143443060818,4.90887142934326e-07,0.000184814186187824,"Positive"
"ASV_626","ASV_1299",0.722315118514615,6.73043204786339e-05,0.0100480105982096,"Positive"
"ASV_655","ASV_1299",0.738485493928126,3.78223100505615e-05,0.0100480105982096,"Positive"
"ASV_678","ASV_1299",0.722315118514615,6.73043204786339e-05,0.0100480105982096,"Positive"
"ASV_750","ASV_1299",0.722315118514615,6.73043204786339e-05,0.0100480105982096,"Positive"
"ASV_758","ASV_1299",0.659505108208996,0.000455442957357111,0.0405018915649716,"Positive"
"ASV_895","ASV_1299",0.722315118514615,6.73043204786339e-05,0.0100480105982096,"Positive"
"ASV_946","ASV_1299",0.66868535272509,0.000354113544959178,0.0405018915649716,"Positive"
"ASV_952","ASV_1299",0.659505108208996,0.000455442957357111,0.0405018915649716,"Positive"
"ASV_1081","ASV_1299",0.659505108208996,0.000455442957357111,0.0405018915649716,"Positive"
"ASV_1114","ASV_1299",0.735693488280004,4.19013851384875e-05,0.0100480105982096,"Positive"
"ASV_1124","ASV_1299",0.722315118514615,6.73043204786339e-05,0.0100480105982096,"Positive"
"ASV_1208","ASV_1299",0.659505108208996,0.000455442957357111,0.0405018915649716,"Positive"
"ASV_1240","ASV_1299",0.659505108208996,0.000455442957357111,0.0405018915649716,"Positive"
"ASV_1249","ASV_1299",0.722315118514615,6.73043204786339e-05,0.0100480105982096,"Positive"
"ASV_1250","ASV_1299",0.722315118514615,6.73043204786339e-05,0.0100480105982096,"Positive"
"ASV_17","ASV_1305",0.659505108208996,0.000455442957357111,0.0405018915649716,"Positive"
"ASV_244","ASV_1305",0.659505108208996,0.000455442957357111,0.0405018915649716,"Positive"
"ASV_436","ASV_1305",1,0,0,"Positive"
"ASV_495","ASV_1305",0.659505108208996,0.000455442957357111,0.0405018915649716,"Positive"
"ASV_524","ASV_1305",0.659505108208996,0.000455442957357111,0.0405018915649716,"Positive"
"ASV_555","ASV_1305",1,0,0,"Positive"
"ASV_757","ASV_1305",0.659505108208996,0.000455442957357111,0.0405018915649716,"Positive"
"ASV_834","ASV_1305",0.659505108208996,0.000455442957357111,0.0405018915649716,"Positive"
"ASV_961","ASV_1305",0.659505108208996,0.000455442957357111,0.0405018915649716,"Positive"
"ASV_1014","ASV_1305",1,0,0,"Positive"
"ASV_21","ASV_1307",0.674269364021332,0.000302578177247659,0.0405018915649716,"Positive"
"ASV_477","ASV_1307",0.738485493928126,3.78223100505615e-05,0.0100480105982096,"Positive"
"ASV_565","ASV_1307",0.665893347076968,0.000382622375766362,0.0405018915649716,"Positive"
"ASV_1016","ASV_1307",0.700793417678486,0.0001367333000033,0.0195580794299619,"Positive"
"ASV_1233","ASV_1307",0.674269364021332,0.000302578177247659,0.0405018915649716,"Positive"
"ASV_36","ASV_1308",0.659505108208996,0.000455442957357111,0.0405018915649716,"Positive"
"ASV_433","ASV_1308",0.722315118514615,6.73043204786339e-05,0.0100480105982096,"Positive"
"ASV_604","ASV_1308",0.722315118514615,6.73043204786339e-05,0.0100480105982096,"Positive"
"ASV_648","ASV_1308",0.722315118514615,6.73043204786339e-05,0.0100480105982096,"Positive"
"ASV_698","ASV_1308",0.722315118514615,6.73043204786339e-05,0.0100480105982096,"Positive"
"ASV_808","ASV_1308",0.722315118514615,6.73043204786339e-05,0.0100480105982096,"Positive"
"ASV_873","ASV_1308",0.706377428974729,0.000114440181750552,0.0166314425956192,"Positive"
"ASV_1000","ASV_1308",0.722315118514615,6.73043204786339e-05,0.0100480105982096,"Positive"
"ASV_1009","ASV_1308",0.722315118514615,6.73043204786339e-05,0.0100480105982096,"Positive"
"ASV_1074","ASV_1308",0.722315118514615,6.73043204786339e-05,0.0100480105982096,"Positive"
"ASV_1164","ASV_1308",0.659505108208996,0.000455442957357111,0.0405018915649716,"Positive"
"ASV_1183","ASV_1308",0.659505108208996,0.000455442957357111,0.0405018915649716,"Positive"
"ASV_1258","ASV_1308",0.722315118514615,6.73043204786339e-05,0.0100480105982096,"Positive"
"ASV_1267","ASV_1308",0.659505108208996,0.000455442957357111,0.0405018915649716,"Positive"
"ASV_1287","ASV_1308",0.659505108208996,0.000455442957357111,0.0405018915649716,"Positive"
"ASV_627","ASV_1309",0.758595818049816,1.73893664801028e-05,0.00556823014963849,"Positive"
"ASV_889","ASV_1309",0.678947368421053,0.000264551357584297,0.0365669354442119,"Positive"
"ASV_1016","ASV_1309",0.791715385989621,4.05688181759345e-06,0.0013865971734632,"Positive"
"ASV_19","ASV_1310",1,0,0,"Positive"
"ASV_269","ASV_1310",1,0,0,"Positive"
"ASV_332","ASV_1310",1,0,0,"Positive"
"ASV_544","ASV_1310",1,0,0,"Positive"
"ASV_627","ASV_1310",0.722315118514615,6.73043204786339e-05,0.0100480105982096,"Positive"
"ASV_801","ASV_1310",0.722315118514615,6.73043204786339e-05,0.0100480105982096,"Positive"
"ASV_885","ASV_1310",0.722315118514615,6.73043204786339e-05,0.0100480105982096,"Positive"
"ASV_1015","ASV_1310",0.659505108208996,0.000455442957357111,0.0405018915649716,"Positive"
"ASV_1085","ASV_1310",1,0,0,"Positive"
"ASV_1093","ASV_1310",0.659505108208996,0.000455442957357111,0.0405018915649716,"Positive"
"ASV_1126","ASV_1310",1,0,0,"Positive"
"ASV_1162","ASV_1310",0.659505108208996,0.000455442957357111,0.0405018915649716,"Positive"
"ASV_1229","ASV_1310",1,0,0,"Positive"
"ASV_1230","ASV_1310",1,0,0,"Positive"
"ASV_1231","ASV_1310",0.722315118514615,6.73043204786339e-05,0.0100480105982096,"Positive"
"ASV_1238","ASV_1310",1,0,0,"Positive"
"ASV_1262","ASV_1310",1,0,0,"Positive"
"ASV_165","ASV_1313",0.758595818049816,1.73893664801028e-05,0.00556823014963849,"Positive"
"ASV_419","ASV_1313",0.831143443060818,4.90887142934326e-07,0.000184814186187824,"Positive"
"ASV_139","ASV_1320",0.659505108208996,0.000455442957357111,0.0405018915649716,"Positive"
"ASV_179","ASV_1320",0.722315118514615,6.73043204786339e-05,0.0100480105982096,"Positive"
"ASV_314","ASV_1320",1,0,0,"Positive"
"ASV_563","ASV_1320",0.659505108208996,0.000455442957357111,0.0405018915649716,"Positive"
"ASV_567","ASV_1320",0.659505108208996,0.000455442957357111,0.0405018915649716,"Positive"
"ASV_719","ASV_1320",0.659505108208996,0.000455442957357111,0.0405018915649716,"Positive"
"ASV_745","ASV_1320",0.722315118514615,6.73043204786339e-05,0.0100480105982096,"Positive"
"ASV_787","ASV_1320",1,0,0,"Positive"
"ASV_791","ASV_1320",0.659505108208996,0.000455442957357111,0.0405018915649716,"Positive"
"ASV_825","ASV_1320",1,0,0,"Positive"
"ASV_883","ASV_1320",0.659505108208996,0.000455442957357111,0.0405018915649716,"Positive"
"ASV_994","ASV_1320",1,0,0,"Positive"
"ASV_1011","ASV_1320",1,0,0,"Positive"
"ASV_1060","ASV_1320",0.659505108208996,0.000455442957357111,0.0405018915649716,"Positive"
"ASV_1111","ASV_1320",0.659505108208996,0.000455442957357111,0.0405018915649716,"Positive"
"ASV_1133","ASV_1320",0.659505108208996,0.000455442957357111,0.0405018915649716,"Positive"
"ASV_1144","ASV_1320",1,0,0,"Positive"
"ASV_1275","ASV_1320",0.659505108208996,0.000455442957357111,0.0405018915649716,"Positive"
"ASV_67","ASV_1321",1,0,0,"Positive"
"ASV_72","ASV_1321",1,0,0,"Positive"
"ASV_297","ASV_1321",1,0,0,"Positive"
"ASV_506","ASV_1321",1,0,0,"Positive"
"ASV_567","ASV_1321",0.722315118514615,6.73043204786339e-05,0.0100480105982096,"Positive"
"ASV_575","ASV_1321",0.659505108208996,0.000455442957357111,0.0405018915649716,"Positive"
"ASV_615","ASV_1321",0.659505108208996,0.000455442957357111,0.0405018915649716,"Positive"
"ASV_668","ASV_1321",0.722315118514615,6.73043204786339e-05,0.0100480105982096,"Positive"
"ASV_707","ASV_1321",1,0,0,"Positive"
"ASV_773","ASV_1321",0.659505108208996,0.000455442957357111,0.0405018915649716,"Positive"
"ASV_927","ASV_1321",1,0,0,"Positive"
"ASV_950","ASV_1321",0.722315118514615,6.73043204786339e-05,0.0100480105982096,"Positive"
"ASV_1028","ASV_1321",0.722315118514615,6.73043204786339e-05,0.0100480105982096,"Positive"
"ASV_1047","ASV_1321",0.722315118514615,6.73043204786339e-05,0.0100480105982096,"Positive"
"ASV_1094","ASV_1321",1,0,0,"Positive"
"ASV_1120","ASV_1321",1,0,0,"Positive"
"ASV_1234","ASV_1321",0.722315118514615,6.73043204786339e-05,0.0100480105982096,"Positive"
"ASV_1260","ASV_1321",0.659505108208996,0.000455442957357111,0.0405018915649716,"Positive"
"ASV_1270","ASV_1321",0.722315118514615,6.73043204786339e-05,0.0100480105982096,"Positive"
"ASV_457","ASV_1325",1,0,0,"Positive"
"ASV_461","ASV_1325",1,0,0,"Positive"
"ASV_596","ASV_1325",0.659505108208996,0.000455442957357111,0.0405018915649716,"Positive"
"ASV_599","ASV_1325",1,0,0,"Positive"
"ASV_692","ASV_1325",1,0,0,"Positive"
"ASV_779","ASV_1325",0.659505108208996,0.000455442957357111,0.0405018915649716,"Positive"
"ASV_795","ASV_1325",0.659505108208996,0.000455442957357111,0.0405018915649716,"Positive"
"ASV_806","ASV_1325",1,0,0,"Positive"
"ASV_862","ASV_1325",0.722315118514615,6.73043204786339e-05,0.0100480105982096,"Positive"
"ASV_964","ASV_1325",0.722315118514615,6.73043204786339e-05,0.0100480105982096,"Positive"
"ASV_1098","ASV_1325",1,0,0,"Positive"
"ASV_1111","ASV_1325",0.722315118514615,6.73043204786339e-05,0.0100480105982096,"Positive"
"ASV_1153","ASV_1325",0.722315118514615,6.73043204786339e-05,0.0100480105982096,"Positive"
"ASV_1154","ASV_1325",0.659505108208996,0.000455442957357111,0.0405018915649716,"Positive"
"ASV_1221","ASV_1325",0.659505108208996,0.000455442957357111,0.0405018915649716,"Positive"
"ASV_1275","ASV_1325",0.722315118514615,6.73043204786339e-05,0.0100480105982096,"Positive"
"ASV_1297","ASV_1325",0.659505108208996,0.000455442957357111,0.0405018915649716,"Positive"
"ASV_139","ASV_1326",0.659505108208996,0.000455442957357111,0.0405018915649716,"Positive"
"ASV_179","ASV_1326",0.722315118514615,6.73043204786339e-05,0.0100480105982096,"Positive"
"ASV_314","ASV_1326",1,0,0,"Positive"
"ASV_563","ASV_1326",0.659505108208996,0.000455442957357111,0.0405018915649716,"Positive"
"ASV_567","ASV_1326",0.659505108208996,0.000455442957357111,0.0405018915649716,"Positive"
"ASV_719","ASV_1326",0.659505108208996,0.000455442957357111,0.0405018915649716,"Positive"
"ASV_745","ASV_1326",0.722315118514615,6.73043204786339e-05,0.0100480105982096,"Positive"
"ASV_787","ASV_1326",1,0,0,"Positive"
"ASV_791","ASV_1326",0.659505108208996,0.000455442957357111,0.0405018915649716,"Positive"
"ASV_825","ASV_1326",1,0,0,"Positive"
"ASV_883","ASV_1326",0.659505108208996,0.000455442957357111,0.0405018915649716,"Positive"
"ASV_994","ASV_1326",1,0,0,"Positive"
"ASV_1011","ASV_1326",1,0,0,"Positive"
"ASV_1060","ASV_1326",0.659505108208996,0.000455442957357111,0.0405018915649716,"Positive"
"ASV_1111","ASV_1326",0.659505108208996,0.000455442957357111,0.0405018915649716,"Positive"
"ASV_1133","ASV_1326",0.659505108208996,0.000455442957357111,0.0405018915649716,"Positive"
"ASV_1144","ASV_1326",1,0,0,"Positive"
"ASV_1275","ASV_1326",0.659505108208996,0.000455442957357111,0.0405018915649716,"Positive"
"ASV_1320","ASV_1326",1,0,0,"Positive"
"ASV_92","ASV_1327",0.722315118514615,6.73043204786339e-05,0.0100480105982096,"Positive"
"ASV_139","ASV_1327",1,0,0,"Positive"
"ASV_314","ASV_1327",0.659505108208996,0.000455442957357111,0.0405018915649716,"Positive"
"ASV_354","ASV_1327",0.791715385989621,4.05688181759345e-06,0.0013865971734632,"Positive"
"ASV_547","ASV_1327",0.722315118514615,6.73043204786339e-05,0.0100480105982096,"Positive"
"ASV_743","ASV_1327",0.722315118514615,6.73043204786339e-05,0.0100480105982096,"Positive"
"ASV_787","ASV_1327",0.659505108208996,0.000455442957357111,0.0405018915649716,"Positive"
"ASV_823","ASV_1327",0.722315118514615,6.73043204786339e-05,0.0100480105982096,"Positive"
"ASV_825","ASV_1327",0.659505108208996,0.000455442957357111,0.0405018915649716,"Positive"
"ASV_974","ASV_1327",0.722315118514615,6.73043204786339e-05,0.0100480105982096,"Positive"
"ASV_975","ASV_1327",0.722315118514615,6.73043204786339e-05,0.0100480105982096,"Positive"
"ASV_990","ASV_1327",0.722315118514615,6.73043204786339e-05,0.0100480105982096,"Positive"
"ASV_994","ASV_1327",0.659505108208996,0.000455442957357111,0.0405018915649716,"Positive"
"ASV_1011","ASV_1327",0.659505108208996,0.000455442957357111,0.0405018915649716,"Positive"
"ASV_1060","ASV_1327",1,0,0,"Positive"
"ASV_1144","ASV_1327",0.659505108208996,0.000455442957357111,0.0405018915649716,"Positive"
"ASV_1155","ASV_1327",0.831143443060818,4.90887142934326e-07,0.000184814186187824,"Positive"
"ASV_1163","ASV_1327",0.722315118514615,6.73043204786339e-05,0.0100480105982096,"Positive"
"ASV_1253","ASV_1327",0.722315118514615,6.73043204786339e-05,0.0100480105982096,"Positive"
"ASV_1320","ASV_1327",0.659505108208996,0.000455442957357111,0.0405018915649716,"Positive"
"ASV_1326","ASV_1327",0.659505108208996,0.000455442957357111,0.0405018915649716,"Positive"
"ASV_581","ASV_1330",1,0,0,"Positive"
"ASV_745","ASV_1330",0.659505108208996,0.000455442957357111,0.0405018915649716,"Positive"
"ASV_1089","ASV_1330",1,0,0,"Positive"
"ASV_1178","ASV_1330",0.659505108208996,0.000455442957357111,0.0405018915649716,"Positive"
"ASV_1200","ASV_1330",0.659505108208996,0.000455442957357111,0.0405018915649716,"Positive"
"ASV_1226","ASV_1330",0.659505108208996,0.000455442957357111,0.0405018915649716,"Positive"
"ASV_1270","ASV_1330",0.659505108208996,0.000455442957357111,0.0405018915649716,"Positive"
"ASV_1294","ASV_1330",1,0,0,"Positive"
"ASV_153","ASV_1336",1,0,0,"Positive"
"ASV_259","ASV_1336",1,0,0,"Positive"
"ASV_306","ASV_1336",1,0,0,"Positive"
"ASV_343","ASV_1336",1,0,0,"Positive"
"ASV_455","ASV_1336",0.722315118514615,6.73043204786339e-05,0.0100480105982096,"Positive"
"ASV_830","ASV_1336",1,0,0,"Positive"
"ASV_864","ASV_1336",1,0,0,"Positive"
"ASV_885","ASV_1336",0.659505108208996,0.000455442957357111,0.0405018915649716,"Positive"
"ASV_910","ASV_1336",1,0,0,"Positive"
"ASV_912","ASV_1336",1,0,0,"Positive"
"ASV_1046","ASV_1336",0.722315118514615,6.73043204786339e-05,0.0100480105982096,"Positive"
"ASV_1052","ASV_1336",0.722315118514615,6.73043204786339e-05,0.0100480105982096,"Positive"
"ASV_1192","ASV_1336",1,0,0,"Positive"
"ASV_1269","ASV_1336",1,0,0,"Positive"
"ASV_1296","ASV_1336",1,0,0,"Positive"
"ASV_17","ASV_1338",0.996219281663516,0,0,"Positive"
"ASV_79","ASV_1338",0.659505108208996,0.000455442957357111,0.0405018915649716,"Positive"
"ASV_286","ASV_1338",0.659505108208996,0.000455442957357111,0.0405018915649716,"Positive"
"ASV_436","ASV_1338",0.722315118514615,6.73043204786339e-05,0.0100480105982096,"Positive"
"ASV_555","ASV_1338",0.722315118514615,6.73043204786339e-05,0.0100480105982096,"Positive"
"ASV_626","ASV_1338",0.659505108208996,0.000455442957357111,0.0405018915649716,"Positive"
"ASV_655","ASV_1338",0.665893347076968,0.000382622375766362,0.0405018915649716,"Positive"
"ASV_678","ASV_1338",0.659505108208996,0.000455442957357111,0.0405018915649716,"Positive"
"ASV_750","ASV_1338",0.659505108208996,0.000455442957357111,0.0405018915649716,"Positive"
"ASV_895","ASV_1338",0.659505108208996,0.000455442957357111,0.0405018915649716,"Positive"
"ASV_961","ASV_1338",0.996219281663516,0,0,"Positive"
"ASV_1014","ASV_1338",0.722315118514615,6.73043204786339e-05,0.0100480105982096,"Positive"
"ASV_1124","ASV_1338",0.659505108208996,0.000455442957357111,0.0405018915649716,"Positive"
"ASV_1249","ASV_1338",0.659505108208996,0.000455442957357111,0.0405018915649716,"Positive"
"ASV_1250","ASV_1338",0.659505108208996,0.000455442957357111,0.0405018915649716,"Positive"
"ASV_1305","ASV_1338",0.722315118514615,6.73043204786339e-05,0.0100480105982096,"Positive"
"ASV_618","ASV_1339",0.758595818049816,1.73893664801028e-05,0.00556823014963849,"Positive"
"ASV_355","ASV_1340",0.657421311388472,0.000481657488748954,0.0427119593359239,"Positive"
"ASV_1046","ASV_1340",0.665893347076968,0.000382622375766362,0.0405018915649716,"Positive"
"ASV_1108","ASV_1340",0.738485493928126,3.78223100505615e-05,0.0100480105982096,"Positive"
"ASV_1234","ASV_1340",0.700793417678486,0.0001367333000033,0.0195580794299619,"Positive"
"ASV_67","ASV_1341",0.722315118514615,6.73043204786339e-05,0.0100480105982096,"Positive"
"ASV_72","ASV_1341",0.722315118514615,6.73043204786339e-05,0.0100480105982096,"Positive"
"ASV_79","ASV_1341",0.659505108208996,0.000455442957357111,0.0405018915649716,"Positive"
"ASV_254","ASV_1341",0.674269364021332,0.000302578177247659,0.0405018915649716,"Positive"
"ASV_286","ASV_1341",0.659505108208996,0.000455442957357111,0.0405018915649716,"Positive"
"ASV_297","ASV_1341",0.722315118514615,6.73043204786339e-05,0.0100480105982096,"Positive"
"ASV_506","ASV_1341",0.722315118514615,6.73043204786339e-05,0.0100480105982096,"Positive"
"ASV_626","ASV_1341",0.659505108208996,0.000455442957357111,0.0405018915649716,"Positive"
"ASV_668","ASV_1341",1,0,0,"Positive"
"ASV_678","ASV_1341",0.659505108208996,0.000455442957357111,0.0405018915649716,"Positive"
"ASV_707","ASV_1341",0.722315118514615,6.73043204786339e-05,0.0100480105982096,"Positive"
"ASV_750","ASV_1341",0.659505108208996,0.000455442957357111,0.0405018915649716,"Positive"
"ASV_895","ASV_1341",0.659505108208996,0.000455442957357111,0.0405018915649716,"Positive"
"ASV_905","ASV_1341",0.834297687626513,4.051897504187e-07,0.000157537500877277,"Positive"
"ASV_927","ASV_1341",0.722315118514615,6.73043204786339e-05,0.0100480105982096,"Positive"
"ASV_962","ASV_1341",0.735693488280004,4.19013851384875e-05,0.0100480105982096,"Positive"
"ASV_1047","ASV_1341",1,0,0,"Positive"
"ASV_1094","ASV_1341",0.722315118514615,6.73043204786339e-05,0.0100480105982096,"Positive"
"ASV_1120","ASV_1341",0.722315118514615,6.73043204786339e-05,0.0100480105982096,"Positive"
"ASV_1124","ASV_1341",0.659505108208996,0.000455442957357111,0.0405018915649716,"Positive"
"ASV_1249","ASV_1341",0.659505108208996,0.000455442957357111,0.0405018915649716,"Positive"
"ASV_1250","ASV_1341",0.659505108208996,0.000455442957357111,0.0405018915649716,"Positive"
"ASV_1321","ASV_1341",0.722315118514615,6.73043204786339e-05,0.0100480105982096,"Positive"
"ASV_598","ASV_1342",0.672126273044613,0.000321528788140402,0.0405018915649716,"Positive"
"ASV_1270","ASV_1342",0.755441573484121,1.97379231001715e-05,0.00613235932427086,"Positive"
"ASV_1154","ASV_1345",0.755441573484121,1.97379231001715e-05,0.00613235932427086,"Positive"
"ASV_795","ASV_1346",0.791715385989621,4.05688181759345e-06,0.0013865971734632,"Positive"
"ASV_956","ASV_1346",0.653485151289949,0.000534753891195283,0.0471536437450937,"Positive"
"ASV_17","ASV_1348",0.722315118514615,6.73043204786339e-05,0.0100480105982096,"Positive"
"ASV_79","ASV_1348",1,0,0,"Positive"
"ASV_89","ASV_1348",0.659505108208996,0.000455442957357111,0.0405018915649716,"Positive"
"ASV_186","ASV_1348",0.659505108208996,0.000455442957357111,0.0405018915649716,"Positive"
"ASV_198","ASV_1348",0.659505108208996,0.000455442957357111,0.0405018915649716,"Positive"
"ASV_286","ASV_1348",1,0,0,"Positive"
"ASV_372","ASV_1348",0.659505108208996,0.000455442957357111,0.0405018915649716,"Positive"
"ASV_405","ASV_1348",0.659505108208996,0.000455442957357111,0.0405018915649716,"Positive"
"ASV_429","ASV_1348",0.659505108208996,0.000455442957357111,0.0405018915649716,"Positive"
"ASV_529","ASV_1348",0.659505108208996,0.000455442957357111,0.0405018915649716,"Positive"
"ASV_626","ASV_1348",1,0,0,"Positive"
"ASV_645","ASV_1348",0.659505108208996,0.000455442957357111,0.0405018915649716,"Positive"
"ASV_668","ASV_1348",0.659505108208996,0.000455442957357111,0.0405018915649716,"Positive"
"ASV_677","ASV_1348",0.659505108208996,0.000455442957357111,0.0405018915649716,"Positive"
"ASV_678","ASV_1348",1,0,0,"Positive"
"ASV_715","ASV_1348",0.659505108208996,0.000455442957357111,0.0405018915649716,"Positive"
"ASV_731","ASV_1348",0.659505108208996,0.000455442957357111,0.0405018915649716,"Positive"
"ASV_750","ASV_1348",1,0,0,"Positive"
"ASV_751","ASV_1348",0.659505108208996,0.000455442957357111,0.0405018915649716,"Positive"
"ASV_791","ASV_1348",0.722315118514615,6.73043204786339e-05,0.0100480105982096,"Positive"
"ASV_800","ASV_1348",0.659505108208996,0.000455442957357111,0.0405018915649716,"Positive"
"ASV_801","ASV_1348",0.659505108208996,0.000455442957357111,0.0405018915649716,"Positive"
"ASV_895","ASV_1348",1,0,0,"Positive"
"ASV_961","ASV_1348",0.722315118514615,6.73043204786339e-05,0.0100480105982096,"Positive"
"ASV_995","ASV_1348",0.722315118514615,6.73043204786339e-05,0.0100480105982096,"Positive"
"ASV_1047","ASV_1348",0.659505108208996,0.000455442957357111,0.0405018915649716,"Positive"
"ASV_1056","ASV_1348",0.722315118514615,6.73043204786339e-05,0.0100480105982096,"Positive"
"ASV_1124","ASV_1348",1,0,0,"Positive"
"ASV_1176","ASV_1348",0.659505108208996,0.000455442957357111,0.0405018915649716,"Positive"
"ASV_1178","ASV_1348",0.722315118514615,6.73043204786339e-05,0.0100480105982096,"Positive"
"ASV_1249","ASV_1348",1,0,0,"Positive"
"ASV_1250","ASV_1348",1,0,0,"Positive"
"ASV_1299","ASV_1348",0.722315118514615,6.73043204786339e-05,0.0100480105982096,"Positive"
"ASV_1338","ASV_1348",0.659505108208996,0.000455442957357111,0.0405018915649716,"Positive"
"ASV_1341","ASV_1348",0.659505108208996,0.000455442957357111,0.0405018915649716,"Positive"
"ASV_284","ASV_1350",0.663712431077731,0.000406255908081299,0.0405018915649716,"Positive"
"ASV_41","ASV_1351",1,0,0,"Positive"
"ASV_88","ASV_1351",0.722315118514615,6.73043204786339e-05,0.0100480105982096,"Positive"
"ASV_179","ASV_1351",0.659505108208996,0.000455442957357111,0.0405018915649716,"Positive"
"ASV_268","ASV_1351",1,0,0,"Positive"
"ASV_373","ASV_1351",0.722315118514615,6.73043204786339e-05,0.0100480105982096,"Positive"
"ASV_390","ASV_1351",1,0,0,"Positive"
"ASV_412","ASV_1351",1,0,0,"Positive"
"ASV_424","ASV_1351",1,0,0,"Positive"
"ASV_524","ASV_1351",0.722315118514615,6.73043204786339e-05,0.0100480105982096,"Positive"
"ASV_559","ASV_1351",1,0,0,"Positive"
"ASV_697","ASV_1351",0.722315118514615,6.73043204786339e-05,0.0100480105982096,"Positive"
"ASV_715","ASV_1351",0.722315118514615,6.73043204786339e-05,0.0100480105982096,"Positive"
"ASV_795","ASV_1351",0.722315118514615,6.73043204786339e-05,0.0100480105982096,"Positive"
"ASV_1003","ASV_1351",0.722315118514615,6.73043204786339e-05,0.0100480105982096,"Positive"
"ASV_1065","ASV_1351",1,0,0,"Positive"
"ASV_1099","ASV_1351",1,0,0,"Positive"
"ASV_1109","ASV_1351",0.659505108208996,0.000455442957357111,0.0405018915649716,"Positive"
"ASV_1227","ASV_1351",1,0,0,"Positive"
"ASV_123","ASV_1352",1,0,0,"Positive"
"ASV_387","ASV_1352",0.722315118514615,6.73043204786339e-05,0.0100480105982096,"Positive"
"ASV_455","ASV_1352",0.659505108208996,0.000455442957357111,0.0405018915649716,"Positive"
"ASV_477","ASV_1352",0.659505108208996,0.000455442957357111,0.0405018915649716,"Positive"
"ASV_495","ASV_1352",0.722315118514615,6.73043204786339e-05,0.0100480105982096,"Positive"
"ASV_654","ASV_1352",1,0,0,"Positive"
"ASV_699","ASV_1352",0.659505108208996,0.000455442957357111,0.0405018915649716,"Positive"
"ASV_834","ASV_1352",0.722315118514615,6.73043204786339e-05,0.0100480105982096,"Positive"
"ASV_964","ASV_1352",0.659505108208996,0.000455442957357111,0.0405018915649716,"Positive"
"ASV_1003","ASV_1352",0.659505108208996,0.000455442957357111,0.0405018915649716,"Positive"
"ASV_1015","ASV_1352",0.722315118514615,6.73043204786339e-05,0.0100480105982096,"Positive"
"ASV_1049","ASV_1352",1,0,0,"Positive"
"ASV_1092","ASV_1352",1,0,0,"Positive"
"ASV_1093","ASV_1352",0.722315118514615,6.73043204786339e-05,0.0100480105982096,"Positive"
"ASV_1231","ASV_1352",0.659505108208996,0.000455442957357111,0.0405018915649716,"Positive"
"ASV_627","ASV_1353",0.659505108208996,0.000455442957357111,0.0405018915649716,"Positive"
"ASV_783","ASV_1353",1,0,0,"Positive"
"ASV_846","ASV_1353",0.659505108208996,0.000455442957357111,0.0405018915649716,"Positive"
"ASV_875","ASV_1353",0.659505108208996,0.000455442957357111,0.0405018915649716,"Positive"
"ASV_877","ASV_1353",1,0,0,"Positive"
"ASV_984","ASV_1353",1,0,0,"Positive"
"ASV_995","ASV_1353",0.659505108208996,0.000455442957357111,0.0405018915649716,"Positive"
"ASV_1016","ASV_1353",0.722315118514615,6.73043204786339e-05,0.0100480105982096,"Positive"
"ASV_1022","ASV_1353",1,0,0,"Positive"
"ASV_1027","ASV_1353",1,0,0,"Positive"
"ASV_1239","ASV_1353",0.722315118514615,6.73043204786339e-05,0.0100480105982096,"Positive"
"ASV_1260","ASV_1353",0.722315118514615,6.73043204786339e-05,0.0100480105982096,"Positive"
"ASV_62","ASV_1359",0.735693488280004,4.19013851384875e-05,0.0100480105982096,"Positive"
"ASV_153","ASV_1359",0.659505108208996,0.000455442957357111,0.0405018915649716,"Positive"
"ASV_259","ASV_1359",0.659505108208996,0.000455442957357111,0.0405018915649716,"Positive"
"ASV_306","ASV_1359",0.659505108208996,0.000455442957357111,0.0405018915649716,"Positive"
"ASV_343","ASV_1359",0.659505108208996,0.000455442957357111,0.0405018915649716,"Positive"
"ASV_803","ASV_1359",0.722315118514615,6.73043204786339e-05,0.0100480105982096,"Positive"
"ASV_830","ASV_1359",0.659505108208996,0.000455442957357111,0.0405018915649716,"Positive"
"ASV_864","ASV_1359",0.659505108208996,0.000455442957357111,0.0405018915649716,"Positive"
"ASV_901","ASV_1359",0.722315118514615,6.73043204786339e-05,0.0100480105982096,"Positive"
"ASV_910","ASV_1359",0.659505108208996,0.000455442957357111,0.0405018915649716,"Positive"
"ASV_911","ASV_1359",0.722315118514615,6.73043204786339e-05,0.0100480105982096,"Positive"
"ASV_912","ASV_1359",0.659505108208996,0.000455442957357111,0.0405018915649716,"Positive"
"ASV_929","ASV_1359",0.722315118514615,6.73043204786339e-05,0.0100480105982096,"Positive"
"ASV_969","ASV_1359",0.722315118514615,6.73043204786339e-05,0.0100480105982096,"Positive"
"ASV_1192","ASV_1359",0.659505108208996,0.000455442957357111,0.0405018915649716,"Positive"
"ASV_1269","ASV_1359",0.659505108208996,0.000455442957357111,0.0405018915649716,"Positive"
"ASV_1295","ASV_1359",0.722315118514615,6.73043204786339e-05,0.0100480105982096,"Positive"
"ASV_1296","ASV_1359",0.659505108208996,0.000455442957357111,0.0405018915649716,"Positive"
"ASV_1336","ASV_1359",0.659505108208996,0.000455442957357111,0.0405018915649716,"Positive"
"ASV_54","ASV_1361",0.660521505928319,0.000443111198000334,0.0405018915649716,"Positive"
"ASV_294","ASV_1361",0.681487387613744,0.000245700927878012,0.0341986593755056,"Positive"
"ASV_515","ASV_1361",0.859535262889054,7.44774373284685e-08,3.03601198868585e-05,"Positive"
"ASV_1028","ASV_1361",0.706377428974729,0.000114440181750552,0.0166314425956192,"Positive"
"ASV_41","ASV_1363",1,0,0,"Positive"
"ASV_88","ASV_1363",0.722315118514615,6.73043204786339e-05,0.0100480105982096,"Positive"
"ASV_179","ASV_1363",0.659505108208996,0.000455442957357111,0.0405018915649716,"Positive"
"ASV_268","ASV_1363",1,0,0,"Positive"
"ASV_373","ASV_1363",0.722315118514615,6.73043204786339e-05,0.0100480105982096,"Positive"
"ASV_390","ASV_1363",1,0,0,"Positive"
"ASV_412","ASV_1363",1,0,0,"Positive"
"ASV_424","ASV_1363",1,0,0,"Positive"
"ASV_524","ASV_1363",0.722315118514615,6.73043204786339e-05,0.0100480105982096,"Positive"
"ASV_559","ASV_1363",1,0,0,"Positive"
"ASV_697","ASV_1363",0.722315118514615,6.73043204786339e-05,0.0100480105982096,"Positive"
"ASV_715","ASV_1363",0.722315118514615,6.73043204786339e-05,0.0100480105982096,"Positive"
"ASV_795","ASV_1363",0.722315118514615,6.73043204786339e-05,0.0100480105982096,"Positive"
"ASV_1003","ASV_1363",0.722315118514615,6.73043204786339e-05,0.0100480105982096,"Positive"
"ASV_1065","ASV_1363",1,0,0,"Positive"
"ASV_1099","ASV_1363",1,0,0,"Positive"
"ASV_1109","ASV_1363",0.659505108208996,0.000455442957357111,0.0405018915649716,"Positive"
"ASV_1227","ASV_1363",1,0,0,"Positive"
"ASV_1351","ASV_1363",1,0,0,"Positive"
"ASV_17","ASV_1364",0.722315118514615,6.73043204786339e-05,0.0100480105982096,"Positive"
"ASV_79","ASV_1364",1,0,0,"Positive"
"ASV_89","ASV_1364",0.659505108208996,0.000455442957357111,0.0405018915649716,"Positive"
"ASV_186","ASV_1364",0.659505108208996,0.000455442957357111,0.0405018915649716,"Positive"
"ASV_198","ASV_1364",0.659505108208996,0.000455442957357111,0.0405018915649716,"Positive"
"ASV_286","ASV_1364",1,0,0,"Positive"
"ASV_372","ASV_1364",0.659505108208996,0.000455442957357111,0.0405018915649716,"Positive"
"ASV_405","ASV_1364",0.659505108208996,0.000455442957357111,0.0405018915649716,"Positive"
"ASV_429","ASV_1364",0.659505108208996,0.000455442957357111,0.0405018915649716,"Positive"
"ASV_529","ASV_1364",0.659505108208996,0.000455442957357111,0.0405018915649716,"Positive"
"ASV_626","ASV_1364",1,0,0,"Positive"
"ASV_645","ASV_1364",0.659505108208996,0.000455442957357111,0.0405018915649716,"Positive"
"ASV_668","ASV_1364",0.659505108208996,0.000455442957357111,0.0405018915649716,"Positive"
"ASV_677","ASV_1364",0.659505108208996,0.000455442957357111,0.0405018915649716,"Positive"
"ASV_678","ASV_1364",1,0,0,"Positive"
"ASV_715","ASV_1364",0.659505108208996,0.000455442957357111,0.0405018915649716,"Positive"
"ASV_731","ASV_1364",0.659505108208996,0.000455442957357111,0.0405018915649716,"Positive"
"ASV_750","ASV_1364",1,0,0,"Positive"
"ASV_751","ASV_1364",0.659505108208996,0.000455442957357111,0.0405018915649716,"Positive"
"ASV_791","ASV_1364",0.722315118514615,6.73043204786339e-05,0.0100480105982096,"Positive"
"ASV_800","ASV_1364",0.659505108208996,0.000455442957357111,0.0405018915649716,"Positive"
"ASV_801","ASV_1364",0.659505108208996,0.000455442957357111,0.0405018915649716,"Positive"
"ASV_895","ASV_1364",1,0,0,"Positive"
"ASV_961","ASV_1364",0.722315118514615,6.73043204786339e-05,0.0100480105982096,"Positive"
"ASV_995","ASV_1364",0.722315118514615,6.73043204786339e-05,0.0100480105982096,"Positive"
"ASV_1047","ASV_1364",0.659505108208996,0.000455442957357111,0.0405018915649716,"Positive"
"ASV_1056","ASV_1364",0.722315118514615,6.73043204786339e-05,0.0100480105982096,"Positive"
"ASV_1124","ASV_1364",1,0,0,"Positive"
"ASV_1176","ASV_1364",0.659505108208996,0.000455442957357111,0.0405018915649716,"Positive"
"ASV_1178","ASV_1364",0.722315118514615,6.73043204786339e-05,0.0100480105982096,"Positive"
"ASV_1249","ASV_1364",1,0,0,"Positive"
"ASV_1250","ASV_1364",1,0,0,"Positive"
"ASV_1299","ASV_1364",0.722315118514615,6.73043204786339e-05,0.0100480105982096,"Positive"
"ASV_1338","ASV_1364",0.659505108208996,0.000455442957357111,0.0405018915649716,"Positive"
"ASV_1341","ASV_1364",0.659505108208996,0.000455442957357111,0.0405018915649716,"Positive"
"ASV_1348","ASV_1364",1,0,0,"Positive"
"ASV_79","ASV_1365",0.722315118514615,6.73043204786339e-05,0.0100480105982096,"Positive"
"ASV_89","ASV_1365",0.996219281663516,0,0,"Positive"
"ASV_286","ASV_1365",0.722315118514615,6.73043204786339e-05,0.0100480105982096,"Positive"
"ASV_421","ASV_1365",0.674269364021332,0.000302578177247659,0.0405018915649716,"Positive"
"ASV_463","ASV_1365",0.672750121052715,0.000315908823334876,0.0405018915649716,"Positive"
"ASV_533","ASV_1365",0.791715385989621,4.05688181759345e-06,0.0013865971734632,"Positive"
"ASV_574","ASV_1365",0.798023875121013,2.98551019817239e-06,0.00105491595747205,"Positive"
"ASV_626","ASV_1365",0.722315118514615,6.73043204786339e-05,0.0100480105982096,"Positive"
"ASV_678","ASV_1365",0.722315118514615,6.73043204786339e-05,0.0100480105982096,"Positive"
"ASV_736","ASV_1365",0.831143443060818,4.90887142934326e-07,0.000184814186187824,"Positive"
"ASV_747","ASV_1365",0.798023875121013,2.98551019817239e-06,0.00105491595747205,"Positive"
"ASV_750","ASV_1365",0.722315118514615,6.73043204786339e-05,0.0100480105982096,"Positive"
"ASV_751","ASV_1365",0.996219281663516,0,0,"Positive"
"ASV_826","ASV_1365",0.831143443060818,4.90887142934326e-07,0.000184814186187824,"Positive"
"ASV_895","ASV_1365",0.722315118514615,6.73043204786339e-05,0.0100480105982096,"Positive"
"ASV_965","ASV_1365",0.758595818049816,1.73893664801028e-05,0.00556823014963849,"Positive"
"ASV_1002","ASV_1365",0.791715385989621,4.05688181759345e-06,0.0013865971734632,"Positive"
"ASV_1008","ASV_1365",0.758595818049816,1.73893664801028e-05,0.00556823014963849,"Positive"
"ASV_1100","ASV_1365",0.659505108208996,0.000455442957357111,0.0405018915649716,"Positive"
"ASV_1124","ASV_1365",0.722315118514615,6.73043204786339e-05,0.0100480105982096,"Positive"
"ASV_1235","ASV_1365",0.706377428974729,0.000114440181750552,0.0166314425956192,"Positive"
"ASV_1249","ASV_1365",0.722315118514615,6.73043204786339e-05,0.0100480105982096,"Positive"
"ASV_1250","ASV_1365",0.722315118514615,6.73043204786339e-05,0.0100480105982096,"Positive"
"ASV_1286","ASV_1365",0.659505108208996,0.000455442957357111,0.0405018915649716,"Positive"
"ASV_1348","ASV_1365",0.722315118514615,6.73043204786339e-05,0.0100480105982096,"Positive"
"ASV_1364","ASV_1365",0.722315118514615,6.73043204786339e-05,0.0100480105982096,"Positive"
"ASV_17","ASV_1366",0.798023875121013,2.98551019817239e-06,0.00105491595747205,"Positive"
"ASV_244","ASV_1366",0.758595818049816,1.73893664801028e-05,0.00556823014963849,"Positive"
"ASV_349","ASV_1366",0.678947368421053,0.000264551357584297,0.0365669354442119,"Positive"
"ASV_529","ASV_1366",0.831143443060818,4.90887142934326e-07,0.000184814186187824,"Positive"
"ASV_764","ASV_1366",0.681622916547688,0.00024472884439275,0.0341442610724236,"Positive"
"ASV_913","ASV_1366",0.709908519162505,0.000102045788432203,0.0150329008234395,"Positive"
"ASV_961","ASV_1366",0.798023875121013,2.98551019817239e-06,0.00105491595747205,"Positive"
"ASV_1338","ASV_1366",0.791715385989621,4.05688181759345e-06,0.0013865971734632,"Positive"
"ASV_79","ASV_1367",0.659505108208996,0.000455442957357111,0.0405018915649716,"Positive"
"ASV_286","ASV_1367",0.659505108208996,0.000455442957357111,0.0405018915649716,"Positive"
"ASV_311","ASV_1367",0.798023875121013,2.98551019817239e-06,0.00105491595747205,"Positive"
"ASV_518","ASV_1367",0.798023875121013,2.98551019817239e-06,0.00105491595747205,"Positive"
"ASV_626","ASV_1367",0.659505108208996,0.000455442957357111,0.0405018915649716,"Positive"
"ASV_678","ASV_1367",0.659505108208996,0.000455442957357111,0.0405018915649716,"Positive"
"ASV_750","ASV_1367",0.659505108208996,0.000455442957357111,0.0405018915649716,"Positive"
"ASV_803","ASV_1367",0.722315118514615,6.73043204786339e-05,0.0100480105982096,"Positive"
"ASV_895","ASV_1367",0.659505108208996,0.000455442957357111,0.0405018915649716,"Positive"
"ASV_901","ASV_1367",0.722315118514615,6.73043204786339e-05,0.0100480105982096,"Positive"
"ASV_911","ASV_1367",0.722315118514615,6.73043204786339e-05,0.0100480105982096,"Positive"
"ASV_929","ASV_1367",0.722315118514615,6.73043204786339e-05,0.0100480105982096,"Positive"
"ASV_962","ASV_1367",0.700793417678486,0.0001367333000033,0.0195580794299619,"Positive"
"ASV_969","ASV_1367",0.722315118514615,6.73043204786339e-05,0.0100480105982096,"Positive"
"ASV_1104","ASV_1367",0.706377428974729,0.000114440181750552,0.0166314425956192,"Positive"
"ASV_1124","ASV_1367",0.659505108208996,0.000455442957357111,0.0405018915649716,"Positive"
"ASV_1249","ASV_1367",0.659505108208996,0.000455442957357111,0.0405018915649716,"Positive"
"ASV_1250","ASV_1367",0.659505108208996,0.000455442957357111,0.0405018915649716,"Positive"
"ASV_1295","ASV_1367",0.722315118514615,6.73043204786339e-05,0.0100480105982096,"Positive"
"ASV_1348","ASV_1367",0.659505108208996,0.000455442957357111,0.0405018915649716,"Positive"
"ASV_1364","ASV_1367",0.659505108208996,0.000455442957357111,0.0405018915649716,"Positive"
"ASV_52","ASV_1368",0.798023875121013,2.98551019817239e-06,0.00105491595747205,"Positive"
"ASV_153","ASV_1368",0.722315118514615,6.73043204786339e-05,0.0100480105982096,"Positive"
"ASV_259","ASV_1368",0.722315118514615,6.73043204786339e-05,0.0100480105982096,"Positive"
"ASV_306","ASV_1368",0.722315118514615,6.73043204786339e-05,0.0100480105982096,"Positive"
"ASV_343","ASV_1368",0.722315118514615,6.73043204786339e-05,0.0100480105982096,"Positive"
"ASV_581","ASV_1368",0.659505108208996,0.000455442957357111,0.0405018915649716,"Positive"
"ASV_830","ASV_1368",0.722315118514615,6.73043204786339e-05,0.0100480105982096,"Positive"
"ASV_864","ASV_1368",0.722315118514615,6.73043204786339e-05,0.0100480105982096,"Positive"
"ASV_910","ASV_1368",0.722315118514615,6.73043204786339e-05,0.0100480105982096,"Positive"
"ASV_912","ASV_1368",0.722315118514615,6.73043204786339e-05,0.0100480105982096,"Positive"
"ASV_1089","ASV_1368",0.659505108208996,0.000455442957357111,0.0405018915649716,"Positive"
"ASV_1192","ASV_1368",0.722315118514615,6.73043204786339e-05,0.0100480105982096,"Positive"
"ASV_1265","ASV_1368",0.798023875121013,2.98551019817239e-06,0.00105491595747205,"Positive"
"ASV_1269","ASV_1368",0.722315118514615,6.73043204786339e-05,0.0100480105982096,"Positive"
"ASV_1294","ASV_1368",0.659505108208996,0.000455442957357111,0.0405018915649716,"Positive"
"ASV_1296","ASV_1368",0.722315118514615,6.73043204786339e-05,0.0100480105982096,"Positive"
"ASV_1330","ASV_1368",0.659505108208996,0.000455442957357111,0.0405018915649716,"Positive"
"ASV_1336","ASV_1368",0.722315118514615,6.73043204786339e-05,0.0100480105982096,"Positive"
"ASV_119","ASV_1369",0.659505108208996,0.000455442957357111,0.0405018915649716,"Positive"
"ASV_153","ASV_1369",0.722315118514615,6.73043204786339e-05,0.0100480105982096,"Positive"
"ASV_259","ASV_1369",0.722315118514615,6.73043204786339e-05,0.0100480105982096,"Positive"
"ASV_264","ASV_1369",0.659505108208996,0.000455442957357111,0.0405018915649716,"Positive"
"ASV_306","ASV_1369",0.722315118514615,6.73043204786339e-05,0.0100480105982096,"Positive"
"ASV_312","ASV_1369",0.735693488280004,4.19013851384875e-05,0.0100480105982096,"Positive"
"ASV_343","ASV_1369",0.722315118514615,6.73043204786339e-05,0.0100480105982096,"Positive"
"ASV_423","ASV_1369",0.659505108208996,0.000455442957357111,0.0405018915649716,"Positive"
"ASV_496","ASV_1369",0.672750121052715,0.000315908823334876,0.0405018915649716,"Positive"
"ASV_758","ASV_1369",0.659505108208996,0.000455442957357111,0.0405018915649716,"Positive"
"ASV_830","ASV_1369",0.722315118514615,6.73043204786339e-05,0.0100480105982096,"Positive"
"ASV_864","ASV_1369",0.722315118514615,6.73043204786339e-05,0.0100480105982096,"Positive"
"ASV_910","ASV_1369",0.722315118514615,6.73043204786339e-05,0.0100480105982096,"Positive"
"ASV_912","ASV_1369",0.722315118514615,6.73043204786339e-05,0.0100480105982096,"Positive"
"ASV_952","ASV_1369",0.659505108208996,0.000455442957357111,0.0405018915649716,"Positive"
"ASV_1081","ASV_1369",0.659505108208996,0.000455442957357111,0.0405018915649716,"Positive"
"ASV_1161","ASV_1369",0.758595818049816,1.73893664801028e-05,0.00556823014963849,"Positive"
"ASV_1192","ASV_1369",0.722315118514615,6.73043204786339e-05,0.0100480105982096,"Positive"
"ASV_1208","ASV_1369",0.659505108208996,0.000455442957357111,0.0405018915649716,"Positive"
"ASV_1240","ASV_1369",0.659505108208996,0.000455442957357111,0.0405018915649716,"Positive"
"ASV_1269","ASV_1369",0.722315118514615,6.73043204786339e-05,0.0100480105982096,"Positive"
"ASV_1296","ASV_1369",0.722315118514615,6.73043204786339e-05,0.0100480105982096,"Positive"
"ASV_1336","ASV_1369",0.722315118514615,6.73043204786339e-05,0.0100480105982096,"Positive"
"ASV_150","ASV_1370",1,0,0,"Positive"
"ASV_302","ASV_1370",0.722315118514615,6.73043204786339e-05,0.0100480105982096,"Positive"
"ASV_338","ASV_1370",0.722315118514615,6.73043204786339e-05,0.0100480105982096,"Positive"
"ASV_342","ASV_1370",1,0,0,"Positive"
"ASV_677","ASV_1370",0.722315118514615,6.73043204786339e-05,0.0100480105982096,"Positive"
"ASV_700","ASV_1370",0.722315118514615,6.73043204786339e-05,0.0100480105982096,"Positive"
"ASV_704","ASV_1370",1,0,0,"Positive"
"ASV_753","ASV_1370",0.722315118514615,6.73043204786339e-05,0.0100480105982096,"Positive"
"ASV_1028","ASV_1370",0.659505108208996,0.000455442957357111,0.0405018915649716,"Positive"
"ASV_1226","ASV_1370",0.722315118514615,6.73043204786339e-05,0.0100480105982096,"Positive"
"ASV_1261","ASV_1370",0.722315118514615,6.73043204786339e-05,0.0100480105982096,"Positive"
"ASV_92","ASV_1371",0.659505108208996,0.000455442957357111,0.0405018915649716,"Positive"
"ASV_464","ASV_1371",0.722315118514615,6.73043204786339e-05,0.0100480105982096,"Positive"
"ASV_547","ASV_1371",0.659505108208996,0.000455442957357111,0.0405018915649716,"Positive"
"ASV_722","ASV_1371",0.722315118514615,6.73043204786339e-05,0.0100480105982096,"Positive"
"ASV_743","ASV_1371",0.659505108208996,0.000455442957357111,0.0405018915649716,"Positive"
"ASV_823","ASV_1371",0.659505108208996,0.000455442957357111,0.0405018915649716,"Positive"
"ASV_974","ASV_1371",0.659505108208996,0.000455442957357111,0.0405018915649716,"Positive"
"ASV_975","ASV_1371",0.659505108208996,0.000455442957357111,0.0405018915649716,"Positive"
"ASV_990","ASV_1371",0.659505108208996,0.000455442957357111,0.0405018915649716,"Positive"
"ASV_1143","ASV_1371",0.722315118514615,6.73043204786339e-05,0.0100480105982096,"Positive"
"ASV_1163","ASV_1371",0.659505108208996,0.000455442957357111,0.0405018915649716,"Positive"
"ASV_1214","ASV_1371",0.674269364021332,0.000302578177247659,0.0405018915649716,"Positive"
"ASV_1242","ASV_1371",0.722315118514615,6.73043204786339e-05,0.0100480105982096,"Positive"
"ASV_1253","ASV_1371",0.659505108208996,0.000455442957357111,0.0405018915649716,"Positive"
"ASV_1329","ASV_1371",0.66868535272509,0.000354113544959178,0.0405018915649716,"Positive"
"ASV_67","ASV_1376",1,0,0,"Positive"
"ASV_72","ASV_1376",1,0,0,"Positive"
"ASV_297","ASV_1376",1,0,0,"Positive"
"ASV_506","ASV_1376",1,0,0,"Positive"
"ASV_567","ASV_1376",0.722315118514615,6.73043204786339e-05,0.0100480105982096,"Positive"
"ASV_575","ASV_1376",0.659505108208996,0.000455442957357111,0.0405018915649716,"Positive"
"ASV_615","ASV_1376",0.659505108208996,0.000455442957357111,0.0405018915649716,"Positive"
"ASV_668","ASV_1376",0.722315118514615,6.73043204786339e-05,0.0100480105982096,"Positive"
"ASV_707","ASV_1376",1,0,0,"Positive"
"ASV_773","ASV_1376",0.659505108208996,0.000455442957357111,0.0405018915649716,"Positive"
"ASV_927","ASV_1376",1,0,0,"Positive"
"ASV_950","ASV_1376",0.722315118514615,6.73043204786339e-05,0.0100480105982096,"Positive"
"ASV_1028","ASV_1376",0.722315118514615,6.73043204786339e-05,0.0100480105982096,"Positive"
"ASV_1047","ASV_1376",0.722315118514615,6.73043204786339e-05,0.0100480105982096,"Positive"
"ASV_1094","ASV_1376",1,0,0,"Positive"
"ASV_1120","ASV_1376",1,0,0,"Positive"
"ASV_1234","ASV_1376",0.722315118514615,6.73043204786339e-05,0.0100480105982096,"Positive"
"ASV_1260","ASV_1376",0.659505108208996,0.000455442957357111,0.0405018915649716,"Positive"
"ASV_1270","ASV_1376",0.722315118514615,6.73043204786339e-05,0.0100480105982096,"Positive"
"ASV_1321","ASV_1376",1,0,0,"Positive"
"ASV_1341","ASV_1376",0.722315118514615,6.73043204786339e-05,0.0100480105982096,"Positive"
"ASV_872","ASV_1377",0.834297687626513,4.051897504187e-07,0.000157537500877277,"Positive"
"ASV_1108","ASV_1377",0.798023875121013,2.98551019817239e-06,0.00105491595747205,"Positive"
"ASV_67","ASV_1378",1,0,0,"Positive"
"ASV_72","ASV_1378",1,0,0,"Positive"
"ASV_297","ASV_1378",1,0,0,"Positive"
"ASV_506","ASV_1378",1,0,0,"Positive"
"ASV_567","ASV_1378",0.722315118514615,6.73043204786339e-05,0.0100480105982096,"Positive"
"ASV_575","ASV_1378",0.659505108208996,0.000455442957357111,0.0405018915649716,"Positive"
"ASV_615","ASV_1378",0.659505108208996,0.000455442957357111,0.0405018915649716,"Positive"
"ASV_668","ASV_1378",0.722315118514615,6.73043204786339e-05,0.0100480105982096,"Positive"
"ASV_707","ASV_1378",1,0,0,"Positive"
"ASV_773","ASV_1378",0.659505108208996,0.000455442957357111,0.0405018915649716,"Positive"
"ASV_927","ASV_1378",1,0,0,"Positive"
"ASV_950","ASV_1378",0.722315118514615,6.73043204786339e-05,0.0100480105982096,"Positive"
"ASV_1028","ASV_1378",0.722315118514615,6.73043204786339e-05,0.0100480105982096,"Positive"
"ASV_1047","ASV_1378",0.722315118514615,6.73043204786339e-05,0.0100480105982096,"Positive"
"ASV_1094","ASV_1378",1,0,0,"Positive"
"ASV_1120","ASV_1378",1,0,0,"Positive"
"ASV_1234","ASV_1378",0.722315118514615,6.73043204786339e-05,0.0100480105982096,"Positive"
"ASV_1260","ASV_1378",0.659505108208996,0.000455442957357111,0.0405018915649716,"Positive"
"ASV_1270","ASV_1378",0.722315118514615,6.73043204786339e-05,0.0100480105982096,"Positive"
"ASV_1321","ASV_1378",1,0,0,"Positive"
"ASV_1341","ASV_1378",0.722315118514615,6.73043204786339e-05,0.0100480105982096,"Positive"
"ASV_1376","ASV_1378",1,0,0,"Positive"
"ASV_153","ASV_1379",1,0,0,"Positive"
"ASV_259","ASV_1379",1,0,0,"Positive"
"ASV_306","ASV_1379",1,0,0,"Positive"
"ASV_343","ASV_1379",1,0,0,"Positive"
"ASV_455","ASV_1379",0.722315118514615,6.73043204786339e-05,0.0100480105982096,"Positive"
"ASV_830","ASV_1379",1,0,0,"Positive"
"ASV_864","ASV_1379",1,0,0,"Positive"
"ASV_885","ASV_1379",0.659505108208996,0.000455442957357111,0.0405018915649716,"Positive"
"ASV_910","ASV_1379",1,0,0,"Positive"
"ASV_912","ASV_1379",1,0,0,"Positive"
"ASV_1046","ASV_1379",0.722315118514615,6.73043204786339e-05,0.0100480105982096,"Positive"
"ASV_1052","ASV_1379",0.722315118514615,6.73043204786339e-05,0.0100480105982096,"Positive"
"ASV_1192","ASV_1379",1,0,0,"Positive"
"ASV_1269","ASV_1379",1,0,0,"Positive"
"ASV_1296","ASV_1379",1,0,0,"Positive"
"ASV_1336","ASV_1379",1,0,0,"Positive"
"ASV_1359","ASV_1379",0.659505108208996,0.000455442957357111,0.0405018915649716,"Positive"
"ASV_1368","ASV_1379",0.722315118514615,6.73043204786339e-05,0.0100480105982096,"Positive"
"ASV_1369","ASV_1379",0.722315118514615,6.73043204786339e-05,0.0100480105982096,"Positive"
"ASV_1111","ASV_1383",0.675303252441909,0.000293788279681184,0.0400780439368084,"Positive"
"ASV_1275","ASV_1383",0.675303252441909,0.000293788279681184,0.0400780439368084,"Positive"
"ASV_92","ASV_1384",0.722315118514615,6.73043204786339e-05,0.0100480105982096,"Positive"
"ASV_153","ASV_1384",0.659505108208996,0.000455442957357111,0.0405018915649716,"Positive"
"ASV_259","ASV_1384",0.659505108208996,0.000455442957357111,0.0405018915649716,"Positive"
"ASV_306","ASV_1384",0.659505108208996,0.000455442957357111,0.0405018915649716,"Positive"
"ASV_343","ASV_1384",0.659505108208996,0.000455442957357111,0.0405018915649716,"Positive"
"ASV_547","ASV_1384",0.722315118514615,6.73043204786339e-05,0.0100480105982096,"Positive"
"ASV_743","ASV_1384",0.722315118514615,6.73043204786339e-05,0.0100480105982096,"Positive"
"ASV_823","ASV_1384",0.722315118514615,6.73043204786339e-05,0.0100480105982096,"Positive"
"ASV_830","ASV_1384",0.659505108208996,0.000455442957357111,0.0405018915649716,"Positive"
"ASV_864","ASV_1384",0.659505108208996,0.000455442957357111,0.0405018915649716,"Positive"
"ASV_910","ASV_1384",0.659505108208996,0.000455442957357111,0.0405018915649716,"Positive"
"ASV_912","ASV_1384",0.659505108208996,0.000455442957357111,0.0405018915649716,"Positive"
"ASV_974","ASV_1384",0.722315118514615,6.73043204786339e-05,0.0100480105982096,"Positive"
"ASV_975","ASV_1384",0.722315118514615,6.73043204786339e-05,0.0100480105982096,"Positive"
"ASV_990","ASV_1384",0.722315118514615,6.73043204786339e-05,0.0100480105982096,"Positive"
"ASV_1059","ASV_1384",0.735693488280004,4.19013851384875e-05,0.0100480105982096,"Positive"
"ASV_1163","ASV_1384",0.722315118514615,6.73043204786339e-05,0.0100480105982096,"Positive"
"ASV_1192","ASV_1384",0.659505108208996,0.000455442957357111,0.0405018915649716,"Positive"
"ASV_1253","ASV_1384",0.722315118514615,6.73043204786339e-05,0.0100480105982096,"Positive"
"ASV_1269","ASV_1384",0.659505108208996,0.000455442957357111,0.0405018915649716,"Positive"
"ASV_1296","ASV_1384",0.659505108208996,0.000455442957357111,0.0405018915649716,"Positive"
"ASV_1336","ASV_1384",0.659505108208996,0.000455442957357111,0.0405018915649716,"Positive"
"ASV_1379","ASV_1384",0.659505108208996,0.000455442957357111,0.0405018915649716,"Positive"
"ASV_17","ASV_1385",0.722315118514615,6.73043204786339e-05,0.0100480105982096,"Positive"
"ASV_79","ASV_1385",1,0,0,"Positive"
"ASV_89","ASV_1385",0.659505108208996,0.000455442957357111,0.0405018915649716,"Positive"
"ASV_186","ASV_1385",0.659505108208996,0.000455442957357111,0.0405018915649716,"Positive"
"ASV_198","ASV_1385",0.659505108208996,0.000455442957357111,0.0405018915649716,"Positive"
"ASV_286","ASV_1385",1,0,0,"Positive"
"ASV_372","ASV_1385",0.659505108208996,0.000455442957357111,0.0405018915649716,"Positive"
"ASV_405","ASV_1385",0.659505108208996,0.000455442957357111,0.0405018915649716,"Positive"
"ASV_429","ASV_1385",0.659505108208996,0.000455442957357111,0.0405018915649716,"Positive"
"ASV_529","ASV_1385",0.659505108208996,0.000455442957357111,0.0405018915649716,"Positive"
"ASV_626","ASV_1385",1,0,0,"Positive"
"ASV_645","ASV_1385",0.659505108208996,0.000455442957357111,0.0405018915649716,"Positive"
"ASV_668","ASV_1385",0.659505108208996,0.000455442957357111,0.0405018915649716,"Positive"
"ASV_677","ASV_1385",0.659505108208996,0.000455442957357111,0.0405018915649716,"Positive"
"ASV_678","ASV_1385",1,0,0,"Positive"
"ASV_715","ASV_1385",0.659505108208996,0.000455442957357111,0.0405018915649716,"Positive"
"ASV_731","ASV_1385",0.659505108208996,0.000455442957357111,0.0405018915649716,"Positive"
"ASV_750","ASV_1385",1,0,0,"Positive"
"ASV_751","ASV_1385",0.659505108208996,0.000455442957357111,0.0405018915649716,"Positive"
"ASV_791","ASV_1385",0.722315118514615,6.73043204786339e-05,0.0100480105982096,"Positive"
"ASV_800","ASV_1385",0.659505108208996,0.000455442957357111,0.0405018915649716,"Positive"
"ASV_801","ASV_1385",0.659505108208996,0.000455442957357111,0.0405018915649716,"Positive"
"ASV_895","ASV_1385",1,0,0,"Positive"
"ASV_961","ASV_1385",0.722315118514615,6.73043204786339e-05,0.0100480105982096,"Positive"
"ASV_995","ASV_1385",0.722315118514615,6.73043204786339e-05,0.0100480105982096,"Positive"
"ASV_1047","ASV_1385",0.659505108208996,0.000455442957357111,0.0405018915649716,"Positive"
"ASV_1056","ASV_1385",0.722315118514615,6.73043204786339e-05,0.0100480105982096,"Positive"
"ASV_1124","ASV_1385",1,0,0,"Positive"
"ASV_1176","ASV_1385",0.659505108208996,0.000455442957357111,0.0405018915649716,"Positive"
"ASV_1178","ASV_1385",0.722315118514615,6.73043204786339e-05,0.0100480105982096,"Positive"
"ASV_1249","ASV_1385",1,0,0,"Positive"
"ASV_1250","ASV_1385",1,0,0,"Positive"
"ASV_1299","ASV_1385",0.722315118514615,6.73043204786339e-05,0.0100480105982096,"Positive"
"ASV_1338","ASV_1385",0.659505108208996,0.000455442957357111,0.0405018915649716,"Positive"
"ASV_1341","ASV_1385",0.659505108208996,0.000455442957357111,0.0405018915649716,"Positive"
"ASV_1348","ASV_1385",1,0,0,"Positive"
"ASV_1364","ASV_1385",1,0,0,"Positive"
"ASV_1365","ASV_1385",0.722315118514615,6.73043204786339e-05,0.0100480105982096,"Positive"
"ASV_1367","ASV_1385",0.659505108208996,0.000455442957357111,0.0405018915649716,"Positive"
"ASV_186","ASV_1386",0.834297687626513,4.051897504187e-07,0.000157537500877277,"Positive"
"ASV_198","ASV_1386",0.834297687626513,4.051897504187e-07,0.000157537500877277,"Positive"
"ASV_372","ASV_1386",0.834297687626513,4.051897504187e-07,0.000157537500877277,"Positive"
"ASV_405","ASV_1386",0.834297687626513,4.051897504187e-07,0.000157537500877277,"Positive"
"ASV_1056","ASV_1386",0.758595818049816,1.73893664801028e-05,0.00556823014963849,"Positive"
"ASV_17","ASV_1387",0.722315118514615,6.73043204786339e-05,0.0100480105982096,"Positive"
"ASV_79","ASV_1387",1,0,0,"Positive"
"ASV_89","ASV_1387",0.659505108208996,0.000455442957357111,0.0405018915649716,"Positive"
"ASV_186","ASV_1387",0.659505108208996,0.000455442957357111,0.0405018915649716,"Positive"
"ASV_198","ASV_1387",0.659505108208996,0.000455442957357111,0.0405018915649716,"Positive"
"ASV_286","ASV_1387",1,0,0,"Positive"
"ASV_372","ASV_1387",0.659505108208996,0.000455442957357111,0.0405018915649716,"Positive"
"ASV_405","ASV_1387",0.659505108208996,0.000455442957357111,0.0405018915649716,"Positive"
"ASV_429","ASV_1387",0.659505108208996,0.000455442957357111,0.0405018915649716,"Positive"
"ASV_529","ASV_1387",0.659505108208996,0.000455442957357111,0.0405018915649716,"Positive"
"ASV_626","ASV_1387",1,0,0,"Positive"
"ASV_645","ASV_1387",0.659505108208996,0.000455442957357111,0.0405018915649716,"Positive"
"ASV_668","ASV_1387",0.659505108208996,0.000455442957357111,0.0405018915649716,"Positive"
"ASV_677","ASV_1387",0.659505108208996,0.000455442957357111,0.0405018915649716,"Positive"
"ASV_678","ASV_1387",1,0,0,"Positive"
"ASV_715","ASV_1387",0.659505108208996,0.000455442957357111,0.0405018915649716,"Positive"
"ASV_731","ASV_1387",0.659505108208996,0.000455442957357111,0.0405018915649716,"Positive"
"ASV_750","ASV_1387",1,0,0,"Positive"
"ASV_751","ASV_1387",0.659505108208996,0.000455442957357111,0.0405018915649716,"Positive"
"ASV_791","ASV_1387",0.722315118514615,6.73043204786339e-05,0.0100480105982096,"Positive"
"ASV_800","ASV_1387",0.659505108208996,0.000455442957357111,0.0405018915649716,"Positive"
"ASV_801","ASV_1387",0.659505108208996,0.000455442957357111,0.0405018915649716,"Positive"
"ASV_895","ASV_1387",1,0,0,"Positive"
"ASV_961","ASV_1387",0.722315118514615,6.73043204786339e-05,0.0100480105982096,"Positive"
"ASV_995","ASV_1387",0.722315118514615,6.73043204786339e-05,0.0100480105982096,"Positive"
"ASV_1047","ASV_1387",0.659505108208996,0.000455442957357111,0.0405018915649716,"Positive"
"ASV_1056","ASV_1387",0.722315118514615,6.73043204786339e-05,0.0100480105982096,"Positive"
"ASV_1124","ASV_1387",1,0,0,"Positive"
"ASV_1176","ASV_1387",0.659505108208996,0.000455442957357111,0.0405018915649716,"Positive"
"ASV_1178","ASV_1387",0.722315118514615,6.73043204786339e-05,0.0100480105982096,"Positive"
"ASV_1249","ASV_1387",1,0,0,"Positive"
"ASV_1250","ASV_1387",1,0,0,"Positive"
"ASV_1299","ASV_1387",0.722315118514615,6.73043204786339e-05,0.0100480105982096,"Positive"
"ASV_1338","ASV_1387",0.659505108208996,0.000455442957357111,0.0405018915649716,"Positive"
"ASV_1341","ASV_1387",0.659505108208996,0.000455442957357111,0.0405018915649716,"Positive"
"ASV_1348","ASV_1387",1,0,0,"Positive"
"ASV_1364","ASV_1387",1,0,0,"Positive"
"ASV_1365","ASV_1387",0.722315118514615,6.73043204786339e-05,0.0100480105982096,"Positive"
"ASV_1367","ASV_1387",0.659505108208996,0.000455442957357111,0.0405018915649716,"Positive"
"ASV_1385","ASV_1387",1,0,0,"Positive"
"ASV_89","ASV_1390",0.722315118514615,6.73043204786339e-05,0.0100480105982096,"Positive"
"ASV_133","ASV_1390",0.659505108208996,0.000455442957357111,0.0405018915649716,"Positive"
"ASV_387","ASV_1390",0.659505108208996,0.000455442957357111,0.0405018915649716,"Positive"
"ASV_471","ASV_1390",0.722315118514615,6.73043204786339e-05,0.0100480105982096,"Positive"
"ASV_593","ASV_1390",0.659505108208996,0.000455442957357111,0.0405018915649716,"Positive"
"ASV_699","ASV_1390",0.722315118514615,6.73043204786339e-05,0.0100480105982096,"Positive"
"ASV_751","ASV_1390",0.722315118514615,6.73043204786339e-05,0.0100480105982096,"Positive"
"ASV_846","ASV_1390",0.722315118514615,6.73043204786339e-05,0.0100480105982096,"Positive"
"ASV_1052","ASV_1390",0.659505108208996,0.000455442957357111,0.0405018915649716,"Positive"
"ASV_1073","ASV_1390",0.659505108208996,0.000455442957357111,0.0405018915649716,"Positive"
"ASV_1100","ASV_1390",1,0,0,"Positive"
"ASV_1154","ASV_1390",0.722315118514615,6.73043204786339e-05,0.0100480105982096,"Positive"
"ASV_1203","ASV_1390",0.722315118514615,6.73043204786339e-05,0.0100480105982096,"Positive"
"ASV_1213","ASV_1390",0.659505108208996,0.000455442957357111,0.0405018915649716,"Positive"
"ASV_1286","ASV_1390",1,0,0,"Positive"
"ASV_1365","ASV_1390",0.659505108208996,0.000455442957357111,0.0405018915649716,"Positive"
"ASV_89","ASV_1391",0.722315118514615,6.73043204786339e-05,0.0100480105982096,"Positive"
"ASV_133","ASV_1391",0.659505108208996,0.000455442957357111,0.0405018915649716,"Positive"
"ASV_387","ASV_1391",0.659505108208996,0.000455442957357111,0.0405018915649716,"Positive"
"ASV_471","ASV_1391",0.722315118514615,6.73043204786339e-05,0.0100480105982096,"Positive"
"ASV_593","ASV_1391",0.659505108208996,0.000455442957357111,0.0405018915649716,"Positive"
"ASV_699","ASV_1391",0.722315118514615,6.73043204786339e-05,0.0100480105982096,"Positive"
"ASV_751","ASV_1391",0.722315118514615,6.73043204786339e-05,0.0100480105982096,"Positive"
"ASV_846","ASV_1391",0.722315118514615,6.73043204786339e-05,0.0100480105982096,"Positive"
"ASV_1052","ASV_1391",0.659505108208996,0.000455442957357111,0.0405018915649716,"Positive"
"ASV_1073","ASV_1391",0.659505108208996,0.000455442957357111,0.0405018915649716,"Positive"
"ASV_1100","ASV_1391",1,0,0,"Positive"
"ASV_1154","ASV_1391",0.722315118514615,6.73043204786339e-05,0.0100480105982096,"Positive"
"ASV_1203","ASV_1391",0.722315118514615,6.73043204786339e-05,0.0100480105982096,"Positive"
"ASV_1213","ASV_1391",0.659505108208996,0.000455442957357111,0.0405018915649716,"Positive"
"ASV_1286","ASV_1391",1,0,0,"Positive"
"ASV_1365","ASV_1391",0.659505108208996,0.000455442957357111,0.0405018915649716,"Positive"
"ASV_1390","ASV_1391",1,0,0,"Positive"
"ASV_92","ASV_1392",0.659505108208996,0.000455442957357111,0.0405018915649716,"Positive"
"ASV_150","ASV_1392",0.722315118514615,6.73043204786339e-05,0.0100480105982096,"Positive"
"ASV_302","ASV_1392",1,0,0,"Positive"
"ASV_342","ASV_1392",0.722315118514615,6.73043204786339e-05,0.0100480105982096,"Positive"
"ASV_547","ASV_1392",0.659505108208996,0.000455442957357111,0.0405018915649716,"Positive"
"ASV_609","ASV_1392",0.758595818049816,1.73893664801028e-05,0.00556823014963849,"Positive"
"ASV_704","ASV_1392",0.722315118514615,6.73043204786339e-05,0.0100480105982096,"Positive"
"ASV_743","ASV_1392",0.659505108208996,0.000455442957357111,0.0405018915649716,"Positive"
"ASV_823","ASV_1392",0.659505108208996,0.000455442957357111,0.0405018915649716,"Positive"
"ASV_974","ASV_1392",0.659505108208996,0.000455442957357111,0.0405018915649716,"Positive"
"ASV_975","ASV_1392",0.659505108208996,0.000455442957357111,0.0405018915649716,"Positive"
"ASV_990","ASV_1392",0.659505108208996,0.000455442957357111,0.0405018915649716,"Positive"
"ASV_1163","ASV_1392",0.659505108208996,0.000455442957357111,0.0405018915649716,"Positive"
"ASV_1253","ASV_1392",0.659505108208996,0.000455442957357111,0.0405018915649716,"Positive"
"ASV_1261","ASV_1392",1,0,0,"Positive"
"ASV_1370","ASV_1392",0.722315118514615,6.73043204786339e-05,0.0100480105982096,"Positive"
"ASV_471","ASV_1400",0.791715385989621,4.05688181759345e-06,0.0013865971734632,"Positive"
"ASV_593","ASV_1400",0.798023875121013,2.98551019817239e-06,0.00105491595747205,"Positive"
"ASV_641","ASV_1400",0.737004778517188,3.99398009189866e-05,0.0100480105982096,"Positive"
"ASV_700","ASV_1400",0.831143443060818,4.90887142934326e-07,0.000184814186187824,"Positive"
"ASV_934","ASV_1400",0.724224348831918,6.30067072926455e-05,0.0100480105982096,"Positive"
"ASV_1073","ASV_1400",0.798023875121013,2.98551019817239e-06,0.00105491595747205,"Positive"
"ASV_1361","ASV_1400",0.791983711063085,4.00516042353694e-06,0.0013865971734632,"Positive"
"ASV_153","ASV_1401",0.659505108208996,0.000455442957357111,0.0405018915649716,"Positive"
"ASV_259","ASV_1401",0.659505108208996,0.000455442957357111,0.0405018915649716,"Positive"
"ASV_306","ASV_1401",0.659505108208996,0.000455442957357111,0.0405018915649716,"Positive"
"ASV_343","ASV_1401",0.659505108208996,0.000455442957357111,0.0405018915649716,"Positive"
"ASV_433","ASV_1401",0.722315118514615,6.73043204786339e-05,0.0100480105982096,"Positive"
"ASV_604","ASV_1401",0.722315118514615,6.73043204786339e-05,0.0100480105982096,"Positive"
"ASV_648","ASV_1401",0.722315118514615,6.73043204786339e-05,0.0100480105982096,"Positive"
"ASV_698","ASV_1401",0.722315118514615,6.73043204786339e-05,0.0100480105982096,"Positive"
"ASV_808","ASV_1401",0.722315118514615,6.73043204786339e-05,0.0100480105982096,"Positive"
"ASV_830","ASV_1401",0.659505108208996,0.000455442957357111,0.0405018915649716,"Positive"
"ASV_864","ASV_1401",0.659505108208996,0.000455442957357111,0.0405018915649716,"Positive"
"ASV_910","ASV_1401",0.659505108208996,0.000455442957357111,0.0405018915649716,"Positive"
"ASV_912","ASV_1401",0.659505108208996,0.000455442957357111,0.0405018915649716,"Positive"
"ASV_1000","ASV_1401",0.722315118514615,6.73043204786339e-05,0.0100480105982096,"Positive"
"ASV_1009","ASV_1401",0.722315118514615,6.73043204786339e-05,0.0100480105982096,"Positive"
"ASV_1046","ASV_1401",0.996219281663516,0,0,"Positive"
"ASV_1074","ASV_1401",0.722315118514615,6.73043204786339e-05,0.0100480105982096,"Positive"
"ASV_1192","ASV_1401",0.659505108208996,0.000455442957357111,0.0405018915649716,"Positive"
"ASV_1258","ASV_1401",0.722315118514615,6.73043204786339e-05,0.0100480105982096,"Positive"
"ASV_1269","ASV_1401",0.659505108208996,0.000455442957357111,0.0405018915649716,"Positive"
"ASV_1296","ASV_1401",0.659505108208996,0.000455442957357111,0.0405018915649716,"Positive"
"ASV_1336","ASV_1401",0.659505108208996,0.000455442957357111,0.0405018915649716,"Positive"
"ASV_1340","ASV_1401",0.674269364021332,0.000302578177247659,0.0405018915649716,"Positive"
"ASV_1379","ASV_1401",0.659505108208996,0.000455442957357111,0.0405018915649716,"Positive"
"ASV_139","ASV_1404",0.659505108208996,0.000455442957357111,0.0405018915649716,"Positive"
"ASV_179","ASV_1404",0.722315118514615,6.73043204786339e-05,0.0100480105982096,"Positive"
"ASV_314","ASV_1404",1,0,0,"Positive"
"ASV_563","ASV_1404",0.659505108208996,0.000455442957357111,0.0405018915649716,"Positive"
"ASV_567","ASV_1404",0.659505108208996,0.000455442957357111,0.0405018915649716,"Positive"
"ASV_719","ASV_1404",0.659505108208996,0.000455442957357111,0.0405018915649716,"Positive"
"ASV_745","ASV_1404",0.722315118514615,6.73043204786339e-05,0.0100480105982096,"Positive"
"ASV_787","ASV_1404",1,0,0,"Positive"
"ASV_791","ASV_1404",0.659505108208996,0.000455442957357111,0.0405018915649716,"Positive"
"ASV_825","ASV_1404",1,0,0,"Positive"
"ASV_883","ASV_1404",0.659505108208996,0.000455442957357111,0.0405018915649716,"Positive"
"ASV_994","ASV_1404",1,0,0,"Positive"
"ASV_1011","ASV_1404",1,0,0,"Positive"
"ASV_1060","ASV_1404",0.659505108208996,0.000455442957357111,0.0405018915649716,"Positive"
"ASV_1111","ASV_1404",0.659505108208996,0.000455442957357111,0.0405018915649716,"Positive"
"ASV_1133","ASV_1404",0.659505108208996,0.000455442957357111,0.0405018915649716,"Positive"
"ASV_1144","ASV_1404",1,0,0,"Positive"
"ASV_1275","ASV_1404",0.659505108208996,0.000455442957357111,0.0405018915649716,"Positive"
"ASV_1320","ASV_1404",1,0,0,"Positive"
"ASV_1326","ASV_1404",1,0,0,"Positive"
"ASV_1327","ASV_1404",0.659505108208996,0.000455442957357111,0.0405018915649716,"Positive"
"ASV_885","ASV_1405",0.672750121052715,0.000315908823334876,0.0405018915649716,"Positive"
"ASV_429","ASV_1406",0.834297687626513,4.051897504187e-07,0.000157537500877277,"Positive"
"ASV_463","ASV_1406",0.69866348946138,0.000146186361468459,0.0208842417348053,"Positive"
"ASV_529","ASV_1406",0.755441573484121,1.97379231001715e-05,0.00613235932427086,"Positive"
"ASV_571","ASV_1406",0.681578947368421,0.000245043846589965,0.0341442610724236,"Positive"
"ASV_764","ASV_1406",0.707183775918226,0.000111499474380272,0.016362666481767,"Positive"
"ASV_1299","ASV_1406",0.831143443060818,4.90887142934326e-07,0.000184814186187824,"Positive"
"ASV_378","ASV_1407",0.713748911639455,8.9914893340648e-05,0.0133140831652737,"Positive"
"ASV_645","ASV_1407",0.798023875121013,2.98551019817239e-06,0.00105491595747205,"Positive"
"ASV_581","ASV_1408",1,0,0,"Positive"
"ASV_745","ASV_1408",0.659505108208996,0.000455442957357111,0.0405018915649716,"Positive"
"ASV_1089","ASV_1408",1,0,0,"Positive"
"ASV_1178","ASV_1408",0.659505108208996,0.000455442957357111,0.0405018915649716,"Positive"
"ASV_1200","ASV_1408",0.659505108208996,0.000455442957357111,0.0405018915649716,"Positive"
"ASV_1226","ASV_1408",0.659505108208996,0.000455442957357111,0.0405018915649716,"Positive"
"ASV_1270","ASV_1408",0.659505108208996,0.000455442957357111,0.0405018915649716,"Positive"
"ASV_1294","ASV_1408",1,0,0,"Positive"
"ASV_1330","ASV_1408",1,0,0,"Positive"
"ASV_1368","ASV_1408",0.659505108208996,0.000455442957357111,0.0405018915649716,"Positive"
"ASV_36","ASV_1409",1,0,0,"Positive"
"ASV_186","ASV_1409",0.722315118514615,6.73043204786339e-05,0.0100480105982096,"Positive"
"ASV_198","ASV_1409",0.722315118514615,6.73043204786339e-05,0.0100480105982096,"Positive"
"ASV_372","ASV_1409",0.722315118514615,6.73043204786339e-05,0.0100480105982096,"Positive"
"ASV_405","ASV_1409",0.722315118514615,6.73043204786339e-05,0.0100480105982096,"Positive"
"ASV_615","ASV_1409",0.722315118514615,6.73043204786339e-05,0.0100480105982096,"Positive"
"ASV_773","ASV_1409",0.722315118514615,6.73043204786339e-05,0.0100480105982096,"Positive"
"ASV_1133","ASV_1409",0.722315118514615,6.73043204786339e-05,0.0100480105982096,"Positive"
"ASV_1164","ASV_1409",1,0,0,"Positive"
"ASV_1183","ASV_1409",1,0,0,"Positive"
"ASV_1267","ASV_1409",1,0,0,"Positive"
"ASV_1287","ASV_1409",1,0,0,"Positive"
"ASV_1308","ASV_1409",0.659505108208996,0.000455442957357111,0.0405018915649716,"Positive"
"ASV_92","ASV_1410",1,0,0,"Positive"
"ASV_139","ASV_1410",0.722315118514615,6.73043204786339e-05,0.0100480105982096,"Positive"
"ASV_302","ASV_1410",0.659505108208996,0.000455442957357111,0.0405018915649716,"Positive"
"ASV_547","ASV_1410",1,0,0,"Positive"
"ASV_575","ASV_1410",0.722315118514615,6.73043204786339e-05,0.0100480105982096,"Positive"
"ASV_579","ASV_1410",0.722315118514615,6.73043204786339e-05,0.0100480105982096,"Positive"
"ASV_596","ASV_1410",0.722315118514615,6.73043204786339e-05,0.0100480105982096,"Positive"
"ASV_645","ASV_1410",0.722315118514615,6.73043204786339e-05,0.0100480105982096,"Positive"
"ASV_743","ASV_1410",1,0,0,"Positive"
"ASV_823","ASV_1410",1,0,0,"Positive"
"ASV_974","ASV_1410",1,0,0,"Positive"
"ASV_975","ASV_1410",1,0,0,"Positive"
"ASV_990","ASV_1410",1,0,0,"Positive"
"ASV_1060","ASV_1410",0.722315118514615,6.73043204786339e-05,0.0100480105982096,"Positive"
"ASV_1163","ASV_1410",1,0,0,"Positive"
"ASV_1221","ASV_1410",0.722315118514615,6.73043204786339e-05,0.0100480105982096,"Positive"
"ASV_1239","ASV_1410",0.659505108208996,0.000455442957357111,0.0405018915649716,"Positive"
"ASV_1253","ASV_1410",1,0,0,"Positive"
"ASV_1261","ASV_1410",0.659505108208996,0.000455442957357111,0.0405018915649716,"Positive"
"ASV_1327","ASV_1410",0.722315118514615,6.73043204786339e-05,0.0100480105982096,"Positive"
"ASV_1371","ASV_1410",0.659505108208996,0.000455442957357111,0.0405018915649716,"Positive"
"ASV_1384","ASV_1410",0.722315118514615,6.73043204786339e-05,0.0100480105982096,"Positive"
"ASV_1392","ASV_1410",0.659505108208996,0.000455442957357111,0.0405018915649716,"Positive"
"ASV_330","ASV_1412",0.671477358373211,0.000327466498742712,0.0405018915649716,"Positive"
"ASV_419","ASV_1412",0.996219281663516,0,0,"Positive"
"ASV_464","ASV_1412",0.659505108208996,0.000455442957357111,0.0405018915649716,"Positive"
"ASV_534","ASV_1412",0.722315118514615,6.73043204786339e-05,0.0100480105982096,"Positive"
"ASV_682","ASV_1412",0.722315118514615,6.73043204786339e-05,0.0100480105982096,"Positive"
"ASV_714","ASV_1412",0.722315118514615,6.73043204786339e-05,0.0100480105982096,"Positive"
"ASV_722","ASV_1412",0.659505108208996,0.000455442957357111,0.0405018915649716,"Positive"
"ASV_882","ASV_1412",0.722315118514615,6.73043204786339e-05,0.0100480105982096,"Positive"
"ASV_914","ASV_1412",0.722315118514615,6.73043204786339e-05,0.0100480105982096,"Positive"
"ASV_1113","ASV_1412",0.722315118514615,6.73043204786339e-05,0.0100480105982096,"Positive"
"ASV_1138","ASV_1412",0.722315118514615,6.73043204786339e-05,0.0100480105982096,"Positive"
"ASV_1143","ASV_1412",0.659505108208996,0.000455442957357111,0.0405018915649716,"Positive"
"ASV_1195","ASV_1412",0.755441573484121,1.97379231001715e-05,0.00613235932427086,"Positive"
"ASV_1237","ASV_1412",0.722315118514615,6.73043204786339e-05,0.0100480105982096,"Positive"
"ASV_1242","ASV_1412",0.659505108208996,0.000455442957357111,0.0405018915649716,"Positive"
"ASV_1313","ASV_1412",0.834297687626513,4.051897504187e-07,0.000157537500877277,"Positive"
"ASV_153","ASV_1413",1,0,0,"Positive"
"ASV_259","ASV_1413",1,0,0,"Positive"
"ASV_306","ASV_1413",1,0,0,"Positive"
"ASV_343","ASV_1413",1,0,0,"Positive"
"ASV_455","ASV_1413",0.722315118514615,6.73043204786339e-05,0.0100480105982096,"Positive"
"ASV_830","ASV_1413",1,0,0,"Positive"
"ASV_864","ASV_1413",1,0,0,"Positive"
"ASV_885","ASV_1413",0.659505108208996,0.000455442957357111,0.0405018915649716,"Positive"
"ASV_910","ASV_1413",1,0,0,"Positive"
"ASV_912","ASV_1413",1,0,0,"Positive"
"ASV_1046","ASV_1413",0.722315118514615,6.73043204786339e-05,0.0100480105982096,"Positive"
"ASV_1052","ASV_1413",0.722315118514615,6.73043204786339e-05,0.0100480105982096,"Positive"
"ASV_1192","ASV_1413",1,0,0,"Positive"
"ASV_1269","ASV_1413",1,0,0,"Positive"
"ASV_1296","ASV_1413",1,0,0,"Positive"
"ASV_1336","ASV_1413",1,0,0,"Positive"
"ASV_1359","ASV_1413",0.659505108208996,0.000455442957357111,0.0405018915649716,"Positive"
"ASV_1368","ASV_1413",0.722315118514615,6.73043204786339e-05,0.0100480105982096,"Positive"
"ASV_1369","ASV_1413",0.722315118514615,6.73043204786339e-05,0.0100480105982096,"Positive"
"ASV_1379","ASV_1413",1,0,0,"Positive"
"ASV_1384","ASV_1413",0.659505108208996,0.000455442957357111,0.0405018915649716,"Positive"
"ASV_1401","ASV_1413",0.659505108208996,0.000455442957357111,0.0405018915649716,"Positive"
"ASV_874","ASV_1419",0.685680142602986,0.000217136278871433,0.0305269885091711,"Positive"
"ASV_876","ASV_1419",0.806896551724138,1.90408856126645e-06,0.000705320624791787,"Positive"
"ASV_150","ASV_1420",0.722315118514615,6.73043204786339e-05,0.0100480105982096,"Positive"
"ASV_300","ASV_1420",0.831143443060818,4.90887142934326e-07,0.000184814186187824,"Positive"
"ASV_342","ASV_1420",0.722315118514615,6.73043204786339e-05,0.0100480105982096,"Positive"
"ASV_472","ASV_1420",0.758595818049816,1.73893664801028e-05,0.00556823014963849,"Positive"
"ASV_546","ASV_1420",0.659505108208996,0.000455442957357111,0.0405018915649716,"Positive"
"ASV_680","ASV_1420",0.659505108208996,0.000455442957357111,0.0405018915649716,"Positive"
"ASV_704","ASV_1420",0.722315118514615,6.73043204786339e-05,0.0100480105982096,"Positive"
"ASV_709","ASV_1420",0.831143443060818,4.90887142934326e-07,0.000184814186187824,"Positive"
"ASV_735","ASV_1420",0.659505108208996,0.000455442957357111,0.0405018915649716,"Positive"
"ASV_1057","ASV_1420",0.659505108208996,0.000455442957357111,0.0405018915649716,"Positive"
"ASV_1187","ASV_1420",0.659505108208996,0.000455442957357111,0.0405018915649716,"Positive"
"ASV_1190","ASV_1420",0.659505108208996,0.000455442957357111,0.0405018915649716,"Positive"
"ASV_1370","ASV_1420",0.722315118514615,6.73043204786339e-05,0.0100480105982096,"Positive"
"ASV_530","ASV_1424",0.69866348946138,0.000146186361468459,0.0208842417348053,"Positive"
"ASV_139","ASV_1425",0.659505108208996,0.000455442957357111,0.0405018915649716,"Positive"
"ASV_179","ASV_1425",0.722315118514615,6.73043204786339e-05,0.0100480105982096,"Positive"
"ASV_314","ASV_1425",1,0,0,"Positive"
"ASV_563","ASV_1425",0.659505108208996,0.000455442957357111,0.0405018915649716,"Positive"
"ASV_567","ASV_1425",0.659505108208996,0.000455442957357111,0.0405018915649716,"Positive"
"ASV_719","ASV_1425",0.659505108208996,0.000455442957357111,0.0405018915649716,"Positive"
"ASV_745","ASV_1425",0.722315118514615,6.73043204786339e-05,0.0100480105982096,"Positive"
"ASV_787","ASV_1425",1,0,0,"Positive"
"ASV_791","ASV_1425",0.659505108208996,0.000455442957357111,0.0405018915649716,"Positive"
"ASV_825","ASV_1425",1,0,0,"Positive"
"ASV_883","ASV_1425",0.659505108208996,0.000455442957357111,0.0405018915649716,"Positive"
"ASV_994","ASV_1425",1,0,0,"Positive"
"ASV_1011","ASV_1425",1,0,0,"Positive"
"ASV_1060","ASV_1425",0.659505108208996,0.000455442957357111,0.0405018915649716,"Positive"
"ASV_1111","ASV_1425",0.659505108208996,0.000455442957357111,0.0405018915649716,"Positive"
"ASV_1133","ASV_1425",0.659505108208996,0.000455442957357111,0.0405018915649716,"Positive"
"ASV_1144","ASV_1425",1,0,0,"Positive"
"ASV_1275","ASV_1425",0.659505108208996,0.000455442957357111,0.0405018915649716,"Positive"
"ASV_1320","ASV_1425",1,0,0,"Positive"
"ASV_1326","ASV_1425",1,0,0,"Positive"
"ASV_1327","ASV_1425",0.659505108208996,0.000455442957357111,0.0405018915649716,"Positive"
"ASV_1404","ASV_1425",1,0,0,"Positive"
"ASV_179","ASV_1426",0.700793417678486,0.0001367333000033,0.0195580794299619,"Positive"
"ASV_715","ASV_1426",0.674269364021332,0.000302578177247659,0.0405018915649716,"Positive"
"ASV_1003","ASV_1426",0.738485493928126,3.78223100505615e-05,0.0100480105982096,"Positive"
"ASV_1386","ASV_1428",0.756175423045091,1.9167873897441e-05,0.00611501279522756,"Positive"
"ASV_996","ASV_1429",0.678947368421053,0.000264551357584297,0.0365669354442119,"Positive"
"ASV_150","ASV_1430",1,0,0,"Positive"
"ASV_302","ASV_1430",0.722315118514615,6.73043204786339e-05,0.0100480105982096,"Positive"
"ASV_338","ASV_1430",0.722315118514615,6.73043204786339e-05,0.0100480105982096,"Positive"
"ASV_342","ASV_1430",1,0,0,"Positive"
"ASV_677","ASV_1430",0.722315118514615,6.73043204786339e-05,0.0100480105982096,"Positive"
"ASV_700","ASV_1430",0.722315118514615,6.73043204786339e-05,0.0100480105982096,"Positive"
"ASV_704","ASV_1430",1,0,0,"Positive"
"ASV_753","ASV_1430",0.722315118514615,6.73043204786339e-05,0.0100480105982096,"Positive"
"ASV_1028","ASV_1430",0.659505108208996,0.000455442957357111,0.0405018915649716,"Positive"
"ASV_1226","ASV_1430",0.722315118514615,6.73043204786339e-05,0.0100480105982096,"Positive"
"ASV_1261","ASV_1430",0.722315118514615,6.73043204786339e-05,0.0100480105982096,"Positive"
"ASV_1370","ASV_1430",1,0,0,"Positive"
"ASV_1392","ASV_1430",0.722315118514615,6.73043204786339e-05,0.0100480105982096,"Positive"
"ASV_1420","ASV_1430",0.722315118514615,6.73043204786339e-05,0.0100480105982096,"Positive"
"ASV_496","ASV_1431",0.777476139187207,7.814691142638e-06,0.00262416111091125,"Positive"
"ASV_1369","ASV_1431",0.798023875121013,2.98551019817239e-06,0.00105491595747205,"Positive"
"ASV_89","ASV_1432",0.722315118514615,6.73043204786339e-05,0.0100480105982096,"Positive"
"ASV_133","ASV_1432",0.659505108208996,0.000455442957357111,0.0405018915649716,"Positive"
"ASV_387","ASV_1432",0.659505108208996,0.000455442957357111,0.0405018915649716,"Positive"
"ASV_471","ASV_1432",0.722315118514615,6.73043204786339e-05,0.0100480105982096,"Positive"
"ASV_593","ASV_1432",0.659505108208996,0.000455442957357111,0.0405018915649716,"Positive"
"ASV_699","ASV_1432",0.722315118514615,6.73043204786339e-05,0.0100480105982096,"Positive"
"ASV_751","ASV_1432",0.722315118514615,6.73043204786339e-05,0.0100480105982096,"Positive"
"ASV_846","ASV_1432",0.722315118514615,6.73043204786339e-05,0.0100480105982096,"Positive"
"ASV_1052","ASV_1432",0.659505108208996,0.000455442957357111,0.0405018915649716,"Positive"
"ASV_1073","ASV_1432",0.659505108208996,0.000455442957357111,0.0405018915649716,"Positive"
"ASV_1100","ASV_1432",1,0,0,"Positive"
"ASV_1154","ASV_1432",0.722315118514615,6.73043204786339e-05,0.0100480105982096,"Positive"
"ASV_1203","ASV_1432",0.722315118514615,6.73043204786339e-05,0.0100480105982096,"Positive"
"ASV_1213","ASV_1432",0.659505108208996,0.000455442957357111,0.0405018915649716,"Positive"
"ASV_1286","ASV_1432",1,0,0,"Positive"
"ASV_1365","ASV_1432",0.659505108208996,0.000455442957357111,0.0405018915649716,"Positive"
"ASV_1390","ASV_1432",1,0,0,"Positive"
"ASV_1391","ASV_1432",1,0,0,"Positive"
"ASV_153","ASV_1433",1,0,0,"Positive"
"ASV_259","ASV_1433",1,0,0,"Positive"
"ASV_306","ASV_1433",1,0,0,"Positive"
"ASV_343","ASV_1433",1,0,0,"Positive"
"ASV_455","ASV_1433",0.722315118514615,6.73043204786339e-05,0.0100480105982096,"Positive"
"ASV_830","ASV_1433",1,0,0,"Positive"
"ASV_864","ASV_1433",1,0,0,"Positive"
"ASV_885","ASV_1433",0.659505108208996,0.000455442957357111,0.0405018915649716,"Positive"
"ASV_910","ASV_1433",1,0,0,"Positive"
"ASV_912","ASV_1433",1,0,0,"Positive"
"ASV_1046","ASV_1433",0.722315118514615,6.73043204786339e-05,0.0100480105982096,"Positive"
"ASV_1052","ASV_1433",0.722315118514615,6.73043204786339e-05,0.0100480105982096,"Positive"
"ASV_1192","ASV_1433",1,0,0,"Positive"
"ASV_1269","ASV_1433",1,0,0,"Positive"
"ASV_1296","ASV_1433",1,0,0,"Positive"
"ASV_1336","ASV_1433",1,0,0,"Positive"
"ASV_1359","ASV_1433",0.659505108208996,0.000455442957357111,0.0405018915649716,"Positive"
"ASV_1368","ASV_1433",0.722315118514615,6.73043204786339e-05,0.0100480105982096,"Positive"
"ASV_1369","ASV_1433",0.722315118514615,6.73043204786339e-05,0.0100480105982096,"Positive"
"ASV_1379","ASV_1433",1,0,0,"Positive"
"ASV_1384","ASV_1433",0.659505108208996,0.000455442957357111,0.0405018915649716,"Positive"
"ASV_1401","ASV_1433",0.659505108208996,0.000455442957357111,0.0405018915649716,"Positive"
"ASV_1413","ASV_1433",1,0,0,"Positive"
"ASV_123","ASV_1436",1,0,0,"Positive"
"ASV_387","ASV_1436",0.722315118514615,6.73043204786339e-05,0.0100480105982096,"Positive"
"ASV_455","ASV_1436",0.659505108208996,0.000455442957357111,0.0405018915649716,"Positive"
"ASV_477","ASV_1436",0.659505108208996,0.000455442957357111,0.0405018915649716,"Positive"
"ASV_495","ASV_1436",0.722315118514615,6.73043204786339e-05,0.0100480105982096,"Positive"
"ASV_654","ASV_1436",1,0,0,"Positive"
"ASV_699","ASV_1436",0.659505108208996,0.000455442957357111,0.0405018915649716,"Positive"
"ASV_834","ASV_1436",0.722315118514615,6.73043204786339e-05,0.0100480105982096,"Positive"
"ASV_964","ASV_1436",0.659505108208996,0.000455442957357111,0.0405018915649716,"Positive"
"ASV_1003","ASV_1436",0.659505108208996,0.000455442957357111,0.0405018915649716,"Positive"
"ASV_1015","ASV_1436",0.722315118514615,6.73043204786339e-05,0.0100480105982096,"Positive"
"ASV_1049","ASV_1436",1,0,0,"Positive"
"ASV_1092","ASV_1436",1,0,0,"Positive"
"ASV_1093","ASV_1436",0.722315118514615,6.73043204786339e-05,0.0100480105982096,"Positive"
"ASV_1231","ASV_1436",0.659505108208996,0.000455442957357111,0.0405018915649716,"Positive"
"ASV_1352","ASV_1436",1,0,0,"Positive"
"ASV_74","ASV_1442",0.659505108208996,0.000455442957357111,0.0405018915649716,"Positive"
"ASV_404","ASV_1442",0.659505108208996,0.000455442957357111,0.0405018915649716,"Positive"
"ASV_430","ASV_1442",0.659505108208996,0.000455442957357111,0.0405018915649716,"Positive"
"ASV_460","ASV_1442",0.659505108208996,0.000455442957357111,0.0405018915649716,"Positive"
"ASV_546","ASV_1442",0.722315118514615,6.73043204786339e-05,0.0100480105982096,"Positive"
"ASV_653","ASV_1442",0.996219281663516,0,0,"Positive"
"ASV_671","ASV_1442",0.659505108208996,0.000455442957357111,0.0405018915649716,"Positive"
"ASV_680","ASV_1442",0.722315118514615,6.73043204786339e-05,0.0100480105982096,"Positive"
"ASV_709","ASV_1442",0.798023875121013,2.98551019817239e-06,0.00105491595747205,"Positive"
"ASV_735","ASV_1442",0.722315118514615,6.73043204786339e-05,0.0100480105982096,"Positive"
"ASV_903","ASV_1442",0.659505108208996,0.000455442957357111,0.0405018915649716,"Positive"
"ASV_1057","ASV_1442",0.722315118514615,6.73043204786339e-05,0.0100480105982096,"Positive"
"ASV_1087","ASV_1442",0.659505108208996,0.000455442957357111,0.0405018915649716,"Positive"
"ASV_1156","ASV_1442",0.831143443060818,4.90887142934326e-07,0.000184814186187824,"Positive"
"ASV_1187","ASV_1442",0.722315118514615,6.73043204786339e-05,0.0100480105982096,"Positive"
"ASV_1189","ASV_1442",0.659505108208996,0.000455442957357111,0.0405018915649716,"Positive"
"ASV_1190","ASV_1442",0.722315118514615,6.73043204786339e-05,0.0100480105982096,"Positive"
"ASV_1232","ASV_1442",0.659505108208996,0.000455442957357111,0.0405018915649716,"Positive"
"ASV_17","ASV_1443",0.722315118514615,6.73043204786339e-05,0.0100480105982096,"Positive"
"ASV_79","ASV_1443",1,0,0,"Positive"
"ASV_89","ASV_1443",0.659505108208996,0.000455442957357111,0.0405018915649716,"Positive"
"ASV_186","ASV_1443",0.659505108208996,0.000455442957357111,0.0405018915649716,"Positive"
"ASV_198","ASV_1443",0.659505108208996,0.000455442957357111,0.0405018915649716,"Positive"
"ASV_286","ASV_1443",1,0,0,"Positive"
"ASV_372","ASV_1443",0.659505108208996,0.000455442957357111,0.0405018915649716,"Positive"
"ASV_405","ASV_1443",0.659505108208996,0.000455442957357111,0.0405018915649716,"Positive"
"ASV_429","ASV_1443",0.659505108208996,0.000455442957357111,0.0405018915649716,"Positive"
"ASV_529","ASV_1443",0.659505108208996,0.000455442957357111,0.0405018915649716,"Positive"
"ASV_626","ASV_1443",1,0,0,"Positive"
"ASV_645","ASV_1443",0.659505108208996,0.000455442957357111,0.0405018915649716,"Positive"
"ASV_668","ASV_1443",0.659505108208996,0.000455442957357111,0.0405018915649716,"Positive"
"ASV_677","ASV_1443",0.659505108208996,0.000455442957357111,0.0405018915649716,"Positive"
"ASV_678","ASV_1443",1,0,0,"Positive"
"ASV_715","ASV_1443",0.659505108208996,0.000455442957357111,0.0405018915649716,"Positive"
"ASV_731","ASV_1443",0.659505108208996,0.000455442957357111,0.0405018915649716,"Positive"
"ASV_750","ASV_1443",1,0,0,"Positive"
"ASV_751","ASV_1443",0.659505108208996,0.000455442957357111,0.0405018915649716,"Positive"
"ASV_791","ASV_1443",0.722315118514615,6.73043204786339e-05,0.0100480105982096,"Positive"
"ASV_800","ASV_1443",0.659505108208996,0.000455442957357111,0.0405018915649716,"Positive"
"ASV_801","ASV_1443",0.659505108208996,0.000455442957357111,0.0405018915649716,"Positive"
"ASV_895","ASV_1443",1,0,0,"Positive"
"ASV_961","ASV_1443",0.722315118514615,6.73043204786339e-05,0.0100480105982096,"Positive"
"ASV_995","ASV_1443",0.722315118514615,6.73043204786339e-05,0.0100480105982096,"Positive"
"ASV_1047","ASV_1443",0.659505108208996,0.000455442957357111,0.0405018915649716,"Positive"
"ASV_1056","ASV_1443",0.722315118514615,6.73043204786339e-05,0.0100480105982096,"Positive"
"ASV_1124","ASV_1443",1,0,0,"Positive"
"ASV_1176","ASV_1443",0.659505108208996,0.000455442957357111,0.0405018915649716,"Positive"
"ASV_1178","ASV_1443",0.722315118514615,6.73043204786339e-05,0.0100480105982096,"Positive"
"ASV_1249","ASV_1443",1,0,0,"Positive"
"ASV_1250","ASV_1443",1,0,0,"Positive"
"ASV_1299","ASV_1443",0.722315118514615,6.73043204786339e-05,0.0100480105982096,"Positive"
"ASV_1338","ASV_1443",0.659505108208996,0.000455442957357111,0.0405018915649716,"Positive"
"ASV_1341","ASV_1443",0.659505108208996,0.000455442957357111,0.0405018915649716,"Positive"
"ASV_1348","ASV_1443",1,0,0,"Positive"
"ASV_1364","ASV_1443",1,0,0,"Positive"
"ASV_1365","ASV_1443",0.722315118514615,6.73043204786339e-05,0.0100480105982096,"Positive"
"ASV_1367","ASV_1443",0.659505108208996,0.000455442957357111,0.0405018915649716,"Positive"
"ASV_1385","ASV_1443",1,0,0,"Positive"
"ASV_1387","ASV_1443",1,0,0,"Positive"
"ASV_79","ASV_1444",0.659505108208996,0.000455442957357111,0.0405018915649716,"Positive"
"ASV_153","ASV_1444",0.722315118514615,6.73043204786339e-05,0.0100480105982096,"Positive"
"ASV_259","ASV_1444",0.722315118514615,6.73043204786339e-05,0.0100480105982096,"Positive"
"ASV_286","ASV_1444",0.659505108208996,0.000455442957357111,0.0405018915649716,"Positive"
"ASV_306","ASV_1444",0.722315118514615,6.73043204786339e-05,0.0100480105982096,"Positive"
"ASV_343","ASV_1444",0.722315118514615,6.73043204786339e-05,0.0100480105982096,"Positive"
"ASV_626","ASV_1444",0.659505108208996,0.000455442957357111,0.0405018915649716,"Positive"
"ASV_678","ASV_1444",0.659505108208996,0.000455442957357111,0.0405018915649716,"Positive"
"ASV_750","ASV_1444",0.659505108208996,0.000455442957357111,0.0405018915649716,"Positive"
"ASV_830","ASV_1444",0.722315118514615,6.73043204786339e-05,0.0100480105982096,"Positive"
"ASV_864","ASV_1444",0.722315118514615,6.73043204786339e-05,0.0100480105982096,"Positive"
"ASV_895","ASV_1444",0.659505108208996,0.000455442957357111,0.0405018915649716,"Positive"
"ASV_910","ASV_1444",0.722315118514615,6.73043204786339e-05,0.0100480105982096,"Positive"
"ASV_912","ASV_1444",0.722315118514615,6.73043204786339e-05,0.0100480105982096,"Positive"
"ASV_1124","ASV_1444",0.659505108208996,0.000455442957357111,0.0405018915649716,"Positive"
"ASV_1192","ASV_1444",0.722315118514615,6.73043204786339e-05,0.0100480105982096,"Positive"
"ASV_1249","ASV_1444",0.659505108208996,0.000455442957357111,0.0405018915649716,"Positive"
"ASV_1250","ASV_1444",0.659505108208996,0.000455442957357111,0.0405018915649716,"Positive"
"ASV_1269","ASV_1444",0.722315118514615,6.73043204786339e-05,0.0100480105982096,"Positive"
"ASV_1296","ASV_1444",0.722315118514615,6.73043204786339e-05,0.0100480105982096,"Positive"
"ASV_1336","ASV_1444",0.722315118514615,6.73043204786339e-05,0.0100480105982096,"Positive"
"ASV_1348","ASV_1444",0.659505108208996,0.000455442957357111,0.0405018915649716,"Positive"
"ASV_1364","ASV_1444",0.659505108208996,0.000455442957357111,0.0405018915649716,"Positive"
"ASV_1379","ASV_1444",0.722315118514615,6.73043204786339e-05,0.0100480105982096,"Positive"
"ASV_1385","ASV_1444",0.659505108208996,0.000455442957357111,0.0405018915649716,"Positive"
"ASV_1387","ASV_1444",0.659505108208996,0.000455442957357111,0.0405018915649716,"Positive"
"ASV_1413","ASV_1444",0.722315118514615,6.73043204786339e-05,0.0100480105982096,"Positive"
"ASV_1433","ASV_1444",0.722315118514615,6.73043204786339e-05,0.0100480105982096,"Positive"
"ASV_1443","ASV_1444",0.659505108208996,0.000455442957357111,0.0405018915649716,"Positive"
"ASV_150","ASV_1448",1,0,0,"Positive"
"ASV_302","ASV_1448",0.722315118514615,6.73043204786339e-05,0.0100480105982096,"Positive"
"ASV_338","ASV_1448",0.722315118514615,6.73043204786339e-05,0.0100480105982096,"Positive"
"ASV_342","ASV_1448",1,0,0,"Positive"
"ASV_677","ASV_1448",0.722315118514615,6.73043204786339e-05,0.0100480105982096,"Positive"
"ASV_700","ASV_1448",0.722315118514615,6.73043204786339e-05,0.0100480105982096,"Positive"
"ASV_704","ASV_1448",1,0,0,"Positive"
"ASV_753","ASV_1448",0.722315118514615,6.73043204786339e-05,0.0100480105982096,"Positive"
"ASV_1028","ASV_1448",0.659505108208996,0.000455442957357111,0.0405018915649716,"Positive"
"ASV_1226","ASV_1448",0.722315118514615,6.73043204786339e-05,0.0100480105982096,"Positive"
"ASV_1261","ASV_1448",0.722315118514615,6.73043204786339e-05,0.0100480105982096,"Positive"
"ASV_1370","ASV_1448",1,0,0,"Positive"
"ASV_1392","ASV_1448",0.722315118514615,6.73043204786339e-05,0.0100480105982096,"Positive"
"ASV_1420","ASV_1448",0.722315118514615,6.73043204786339e-05,0.0100480105982096,"Positive"
"ASV_1430","ASV_1448",1,0,0,"Positive"
"ASV_477","ASV_1454",0.66868535272509,0.000354113544959178,0.0405018915649716,"Positive"
"ASV_139","ASV_1458",0.758595818049816,1.73893664801028e-05,0.00556823014963849,"Positive"
"ASV_645","ASV_1458",0.831143443060818,4.90887142934326e-07,0.000184814186187824,"Positive"
"ASV_791","ASV_1458",0.798023875121013,2.98551019817239e-06,0.00105491595747205,"Positive"
"ASV_965","ASV_1458",0.678947368421053,0.000264551357584297,0.0365669354442119,"Positive"
"ASV_1060","ASV_1458",0.758595818049816,1.73893664801028e-05,0.00556823014963849,"Positive"
"ASV_1327","ASV_1458",0.758595818049816,1.73893664801028e-05,0.00556823014963849,"Positive"
"ASV_581","ASV_1459",1,0,0,"Positive"
"ASV_745","ASV_1459",0.659505108208996,0.000455442957357111,0.0405018915649716,"Positive"
"ASV_1089","ASV_1459",1,0,0,"Positive"
"ASV_1178","ASV_1459",0.659505108208996,0.000455442957357111,0.0405018915649716,"Positive"
"ASV_1200","ASV_1459",0.659505108208996,0.000455442957357111,0.0405018915649716,"Positive"
"ASV_1226","ASV_1459",0.659505108208996,0.000455442957357111,0.0405018915649716,"Positive"
"ASV_1270","ASV_1459",0.659505108208996,0.000455442957357111,0.0405018915649716,"Positive"
"ASV_1294","ASV_1459",1,0,0,"Positive"
"ASV_1330","ASV_1459",1,0,0,"Positive"
"ASV_1368","ASV_1459",0.659505108208996,0.000455442957357111,0.0405018915649716,"Positive"
"ASV_1408","ASV_1459",1,0,0,"Positive"
"ASV_581","ASV_1460",1,0,0,"Positive"
"ASV_745","ASV_1460",0.659505108208996,0.000455442957357111,0.0405018915649716,"Positive"
"ASV_1089","ASV_1460",1,0,0,"Positive"
"ASV_1178","ASV_1460",0.659505108208996,0.000455442957357111,0.0405018915649716,"Positive"
"ASV_1200","ASV_1460",0.659505108208996,0.000455442957357111,0.0405018915649716,"Positive"
"ASV_1226","ASV_1460",0.659505108208996,0.000455442957357111,0.0405018915649716,"Positive"
"ASV_1270","ASV_1460",0.659505108208996,0.000455442957357111,0.0405018915649716,"Positive"
"ASV_1294","ASV_1460",1,0,0,"Positive"
"ASV_1330","ASV_1460",1,0,0,"Positive"
"ASV_1368","ASV_1460",0.659505108208996,0.000455442957357111,0.0405018915649716,"Positive"
"ASV_1408","ASV_1460",1,0,0,"Positive"
"ASV_1459","ASV_1460",1,0,0,"Positive"
"ASV_850","ASV_1468",0.806896551724138,1.90408856126645e-06,0.000705320624791787,"Positive"
"ASV_17","ASV_1470",0.722315118514615,6.73043204786339e-05,0.0100480105982096,"Positive"
"ASV_79","ASV_1470",1,0,0,"Positive"
"ASV_89","ASV_1470",0.659505108208996,0.000455442957357111,0.0405018915649716,"Positive"
"ASV_186","ASV_1470",0.659505108208996,0.000455442957357111,0.0405018915649716,"Positive"
"ASV_198","ASV_1470",0.659505108208996,0.000455442957357111,0.0405018915649716,"Positive"
"ASV_286","ASV_1470",1,0,0,"Positive"
"ASV_372","ASV_1470",0.659505108208996,0.000455442957357111,0.0405018915649716,"Positive"
"ASV_405","ASV_1470",0.659505108208996,0.000455442957357111,0.0405018915649716,"Positive"
"ASV_429","ASV_1470",0.659505108208996,0.000455442957357111,0.0405018915649716,"Positive"
"ASV_529","ASV_1470",0.659505108208996,0.000455442957357111,0.0405018915649716,"Positive"
"ASV_626","ASV_1470",1,0,0,"Positive"
"ASV_645","ASV_1470",0.659505108208996,0.000455442957357111,0.0405018915649716,"Positive"
"ASV_668","ASV_1470",0.659505108208996,0.000455442957357111,0.0405018915649716,"Positive"
"ASV_677","ASV_1470",0.659505108208996,0.000455442957357111,0.0405018915649716,"Positive"
"ASV_678","ASV_1470",1,0,0,"Positive"
"ASV_715","ASV_1470",0.659505108208996,0.000455442957357111,0.0405018915649716,"Positive"
"ASV_731","ASV_1470",0.659505108208996,0.000455442957357111,0.0405018915649716,"Positive"
"ASV_750","ASV_1470",1,0,0,"Positive"
"ASV_751","ASV_1470",0.659505108208996,0.000455442957357111,0.0405018915649716,"Positive"
"ASV_791","ASV_1470",0.722315118514615,6.73043204786339e-05,0.0100480105982096,"Positive"
"ASV_800","ASV_1470",0.659505108208996,0.000455442957357111,0.0405018915649716,"Positive"
"ASV_801","ASV_1470",0.659505108208996,0.000455442957357111,0.0405018915649716,"Positive"
"ASV_895","ASV_1470",1,0,0,"Positive"
"ASV_961","ASV_1470",0.722315118514615,6.73043204786339e-05,0.0100480105982096,"Positive"
"ASV_995","ASV_1470",0.722315118514615,6.73043204786339e-05,0.0100480105982096,"Positive"
"ASV_1047","ASV_1470",0.659505108208996,0.000455442957357111,0.0405018915649716,"Positive"
"ASV_1056","ASV_1470",0.722315118514615,6.73043204786339e-05,0.0100480105982096,"Positive"
"ASV_1124","ASV_1470",1,0,0,"Positive"
"ASV_1176","ASV_1470",0.659505108208996,0.000455442957357111,0.0405018915649716,"Positive"
"ASV_1178","ASV_1470",0.722315118514615,6.73043204786339e-05,0.0100480105982096,"Positive"
"ASV_1249","ASV_1470",1,0,0,"Positive"
"ASV_1250","ASV_1470",1,0,0,"Positive"
"ASV_1299","ASV_1470",0.722315118514615,6.73043204786339e-05,0.0100480105982096,"Positive"
"ASV_1338","ASV_1470",0.659505108208996,0.000455442957357111,0.0405018915649716,"Positive"
"ASV_1341","ASV_1470",0.659505108208996,0.000455442957357111,0.0405018915649716,"Positive"
"ASV_1348","ASV_1470",1,0,0,"Positive"
"ASV_1364","ASV_1470",1,0,0,"Positive"
"ASV_1365","ASV_1470",0.722315118514615,6.73043204786339e-05,0.0100480105982096,"Positive"
"ASV_1367","ASV_1470",0.659505108208996,0.000455442957357111,0.0405018915649716,"Positive"
"ASV_1385","ASV_1470",1,0,0,"Positive"
"ASV_1387","ASV_1470",1,0,0,"Positive"
"ASV_1443","ASV_1470",1,0,0,"Positive"
"ASV_1444","ASV_1470",0.659505108208996,0.000455442957357111,0.0405018915649716,"Positive"
"ASV_378","ASV_1471",0.70998242661761,0.000101799453870566,0.0150094350829725,"Positive"
"ASV_645","ASV_1471",0.791715385989621,4.05688181759345e-06,0.0013865971734632,"Positive"
"ASV_1407","ASV_1471",0.989473684210526,0,0,"Positive"
"ASV_74","ASV_1474",0.659505108208996,0.000455442957357111,0.0405018915649716,"Positive"
"ASV_119","ASV_1474",0.722315118514615,6.73043204786339e-05,0.0100480105982096,"Positive"
"ASV_264","ASV_1474",0.722315118514615,6.73043204786339e-05,0.0100480105982096,"Positive"
"ASV_404","ASV_1474",0.659505108208996,0.000455442957357111,0.0405018915649716,"Positive"
"ASV_423","ASV_1474",0.722315118514615,6.73043204786339e-05,0.0100480105982096,"Positive"
"ASV_430","ASV_1474",0.659505108208996,0.000455442957357111,0.0405018915649716,"Positive"
"ASV_460","ASV_1474",0.659505108208996,0.000455442957357111,0.0405018915649716,"Positive"
"ASV_671","ASV_1474",0.659505108208996,0.000455442957357111,0.0405018915649716,"Positive"
"ASV_758","ASV_1474",0.722315118514615,6.73043204786339e-05,0.0100480105982096,"Positive"
"ASV_903","ASV_1474",0.659505108208996,0.000455442957357111,0.0405018915649716,"Positive"
"ASV_952","ASV_1474",0.722315118514615,6.73043204786339e-05,0.0100480105982096,"Positive"
"ASV_1081","ASV_1474",0.722315118514615,6.73043204786339e-05,0.0100480105982096,"Positive"
"ASV_1087","ASV_1474",0.659505108208996,0.000455442957357111,0.0405018915649716,"Positive"
"ASV_1189","ASV_1474",0.659505108208996,0.000455442957357111,0.0405018915649716,"Positive"
"ASV_1208","ASV_1474",0.722315118514615,6.73043204786339e-05,0.0100480105982096,"Positive"
"ASV_1232","ASV_1474",0.659505108208996,0.000455442957357111,0.0405018915649716,"Positive"
"ASV_1240","ASV_1474",0.722315118514615,6.73043204786339e-05,0.0100480105982096,"Positive"
"ASV_67","ASV_1482",0.722315118514615,6.73043204786339e-05,0.0100480105982096,"Positive"
"ASV_72","ASV_1482",0.722315118514615,6.73043204786339e-05,0.0100480105982096,"Positive"
"ASV_297","ASV_1482",0.722315118514615,6.73043204786339e-05,0.0100480105982096,"Positive"
"ASV_458","ASV_1482",0.700793417678486,0.0001367333000033,0.0195580794299619,"Positive"
"ASV_506","ASV_1482",0.722315118514615,6.73043204786339e-05,0.0100480105982096,"Positive"
"ASV_521","ASV_1482",0.700793417678486,0.0001367333000033,0.0195580794299619,"Positive"
"ASV_581","ASV_1482",0.659505108208996,0.000455442957357111,0.0405018915649716,"Positive"
"ASV_707","ASV_1482",0.722315118514615,6.73043204786339e-05,0.0100480105982096,"Positive"
"ASV_905","ASV_1482",0.798023875121013,2.98551019817239e-06,0.00105491595747205,"Positive"
"ASV_927","ASV_1482",0.722315118514615,6.73043204786339e-05,0.0100480105982096,"Positive"
"ASV_1089","ASV_1482",0.659505108208996,0.000455442957357111,0.0405018915649716,"Positive"
"ASV_1094","ASV_1482",0.722315118514615,6.73043204786339e-05,0.0100480105982096,"Positive"
"ASV_1120","ASV_1482",0.722315118514615,6.73043204786339e-05,0.0100480105982096,"Positive"
"ASV_1270","ASV_1482",1,0,0,"Positive"
"ASV_1294","ASV_1482",0.659505108208996,0.000455442957357111,0.0405018915649716,"Positive"
"ASV_1321","ASV_1482",0.722315118514615,6.73043204786339e-05,0.0100480105982096,"Positive"
"ASV_1330","ASV_1482",0.659505108208996,0.000455442957357111,0.0405018915649716,"Positive"
"ASV_1342","ASV_1482",0.755441573484121,1.97379231001715e-05,0.00613235932427086,"Positive"
"ASV_1376","ASV_1482",0.722315118514615,6.73043204786339e-05,0.0100480105982096,"Positive"
"ASV_1378","ASV_1482",0.722315118514615,6.73043204786339e-05,0.0100480105982096,"Positive"
"ASV_1408","ASV_1482",0.659505108208996,0.000455442957357111,0.0405018915649716,"Positive"
"ASV_1459","ASV_1482",0.659505108208996,0.000455442957357111,0.0405018915649716,"Positive"
"ASV_1460","ASV_1482",0.659505108208996,0.000455442957357111,0.0405018915649716,"Positive"
"ASV_17","ASV_1483",0.659505108208996,0.000455442957357111,0.0405018915649716,"Positive"
"ASV_244","ASV_1483",0.659505108208996,0.000455442957357111,0.0405018915649716,"Positive"
"ASV_436","ASV_1483",1,0,0,"Positive"
"ASV_495","ASV_1483",0.659505108208996,0.000455442957357111,0.0405018915649716,"Positive"
"ASV_524","ASV_1483",0.659505108208996,0.000455442957357111,0.0405018915649716,"Positive"
"ASV_555","ASV_1483",1,0,0,"Positive"
"ASV_757","ASV_1483",0.659505108208996,0.000455442957357111,0.0405018915649716,"Positive"
"ASV_834","ASV_1483",0.659505108208996,0.000455442957357111,0.0405018915649716,"Positive"
"ASV_961","ASV_1483",0.659505108208996,0.000455442957357111,0.0405018915649716,"Positive"
"ASV_1014","ASV_1483",1,0,0,"Positive"
"ASV_1305","ASV_1483",1,0,0,"Positive"
"ASV_1338","ASV_1483",0.722315118514615,6.73043204786339e-05,0.0100480105982096,"Positive"
"ASV_79","ASV_1486",0.659505108208996,0.000455442957357111,0.0405018915649716,"Positive"
"ASV_92","ASV_1486",0.722315118514615,6.73043204786339e-05,0.0100480105982096,"Positive"
"ASV_286","ASV_1486",0.659505108208996,0.000455442957357111,0.0405018915649716,"Positive"
"ASV_380","ASV_1486",0.672750121052715,0.000315908823334876,0.0405018915649716,"Positive"
"ASV_547","ASV_1486",0.722315118514615,6.73043204786339e-05,0.0100480105982096,"Positive"
"ASV_626","ASV_1486",0.659505108208996,0.000455442957357111,0.0405018915649716,"Positive"
"ASV_645","ASV_1486",1,0,0,"Positive"
"ASV_678","ASV_1486",0.659505108208996,0.000455442957357111,0.0405018915649716,"Positive"
"ASV_743","ASV_1486",0.722315118514615,6.73043204786339e-05,0.0100480105982096,"Positive"
"ASV_750","ASV_1486",0.659505108208996,0.000455442957357111,0.0405018915649716,"Positive"
"ASV_823","ASV_1486",0.722315118514615,6.73043204786339e-05,0.0100480105982096,"Positive"
"ASV_854","ASV_1486",0.755441573484121,1.97379231001715e-05,0.00613235932427086,"Positive"
"ASV_895","ASV_1486",0.659505108208996,0.000455442957357111,0.0405018915649716,"Positive"
"ASV_965","ASV_1486",0.834297687626513,4.051897504187e-07,0.000157537500877277,"Positive"
"ASV_974","ASV_1486",0.722315118514615,6.73043204786339e-05,0.0100480105982096,"Positive"
"ASV_975","ASV_1486",0.722315118514615,6.73043204786339e-05,0.0100480105982096,"Positive"
"ASV_990","ASV_1486",0.722315118514615,6.73043204786339e-05,0.0100480105982096,"Positive"
"ASV_996","ASV_1486",0.758595818049816,1.73893664801028e-05,0.00556823014963849,"Positive"
"ASV_1104","ASV_1486",0.671477358373211,0.000327466498742712,0.0405018915649716,"Positive"
"ASV_1124","ASV_1486",0.659505108208996,0.000455442957357111,0.0405018915649716,"Positive"
"ASV_1163","ASV_1486",0.722315118514615,6.73043204786339e-05,0.0100480105982096,"Positive"
"ASV_1249","ASV_1486",0.659505108208996,0.000455442957357111,0.0405018915649716,"Positive"
"ASV_1250","ASV_1486",0.659505108208996,0.000455442957357111,0.0405018915649716,"Positive"
"ASV_1253","ASV_1486",0.722315118514615,6.73043204786339e-05,0.0100480105982096,"Positive"
"ASV_1348","ASV_1486",0.659505108208996,0.000455442957357111,0.0405018915649716,"Positive"
"ASV_1364","ASV_1486",0.659505108208996,0.000455442957357111,0.0405018915649716,"Positive"
"ASV_1385","ASV_1486",0.659505108208996,0.000455442957357111,0.0405018915649716,"Positive"
"ASV_1387","ASV_1486",0.659505108208996,0.000455442957357111,0.0405018915649716,"Positive"
"ASV_1407","ASV_1486",0.798023875121013,2.98551019817239e-06,0.00105491595747205,"Positive"
"ASV_1410","ASV_1486",0.722315118514615,6.73043204786339e-05,0.0100480105982096,"Positive"
"ASV_1443","ASV_1486",0.659505108208996,0.000455442957357111,0.0405018915649716,"Positive"
"ASV_1458","ASV_1486",0.831143443060818,4.90887142934326e-07,0.000184814186187824,"Positive"
"ASV_1470","ASV_1486",0.659505108208996,0.000455442957357111,0.0405018915649716,"Positive"
"ASV_1471","ASV_1486",0.791715385989621,4.05688181759345e-06,0.0013865971734632,"Positive"
"ASV_79","ASV_1487",0.659505108208996,0.000455442957357111,0.0405018915649716,"Positive"
"ASV_92","ASV_1487",0.722315118514615,6.73043204786339e-05,0.0100480105982096,"Positive"
"ASV_286","ASV_1487",0.659505108208996,0.000455442957357111,0.0405018915649716,"Positive"
"ASV_380","ASV_1487",0.672750121052715,0.000315908823334876,0.0405018915649716,"Positive"
"ASV_547","ASV_1487",0.722315118514615,6.73043204786339e-05,0.0100480105982096,"Positive"
"ASV_626","ASV_1487",0.659505108208996,0.000455442957357111,0.0405018915649716,"Positive"
"ASV_645","ASV_1487",1,0,0,"Positive"
"ASV_678","ASV_1487",0.659505108208996,0.000455442957357111,0.0405018915649716,"Positive"
"ASV_743","ASV_1487",0.722315118514615,6.73043204786339e-05,0.0100480105982096,"Positive"
"ASV_750","ASV_1487",0.659505108208996,0.000455442957357111,0.0405018915649716,"Positive"
"ASV_823","ASV_1487",0.722315118514615,6.73043204786339e-05,0.0100480105982096,"Positive"
"ASV_854","ASV_1487",0.755441573484121,1.97379231001715e-05,0.00613235932427086,"Positive"
"ASV_895","ASV_1487",0.659505108208996,0.000455442957357111,0.0405018915649716,"Positive"
"ASV_965","ASV_1487",0.834297687626513,4.051897504187e-07,0.000157537500877277,"Positive"
"ASV_974","ASV_1487",0.722315118514615,6.73043204786339e-05,0.0100480105982096,"Positive"
"ASV_975","ASV_1487",0.722315118514615,6.73043204786339e-05,0.0100480105982096,"Positive"
"ASV_990","ASV_1487",0.722315118514615,6.73043204786339e-05,0.0100480105982096,"Positive"
"ASV_996","ASV_1487",0.758595818049816,1.73893664801028e-05,0.00556823014963849,"Positive"
"ASV_1104","ASV_1487",0.671477358373211,0.000327466498742712,0.0405018915649716,"Positive"
"ASV_1124","ASV_1487",0.659505108208996,0.000455442957357111,0.0405018915649716,"Positive"
"ASV_1163","ASV_1487",0.722315118514615,6.73043204786339e-05,0.0100480105982096,"Positive"
"ASV_1249","ASV_1487",0.659505108208996,0.000455442957357111,0.0405018915649716,"Positive"
"ASV_1250","ASV_1487",0.659505108208996,0.000455442957357111,0.0405018915649716,"Positive"
"ASV_1253","ASV_1487",0.722315118514615,6.73043204786339e-05,0.0100480105982096,"Positive"
"ASV_1348","ASV_1487",0.659505108208996,0.000455442957357111,0.0405018915649716,"Positive"
"ASV_1364","ASV_1487",0.659505108208996,0.000455442957357111,0.0405018915649716,"Positive"
"ASV_1385","ASV_1487",0.659505108208996,0.000455442957357111,0.0405018915649716,"Positive"
"ASV_1387","ASV_1487",0.659505108208996,0.000455442957357111,0.0405018915649716,"Positive"
"ASV_1407","ASV_1487",0.798023875121013,2.98551019817239e-06,0.00105491595747205,"Positive"
"ASV_1410","ASV_1487",0.722315118514615,6.73043204786339e-05,0.0100480105982096,"Positive"
"ASV_1443","ASV_1487",0.659505108208996,0.000455442957357111,0.0405018915649716,"Positive"
"ASV_1458","ASV_1487",0.831143443060818,4.90887142934326e-07,0.000184814186187824,"Positive"
"ASV_1470","ASV_1487",0.659505108208996,0.000455442957357111,0.0405018915649716,"Positive"
"ASV_1471","ASV_1487",0.791715385989621,4.05688181759345e-06,0.0013865971734632,"Positive"
"ASV_1486","ASV_1487",1,0,0,"Positive"
"ASV_22","ASV_1488",0.671477358373211,0.000327466498742712,0.0405018915649716,"Positive"
"ASV_41","ASV_1488",0.722315118514615,6.73043204786339e-05,0.0100480105982096,"Positive"
"ASV_123","ASV_1488",0.659505108208996,0.000455442957357111,0.0405018915649716,"Positive"
"ASV_268","ASV_1488",0.722315118514615,6.73043204786339e-05,0.0100480105982096,"Positive"
"ASV_390","ASV_1488",0.722315118514615,6.73043204786339e-05,0.0100480105982096,"Positive"
"ASV_412","ASV_1488",0.722315118514615,6.73043204786339e-05,0.0100480105982096,"Positive"
"ASV_424","ASV_1488",0.722315118514615,6.73043204786339e-05,0.0100480105982096,"Positive"
"ASV_559","ASV_1488",0.722315118514615,6.73043204786339e-05,0.0100480105982096,"Positive"
"ASV_654","ASV_1488",0.659505108208996,0.000455442957357111,0.0405018915649716,"Positive"
"ASV_1003","ASV_1488",1,0,0,"Positive"
"ASV_1049","ASV_1488",0.659505108208996,0.000455442957357111,0.0405018915649716,"Positive"
"ASV_1065","ASV_1488",0.722315118514615,6.73043204786339e-05,0.0100480105982096,"Positive"
"ASV_1092","ASV_1488",0.659505108208996,0.000455442957357111,0.0405018915649716,"Positive"
"ASV_1099","ASV_1488",0.722315118514615,6.73043204786339e-05,0.0100480105982096,"Positive"
"ASV_1227","ASV_1488",0.722315118514615,6.73043204786339e-05,0.0100480105982096,"Positive"
"ASV_1351","ASV_1488",0.722315118514615,6.73043204786339e-05,0.0100480105982096,"Positive"
"ASV_1352","ASV_1488",0.659505108208996,0.000455442957357111,0.0405018915649716,"Positive"
"ASV_1363","ASV_1488",0.722315118514615,6.73043204786339e-05,0.0100480105982096,"Positive"
"ASV_1426","ASV_1488",0.738485493928126,3.78223100505615e-05,0.0100480105982096,"Positive"
"ASV_1436","ASV_1488",0.659505108208996,0.000455442957357111,0.0405018915649716,"Positive"
"ASV_153","ASV_1489",1,0,0,"Positive"
"ASV_259","ASV_1489",1,0,0,"Positive"
"ASV_306","ASV_1489",1,0,0,"Positive"
"ASV_343","ASV_1489",1,0,0,"Positive"
"ASV_455","ASV_1489",0.722315118514615,6.73043204786339e-05,0.0100480105982096,"Positive"
"ASV_830","ASV_1489",1,0,0,"Positive"
"ASV_864","ASV_1489",1,0,0,"Positive"
"ASV_885","ASV_1489",0.659505108208996,0.000455442957357111,0.0405018915649716,"Positive"
"ASV_910","ASV_1489",1,0,0,"Positive"
"ASV_912","ASV_1489",1,0,0,"Positive"
"ASV_1046","ASV_1489",0.722315118514615,6.73043204786339e-05,0.0100480105982096,"Positive"
"ASV_1052","ASV_1489",0.722315118514615,6.73043204786339e-05,0.0100480105982096,"Positive"
"ASV_1192","ASV_1489",1,0,0,"Positive"
"ASV_1269","ASV_1489",1,0,0,"Positive"
"ASV_1296","ASV_1489",1,0,0,"Positive"
"ASV_1336","ASV_1489",1,0,0,"Positive"
"ASV_1359","ASV_1489",0.659505108208996,0.000455442957357111,0.0405018915649716,"Positive"
"ASV_1368","ASV_1489",0.722315118514615,6.73043204786339e-05,0.0100480105982096,"Positive"
"ASV_1369","ASV_1489",0.722315118514615,6.73043204786339e-05,0.0100480105982096,"Positive"
"ASV_1379","ASV_1489",1,0,0,"Positive"
"ASV_1384","ASV_1489",0.659505108208996,0.000455442957357111,0.0405018915649716,"Positive"
"ASV_1401","ASV_1489",0.659505108208996,0.000455442957357111,0.0405018915649716,"Positive"
"ASV_1413","ASV_1489",1,0,0,"Positive"
"ASV_1433","ASV_1489",1,0,0,"Positive"
"ASV_1444","ASV_1489",0.722315118514615,6.73043204786339e-05,0.0100480105982096,"Positive"
"ASV_119","ASV_1502",0.722315118514615,6.73043204786339e-05,0.0100480105982096,"Positive"
"ASV_182","ASV_1502",0.706377428974729,0.000114440181750552,0.0166314425956192,"Positive"
"ASV_193","ASV_1502",0.659505108208996,0.000455442957357111,0.0405018915649716,"Positive"
"ASV_264","ASV_1502",0.722315118514615,6.73043204786339e-05,0.0100480105982096,"Positive"
"ASV_336","ASV_1502",0.659505108208996,0.000455442957357111,0.0405018915649716,"Positive"
"ASV_423","ASV_1502",0.722315118514615,6.73043204786339e-05,0.0100480105982096,"Positive"
"ASV_481","ASV_1502",0.659505108208996,0.000455442957357111,0.0405018915649716,"Positive"
"ASV_618","ASV_1502",0.996219281663516,0,0,"Positive"
"ASV_758","ASV_1502",0.722315118514615,6.73043204786339e-05,0.0100480105982096,"Positive"
"ASV_952","ASV_1502",0.722315118514615,6.73043204786339e-05,0.0100480105982096,"Positive"
"ASV_991","ASV_1502",0.659505108208996,0.000455442957357111,0.0405018915649716,"Positive"
"ASV_1051","ASV_1502",0.755441573484121,1.97379231001715e-05,0.00613235932427086,"Positive"
"ASV_1081","ASV_1502",0.722315118514615,6.73043204786339e-05,0.0100480105982096,"Positive"
"ASV_1114","ASV_1502",0.706377428974729,0.000114440181750552,0.0166314425956192,"Positive"
"ASV_1140","ASV_1502",0.659505108208996,0.000455442957357111,0.0405018915649716,"Positive"
"ASV_1208","ASV_1502",0.722315118514615,6.73043204786339e-05,0.0100480105982096,"Positive"
"ASV_1240","ASV_1502",0.722315118514615,6.73043204786339e-05,0.0100480105982096,"Positive"
"ASV_1339","ASV_1502",0.755441573484121,1.97379231001715e-05,0.00613235932427086,"Positive"
"ASV_753","ASV_1503",0.671477358373211,0.000327466498742712,0.0405018915649716,"Positive"
"ASV_1226","ASV_1503",0.735693488280004,4.19013851384875e-05,0.0100480105982096,"Positive"
"ASV_575","ASV_1504",0.735693488280004,4.19013851384875e-05,0.0100480105982096,"Positive"
"ASV_689","ASV_1504",0.723463970567168,6.46885223529736e-05,0.0100480105982096,"Positive"
"ASV_780","ASV_1504",0.687113402061856,0.000208058768638386,0.0293105340059138,"Positive"
"ASV_860","ASV_1504",0.678455843365984,0.000268340897892294,0.0370610267327297,"Positive"
"ASV_1270","ASV_1504",0.706377428974729,0.000114440181750552,0.0166314425956192,"Positive"
"ASV_1482","ASV_1504",0.706377428974729,0.000114440181750552,0.0166314425956192,"Positive"
"ASV_685","ASV_1505",0.770955322930783,1.03881450801424e-05,0.00347142214444119,"Positive"
"ASV_950","ASV_1505",0.671477358373211,0.000327466498742712,0.0405018915649716,"Positive"
"ASV_1176","ASV_1505",0.674269364021332,0.000302578177247659,0.0405018915649716,"Positive"
"ASV_36","ASV_1512",0.722315118514615,6.73043204786339e-05,0.0100480105982096,"Positive"
"ASV_436","ASV_1512",0.659505108208996,0.000455442957357111,0.0405018915649716,"Positive"
"ASV_555","ASV_1512",0.659505108208996,0.000455442957357111,0.0405018915649716,"Positive"
"ASV_781","ASV_1512",0.674269364021332,0.000302578177247659,0.0405018915649716,"Positive"
"ASV_802","ASV_1512",0.674269364021332,0.000302578177247659,0.0405018915649716,"Positive"
"ASV_1014","ASV_1512",0.659505108208996,0.000455442957357111,0.0405018915649716,"Positive"
"ASV_1164","ASV_1512",0.722315118514615,6.73043204786339e-05,0.0100480105982096,"Positive"
"ASV_1183","ASV_1512",0.722315118514615,6.73043204786339e-05,0.0100480105982096,"Positive"
"ASV_1267","ASV_1512",0.722315118514615,6.73043204786339e-05,0.0100480105982096,"Positive"
"ASV_1287","ASV_1512",0.722315118514615,6.73043204786339e-05,0.0100480105982096,"Positive"
"ASV_1305","ASV_1512",0.659505108208996,0.000455442957357111,0.0405018915649716,"Positive"
"ASV_1409","ASV_1512",0.722315118514615,6.73043204786339e-05,0.0100480105982096,"Positive"
"ASV_1483","ASV_1512",0.659505108208996,0.000455442957357111,0.0405018915649716,"Positive"
"ASV_36","ASV_1515",1,0,0,"Positive"
"ASV_186","ASV_1515",0.722315118514615,6.73043204786339e-05,0.0100480105982096,"Positive"
"ASV_198","ASV_1515",0.722315118514615,6.73043204786339e-05,0.0100480105982096,"Positive"
"ASV_372","ASV_1515",0.722315118514615,6.73043204786339e-05,0.0100480105982096,"Positive"
"ASV_405","ASV_1515",0.722315118514615,6.73043204786339e-05,0.0100480105982096,"Positive"
"ASV_615","ASV_1515",0.722315118514615,6.73043204786339e-05,0.0100480105982096,"Positive"
"ASV_773","ASV_1515",0.722315118514615,6.73043204786339e-05,0.0100480105982096,"Positive"
"ASV_1133","ASV_1515",0.722315118514615,6.73043204786339e-05,0.0100480105982096,"Positive"
"ASV_1164","ASV_1515",1,0,0,"Positive"
"ASV_1183","ASV_1515",1,0,0,"Positive"
"ASV_1267","ASV_1515",1,0,0,"Positive"
"ASV_1287","ASV_1515",1,0,0,"Positive"
"ASV_1308","ASV_1515",0.659505108208996,0.000455442957357111,0.0405018915649716,"Positive"
"ASV_1409","ASV_1515",1,0,0,"Positive"
"ASV_1512","ASV_1515",0.722315118514615,6.73043204786339e-05,0.0100480105982096,"Positive"
"ASV_1340","ASV_1518",0.794313074919153,3.58018591350984e-06,0.00126245482112737,"Positive"
"ASV_883","ASV_1520",0.671477358373211,0.000327466498742712,0.0405018915649716,"Positive"
"ASV_1003","ASV_1523",0.791715385989621,4.05688181759345e-06,0.0013865971734632,"Positive"
"ASV_1488","ASV_1523",0.791715385989621,4.05688181759345e-06,0.0013865971734632,"Positive"
"ASV_484","ASV_1524",0.685500273975624,0.000218299478647488,0.0306780153642078,"Positive"
"ASV_1367","ASV_1524",0.758595818049816,1.73893664801028e-05,0.00556823014963849,"Positive"
"ASV_581","ASV_1525",1,0,0,"Positive"
"ASV_745","ASV_1525",0.659505108208996,0.000455442957357111,0.0405018915649716,"Positive"
"ASV_1089","ASV_1525",1,0,0,"Positive"
"ASV_1178","ASV_1525",0.659505108208996,0.000455442957357111,0.0405018915649716,"Positive"
"ASV_1200","ASV_1525",0.659505108208996,0.000455442957357111,0.0405018915649716,"Positive"
"ASV_1226","ASV_1525",0.659505108208996,0.000455442957357111,0.0405018915649716,"Positive"
"ASV_1270","ASV_1525",0.659505108208996,0.000455442957357111,0.0405018915649716,"Positive"
"ASV_1294","ASV_1525",1,0,0,"Positive"
"ASV_1330","ASV_1525",1,0,0,"Positive"
"ASV_1368","ASV_1525",0.659505108208996,0.000455442957357111,0.0405018915649716,"Positive"
"ASV_1408","ASV_1525",1,0,0,"Positive"
"ASV_1459","ASV_1525",1,0,0,"Positive"
"ASV_1460","ASV_1525",1,0,0,"Positive"
"ASV_1482","ASV_1525",0.659505108208996,0.000455442957357111,0.0405018915649716,"Positive"
"ASV_92","ASV_1530",0.659505108208996,0.000455442957357111,0.0405018915649716,"Positive"
"ASV_436","ASV_1530",0.722315118514615,6.73043204786339e-05,0.0100480105982096,"Positive"
"ASV_547","ASV_1530",0.659505108208996,0.000455442957357111,0.0405018915649716,"Positive"
"ASV_555","ASV_1530",0.722315118514615,6.73043204786339e-05,0.0100480105982096,"Positive"
"ASV_743","ASV_1530",0.659505108208996,0.000455442957357111,0.0405018915649716,"Positive"
"ASV_823","ASV_1530",0.659505108208996,0.000455442957357111,0.0405018915649716,"Positive"
"ASV_974","ASV_1530",0.659505108208996,0.000455442957357111,0.0405018915649716,"Positive"
"ASV_975","ASV_1530",0.659505108208996,0.000455442957357111,0.0405018915649716,"Positive"
"ASV_990","ASV_1530",0.659505108208996,0.000455442957357111,0.0405018915649716,"Positive"
"ASV_1014","ASV_1530",0.722315118514615,6.73043204786339e-05,0.0100480105982096,"Positive"
"ASV_1163","ASV_1530",0.659505108208996,0.000455442957357111,0.0405018915649716,"Positive"
"ASV_1253","ASV_1530",0.659505108208996,0.000455442957357111,0.0405018915649716,"Positive"
"ASV_1305","ASV_1530",0.722315118514615,6.73043204786339e-05,0.0100480105982096,"Positive"
"ASV_1410","ASV_1530",0.659505108208996,0.000455442957357111,0.0405018915649716,"Positive"
"ASV_1483","ASV_1530",0.722315118514615,6.73043204786339e-05,0.0100480105982096,"Positive"
