"name","Kingdom","Phylum","Class","Order","Family","Genus","Species","mean_relative_abundance","degree","betweenness","normalized_degree","module"
"ASV_1000","Fungi","Ascomycota","Dothideomycetes","Pleosporales","Phaeosphaeriaceae",NA,NA,2.7812388750445e-06,28,2658.0986103763,0.0414201183431953,1
"ASV_1002","Fungi","Ascomycota","Eurotiomycetes","Chaetothyriales","Cyphellophoraceae","Cyphellophora",NA,4.08093699033502e-05,14,1319.62625599907,0.0207100591715976,2
"ASV_1003","Fungi","Ascomycota","Dothideomycetes","Capnodiales",NA,NA,NA,9.53960976575866e-05,21,1270.1070761143,0.0310650887573964,3
"ASV_1008","Fungi","Ascomycota","Dothideomycetes","Pleosporales","Massarinaceae","Stagonospora","convolvuli",2.2101004842192e-05,5,635.362947719934,0.00739644970414201,4
"ASV_1009","Fungi","Basidiomycota","Tremellomycetes","Cystofilobasidiales","Mrakiaceae","Udeniomyces","pyricola",1.39061943752225e-05,28,2658.0986103763,0.0414201183431953,1
"ASV_1010","Fungi","Basidiomycota","Agaricomycetes","Agaricales","Tricholomataceae","Arrhenia",NA,5.82913321337665e-05,2,0,0.0029585798816568,1
"ASV_1011","Fungi","Ascomycota","Dothideomycetes","Pleosporales","Lophiostomataceae","Sigarispora","coronillae",1.05885093496538e-05,22,1277.69179974997,0.0325443786982249,5
"ASV_1013","Fungi","Ascomycota","Leotiomycetes","Helotiales","Helotiaceae","Articulospora","proliferata",2.80686176168263e-05,5,1563.15510490699,0.00739644970414201,6
"ASV_1014","Fungi","Ascomycota","Dothideomycetes","Pleosporales",NA,NA,NA,9.73311790699033e-06,14,731.598922901372,0.0207100591715976,7
"ASV_1015","Fungi","Ascomycota","Sordariomycetes","Glomerellales","Plectosphaerellaceae","Plectosphaerella","niemeijerarum",9.9219605332961e-06,21,520.051181848597,0.0310650887573964,7
"ASV_1016","Fungi","Ascomycota","Dothideomycetes","Pleosporales","Pleosporaceae","Comoclathris",NA,9.83614597983825e-05,19,2455.75591496011,0.0281065088757396,1
"ASV_1017","Fungi","Basidiomycota","Agaricomycetes","Corticiales","Corticiaceae","Limonomyces",NA,5.73089306535217e-05,3,1257.25431898078,0.00443786982248521,8
"ASV_102","Fungi","Ascomycota","Dothideomycetes","Capnodiales","Cladosporiaceae","Davidiellomyces","australiensis",0.000144749610990493,3,919.295107567656,0.00443786982248521,2
"ASV_1022","Fungi","Ascomycota","Dothideomycetes","Pleosporales","Sporormiaceae","Sparticola","junci",4.59482038429407e-05,12,414.503220591516,0.0177514792899408,9
"ASV_1027","Fungi","Ascomycota","Dothideomycetes","Pleosporales","Periconiaceae","Periconia","epilithographicola",2.78473962684489e-06,12,414.503220591516,0.0177514792899408,9
"ASV_1028","Fungi","Ascomycota","Dothideomycetes","Pleosporales","Lophiostomataceae",NA,NA,2.74146721187918e-05,18,2037.10356457628,0.0266272189349112,6
"ASV_1030","Fungi","Basidiomycota","Agaricomycetes","Agaricales","Lycoperdaceae","Bovista","promontorii",7.22808615413829e-05,6,589.778527159089,0.00887573964497041,3
"ASV_1033","Fungi","Basidiomycota","Malasseziomycetes","Malasseziales","Malasseziaceae","Malassezia","sympodialis",3.9345376789754e-05,2,1,0.0029585798816568,10
"ASV_1042","Fungi","Ascomycota","Dothideomycetes","Capnodiales","Cladosporiaceae","Toxicocladosporium","strelitziae",6.75850746510639e-05,1,0,0.0014792899408284,11
"ASV_1046","Fungi","Ascomycota",NA,NA,NA,NA,NA,7.39940943889569e-05,27,2534.46917965707,0.0399408284023669,12
"ASV_1047","Fungi","Mortierellomycota","Mortierellomycetes","Mortierellales","Mortierellaceae","Mortierella","elongata",7.3388209721776e-05,31,2862.73105301072,0.0458579881656805,4
"ASV_1049","Fungi","Ascomycota","Dothideomycetes","Venturiales","Venturiaceae","Venturia",NA,4.20351750344688e-06,17,700.353918466116,0.0251479289940828,7
"ASV_1051","Fungi","Basidiomycota",NA,NA,NA,NA,NA,2.72038623634181e-05,4,374.244761489107,0.00591715976331361,13
"ASV_1052","Fungi","Ascomycota","Dothideomycetes","Pleosporales","Phaeosphaeriaceae","Chaetosphaeronema",NA,8.24202546433451e-05,23,2608.27145499282,0.0340236686390533,12
"ASV_1056","Fungi","Ascomycota","Dothideomycetes","Pleosporales","Lentitheciaceae","Keissleriella","cirsii",1.94684190413093e-05,27,3709.27584170069,0.0399408284023669,4
"ASV_1057","Fungi","Ascomycota","Dothideomycetes","Pleosporales","Pleosporaceae","Alternaria","caricicola",1.62871754780286e-05,13,1076.38064277004,0.0192307692307692,14
"ASV_1059","Fungi","Basidiomycota","Agaricomycetes","Agaricales",NA,NA,NA,7.04330036072402e-05,1,0,0.0014792899408284,12
"ASV_1060","Fungi","Ascomycota","Dothideomycetes","Pleosporales","Pleosporaceae","Neocamarosporium","korfii",1.99435708043559e-05,25,1151.88389998979,0.0369822485207101,5
"ASV_1064","Fungi","Basidiomycota","Agaricomycetes","Agaricales","Psathyrellaceae","Coprinopsis","brunneofibrillosa",7.21613041482349e-05,3,191.898517585487,0.00443786982248521,3
"ASV_1065","Fungi","Ascomycota","Dothideomycetes","Pleosporales","Pleosporales_fam_Incertae_sedis","Thyrostroma","cornicola",8.74890638670166e-05,20,911.960152208812,0.029585798816568,3
"ASV_1073","Fungi","Ascomycota","Leotiomycetes","Helotiales","Helotiaceae","Tricladium","angustum",1.22225376178021e-05,14,1046.64049857561,0.0207100591715976,15
"ASV_1074","Fungi","Basidiomycota","Tremellomycetes","Tremellales","Bulleribasidiaceae","Dioszegia","hungarica",5.65518571259048e-05,28,2658.0986103763,0.0414201183431953,1
"ASV_1075","Fungi","Ascomycota","Dothideomycetes","Pleosporales","Phaeosphaeriaceae",NA,NA,2.04923886049486e-05,16,3166.00481560647,0.0236686390532544,1
"ASV_1077","Fungi","Basidiomycota","Malasseziomycetes","Malasseziales","Malasseziaceae","Malassezia",NA,7.32242762744617e-05,1,0,0.0014792899408284,10
"ASV_1081","Fungi","Ascomycota","Dothideomycetes","Pleosporales","Phaeosphaeriaceae",NA,NA,2.17686600954338e-06,14,488.982069184724,0.0207100591715976,13
"ASV_1085","Fungi","Ascomycota","Dothideomycetes","Pleosporales","Didymosphaeriaceae","Kalmusia",NA,3.49931763306155e-05,17,244.151043736628,0.0251479289940828,7
"ASV_1086","Fungi","Basidiomycota","Agaricomycetes","Agaricales","Psathyrellaceae","Coprinopsis","calospora",4.60522076049077e-05,5,1488.85759080197,0.00739644970414201,1
"ASV_1087","Fungi","Basidiomycota","Agaricomycetes","Hymenochaetales","Hymenochaetales_fam_Incertae_sedis","Peniophorella","pubera",6.27415549866988e-06,16,392.018060055009,0.0236686390532544,14
"ASV_1089","Fungi","Ascomycota","Dothideomycetes","Pleosporales","Didymosphaeriaceae",NA,NA,6.84500177970046e-06,14,633.125577279138,0.0207100591715976,6
"ASV_1092","Fungi","Ascomycota","Sordariomycetes","Diaporthales","Valsaceae","Cytospora","populina",7.00586250574481e-06,17,700.353918466116,0.0251479289940828,7
"ASV_1093","Fungi","Ascomycota","Dothideomycetes","Pleosporales","Phaeosphaeriaceae","Poaceicola","agrostina",4.68643341768093e-05,21,520.051181848597,0.0310650887573964,7
"ASV_1094","Fungi","Ascomycota","Eurotiomycetes","Eurotiales","Aspergillaceae","Penicillium","glandicola",2.5538087503703e-06,23,802.495471955196,0.0340236686390533,6
"ASV_1096","Fungi","Basidiomycota","Agaricomycetes","Auriculariales","Exidiaceae",NA,NA,7.6769281735245e-05,2,626,0.0029585798816568,14
"ASV_1098","Fungi","Ascomycota","Dothideomycetes","Pleosporales","Pleosporaceae","Johnalcornia","aberrans",9.9027024614492e-05,17,798.292923689624,0.0251479289940828,5
"ASV_1099","Fungi","Ascomycota","Sordariomycetes","Phomatosporales","Phomatosporaceae","Phomatospora","biseriata",2.30234378597412e-06,20,911.960152208812,0.029585798816568,3
"ASV_110","Fungi","Ascomycota","Leotiomycetes","Helotiales",NA,NA,NA,0.000452165476256635,3,0,0.00443786982248521,2
"ASV_1100","Fungi","Ascomycota","Lecanoromycetes","Ostropales","Stictidaceae","Neofitzroyomyces","nerii",1.76864684367284e-05,18,2136.98450114117,0.0266272189349112,15
"ASV_1104","Fungi","Ascomycota","Dothideomycetes","Pleosporales","Phaeosphaeriaceae","Pseudoophiobolus","italicus",3.56352605421297e-05,5,74.9156765734774,0.00739644970414201,4
"ASV_1106","Fungi","Basidiomycota","Agaricomycetes","Auriculariales",NA,NA,NA,7.40742940880514e-05,5,8.46423841928133,0.00739644970414201,3
"ASV_1108","Fungi","Ascomycota","Dothideomycetes","Capnodiales","Teratosphaeriaceae","Xenoteratosphaeria","jonkershoekensis",6.31093986029336e-06,16,1881.85747161381,0.0236686390532544,1
"ASV_1109","Fungi","Basidiomycota","Tremellomycetes","Tremellales","Bulleribasidiaceae","Dioszegia","changbaiensis",5.78042790743604e-05,27,3451.84629104333,0.0399408284023669,1
"ASV_1111","Fungi","Ascomycota","Sordariomycetes","Xylariales","Hyponectriaceae","Monographella","nivalis",5.04667020359882e-05,20,1504.01926367175,0.029585798816568,5
"ASV_1113","Fungi","Basidiomycota","Ustilaginomycetes","Ustilaginales","Ustilaginaceae","Tranzscheliella","yupeitaniae",6.32098465770604e-05,13,267.865777316525,0.0192307692307692,15
"ASV_1114","Fungi","Basidiomycota","Agaricomycetes","Agaricales","Bolbitiaceae","Panaeolus","papilionaceus",4.83901961335427e-05,7,921.473700329913,0.0103550295857988,4
"ASV_1120","Fungi","Ascomycota","Dothideomycetes","Capnodiales","Neodevriesiaceae","Neodevriesia","capensis",6.38452187592576e-06,23,802.495471955196,0.0340236686390533,6
"ASV_1124","Fungi","Chytridiomycota","Spizellomycetes","Spizellomycetales","Spizellomycetaceae","Spizellomyces","pseudodichotomus",3.03137292663008e-05,45,3800.29842815396,0.0665680473372781,4
"ASV_1126","Fungi","Ascomycota","Dothideomycetes","Pleosporales","Pleosporaceae","Alternaria","tenuissima",9.9147332936744e-05,17,244.151043736628,0.0251479289940828,7
"ASV_113","Fungi","Ascomycota","Dothideomycetes","Pleosporales","Amniculicolaceae","Murispora",NA,0.00128015142154837,1,0,0.0014792899408284,10
"ASV_1133","Fungi","Basidiomycota","Malasseziomycetes","Malasseziales","Malasseziaceae","Malassezia","globosa",5.23248549797024e-05,18,1433.25217140196,0.0266272189349112,5
"ASV_1138","Fungi","Basidiomycota","Agaricomycetes","Russulales","Peniophoraceae","Peniophora",NA,2.52839386308242e-06,13,267.865777316525,0.0192307692307692,15
"ASV_114","Fungi","Ascomycota","Dothideomycetes","Capnodiales","Dissoconiaceae","Dissoconium","eucalypti",0.00270788931132515,2,1250,0.0029585798816568,2
"ASV_1140","Fungi","Ascomycota","Dothideomycetes","Pleosporales","Phaeosphaeriaceae",NA,NA,5.20524272046806e-06,11,580.952204627412,0.0162721893491124,13
"ASV_1143","Fungi","Basidiomycota","Ustilaginomycetes","Ustilaginales","Ustilaginaceae","Ustilago","sporoboli-indici",1.26764958265075e-05,19,2455.40732122259,0.0281065088757396,15
"ASV_1144","Fungi","Ascomycota","Dothideomycetes","Pleosporales","Didymellaceae","Neoascochyta","paspali",2.02946429201697e-05,22,1277.69179974997,0.0325443786982249,5
"ASV_1145","Fungi","Ascomycota","Orbiliomycetes","Orbiliales","Orbiliaceae","Orbilia",NA,4.79769882572089e-05,1,0,0.0014792899408284,16
"ASV_1149","Fungi","Ascomycota","Dothideomycetes","Pleosporales","Phaeosphaeriaceae","Paraophiobolus","arundinis",3.57943500060238e-05,1,0,0.0014792899408284,1
"ASV_1153","Fungi","Basidiomycota","Agaricomycetes",NA,NA,NA,NA,6.80467370867778e-05,11,821.548492004566,0.0162721893491124,5
"ASV_1154","Fungi","Ascomycota","Dothideomycetes","Pleosporales","Massarinaceae","Pseudodidymosphaeria","phlei",3.46608069759166e-05,13,1851.4813203467,0.0192307692307692,5
"ASV_1155","Fungi","Ascomycota",NA,NA,NA,NA,NA,2.45017909516887e-05,4,21.2243503935167,0.00591715976331361,5
"ASV_1156","Fungi","Ascomycota","Dothideomycetes","Pleosporales","Didymellaceae","Didymella","keratinophila",6.00975355954881e-05,3,407.045099806384,0.00443786982248521,14
"ASV_1161","Fungi","Ascomycota","Dothideomycetes","Pleosporales","Phaeosphaeriaceae",NA,NA,4.61486152589495e-05,2,16.8252967434973,0.0029585798816568,12
"ASV_1162","Fungi","Basidiomycota","Malasseziomycetes","Malasseziales","Malasseziaceae","Malassezia",NA,9.95993833378973e-05,15,1242.21227134725,0.022189349112426,7
"ASV_1163","Fungi","Ascomycota","Dothideomycetes","Pleosporales","Melanommataceae","Praetumpfia","obducens",9.62415455503832e-05,26,1121.13113550319,0.0384615384615385,5
"ASV_1164","Fungi","Basidiomycota","Agaricomycetes","Russulales",NA,NA,NA,6.61214192708333e-05,15,316.448570797963,0.022189349112426,6
"ASV_117","Fungi","Basidiomycota","Tremellomycetes","Tremellales","Bulleribasidiaceae","Vishniacozyma","globispora",0.00159281279129047,1,0,0.0014792899408284,2
"ASV_1171","Fungi","Ascomycota","Eurotiomycetes","Eurotiales","Aspergillaceae","Penicillium","salamorum",9.49935469123177e-06,1,0,0.0014792899408284,1
"ASV_1173","Fungi","Ascomycota","Leotiomycetes","Erysiphales","Erysiphaceae","Blumeria","graminis",3.17630528543885e-05,4,651.531431546722,0.00591715976331361,5
"ASV_1176","Fungi","Basidiomycota","Microbotryomycetes","Microbotryomycetes_ord_Incertae_sedis","Microbotryomycetes_fam_Incertae_sedis","Colacogloea","terpenoidalis",3.46441479225095e-05,23,5367.58850684953,0.0340236686390533,4
"ASV_1177","Fungi","Basidiomycota","Agaricomycetes","Cantharellales","Ceratobasidiaceae",NA,NA,8.31137215218554e-05,1,0,0.0014792899408284,17
"ASV_1178","Fungi","Ascomycota","Dothideomycetes","Pleosporales","Phaeosphaeriaceae",NA,NA,3.40909166706718e-05,30,6376.89089191395,0.0443786982248521,4
"ASV_118","Fungi","Ascomycota","Dothideomycetes","Pleosporales","Didymellaceae",NA,NA,0.00129121870298889,4,1874,0.00591715976331361,6
"ASV_1183","Fungi","Basidiomycota","Agaricomycetes","Agaricales","Marasmiaceae","Marasmius",NA,0.000108506944444444,15,316.448570797963,0.022189349112426,6
"ASV_1187","Fungi","Ascomycota","Dothideomycetes","Pleosporales","Didymellaceae","Neoascochyta","europaea",2.17162339707048e-05,13,1076.38064277004,0.0192307692307692,14
"ASV_1189","Fungi","Ascomycota","Arthoniomycetes","Lichenostigmatales","Phaeococcomycetaceae","Phaeococcomyces","eucalypti",1.79261585676282e-06,16,392.018060055009,0.0236686390532544,14
"ASV_119","Fungi","Ascomycota","Dothideomycetes","Pleosporales","Phaeosphaeriaceae","Phaeosphaeria",NA,4.35373201908676e-06,14,488.982069184724,0.0207100591715976,13
"ASV_1190","Fungi","Basidiomycota","Agaricomycetes","Russulales","Peniophoraceae","Peniophora","cinerea",3.12170863328881e-05,13,1076.38064277004,0.0192307692307692,14
"ASV_1192","Fungi","Ascomycota","Dothideomycetes","Pleosporales","Pleosporaceae","Alternaria",NA,7.72558714462299e-05,25,603.72082213702,0.0369822485207101,12
"ASV_1195","Fungi","Ascomycota","Dothideomycetes","Pleosporales","Phaeosphaeriaceae",NA,NA,5.2010107663441e-05,2,0,0.0029585798816568,15
"ASV_1199","Fungi","Basidiomycota","Agaricomycetes","Polyporales","Polyporaceae","Trametes","trogii",5.36698612311187e-05,7,154.937929922844,0.0103550295857988,7
"ASV_12","Fungi","Ascomycota","Dothideomycetes","Pleosporales","Pleosporaceae","Comoclathris",NA,0.0156510714484405,1,0,0.0014792899408284,2
"ASV_1200","Fungi","Ascomycota","Dothideomycetes","Pleosporales","Lentitheciaceae","Keissleriella","poagena",1.56378824983717e-05,16,2482.75664334333,0.0236686390532544,6
"ASV_1203","Fungi","Ascomycota",NA,NA,NA,NA,NA,1.44057119684532e-05,21,4915.06995331675,0.0310650887573964,1
"ASV_1206","Fungi","Ascomycota","Dothideomycetes","Pleosporales","Phaeosphaeriaceae","Neosetophoma","samararum",2.34097050979421e-05,9,485.613036461236,0.0133136094674556,13
"ASV_1208","Fungi","Ascomycota","Dothideomycetes","Pleosporales","Didymellaceae","Epicoccum","plurivorum",1.59636840699848e-05,14,488.982069184724,0.0207100591715976,13
"ASV_1209","Fungi","Basidiomycota","Agaricomycetes","Cantharellales","Ceratobasidiaceae",NA,NA,3.52552248860487e-05,3,130.851018165759,0.00443786982248521,14
"ASV_121","Fungi","Ascomycota","Dothideomycetes","Pleosporales","Phaeosphaeriaceae","Phaeosphaeria",NA,0.0013818636816298,19,2407.07913227921,0.0281065088757396,2
"ASV_1211","Fungi","Basidiomycota","Agaricomycetes","Polyporales","Steccherinaceae",NA,NA,5.16310301159881e-05,5,24,0.00739644970414201,4
"ASV_1212","Fungi","Ascomycota","Dothideomycetes","Botryosphaeriales","Botryosphaeriaceae","Tiarosporella","dactylis",2.40303029401442e-05,1,0,0.0014792899408284,4
"ASV_1213","Fungi","Ascomycota","Dothideomycetes",NA,NA,NA,NA,4.39854511942401e-05,16,2373.36508296989,0.0236686390532544,15
"ASV_1214","Fungi","Ascomycota","Leotiomycetes","Helotiales","Helotiaceae",NA,NA,1.86097965483938e-05,5,1251.3777940287,0.00739644970414201,13
"ASV_1217","Fungi","Ascomycota","Dothideomycetes","Pleosporales","Leptosphaeriaceae","Ampelomyces","quisqualis",3.70242754180423e-05,6,3481.72262233382,0.00887573964497041,1
"ASV_1221","Fungi","Basidiomycota","Tremellomycetes","Tremellales","Trimorphomycetaceae","Saitozyma","paraflava",2.59643662275857e-05,18,1017.89876213159,0.0266272189349112,5
"ASV_1224","Fungi","Ascomycota","Dothideomycetes","Pleosporales","Phaeosphaeriaceae","Neosetophoma","rosarum",4.46118717898149e-05,5,320.560174788631,0.00739644970414201,2
"ASV_1225","Fungi","Basidiomycota","Agaricomycetes","Auriculariales","Exidiaceae","Exidia","saccharina",3.94511224358095e-05,3,11.5864491106076,0.00443786982248521,14
"ASV_1226","Fungi","Basidiomycota","Agaricomycetes",NA,NA,NA,NA,1.55758863369004e-05,18,3899.98347919935,0.0266272189349112,6
"ASV_1227","Fungi","Ascomycota","Dothideomycetes","Pleosporales","Melanommataceae","Melanodiplodia","tianschanica",6.90703135792237e-05,20,911.960152208812,0.029585798816568,3
"ASV_1229","Fungi","Ascomycota","Dothideomycetes","Pleosporales","Lentitheciaceae","Keissleriella","quadriseptata",8.74829408265388e-05,17,244.151043736628,0.0251479289940828,7
"ASV_123","Fungi","Ascomycota","Dothideomycetes","Pleosporales","Pleosporaceae","Alternaria",NA,7.1459797558597e-05,17,700.353918466116,0.0251479289940828,7
"ASV_1230","Fungi","Ascomycota","Dothideomycetes","Pleosporales","Pleosporaceae","Alternaria",NA,8.74829408265388e-05,17,244.151043736628,0.0251479289940828,7
"ASV_1231","Fungi","Ascomycota","Dothideomycetes","Pleosporales","Didymosphaeriaceae","Kalmusia",NA,3.44244112043487e-05,21,520.051181848597,0.0310650887573964,7
"ASV_1232","Fungi","Ascomycota","Dothideomycetes","Pleosporales","Pleosporaceae","Dichotomophthora","basellae",5.37784757028847e-05,16,392.018060055009,0.0236686390532544,14
"ASV_1233","Fungi","Basidiomycota","Agaricomycetes","Corticiales","Corticiaceae","Marchandiobasidium",NA,3.09298756954282e-05,20,2357.22560538301,0.029585798816568,1
"ASV_1234","Fungi","Ascomycota","Dothideomycetes","Pleosporales","Melanommataceae",NA,NA,6.04693658830505e-05,24,3445.05346220321,0.0355029585798817,6
"ASV_1235","Fungi","Ascomycota","Sordariomycetes","Myrmecridiales","Myrmecridiaceae","Myrmecridium","banksiae",2.58988000587283e-05,4,51.8203939542297,0.00591715976331361,4
"ASV_1237","Fungi","Ascomycota","Sordariomycetes","Sordariales","Sordariaceae","Sordaria","fimicola",3.79259079462362e-06,13,267.865777316525,0.0192307692307692,15
"ASV_1238","Fungi","Basidiomycota","Agaricomycetes","Auriculariales","Exidiaceae","Ductifera","pululahuana",1.45804901377565e-05,17,244.151043736628,0.0251479289940828,7
"ASV_1239","Fungi","Ascomycota","Dothideomycetes","Capnodiales","Neodevriesiaceae","Neodevriesia","capensis",1.27961363674754e-05,18,1522.37834876337,0.0266272189349112,5
"ASV_1240","Fungi","Ascomycota","Dothideomycetes","Pleosporales","Didymosphaeriaceae","Laburnicola",NA,4.28116981876865e-05,14,488.982069184724,0.0207100591715976,13
"ASV_1242","Fungi","Ascomycota","Dothideomycetes","Capnodiales","Mycosphaerellaceae","Pseudocercospora",NA,3.90046025431001e-06,19,2455.40732122259,0.0281065088757396,15
"ASV_1246","Fungi","Ascomycota","Arthoniomycetes","Lichenostigmatales","Phaeococcomycetaceae","Phaeococcomyces",NA,6.0731000949324e-05,2,849.729703779564,0.0029585798816568,14
"ASV_1249","Fungi","Basidiomycota","Tremellomycetes","Filobasidiales","Filobasidiaceae","Filobasidium",NA,2.58558279036095e-05,45,3800.29842815396,0.0665680473372781,4
"ASV_125","Fungi","Ascomycota","Dothideomycetes","Pleosporales","Pleosporaceae","Alternaria","rosae",0.000254724796579497,6,398.068904888883,0.00887573964497041,1
"ASV_1250","Fungi","Ascomycota","Dothideomycetes","Pleosporales","Phaeosphaeriaceae","Phaeosphaeria",NA,2.27352969497256e-05,45,3800.29842815396,0.0665680473372781,4
"ASV_1253","Fungi","Basidiomycota","Agaricomycetes","Russulales","Peniophoraceae","Peniophora",NA,1.03644741361951e-05,26,1121.13113550319,0.0384615384615385,5
"ASV_1258","Fungi","Ascomycota","Dothideomycetes","Capnodiales","Cladosporiaceae","Rachicladosporium",NA,9.27079625014833e-06,28,2658.0986103763,0.0414201183431953,1
"ASV_1259","Fungi","Basidiomycota","Agaricomycetes","Corticiales","Corticiaceae","Limonomyces","culmigenus",5.13438297935173e-05,3,626,0.00443786982248521,1
"ASV_1260","Fungi","Basidiomycota","Agaricomycetes",NA,NA,NA,NA,5.7447127774182e-05,18,1346.4380070749,0.0266272189349112,6
"ASV_1261","Fungi","Ascomycota","Leotiomycetes","Helotiales","Helotiaceae","Tricladium","angustum",9.03797104815224e-06,19,705.011126996814,0.0281065088757396,5
"ASV_1262","Fungi","Ascomycota","Dothideomycetes","Capnodiales","Teratosphaeriaceae","Devriesia","pseudoamericana",1.31224411239808e-05,17,244.151043736628,0.0251479289940828,7
"ASV_1264","Fungi","Basidiomycota","Agaricomycetes","Agaricales","Tricholomataceae","Calyptella","capula",7.04404967045298e-05,2,626,0.0029585798816568,3
"ASV_1265","Fungi","Ascomycota","Dothideomycetes","Capnodiales",NA,NA,NA,5.2437616245742e-05,4,1897.09499996348,0.00591715976331361,6
"ASV_1267","Fungi","Entomophthoromycota","Entomophthoromycetes","Entomophthorales","Entomophthoraceae","Entomophthora","muscae",9.66389973958333e-05,15,316.448570797963,0.022189349112426,6
"ASV_1269","Fungi","Basidiomycota","Agaricomycetes","Polyporales","Steccherinaceae","Fibricium",NA,1.10365530637471e-05,25,603.72082213702,0.0369822485207101,12
"ASV_1270","Fungi","Basidiomycota","Agaricomycetes","Cantharellales","Ceratobasidiaceae","Thanatephorus","cucumeris",2.25760665176275e-05,25,1807.58940157724,0.0369822485207101,6
"ASV_1275","Fungi","Basidiomycota","Agaricomycetes",NA,NA,NA,NA,4.18705826636305e-05,20,1504.01926367175,0.029585798816568,5
"ASV_1276","Fungi","Basidiomycota","Agaricomycetes","Corticiales","Punctulariaceae","Punctularia","strigosozonata",4.30869391534436e-05,1,0,0.0014792899408284,6
"ASV_128","Fungi","Ascomycota","Sordariomycetes","Hypocreales","Clavicipitaceae","Claviceps","spartinae",0.000736478443105919,4,214.139419313426,0.00591715976331361,2
"ASV_1286","Fungi","Basidiomycota","Agaricomycetes","Cantharellales","Ceratobasidiaceae","Ceratobasidium",NA,2.2992408967747e-05,18,2136.98450114117,0.0266272189349112,15
"ASV_1287","Fungi","Ascomycota","Sordariomycetes","Diaporthales","Gnomoniaceae","Ophiognomonia","quercus-gambellii",8.47710503472222e-06,15,316.448570797963,0.022189349112426,6
"ASV_1288","Fungi","Basidiomycota","Agaricomycetes","Agaricales","Inocybaceae","Inocybe","mixtilis",1.92534896480325e-05,5,1499.87353065195,0.00739644970414201,8
"ASV_129","Fungi","Ascomycota","Dothideomycetes","Pleosporales","Phaeosphaeriaceae","Parastagonospora",NA,0.00104294039253594,2,626,0.0029585798816568,2
"ASV_1294","Fungi","Basidiomycota","Agaricomycetes","Polyporales","Polyporaceae","Coriolopsis","gallica",5.70416814975039e-06,14,633.125577279138,0.0207100591715976,6
"ASV_1295","Fungi","Basidiomycota","Agaricomycetes","Russulales","Peniophoraceae","Peniophora",NA,5.4807734467488e-06,8,105.536650230951,0.0118343195266272,9
"ASV_1296","Fungi","Basidiomycota","Agaricomycetes","Cantharellales","Ceratobasidiaceae","Ceratobasidium",NA,1.96205387799949e-05,25,603.72082213702,0.0369822485207101,12
"ASV_1297","Fungi","Ascomycota","Dothideomycetes","Pleosporales",NA,NA,NA,3.98104605005485e-05,17,2993.68118778778,0.0251479289940828,14
"ASV_1299","Fungi","Ascomycota","Leotiomycetes","Helotiales","Dermateaceae",NA,NA,2.3750455073769e-05,29,3401.62715410822,0.0428994082840237,4
"ASV_13","Fungi","Ascomycota","Dothideomycetes","Pleosporales","Didymellaceae","Epicoccum","dendrobii",0.000112907290677885,2,40.5802474497672,0.0029585798816568,14
"ASV_1305","Fungi","Ascomycota","Dothideomycetes","Pleosporales","Phaeosphaeriaceae","Parastagonospora",NA,4.37990305814565e-05,14,731.598922901372,0.0207100591715976,7
"ASV_1307","Fungi","Basidiomycota","Agaricomycetes","Cantharellales","Ceratobasidiaceae",NA,NA,4.24674410809403e-05,5,82.8647679873846,0.00739644970414201,1
"ASV_1308","Fungi","Basidiomycota","Agaricomycetes","Agaricales","Physalacriaceae","Cryptomarasmius","crescentiae",3.10191426877522e-05,17,1328.05526668057,0.0251479289940828,1
"ASV_1309","Fungi","Ascomycota","Dothideomycetes","Pleosporales","Leptosphaeriaceae",NA,NA,2.16652303843087e-05,3,133.425184937581,0.00443786982248521,1
"ASV_131","Fungi","Ascomycota","Dothideomycetes","Pleosporales","Phaeosphaeriaceae",NA,NA,0.000885663891595067,1,0,0.0014792899408284,18
"ASV_1310","Fungi","Ascomycota","Dothideomycetes","Capnodiales","Capnodiales_fam_Incertae_sedis","Phaeotheca","fissurella",3.93673233719425e-05,17,244.151043736628,0.0251479289940828,7
"ASV_1313","Fungi","Ascomycota","Sordariomycetes","Hypocreales","Nectriaceae","Fusarium","domesticum",2.94818605913727e-05,3,50.0214145221813,0.00443786982248521,15
"ASV_132","Fungi","Ascomycota","Sordariomycetes","Hypocreales","Clavicipitaceae","Claviceps","spartinae",0.00104751603941344,1,0,0.0014792899408284,2
"ASV_1320","Fungi","Ascomycota","Dothideomycetes","Capnodiales","Cladosporiaceae","Davidiellomyces","australiensis",1.14708851287916e-05,22,1277.69179974997,0.0325443786982249,5
"ASV_1321","Fungi","Ascomycota","Dothideomycetes","Pleosporales","Pleosporaceae",NA,NA,1.53228525022218e-05,23,802.495471955196,0.0340236686390533,6
"ASV_1325","Fungi","Ascomycota","Dothideomycetes","Pleosporales","Didymellaceae","Epicoccum","dendrobii",7.25268349289237e-05,17,798.292923689624,0.0251479289940828,5
"ASV_1326","Fungi","Ascomycota","Dothideomycetes","Pleosporales","Pleosporaceae","Alternaria","eureka",2.29417702575831e-05,22,1277.69179974997,0.0325443786982249,5
"ASV_1327","Fungi","Basidiomycota","Agaricomycetes","Agaricales","Agaricaceae","Coprinus","foetidellus",1.50604654278462e-05,25,1151.88389998979,0.0369822485207101,5
"ASV_1329","Fungi","Basidiomycota","Agaricomycetes","Agaricales","Psathyrellaceae","Coprinellus",NA,5.50322342078541e-05,1,0,0.0014792899408284,5
"ASV_133","Fungi","Ascomycota","Dothideomycetes","Pleosporales","Pleosporaceae","Curvularia","trifolii",0.000106792992364553,14,3275.07272606119,0.0207100591715976,14
"ASV_1330","Fungi","Ascomycota","Dothideomycetes","Pleosporales","Pleosporaceae","Stemphylium","vesicarium",5.9323348757404e-05,14,633.125577279138,0.0207100591715976,6
"ASV_1336","Fungi","Basidiomycota","Tremellomycetes","Tremellales","Bulleribasidiaceae","Vishniacozyma","victoriae",6.37667510349834e-05,25,603.72082213702,0.0369822485207101,12
"ASV_1338","Fungi","Ascomycota","Dothideomycetes","Pleosporales","Phaeosphaeriaceae","Phaeosphaeria","tofieldiae",1.62589957237825e-05,24,1213.98875260161,0.0355029585798817,4
"ASV_1339","Fungi","Basidiomycota","Agaricomycetes","Agaricales","Omphalotaceae","Gymnopus","earleae",3.10357549318144e-05,2,0,0.0029585798816568,13
"ASV_134","Fungi","Ascomycota","Sordariomycetes","Chaetosphaeriales","Chaetosphaeriaceae","Dinemasporium","morbidum",0.00126242390151037,13,1231.41868491153,0.0192307692307692,2
"ASV_1340","Fungi","Basidiomycota","Agaricomycetes","Hymenochaetales","Hymenochaetales_fam_Incertae_sedis","Trichaptum","fuscoviolaceum",3.30248682494742e-05,6,1304.29001035582,0.00887573964497041,1
"ASV_1341","Fungi","Ascomycota","Sordariomycetes","Hypocreales","Nectriaceae","Fusarium",NA,4.35131529226261e-05,31,2862.73105301072,0.0458579881656805,4
"ASV_1342","Fungi","Basidiomycota","Agaricomycetes","Cantharellales","Ceratobasidiaceae","Thanatephorus","cucumeris",5.90059312103928e-05,3,32.5545268692603,0.00443786982248521,6
"ASV_1345","Fungi","Basidiomycota","Agaricomycetes",NA,NA,NA,NA,6.90909810247753e-05,1,0,0.0014792899408284,5
"ASV_1346","Fungi","Basidiomycota","Agaricomycetes","Agaricales","Entolomataceae","Clitopilus",NA,3.46443633469535e-05,2,1719.60980654099,0.0029585798816568,2
"ASV_1348","Fungi","Ascomycota","Leotiomycetes","Helotiales","Helotiaceae","Articulospora","proliferata",1.91689758595725e-05,45,3800.29842815396,0.0665680473372781,4
"ASV_135","Fungi","Ascomycota","Sordariomycetes","Hypocreales","Nectriaceae","Gibberella","intricans",0.000810928186649344,15,3307.55361301439,0.022189349112426,2
"ASV_1350","Fungi","Basidiomycota","Agaricomycetes","Agaricales","Marasmiaceae","Marasmius","rotula",4.90715082772335e-05,1,0,0.0014792899408284,1
"ASV_1351","Fungi","Ascomycota","Dothideomycetes","Pleosporales","Phaeosphaeriaceae","Phaeosphaeria",NA,5.87097665423401e-05,20,911.960152208812,0.029585798816568,3
"ASV_1352","Fungi","Ascomycota","Sordariomycetes","Magnaporthales","Magnaporthaceae","Magnaporthe","grisea",4.20351750344688e-06,17,700.353918466116,0.0251479289940828,7
"ASV_1353","Fungi","Ascomycota","Dothideomycetes","Pleosporales","Pleosporaceae","Comoclathris","rosae",3.06321358952938e-05,12,414.503220591516,0.0177514792899408,9
"ASV_1359","Fungi","Basidiomycota","Agaricomycetes","Cantharellales","Ceratobasidiaceae",NA,NA,7.93584099992315e-05,23,2035.44011163215,0.0340236686390533,12
"ASV_1361","Fungi","Basidiomycota","Agaricomycetes","Agaricales","Tricholomataceae","Arrhenia",NA,4.6503913649377e-05,5,1503.76596921683,0.00739644970414201,15
"ASV_1363","Fungi","Basidiomycota","Agaricomycetes","Agaricales","Strophariaceae",NA,NA,2.07210940737671e-05,20,911.960152208812,0.029585798816568,3
"ASV_1364","Fungi","Ascomycota","Saccharomycetes","Saccharomycetales","Metschnikowiaceae","Metschnikowia",NA,4.45790136269129e-06,45,3800.29842815396,0.0665680473372781,4
"ASV_1365","Fungi","Ascomycota","Sordariomycetes","Diaporthales","Diaporthaceae","Diaporthe","novem",2.44821732412929e-05,33,4426.85817755094,0.0488165680473373,4
"ASV_1366","Fungi","Ascomycota","Sordariomycetes","Hypocreales","Hypocreales_fam_Incertae_sedis","Myxocephala","albida",2.72547122772169e-05,8,1623.3060264366,0.0118343195266272,4
"ASV_1367","Fungi","Ascomycota","Leotiomycetes","Helotiales","Vibrisseaceae","Phialocephala","humicola",8.02971493446363e-05,26,4735.803256438,0.0384615384615385,4
"ASV_1368","Fungi","Basidiomycota","Agaricomycetes","Agaricales","Psathyrellaceae","Coprinopsis","brunneofibrillosa",2.60382903406973e-05,26,3881.70199339025,0.0384615384615385,12
"ASV_1369","Fungi","Basidiomycota","Agaricomycetes","Corticiales","Corticiaceae",NA,NA,5.53062436406614e-05,28,3618.60614942456,0.0414201183431953,12
"ASV_1370","Fungi","Ascomycota","Dothideomycetes","Pleosporales","Pleosporaceae","Comoclathris",NA,6.07669272352507e-05,15,1454.21526898196,0.022189349112426,14
"ASV_1371","Fungi","Basidiomycota","Tremellomycetes","Holtermanniales","Holtermanniales_fam_Incertae_sedis","Holtermanniella",NA,4.94768760809792e-05,16,2178.26135264987,0.0236686390532544,5
"ASV_1376","Fungi","Ascomycota","Dothideomycetes","Pleosporales","Didymellaceae","Didymella","rosea",1.14921393766664e-05,23,802.495471955196,0.0340236686390533,6
"ASV_1377","Fungi","Ascomycota","Orbiliomycetes","Orbiliales","Orbiliaceae","Orbilia",NA,3.48972054463492e-05,2,9.77793670425132,0.0029585798816568,1
"ASV_1378","Fungi","Ascomycota","Dothideomycetes","Pleosporales","Phaeosphaeriaceae","Poaceicola",NA,1.78766612525921e-05,23,802.495471955196,0.0340236686390533,6
"ASV_1379","Fungi","Ascomycota","Leotiomycetes","Helotiales","Helotiaceae","Tetracladium",NA,6.13141836874841e-06,25,603.72082213702,0.0369822485207101,12
"ASV_1383","Fungi","Basidiomycota","Agaricomycetes","Cantharellales","Botryobasidiaceae","Botryobasidium","subcoronatum",4.18922321817562e-05,2,0,0.0029585798816568,5
"ASV_1384","Fungi","Ascomycota","Dothideomycetes","Capnodiales","Teratosphaeriaceae","Constantinomyces","minimus",4.20844817032626e-05,27,2922.4820156096,0.0399408284023669,12
"ASV_1385","Fungi","Ascomycota","Dothideomycetes","Pleosporales",NA,NA,NA,2.18437166771873e-05,45,3800.29842815396,0.0665680473372781,4
"ASV_1386","Fungi","Ascomycota","Dothideomycetes","Pleosporales","Phaeosphaeriaceae",NA,NA,4.25681346921957e-05,6,637.787109854562,0.00887573964497041,4
"ASV_1387","Fungi","Ascomycota","Dothideomycetes","Pleosporales","Periconiaceae","Periconia","homothallica",1.29279139518047e-05,45,3800.29842815396,0.0665680473372781,4
"ASV_139","Fungi","Ascomycota","Dothideomycetes","Pleosporales","Pleosporaceae","Alternaria","obclavata",1.4933428525491e-05,25,1151.88389998979,0.0369822485207101,5
"ASV_1390","Fungi","Basidiomycota","Agaricomycetes","Cantharellales","Ceratobasidiaceae",NA,NA,2.12237621240741e-05,18,2136.98450114117,0.0266272189349112,15
"ASV_1391","Fungi","Ascomycota","Dothideomycetes","Pleosporales","Didymellaceae","Epicoccum","dendrobii",4.33318476699846e-05,18,2136.98450114117,0.0266272189349112,15
"ASV_1392","Fungi","Ascomycota","Dothideomycetes","Pleosporales","Phaeosphaeriaceae","Parastagonospora",NA,2.61638752173603e-05,19,705.011126996814,0.0281065088757396,5
"ASV_1400","Fungi","Ascomycota","Dothideomycetes","Botryosphaeriales","Planistromellaceae","Ramimonilia","apicalis",2.48261721075968e-05,7,1483.85666636268,0.0103550295857988,15
"ASV_1401","Fungi","Ascomycota","Leotiomycetes","Thelebolales","Thelebolaceae","Thelebolus",NA,2.28188516190154e-05,27,2534.46917965707,0.0399408284023669,12
"ASV_1404","Fungi","Ascomycota","Leotiomycetes","Erysiphales","Erysiphaceae","Golovinomyces","asterum",1.19120730183605e-05,22,1277.69179974997,0.0325443786982249,5
"ASV_1405","Fungi","Basidiomycota","Agaricomycetes","Agaricales","Omphalotaceae","Gymnopus","androsaceus",5.20730216498924e-05,1,0,0.0014792899408284,12
"ASV_1406","Fungi","Ascomycota","Saccharomycetes","Saccharomycetales","Metschnikowiaceae","Metschnikowia",NA,2.27786739483556e-05,6,810.445246910322,0.00887573964497041,4
"ASV_1407","Fungi","Basidiomycota","Tremellomycetes","Tremellales","Bulleribasidiaceae","Dioszegia","athyri",3.14585189017896e-05,5,312.5,0.00739644970414201,4
"ASV_1408","Fungi","Ascomycota","Dothideomycetes","Pleosporales","Phaeosphaeriaceae","Acericola","italica",7.98583540965054e-06,14,633.125577279138,0.0207100591715976,6
"ASV_1409","Fungi","Ascomycota","Dothideomycetes","Pleosporales","Didymosphaeriaceae","Paraphaeosphaeria","xanthorrhoeae",2.54313151041667e-05,15,316.448570797963,0.022189349112426,6
"ASV_1410","Fungi","Basidiomycota","Agaricomycetes","Cantharellales","Ceratobasidiaceae",NA,NA,2.07289482723902e-05,26,1121.13113550319,0.0384615384615385,5
"ASV_1412","Fungi","Basidiomycota","Ustilaginomycetes","Ustilaginales","Ustilaginaceae","Tranzscheliella","yupeitaniae",5.8657879638232e-05,16,1192.76674888317,0.0236686390532544,15
"ASV_1413","Fungi","Ascomycota","Dothideomycetes","Capnodiales","Mycosphaerellaceae","Pantospora","guazumae",8.58398571624777e-06,25,603.72082213702,0.0369822485207101,12
"ASV_1419","Fungi","Ascomycota","Dothideomycetes","Dothideales","Dothioraceae","Hormonema","macrosporum",2.76801537214017e-05,2,104.862397558184,0.0029585798816568,14
"ASV_142","Fungi","Basidiomycota","Exobasidiomycetes","Entylomatales",NA,NA,NA,0.000378967724970334,5,626,0.00739644970414201,2
"ASV_1420","Fungi","Ascomycota","Dothideomycetes","Pleosporales",NA,NA,NA,1.90816346413594e-05,15,2071.08581341889,0.022189349112426,14
"ASV_1424","Fungi","Basidiomycota","Agaricomycetes","Agaricales","Strophariaceae","Stropharia","coronilla",5.3622863524321e-05,1,0,0.0014792899408284,19
"ASV_1425","Fungi","Ascomycota","Dothideomycetes","Pleosporales","Phaeosphaeriaceae","Phaeosphaeria",NA,2.07358308097386e-05,22,1277.69179974997,0.0325443786982249,5
"ASV_1426","Fungi","Basidiomycota","Agaricomycetes","Polyporales","Phanerochaetaceae","Phanerochaete","sordida",4.17209941696246e-05,4,144.938827690271,0.00591715976331361,3
"ASV_1428","Fungi","Basidiomycota","Agaricomycetes","Polyporales","Fomitopsidaceae","Antrodia",NA,5.63081635302759e-05,1,0,0.0014792899408284,4
"ASV_1429","Fungi","Ascomycota","Dothideomycetes","Pleosporales","Lophiostomataceae",NA,NA,2.01029837949089e-05,1,0,0.0014792899408284,4
"ASV_1430","Fungi","Ascomycota","Dothideomycetes","Pleosporales","Lentitheciaceae","Keissleriella","dactylis",7.29203126823008e-06,15,1454.21526898196,0.022189349112426,14
"ASV_1431","Fungi","Ascomycota","Dothideomycetes","Pleosporales","Phaeosphaeriaceae","Phaeosphaeria","tofieldiae",2.61463303055245e-05,2,0,0.0029585798816568,12
"ASV_1432","Fungi","Ascomycota","Sordariomycetes","Myrmecridiales","Myrmecridiaceae","Myrmecridium",NA,7.07458737469137e-06,18,2136.98450114117,0.0266272189349112,15
"ASV_1433","Fungi","Ascomycota","Dothideomycetes","Pleosporales",NA,NA,NA,2.45256734749936e-06,25,603.72082213702,0.0369822485207101,12
"ASV_1436","Fungi","Ascomycota","Sordariomycetes","Sordariales","Lasiosphaeriaceae","Podospora","decipiens",6.58551075540012e-05,17,700.353918466116,0.0251479289940828,7
"ASV_1442","Fungi","Basidiomycota","Agaricomycetes","Hymenochaetales","Hymenochaetaceae","Phellinus","gilvus",4.3739791869034e-05,18,1222.32567561317,0.0266272189349112,14
"ASV_1443","Fungi","Basidiomycota","Tremellomycetes","Tremellales","Bulleribasidiaceae","Vishniacozyma","victoriae",2.05063462683799e-05,45,3800.29842815396,0.0665680473372781,4
"ASV_1444","Fungi","Basidiomycota","Agaricomycetes","Agaricales","Strophariaceae","Stropharia","coronilla",3.68967105554715e-05,31,5614.19770258271,0.0458579881656805,12
"ASV_1448","Fungi","Basidiomycota","Agaricomycetes","Agaricales","Strophariaceae","Psilocybe","coprophila",1.33687239917551e-05,15,1454.21526898196,0.022189349112426,14
"ASV_1454","Fungi","Basidiomycota","Agaricomycetes","Agaricales","Marasmiaceae","Crinipellis",NA,5.9124637552827e-05,1,0,0.0014792899408284,1
"ASV_1458","Fungi","Ascomycota",NA,NA,NA,NA,NA,2.34056182502544e-05,8,952.205912961997,0.0118343195266272,4
"ASV_1459","Fungi","Ascomycota","Dothideomycetes","Pleosporales","Pleosporaceae","Alternaria","terricola",5.13375133477535e-05,14,633.125577279138,0.0207100591715976,6
"ASV_1460","Fungi","Ascomycota","Dothideomycetes","Dothideales","Aureobasidiaceae","Aureobasidium",NA,5.13375133477535e-05,14,633.125577279138,0.0207100591715976,6
"ASV_1468","Fungi","Ascomycota","Leotiomycetes","Rhytismatales","Rhytismataceae","Lophodermium","baculiferum",4.53883467940802e-05,1,0,0.0014792899408284,20
"ASV_1470","Fungi","Ascomycota","Dothideomycetes","Pleosporales","Pleosporaceae","Comoclathris",NA,1.96147659958417e-05,45,3800.29842815396,0.0665680473372781,4
"ASV_1471","Fungi","Basidiomycota","Agaricomycetes","Agaricales","Psathyrellaceae","Coprinopsis",NA,2.3230099217275e-05,5,312.5,0.00739644970414201,4
"ASV_1474","Fungi","Basidiomycota","Agaricomycetes","Agaricales","Strophariaceae","Psilocybe","coprophila",1.73291714715871e-05,17,1639.21352741081,0.0251479289940828,14
"ASV_1482","Fungi","Ascomycota","Leotiomycetes","Erysiphales","Erysiphaceae","Golovinomyces",NA,2.9557139042563e-05,25,1807.58940157724,0.0369822485207101,6
"ASV_1483","Fungi","Ascomycota","Sordariomycetes","Xylariales","Hyponectriaceae","Monographella","nivalis",4.0554657945793e-06,14,731.598922901372,0.0207100591715976,7
"ASV_1486","Fungi","Basidiomycota","Tremellomycetes","Cystofilobasidiales","Cystofilobasidiales_fam_Incertae_sedis","Mrakiella","aquatica",3.1587164172106e-05,35,3563.48613812947,0.0517751479289941,4
"ASV_1487","Fungi","Basidiomycota","Tremellomycetes","Filobasidiales","Piskurozymaceae","Solicoccozyma","terrea",1.33417363365728e-05,35,3563.48613812947,0.0517751479289941,4
"ASV_1488","Fungi","Basidiomycota","Agaricomycetes","Agaricales","Strophariaceae","Deconica","xeroderma",3.63839921945676e-05,21,1270.1070761143,0.0310650887573964,3
"ASV_1489","Fungi","Ascomycota","Dothideomycetes","Dothideomycetes_ord_Incertae_sedis","Dothideomycetes_fam_Incertae_sedis","Radulidium","subulatum",2.6978240822493e-05,25,603.72082213702,0.0369822485207101,12
"ASV_15","Fungi","Basidiomycota","Microbotryomycetes","Sporidiobolales","Sporidiobolaceae","Sporobolomyces","roseus",0.00650108998774957,5,270.752234040238,0.00739644970414201,2
"ASV_150","Fungi","Ascomycota","Dothideomycetes","Pleosporales","Didymellaceae","Neoascochyta","argentina",0.000685450939213627,15,1454.21526898196,0.022189349112426,14
"ASV_1502","Fungi","Ascomycota","Dothideomycetes","Pleosporales",NA,"Pseudolophiotrema","elymicola",1.30371514292152e-05,18,1139.61193030436,0.0266272189349112,13
"ASV_1503","Fungi","Basidiomycota","Tremellomycetes","Filobasidiales","Filobasidiaceae","Filobasidium","stepposum",4.57593781217596e-05,2,62.5301237975312,0.0029585798816568,6
"ASV_1504","Fungi","Basidiomycota","Agaricomycetes","Agaricales","Psathyrellaceae","Coprinopsis","igarashii",3.47864748609932e-05,6,2352.90611491434,0.00887573964497041,6
"ASV_1505","Fungi","Basidiomycota","Agaricomycetes","Agaricales","Lycoperdaceae","Lycoperdon","utriforme",4.24637535757054e-05,3,670.157043596985,0.00443786982248521,14
"ASV_1512","Fungi","Ascomycota","Leotiomycetes","Erysiphales","Erysiphaceae","Blumeria","graminis",3.24382147779585e-05,14,1346.44473194912,0.0207100591715976,6
"ASV_1515","Fungi","Ascomycota","Dothideomycetes","Pleosporales","Massarinaceae","Stagonospora","perfecta",3.39084201388889e-06,15,316.448570797963,0.022189349112426,6
"ASV_1518","Fungi","Ascomycota","Dothideomycetes","Pleosporales",NA,NA,NA,3.39177823226372e-05,1,0,0.0014792899408284,1
"ASV_1520","Fungi","Basidiomycota","Tremellomycetes","Tremellales","Bulleribasidiaceae","Dioszegia","butyracea",3.54938049561255e-05,1,0,0.0014792899408284,5
"ASV_1523","Fungi","Basidiomycota","Agaricomycetes",NA,NA,NA,NA,2.17480760610763e-05,2,0,0.0029585798816568,3
"ASV_1524","Fungi","Ascomycota","Dothideomycetes","Pleosporales","Lentitheciaceae","Keissleriella","poagena",5.23868069058664e-05,2,375.258694077798,0.0029585798816568,2
"ASV_1525","Fungi","Basidiomycota","Ustilaginomycetes","Ustilaginales","Ustilaginaceae",NA,NA,1.4830837189351e-05,14,633.125577279138,0.0207100591715976,6
"ASV_153","Fungi","Basidiomycota","Tremellomycetes","Filobasidiales","Filobasidiaceae","Filobasidium","magnum",4.78250632762376e-05,25,603.72082213702,0.0369822485207101,12
"ASV_1530","Fungi","Ascomycota","Lecanoromycetes","Ostropales","Stictidaceae","Neofitzroyomyces","nerii",2.9161163946778e-05,15,678.36558118058,0.022189349112426,5
"ASV_155","Fungi","Ascomycota","Dothideomycetes","Pleosporales","Didymellaceae","Neoascochyta","desmazieri",0.000510909110456678,2,1250,0.0029585798816568,2
"ASV_156","Fungi","Ascomycota","Dothideomycetes","Pleosporales","Pleosporales_fam_Incertae_sedis","Massariosphaeria","roumeguerei",0.00112080843746409,1,0,0.0014792899408284,2
"ASV_158","Fungi","Ascomycota","Dothideomycetes","Pleosporales","Pleosporales_fam_Incertae_sedis","Pseudorobillarda","phragmitis",0.000410802064172112,2,0,0.0029585798816568,2
"ASV_16","Fungi","Ascomycota","Sordariomycetes","Hypocreales","Nectriaceae","Fusarium","petersiae",0.0165319915326796,9,2477.90803566374,0.0133136094674556,2
"ASV_165","Fungi","Ascomycota","Dothideomycetes","Pleosporales","Torulaceae","Torula",NA,9.51472923018675e-06,14,1640.98902667935,0.0207100591715976,14
"ASV_166","Fungi","Ascomycota","Dothideomycetes","Pleosporales","Phaeosphaeriaceae","Poaceicola","agrostina",0.000855170997043904,1,0,0.0014792899408284,21
"ASV_17","Fungi","Ascomycota","Dothideomycetes","Pleosporales","Didymosphaeriaceae","Pseudopithomyces","rosae",5.67145004878774e-05,24,1213.98875260161,0.0355029585798817,4
"ASV_171","Fungi","Basidiomycota","Agaricomycetes","Corticiales","Corticiaceae","Limonomyces","culmigenus",0.00083833844437059,2,2,0.0029585798816568,18
"ASV_172","Fungi","Ascomycota","Sordariomycetes","Hypocreales","Nectriaceae","Fusarium","sporotrichioides",0.000251240199760213,1,0,0.0014792899408284,6
"ASV_175","Fungi","Ascomycota","Dothideomycetes","Pleosporales","Didymellaceae",NA,NA,0.000167973430899815,8,1835.5641296912,0.0118343195266272,1
"ASV_179","Fungi","Basidiomycota","Tremellomycetes","Filobasidiales","Filobasidiaceae","Naganishia","adeliensis",0.000563802969232551,26,4680.1320062186,0.0384615384615385,3
"ASV_18","Fungi","Basidiomycota","Ustilaginomycetes","Ustilaginales","Ustilaginaceae","Ustilago","hordei",0.019884128357772,2,0,0.0029585798816568,2
"ASV_180","Fungi","Ascomycota","Dothideomycetes","Pleosporales","Pleosporaceae","Curvularia","inaequalis",0.000257950728460028,1,0,0.0014792899408284,4
"ASV_182","Fungi","Ascomycota","Dothideomycetes","Capnodiales","Mycosphaerellaceae","Pseudocercospora",NA,2.50028163895601e-05,3,16.6471361122219,0.00443786982248521,13
"ASV_185","Fungi","Ascomycota","Dothideomycetes","Capnodiales","Cladosporiaceae","Cladosporium",NA,0.000340530304830572,1,0,0.0014792899408284,22
"ASV_186","Fungi","Ascomycota","Dothideomycetes","Pleosporales","Phaeosphaeriaceae","Paraphoma","radicina",2.33778434990852e-05,27,1238.9470083619,0.0399408284023669,4
"ASV_19","Fungi","Ascomycota","Dothideomycetes","Pleosporales","Phaeosphaeriaceae","Leptospora",NA,5.83219605510259e-06,17,244.151043736628,0.0251479289940828,7
"ASV_191","Fungi","Ascomycota","Dothideomycetes","Pleosporales","Phaeosphaeriaceae",NA,NA,0.00068991680319421,5,535.683403501644,0.00739644970414201,2
"ASV_192","Fungi","Basidiomycota","Tremellomycetes","Cystofilobasidiales","Cystofilobasidiaceae","Cystofilobasidium","macerans",6.10688204504415e-05,3,265.980996716191,0.00443786982248521,6
"ASV_193","Fungi","Ascomycota","Sordariomycetes","Hypocreales","Nectriaceae","Fusarium",NA,3.64366990432764e-05,11,580.952204627412,0.0162721893491124,13
"ASV_197","Fungi","Ascomycota","Dothideomycetes","Pleosporales","Phaeosphaeriaceae","Septoriella",NA,0.000591741274118738,8,220.490266205773,0.0118343195266272,2
"ASV_198","Fungi","Basidiomycota","Tremellomycetes","Filobasidiales","Filobasidiaceae","Filobasidium","floriforme",0.000100198226040378,27,1238.9470083619,0.0399408284023669,4
"ASV_199","Fungi","Ascomycota","Dothideomycetes","Pleosporales","Phaeosphaeriaceae","Piniphoma","wesendahlina",0.000923534951215201,2,0,0.0029585798816568,2
"ASV_20","Fungi","Ascomycota","Dothideomycetes","Pleosporales","Didymellaceae",NA,NA,0.00400789008905275,1,0,0.0014792899408284,23
"ASV_206","Fungi","Ascomycota","Sordariomycetes","Hypocreales","Stachybotryaceae","Myrothecium",NA,0.000939008611475648,1,0,0.0014792899408284,24
"ASV_207","Fungi","Ascomycota","Dothideomycetes","Pleosporales","Pleosporales_fam_Incertae_sedis","Thyrostroma",NA,0.000836951094602452,7,2539.74879158852,0.0103550295857988,3
"ASV_21","Fungi","Ascomycota","Dothideomycetes","Pleosporales","Phaeosphaeriaceae","Leptospora","rubella",6.63366369079184e-06,20,2357.22560538301,0.029585798816568,1
"ASV_213","Fungi","Ascomycota","Dothideomycetes","Pleosporales","Sporormiaceae","Sporormiella","similis",0.001003106456332,1,0,0.0014792899408284,25
"ASV_216","Fungi","Ascomycota","Dothideomycetes","Pleosporales","Phaeosphaeriaceae",NA,NA,0.000583703006137616,12,1714.73029395537,0.0177514792899408,2
"ASV_22","Fungi","Ascomycota","Dothideomycetes","Pleosporales","Phaeosphaeriaceae","Leptospora",NA,5.14261450273369e-05,3,11.5154554541699,0.00443786982248521,3
"ASV_224","Fungi","Basidiomycota","Microbotryomycetes","Sporidiobolales","Sporidiobolaceae","Rhodotorula","babjevae",0.000246680558541828,1,0,0.0014792899408284,3
"ASV_226","Fungi","Ascomycota","Dothideomycetes","Pleosporales","Pleosporaceae","Neocamarosporium","lamiacearum",0.000394962904358823,1,0,0.0014792899408284,2
"ASV_228","Fungi","Basidiomycota","Agaricomycetes","Corticiales","Corticiaceae","Limonomyces","culmigenus",0.000850309685338438,1,0,0.0014792899408284,18
"ASV_23","Fungi","Basidiomycota","Tremellomycetes","Tremellales","Bulleribasidiaceae","Dioszegia","hungarica",0.00545573806379737,6,2599.89429753134,0.00887573964497041,2
"ASV_232","Fungi","Ascomycota","Dothideomycetes","Pleosporales","Pleosporaceae","Comoclathris",NA,0.000320969458821027,1,0,0.0014792899408284,25
"ASV_233","Fungi","Ascomycota","Dothideomycetes","Pleosporales","Phaeosphaeriaceae","Chaetosphaeronema",NA,0.000358003987449647,2,626,0.0029585798816568,6
"ASV_236","Fungi","Ascomycota","Dothideomycetes","Pleosporales","Phaeosphaeriaceae",NA,NA,0.000476608008109545,16,2473.75250599725,0.0236686390532544,2
"ASV_239","Fungi","Ascomycota","Dothideomycetes","Pleosporales","Pleosporaceae",NA,NA,0.000424719486145099,1,0,0.0014792899408284,14
"ASV_24","Fungi","Ascomycota","Dothideomycetes","Pleosporales","Didymellaceae","Ascochyta",NA,0.0103576166225447,12,2088.67169289758,0.0177514792899408,2
"ASV_241","Fungi","Basidiomycota","Agaricomycetes","Corticiales","Corticiaceae","Limonomyces",NA,0.000899004003634803,2,2,0.0029585798816568,23
"ASV_244","Fungi","Ascomycota","Dothideomycetes","Capnodiales","Mycosphaerellaceae",NA,NA,1.9648290447427e-05,11,1291.48072179283,0.0162721893491124,7
"ASV_245","Fungi","Ascomycota","Dothideomycetes","Pleosporales","Phaeosphaeriaceae","Septoriella","hirta",0.000459212997858586,8,1130.26630898466,0.0118343195266272,2
"ASV_247","Fungi","Ascomycota","Dothideomycetes","Capnodiales","Cladosporiaceae",NA,NA,0.000247765293333451,1,0,0.0014792899408284,26
"ASV_25","Fungi","Basidiomycota","Tremellomycetes","Tremellales","Bulleribasidiaceae","Vishniacozyma","victoriae",0.00559128429506344,3,651.939996787662,0.00443786982248521,2
"ASV_250","Fungi","Basidiomycota","Agaricomycetes","Cantharellales","Ceratobasidiaceae","Ceratobasidium",NA,0.000634348228582251,1,0,0.0014792899408284,2
"ASV_251","Fungi","Ascomycota",NA,NA,NA,NA,NA,4.47614034840354e-05,3,305.490991558873,0.00443786982248521,1
"ASV_253","Fungi","Ascomycota","Dothideomycetes","Pleosporales","Lentitheciaceae","Keissleriella","quadriseptata",0.000148165686587506,3,1250,0.00443786982248521,6
"ASV_254","Fungi","Ascomycota","Dothideomycetes","Pleosporales","Periconiaceae","Periconia","homothallica",4.34409924073004e-05,10,2499.27371773377,0.014792899408284,1
"ASV_259","Fungi","Basidiomycota","Agaricomycetes","Corticiales","Corticiaceae",NA,NA,5.64090489924853e-05,25,603.72082213702,0.0369822485207101,12
"ASV_26","Fungi","Ascomycota","Dothideomycetes","Pleosporales","Phaeosphaeriaceae","Neosetophoma","rosarum",6.73437592009598e-05,1,0,0.0014792899408284,1
"ASV_260","Fungi","Basidiomycota","Agaricomycetes","Polyporales","Fomitopsidaceae","Fomitopsis","pinicola",0.000685882707152037,3,427.882528991194,0.00443786982248521,2
"ASV_264","Fungi","Ascomycota","Sordariomycetes","Hypocreales","Hypocreales_fam_Incertae_sedis","Acremonium","furcatum",1.59636840699848e-05,14,488.982069184724,0.0207100591715976,13
"ASV_268","Fungi","Ascomycota","Dothideomycetes","Capnodiales","Neodevriesiaceae","Neodevriesia","poagena",4.60468757194824e-06,20,911.960152208812,0.029585798816568,3
"ASV_269","Fungi","Basidiomycota","Agaricomycetes","Polyporales","Fomitopsidaceae","Fomitopsis",NA,1.74965881653078e-05,17,244.151043736628,0.0251479289940828,7
"ASV_27","Fungi","Ascomycota","Dothideomycetes","Pleosporales","Didymellaceae","Epicoccum","dendrobii",0.00634209948644591,1,0,0.0014792899408284,2
"ASV_274","Fungi","Ascomycota","Sordariomycetes","Hypocreales","Clavicipitaceae","Claviceps","spartinae",0.000291820906676187,1,0,0.0014792899408284,14
"ASV_278","Fungi","Ascomycota","Dothideomycetes","Pleosporales","Massarinaceae","Stagonospora","pseudovitensis",0.000546119071349878,1,0,0.0014792899408284,26
"ASV_279","Fungi","Basidiomycota","Tremellomycetes","Filobasidiales","Filobasidiaceae","Filobasidium","wieringae",0.000164999300859375,2,273.171785608882,0.0029585798816568,6
"ASV_281","Fungi","Basidiomycota","Agaricomycetes","Hymenochaetales","Hymenochaetaceae","Phellinus","gilvus",4.07412126374583e-05,1,0,0.0014792899408284,2
"ASV_284","Fungi","Basidiomycota","Agaricomycetes","Agaricales","Stephanosporaceae","Cristinia",NA,0.00048598864491696,4,1875,0.00591715976331361,1
"ASV_286","Fungi","Ascomycota","Dothideomycetes","Pleosporales","Pleosporaceae","Pyrenophora","tritici-repentis",0.000297342020891509,45,3800.29842815396,0.0665680473372781,4
"ASV_289","Fungi","Ascomycota","Eurotiomycetes","Eurotiales","Aspergillaceae","Penicillium","bialowiezense",2.21084292398746e-05,6,563.389927168524,0.00887573964497041,9
"ASV_290","Fungi","Basidiomycota","Ustilaginomycetes","Ustilaginales","Ustilaginaceae","Ustilago","hordei",0.000414429349149548,1,0,0.0014792899408284,17
"ASV_292","Fungi","Ascomycota","Dothideomycetes","Pleosporales","Phaeosphaeriaceae","Parastagonospora",NA,0.000340955251479979,1,0,0.0014792899408284,15
"ASV_294","Fungi","Ascomycota","Sordariomycetes","Hypocreales","Clavicipitaceae","Claviceps","spartinae",0.000375022662727547,1,0,0.0014792899408284,15
"ASV_297","Fungi","Basidiomycota","Agaricomycetes",NA,NA,NA,NA,5.8737601258517e-05,23,802.495471955196,0.0340236686390533,6
"ASV_3","Fungi","Ascomycota","Dothideomycetes","Capnodiales","Mycosphaerellaceae","Mycosphaerella","tassiana",0.1052464976822,2,0,0.0029585798816568,2
"ASV_30","Fungi","Basidiomycota","Exobasidiomycetes","Entylomatales","Entylomatales_fam_Incertae_sedis","Tilletiopsis","washingtonensis",0.00302369854768864,7,5989.93920720443,0.0103550295857988,2
"ASV_300","Fungi","Basidiomycota","Tremellomycetes","Tremellales","Bulleribasidiaceae","Hannaella","coprosmae",4.82485407742982e-05,3,247.506966983571,0.00443786982248521,14
"ASV_302","Fungi","Ascomycota",NA,NA,NA,NA,NA,0.000453765935348321,19,705.011126996814,0.0281065088757396,5
"ASV_306","Fungi","Ascomycota","Dothideomycetes","Pleosporales","Didymellaceae","Neoascochyta",NA,8.58398571624777e-06,25,603.72082213702,0.0369822485207101,12
"ASV_307","Fungi","Ascomycota","Dothideomycetes","Pleosporales","Didymellaceae","Ascochyta","pisi",0.000152388796562059,1,0,0.0014792899408284,8
"ASV_308","Fungi","Basidiomycota","Tremellomycetes","Tremellales","Bulleribasidiaceae","Vishniacozyma","carnescens",0.000263536700606719,1,0,0.0014792899408284,27
"ASV_31","Fungi","Ascomycota","Dothideomycetes","Pleosporales","Didymellaceae","Neoascochyta","triticicola",0.00569964045405722,5,1250,0.00739644970414201,2
"ASV_311","Fungi","Basidiomycota","Tremellomycetes","Tremellales","Bulleribasidiaceae","Vishniacozyma","victoriae",4.39792234366965e-05,4,970.25871154643,0.00591715976331361,4
"ASV_312","Fungi","Ascomycota","Dothideomycetes","Pleosporales","Pleosporaceae",NA,NA,9.28777175186869e-05,3,652.278400867982,0.00443786982248521,13
"ASV_314","Fungi","Ascomycota","Dothideomycetes","Pleosporales","Didymellaceae","Epicoccum","dendrobii",0.000245300466600312,22,1277.69179974997,0.0325443786982249,5
"ASV_315","Fungi","Ascomycota","Sordariomycetes","Diaporthales","Diaporthaceae","Diaporthe","novem",9.71849926957544e-05,8,706.338202568303,0.0118343195266272,2
"ASV_319","Fungi","Ascomycota","Leotiomycetes","Helotiales","Helotiaceae","Articulospora","proliferata",0.000168393705009492,6,1236.96825324326,0.00887573964497041,2
"ASV_32","Fungi","Ascomycota","Sordariomycetes","Hypocreales","Clavicipitaceae","Claviceps",NA,0.0132255732172113,2,626,0.0029585798816568,2
"ASV_320","Fungi","Ascomycota","Dothideomycetes","Botryosphaeriales","Botryosphaeriaceae","Tiarosporella","var._karoo",0.000521669991407503,6,1449.97129213614,0.00887573964497041,2
"ASV_323","Fungi","Ascomycota","Leotiomycetes","Rhytismatales","Rhytismataceae","Lophodermium","herbarum",0.00011330958386959,4,9,0.00591715976331361,26
"ASV_324","Fungi","Ascomycota","Dothideomycetes","Pleosporales","Phaeosphaeriaceae","Septoriella","hirta",0.000249427308585131,1,0,0.0014792899408284,1
"ASV_326","Fungi","Ascomycota","Dothideomycetes","Capnodiales","Neodevriesiaceae","Neodevriesia","capensis",0.000133715275686,1,0,0.0014792899408284,2
"ASV_33","Fungi","Ascomycota","Dothideomycetes","Pleosporales","Phaeosphaeriaceae",NA,NA,1.93759707596854e-05,13,1022.65290896154,0.0192307692307692,14
"ASV_330","Fungi","Chytridiomycota","GS13",NA,NA,NA,NA,0.000831197050519792,2,0,0.0029585798816568,15
"ASV_332","Fungi","Ascomycota","Taphrinomycetes","Taphrinales","Taphrinaceae","Taphrina","ulmi",1.16643921102052e-05,17,244.151043736628,0.0251479289940828,7
"ASV_333","Fungi","Ascomycota","Dothideomycetes","Capnodiales","Teratosphaeriaceae","Constantinomyces","minimus",0.000200850464817266,1,0,0.0014792899408284,28
"ASV_336","Fungi","Ascomycota","Dothideomycetes","Pleosporales","Pleosporaceae","Neocamarosporium","lamiacearum",7.80786408070208e-06,11,580.952204627412,0.0162721893491124,13
"ASV_337","Fungi","Ascomycota","Sordariomycetes","Glomerellales","Plectosphaerellaceae","Lectera","longa",0.000243960923063092,3,39.2420924364808,0.00443786982248521,2
"ASV_338","Fungi","Ascomycota","Dothideomycetes","Pleosporales","Pleosporaceae","Alternaria",NA,2.32281112039507e-05,19,3430.12050722548,0.0281065088757396,14
"ASV_339","Fungi","Ascomycota","Eurotiomycetes","Eurotiales","Aspergillaceae","Aspergillus",NA,8.50896909416319e-05,2,14.4160306581264,0.0029585798816568,2
"ASV_340","Fungi","Ascomycota","Dothideomycetes","Pleosporales","Lentitheciaceae",NA,NA,0.00020162435470832,4,115.319349833396,0.00591715976331361,2
"ASV_342","Fungi","Ascomycota","Dothideomycetes","Pleosporales","Phaeosphaeriaceae",NA,NA,8.50736981293509e-06,15,1454.21526898196,0.022189349112426,14
"ASV_343","Fungi","Basidiomycota","Agaricomycetes","Agaricales","Schizophyllaceae","Schizophyllum","commune",3.80147938862401e-05,25,603.72082213702,0.0369822485207101,12
"ASV_345","Fungi","Ascomycota","Dothideomycetes","Pleosporales","Pleosporaceae","Alternaria","catananches",8.33900207738804e-05,1,0,0.0014792899408284,6
"ASV_349","Fungi","Ascomycota","Dothideomycetes","Pleosporales","Phaeosphaeriaceae","Parastagonospora",NA,0.000194129988238694,10,1759.86247890999,0.014792899408284,1
"ASV_353","Fungi","Basidiomycota","Agaricomycetes","Russulales",NA,NA,NA,0.00034564147705103,1,0,0.0014792899408284,3
"ASV_354","Fungi","Ascomycota","Dothideomycetes","Pleosporales","Pleosporaceae","Alternaria",NA,0.000133946815667772,4,37.7950067011977,0.00591715976331361,5
"ASV_355","Fungi","Basidiomycota","Cystobasidiomycetes","Cystobasidiomycetes_ord_Incertae_sedis","Symmetrosporaceae","Symmetrospora","gracilis",0.000247820412014168,1,0,0.0014792899408284,1
"ASV_36","Fungi","Ascomycota","Dothideomycetes","Pleosporales","Phaeosphaeriaceae",NA,NA,1.52587890625e-05,15,316.448570797963,0.022189349112426,6
"ASV_369","Fungi","Ascomycota","Dothideomycetes","Pleosporales","Lentitheciaceae","Keissleriella","caraganae",9.8750107595039e-05,3,83.7081836178982,0.00443786982248521,6
"ASV_37","Fungi","Basidiomycota","Agaricomycetes",NA,NA,NA,NA,0.0088768748704731,6,1492.23831574544,0.00887573964497041,2
"ASV_372","Fungi","Ascomycota","Dothideomycetes","Pleosporales","Phaeosphaeriaceae","Parastagonospora","forlicesenica",3.02401746193862e-05,27,1238.9470083619,0.0399408284023669,4
"ASV_373","Fungi","Basidiomycota","Agaricostilbomycetes","Agaricostilbales","Kondoaceae","Kondoa","sorbi",0.000236166699000776,22,4189.38423051677,0.0325443786982249,3
"ASV_376","Fungi","Ascomycota","Leotiomycetes","Rhytismatales","Rhytismataceae","Lophodermium","herbarum",0.000486905266355231,1,0,0.0014792899408284,2
"ASV_378","Fungi","Basidiomycota","Tremellomycetes","Filobasidiales","Piskurozymaceae","Solicoccozyma",NA,0.000360116917180003,2,0,0.0029585798816568,4
"ASV_379","Fungi","Ascomycota","Dothideomycetes","Pleosporales","Phaeosphaeriaceae","Parastagonospora",NA,0.000319017084478352,2,0,0.0029585798816568,6
"ASV_38","Fungi","Ascomycota","Sordariomycetes","Hypocreales","Nectriaceae","Gibberella","intricans",0.00664550950597045,7,1351.37956560963,0.0103550295857988,2
"ASV_380","Fungi","Ascomycota","Dothideomycetes","Pleosporales","Phaeosphaeriaceae","Sclerostagonospora",NA,0.000103024525521958,8,500.871636086275,0.0118343195266272,2
"ASV_381","Fungi","Ascomycota","Dothideomycetes","Pleosporales","Phaeosphaeriaceae","Juncaceicola","dactylidis",0.000253796136902383,2,176.761337106536,0.0029585798816568,14
"ASV_385","Fungi","Ascomycota","Dothideomycetes","Capnodiales","Teratosphaeriaceae","Devriesia","pseudoamericana",0.000142642655266,1,0,0.0014792899408284,2
"ASV_387","Fungi","Ascomycota","Dothideomycetes","Pleosporales","Didymellaceae","Calophoma",NA,3.65679347677661e-05,15,1449.16920152948,0.022189349112426,7
"ASV_388","Fungi","Ascomycota","Dothideomycetes","Pleosporales","Phaeosphaeriaceae","Neosetophoma","samararum",9.87554293585468e-05,4,1093.52955111836,0.00591715976331361,4
"ASV_39","Fungi","Ascomycota","Dothideomycetes","Pleosporales","Pleosporaceae","Bipolaris","drechsleri",0.000254316121380197,2,1250,0.0029585798816568,1
"ASV_390","Fungi","Ascomycota","Eurotiomycetes","Eurotiales","Aspergillaceae","Penicillium",NA,4.60468757194824e-06,20,911.960152208812,0.029585798816568,3
"ASV_391","Fungi","Ascomycota","Dothideomycetes","Pleosporales","Pleosporaceae","Neocamarosporium","lamiacearum",0.000147387303197439,1,0,0.0014792899408284,5
"ASV_394","Fungi","Ascomycota","Sordariomycetes","Hypocreales","Stachybotryaceae","Myxospora",NA,0.000137634968900388,3,912.063778445721,0.00443786982248521,3
"ASV_397","Fungi","Ascomycota","Dothideomycetes","Pleosporales","Phaeosphaeriaceae",NA,NA,0.000260263840445955,1,0,0.0014792899408284,16
"ASV_398","Fungi","Ascomycota","Dothideomycetes","Capnodiales",NA,NA,NA,9.34432673987434e-05,2,0,0.0029585798816568,3
"ASV_4","Fungi","Ascomycota","Dothideomycetes","Pleosporales","Didymellaceae","Epicoccum","dendrobii",0.139030154687606,2,0,0.0029585798816568,2
"ASV_400","Fungi","Ascomycota","Dothideomycetes","Pleosporales","Pleosporaceae","Porocercospora","seminalis",0.00013681237252989,1,0,0.0014792899408284,21
"ASV_404","Fungi","Ascomycota","Dothideomycetes","Pleosporales","Pleosporaceae","Curvularia",NA,2.68892378514423e-05,16,392.018060055009,0.0236686390532544,14
"ASV_405","Fungi","Basidiomycota","Tremellomycetes","Tremellales","Bulleribasidiaceae","Vishniacozyma","victoriae",5.87042811393047e-05,27,1238.9470083619,0.0399408284023669,4
"ASV_409","Fungi","Ascomycota","Leotiomycetes","Thelebolales",NA,NA,NA,0.000179760954742418,2,626,0.0029585798816568,3
"ASV_41","Fungi","Ascomycota","Dothideomycetes","Pleosporales","Didymellaceae","Neoascochyta",NA,2.87792973246765e-05,20,911.960152208812,0.029585798816568,3
"ASV_411","Fungi","Basidiomycota","Agaricomycetes","Corticiales","Corticiaceae","Limonomyces",NA,0.000245092029298325,1,0,0.0014792899408284,12
"ASV_412","Fungi","Ascomycota","Dothideomycetes","Pleosporales","Sporormiaceae","Sporormiella","intermedia",0.000417875397154303,20,911.960152208812,0.029585798816568,3
"ASV_417","Fungi","Ascomycota","Dothideomycetes","Pleosporales","Phaeosphaeriaceae","Parastagonospora",NA,7.4800274117411e-05,1,0,0.0014792899408284,2
"ASV_418","Fungi","Ascomycota","Dothideomycetes","Pleosporales","Phaeosphaeriaceae","Phaeosphaeria","juncicola",0.000113175573297695,1,0,0.0014792899408284,6
"ASV_419","Fungi","Ascomycota","Dothideomycetes","Pleosporales","Leptosphaeriaceae","Alternariaster","centaureae-diffusae",1.22795444988574e-05,16,1192.76674888317,0.0236686390532544,15
"ASV_421","Fungi","Ascomycota","Dothideomycetes","Pleosporales","Phaeosphaeriaceae","Paraphoma","rhaphiolepidis",2.23744831419621e-05,8,1469.59906170211,0.0118343195266272,2
"ASV_423","Fungi","Ascomycota","Dothideomycetes","Pleosporales","Periconiaceae","Periconia","byssoides",2.68480141177017e-05,14,488.982069184724,0.0207100591715976,13
"ASV_424","Fungi","Ascomycota","Dothideomycetes","Pleosporales","Periconiaceae","Periconia",NA,8.05820325090943e-06,20,911.960152208812,0.029585798816568,3
"ASV_425","Fungi","Ascomycota","Dothideomycetes","Pleosporales",NA,NA,NA,0.000284671145833258,1,0,0.0014792899408284,6
"ASV_429","Fungi","Ascomycota","Dothideomycetes","Pleosporales","Phaeosphaeriaceae","Parastagonospora",NA,1.09884993913214e-05,29,3401.62715410822,0.0428994082840237,4
"ASV_43","Fungi","Basidiomycota","Ustilaginomycetes","Ustilaginales","Ustilaginaceae","Pseudozyma","prolifica",0.00199644609057418,2,0,0.0029585798816568,14
"ASV_430","Fungi","Basidiomycota","Agaricomycetes",NA,NA,NA,NA,3.22670854217308e-05,16,392.018060055009,0.0236686390532544,14
"ASV_432","Fungi","Ascomycota","Dothideomycetes","Pleosporales","Lophiostomataceae","Sigarispora","coronillae",0.000188489575591962,1,0,0.0014792899408284,2
"ASV_433","Fungi","Ascomycota","Saccharomycetes","Saccharomycetales","Phaffomycetaceae","Cyberlindnera","jadinii",3.70831850005933e-06,28,2658.0986103763,0.0414201183431953,1
"ASV_436","Fungi","Ascomycota","Dothideomycetes","Pleosporales","Didymellaceae","Neoascochyta",NA,0.000275771674031393,14,731.598922901372,0.0207100591715976,7
"ASV_438","Fungi","Ascomycota","Sordariomycetes","Hypocreales","Stachybotryaceae","Xepicula",NA,0.000133271877478108,3,14.7766822944451,0.00443786982248521,2
"ASV_439","Fungi","Ascomycota","Dothideomycetes","Pleosporales","Phaeosphaeriaceae","Parastagonospora",NA,0.000142483045134383,2,103.563906964516,0.0029585798816568,14
"ASV_44","Fungi","Ascomycota","Sordariomycetes","Chaetosphaeriales","Chaetosphaeriaceae","Dinemasporium","morbidum",0.00569727566438602,11,6599.76122761363,0.0162721893491124,2
"ASV_45","Fungi","Ascomycota","Dothideomycetes","Pleosporales","Massarinaceae","Pseudodidymosphaeria","phlei",0.0021347639570188,1,0,0.0014792899408284,26
"ASV_452","Fungi","Ascomycota","Dothideomycetes","Pleosporales","Phaeosphaeriaceae","Septoriella","leuchtmannii",0.00027719920179366,2,626,0.0029585798816568,3
"ASV_455","Fungi","Ascomycota","Dothideomycetes","Pleosporales","Pleosporaceae","Bipolaris",NA,7.26963906421203e-05,22,1278.03407027179,0.0325443786982249,12
"ASV_456","Fungi","Basidiomycota","Agaricomycetes","Cantharellales","Ceratobasidiaceae","Ceratobasidium",NA,0.000268905064244415,1,0,0.0014792899408284,5
"ASV_457","Fungi","Ascomycota","Dothideomycetes","Pleosporales","Didymellaceae","Epicoccum","dendrobii",0.000446318984177992,17,798.292923689624,0.0251479289940828,5
"ASV_458","Fungi","Ascomycota","Dothideomycetes","Pleosporales",NA,NA,NA,0.000218283994781968,3,40.735182953931,0.00443786982248521,6
"ASV_459","Fungi","Basidiomycota","Agaricomycetes","Agaricales","Omphalotaceae","Gymnopus","androsaceus",0.000281040003437422,2,626,0.0029585798816568,2
"ASV_460","Fungi","Basidiomycota","Agaricomycetes","Agaricales","Schizophyllaceae","Schizophyllum","commune",8.96307928381411e-06,16,392.018060055009,0.0236686390532544,14
"ASV_461","Fungi","Ascomycota","Dothideomycetes","Pleosporales","Pleosporaceae","Pyrenophora","tritici-repentis",0.000417029300841311,17,798.292923689624,0.0251479289940828,5
"ASV_462","Fungi","Ascomycota","Dothideomycetes","Pleosporales","Phaeosphaeriaceae","Phaeosphaeria",NA,0.000128910256970165,7,45.1363078012121,0.0103550295857988,2
"ASV_463","Fungi","Ascomycota","Lecanoromycetes","Ostropales","Stictidaceae","Neofitzroyomyces","nerii",0.000129274917036665,11,3276.85353375808,0.0162721893491124,1
"ASV_464","Fungi","Ascomycota","Dothideomycetes","Capnodiales","Cladosporiaceae","Davidiellomyces","australiensis",1.07262656993525e-05,19,2455.40732122259,0.0281065088757396,15
"ASV_466","Fungi","Ascomycota","Dothideomycetes","Pleosporales","Phaeosphaeriaceae",NA,NA,0.000162692674808795,13,5417.76176347042,0.0192307692307692,2
"ASV_468","Fungi","Ascomycota","Dothideomycetes","Pleosporales","Lophiostomataceae",NA,NA,6.36310990107421e-05,1,0,0.0014792899408284,3
"ASV_47","Fungi","Ascomycota","Dothideomycetes","Pleosporales","Phaeosphaeriaceae","Dematiopleospora",NA,0.0031243272302807,1,0,0.0014792899408284,11
"ASV_471","Fungi","Ascomycota","Dothideomycetes","Pleosporales","Sporormiaceae","Sporormiella","intermedia",0.000172154260018417,14,1046.64049857561,0.0207100591715976,15
"ASV_472","Fungi","Ascomycota","Eurotiomycetes","Eurotiales","Aspergillaceae","Aspergillus",NA,9.33420025631396e-05,2,47.1446674008045,0.0029585798816568,14
"ASV_474","Fungi","Basidiomycota","Tremellomycetes","Filobasidiales","Filobasidiaceae","Naganishia","liquefaciens",2.01401756223314e-05,6,347.775595840483,0.00887573964497041,3
"ASV_477","Fungi","Basidiomycota","Ustilaginomycetes","Ustilaginales","Ustilaginaceae","Ustilago","hordei",5.57303081371571e-05,18,2297.46995258283,0.0266272189349112,1
"ASV_481","Fungi","Ascomycota","Dothideomycetes",NA,NA,NA,NA,9.1091747608191e-06,11,580.952204627412,0.0162721893491124,13
"ASV_484","Fungi","Ascomycota","Dothideomycetes","Pleosporales","Didymellaceae","Neomicrosphaeropsis",NA,0.000250495758019328,5,960.53249542578,0.00739644970414201,2
"ASV_486","Fungi","Ascomycota","Leotiomycetes","Helotiales","Helotiaceae","Articulospora",NA,0.000186615130232704,1,0,0.0014792899408284,2
"ASV_487","Fungi","Ascomycota","Dothideomycetes","Pleosporales","Pleosporaceae","Alternaria","nepalensis",0.000165891986755549,2,707.921117703556,0.0029585798816568,13
"ASV_49","Fungi","Ascomycota","Dothideomycetes","Capnodiales","Teratosphaeriaceae","Constantinomyces","minimus",0.00354475035356076,2,626,0.0029585798816568,2
"ASV_491","Fungi","Ascomycota","Eurotiomycetes","Chaetothyriales","Trichomeriaceae","Knufia","tsunedae",0.000209866008345258,2,0,0.0029585798816568,6
"ASV_492","Fungi","Basidiomycota","Microbotryomycetes","Sporidiobolales","Sporidiobolaceae","Sporobolomyces","roseus",0.00018544211616148,4,472.654139934947,0.00591715976331361,6
"ASV_493","Fungi","Basidiomycota","Ustilaginomycetes","Ustilaginales",NA,NA,NA,8.63305897219178e-05,2,0,0.0029585798816568,6
"ASV_495","Fungi","Basidiomycota","Agaricomycetes","Russulales",NA,NA,NA,0.000106559944701899,13,453.764922205266,0.0192307692307692,7
"ASV_496","Fungi","Basidiomycota","Tremellomycetes","Filobasidiales","Filobasidiaceae","Filobasidium","wieringae",0.000140738290040659,2,0,0.0029585798816568,12
"ASV_500","Fungi","Basidiomycota","Agaricomycetes","Corticiales",NA,NA,NA,0.00020212538763452,2,8.15716132989388,0.0029585798816568,2
"ASV_506","Fungi","Ascomycota","Dothideomycetes","Pleosporales","Sporormiaceae","Preussia",NA,3.19226093796288e-05,23,802.495471955196,0.0340236686390533,6
"ASV_507","Fungi","Ascomycota","Dothideomycetes","Capnodiales","Cladosporiaceae","Rachicladosporium",NA,5.61761872327012e-05,3,9,0.00443786982248521,17
"ASV_509","Fungi","Ascomycota","Dothideomycetes","Pleosporales","Phaeosphaeriaceae","Phaeosphaeria","typharum",9.22494531609685e-05,1,0,0.0014792899408284,5
"ASV_51","Fungi","Basidiomycota","Tremellomycetes","Tremellales","Tremellaceae","Bulleromyces","albus",8.39894330121207e-05,2,9,0.0029585798816568,17
"ASV_510","Fungi","Ascomycota","Dothideomycetes","Capnodiales","Dissoconiaceae","Dissoconium","proteae",0.000156429492713054,1,0,0.0014792899408284,6
"ASV_515","Fungi","Ascomycota","Dothideomycetes","Pleosporales","Pleosporaceae","Comoclathris",NA,0.000215250166835292,4,272.672678135101,0.00591715976331361,15
"ASV_518","Fungi","Ascomycota","Dothideomycetes","Pleosporales","Pleosporaceae",NA,NA,0.000287272395359939,2,24.4869911002628,0.0029585798816568,4
"ASV_52","Fungi","Ascomycota","Dothideomycetes","Pleosporales","Phaeosphaeriaceae","Paraophiobolus","arundinis",4.51630200996354e-05,1,0,0.0014792899408284,12
"ASV_520","Fungi","Ascomycota","Dothideomycetes",NA,NA,NA,NA,6.85134409689948e-05,8,1141.41298122183,0.0118343195266272,7
"ASV_521","Fungi","Basidiomycota","Tremellomycetes","Tremellales","Bulleribasidiaceae","Vishniacozyma","victoriae",6.09982628314933e-05,6,722.176693673168,0.00887573964497041,6
"ASV_524","Fungi","Ascomycota","Dothideomycetes","Pleosporales","Pleosporaceae","Comoclathris","rosae",0.000161060378651389,16,830.409362570068,0.0236686390532544,3
"ASV_527","Fungi","Ascomycota","Leotiomycetes","Helotiales","Sclerotiniaceae","Botrytis",NA,0.000255191618284069,2,0,0.0029585798816568,15
"ASV_528","Fungi","Basidiomycota","Tremellomycetes","Tremellales","Bulleribasidiaceae","Vishniacozyma","dimennae",0.000144888683312176,1,0,0.0014792899408284,2
"ASV_529","Fungi","Ascomycota","Dothideomycetes","Pleosporales","Lophiostomataceae","Trichometasphaeria",NA,0.000214219291003966,25,5215.78238137197,0.0369822485207101,4
"ASV_53","Fungi","Ascomycota","Leotiomycetes","Helotiales","Helotiaceae","Articulospora","proliferata",0.00209408001528092,6,2574.31659450264,0.00887573964497041,2
"ASV_530","Fungi","Ascomycota","Dothideomycetes","Pleosporales","Lentitheciaceae","Keissleriella","poagena",8.94274088660606e-05,1,0,0.0014792899408284,19
"ASV_533","Fungi","Ascomycota","Sordariomycetes","Hypocreales","Stachybotryaceae","Paramyrothecium",NA,0.000147923471979248,14,3142.19355428154,0.0207100591715976,15
"ASV_534","Fungi","Basidiomycota","Cystobasidiomycetes","Cystobasidiomycetes_ord_Incertae_sedis","Symmetrosporaceae","Symmetrospora","symmetrica",1.39061662469533e-05,13,267.865777316525,0.0192307692307692,15
"ASV_535","Fungi","Ascomycota","Dothideomycetes","Capnodiales","Cladosporiaceae","Cladosporium","grevilleae",7.7217805365874e-05,1,0,0.0014792899408284,3
"ASV_54","Fungi","Ascomycota","Dothideomycetes","Pleosporales","Phaeosphaeriaceae","Neosetophoma","rosigena",0.000147715681168799,1,0,0.0014792899408284,15
"ASV_540","Fungi","Ascomycota","Dothideomycetes","Pleosporales","Phaeosphaeriaceae","Septoriella","hirta",8.74406843725028e-05,2,8.97083001622973,0.0029585798816568,14
"ASV_544","Fungi","Basidiomycota","Tremellomycetes","Tremellales","Rhynchogastremataceae","Papiliotrema","pseudoalba",4.37414704132694e-06,17,244.151043736628,0.0251479289940828,7
"ASV_546","Fungi","Ascomycota","Leotiomycetes","Helotiales","Sclerotiniaceae","Botrytis","cinerea",5.97196434194382e-05,13,1076.38064277004,0.0192307692307692,14
"ASV_547","Fungi","Ascomycota","Dothideomycetes","Pleosporales","Lentitheciaceae","Keissleriella","quadriseptata",6.8109401466425e-05,26,1121.13113550319,0.0384615384615385,5
"ASV_549","Fungi","Ascomycota","Dothideomycetes","Pleosporales","Phaeosphaeriaceae","Italica","achilleae",7.53286537503876e-05,3,30.266837712027,0.00443786982248521,9
"ASV_55","Fungi","Ascomycota","Dothideomycetes","Dothideales","Aureobasidiaceae","Aureobasidium","leucospermi",0.00243281599489557,1,0,0.0014792899408284,2
"ASV_551","Fungi","Ascomycota","Dothideomycetes","Pleosporales","Phaeosphaeriaceae","Vagicola","chlamydospora",0.000108289916421366,2,626,0.0029585798816568,15
"ASV_555","Fungi","Basidiomycota","Tremellomycetes","Filobasidiales","Filobasidiaceae","Filobasidium","magnum",0.000170329563372331,14,731.598922901372,0.0207100591715976,7
"ASV_557","Fungi","Ascomycota","Dothideomycetes","Pleosporales","Phaeosphaeriaceae","Dematiopleospora","salsolae",0.000172159524965042,4,404.989510115376,0.00591715976331361,1
"ASV_559","Fungi","Ascomycota","Dothideomycetes","Pleosporales","Pleosporaceae","Alternaria",NA,4.83492195054566e-05,20,911.960152208812,0.029585798816568,3
"ASV_56","Fungi","Ascomycota","Dothideomycetes","Pleosporales","Didymosphaeriaceae","Paraphaeosphaeria","michotii",0.00327843619759599,1,0,0.0014792899408284,28
"ASV_560","Fungi","Ascomycota","Dothideomycetes","Pleosporales","Pleosporaceae","Neocamarosporium","lamiacearum",0.000173687866637241,6,549.803114068785,0.00887573964497041,9
"ASV_562","Fungi","Basidiomycota","Agaricomycetes","Agaricales",NA,NA,NA,0.000171721583415624,1,0,0.0014792899408284,29
"ASV_563","Fungi","Basidiomycota","Tremellomycetes","Tremellales","Bulleribasidiaceae","Vishniacozyma","globispora",3.82625979355287e-05,22,3118.55800331666,0.0325443786982249,5
"ASV_565","Fungi","Ascomycota","Dothideomycetes","Capnodiales","Cladosporiaceae","Cladosporium",NA,0.000120222548889818,20,2357.22560538301,0.029585798816568,1
"ASV_566","Fungi","Ascomycota","Sordariomycetes","Hypocreales","Clavicipitaceae","Claviceps","spartinae",0.000183877631984648,1,0,0.0014792899408284,1
"ASV_567","Fungi","Basidiomycota","Tremellomycetes","Filobasidiales","Filobasidiaceae","Filobasidium","floriforme",5.68582768653234e-05,24,3638.71186174097,0.0355029585798817,6
"ASV_568","Fungi","Ascomycota","Dothideomycetes","Pleosporales",NA,NA,NA,1.96811303813227e-05,1,0,0.0014792899408284,7
"ASV_571","Fungi","Ascomycota","Dothideomycetes","Pleosporales",NA,NA,NA,3.91150631033665e-05,5,275.398632048742,0.00739644970414201,4
"ASV_574","Fungi","Ascomycota","Dothideomycetes","Pleosporales","Phaeosphaeriaceae",NA,NA,9.52418460142945e-05,15,1400.74151469726,0.022189349112426,2
"ASV_575","Fungi","Ascomycota","Dothideomycetes","Pleosporales","Sporormiaceae","Preussia","africana",0.000221295183021054,23,2401.06824102083,0.0340236686390533,6
"ASV_576","Fungi","Ascomycota","Dothideomycetes","Pleosporales","Phaeosphaeriaceae","Parastagonospora",NA,4.99567177280358e-05,4,955.550546053544,0.00591715976331361,6
"ASV_577","Fungi","Ascomycota","Sordariomycetes","Hypocreales","Clavicipitaceae","Claviceps","spartinae",0.000101399510586551,3,12.2873438296292,0.00443786982248521,6
"ASV_579","Fungi","Ascomycota","Sordariomycetes","Xylariales",NA,NA,NA,1.14850343993433e-05,20,1868.45335005939,0.029585798816568,5
"ASV_58","Fungi","Ascomycota","Dothideomycetes","Pleosporales","Phaeosphaeriaceae","Neosetophoma","rosarum",0.000180849044261639,1,0,0.0014792899408284,26
"ASV_581","Fungi","Basidiomycota","Agaricomycetes","Corticiales","Corticiaceae",NA,NA,3.76475097883525e-05,14,633.125577279138,0.0207100591715976,6
"ASV_587","Fungi","Basidiomycota","Agaricomycetes","Corticiales","Corticiaceae","Limonomyces",NA,0.000173636205161607,2,4,0.0029585798816568,26
"ASV_588","Fungi","Ascomycota","Dothideomycetes","Pleosporales","Phaeosphaeriaceae",NA,NA,8.97698676103917e-05,2,626,0.0029585798816568,6
"ASV_59","Fungi","Ascomycota","Dothideomycetes","Pleosporales","Pleosporaceae","Alternaria","dactylidicola",0.00181330798496449,1,0,0.0014792899408284,23
"ASV_592","Fungi","Basidiomycota","Ustilaginomycetes","Ustilaginales","Ustilaginaceae","Ustilago","hordei",2.01401756223314e-05,6,347.775595840483,0.00887573964497041,3
"ASV_593","Fungi","Ascomycota","Dothideomycetes","Pleosporales",NA,NA,NA,9.3879840688107e-06,14,1046.64049857561,0.0207100591715976,15
"ASV_596","Fungi","Ascomycota","Sordariomycetes","Chaetosphaeriales","Chaetosphaeriaceae","Dinemasporium","morbidum",0.000163168923739644,18,1017.89876213159,0.0266272189349112,5
"ASV_598","Fungi","Ascomycota","Eurotiomycetes","Chaetothyriales","Trichomeriaceae","Knufia",NA,7.94543562057047e-05,5,313.159300992726,0.00739644970414201,6
"ASV_599","Fungi","Ascomycota","Dothideomycetes","Pleosporales","Sporormiaceae","Sparticola","junci",0.000256633415902345,17,798.292923689624,0.0251479289940828,5
"ASV_6","Fungi","Ascomycota","Dothideomycetes","Capnodiales","Mycosphaerellaceae","Mycosphaerella","tassiana",0.0381316212260178,8,4529.87816295884,0.0118343195266272,2
"ASV_60","Fungi","Ascomycota","Dothideomycetes","Pleosporales","Phaeosphaeriaceae","Sclerostagonospora",NA,0.00467964855845013,12,715.086504324883,0.0177514792899408,2
"ASV_600","Fungi","Basidiomycota","Agaricomycetes","Polyporales","Polyporaceae","Trametes","versicolor",0.000126172385354494,2,2,0.0029585798816568,18
"ASV_602","Fungi","Ascomycota","Leotiomycetes","Helotiales","Helotiaceae","Crocicreas",NA,8.91100430018173e-05,12,1368.33791731692,0.0177514792899408,2
"ASV_604","Fungi","Ascomycota","Dothideomycetes","Pleosporales","Pleosporaceae","Comoclathris","rosae",9.08538032514537e-05,28,2658.0986103763,0.0414201183431953,1
"ASV_606","Fungi","Basidiomycota","Agaricomycetes","Agaricales","Psathyrellaceae","Coprinopsis","strossmayeri",6.82240022635327e-05,1,0,0.0014792899408284,14
"ASV_609","Fungi","Ascomycota","Dothideomycetes",NA,NA,NA,NA,0.000112852559444268,4,115.233929725111,0.00591715976331361,5
"ASV_610","Fungi","Ascomycota","Dothideomycetes","Pleosporales","Lophiostomataceae",NA,NA,6.5412269248351e-05,2,361.739292971353,0.0029585798816568,13
"ASV_615","Fungi","Ascomycota","Dothideomycetes","Pleosporales","Massarinaceae","Pseudodidymosphaeria","phlei",0.000112508493409258,21,722.817403550976,0.0310650887573964,6
"ASV_618","Fungi","Basidiomycota","Pucciniomycetes","Helicobasidiales","Helicobasidiaceae",NA,NA,2.09709042081175e-05,18,1139.61193030436,0.0266272189349112,13
"ASV_62","Fungi","Ascomycota","Taphrinomycetes","Taphrinales","Taphrinaceae","Taphrina",NA,3.20711474349261e-05,2,626,0.0029585798816568,12
"ASV_624","Fungi","Ascomycota","Dothideomycetes","Pleosporales","Phaeosphaeriaceae","Piniphoma","wesendahlina",0.000152897392127603,2,0,0.0029585798816568,2
"ASV_626","Fungi","Ascomycota","Sordariomycetes","Xylariales","Bartaliniaceae",NA,NA,3.56632109015303e-06,45,3800.29842815396,0.0665680473372781,4
"ASV_627","Fungi","Basidiomycota","Microbotryomycetes","Sporidiobolales","Sporidiobolaceae","Sporobolomyces","ruberrimus",2.42613996313604e-05,18,844.030186589019,0.0266272189349112,7
"ASV_628","Fungi","Ascomycota","Leotiomycetes","Helotiales","Helotiaceae","Tricladium","angustum",6.15143792181541e-05,1,0,0.0014792899408284,1
"ASV_633","Fungi","Basidiomycota","Agaricomycetes",NA,NA,NA,NA,0.000170083135861983,1,0,0.0014792899408284,2
"ASV_634","Fungi","Ascomycota","Dothideomycetes","Botryosphaeriales","Botryosphaeriaceae","Mucoharknessia","cortaderiae",0.000131232734192473,1,0,0.0014792899408284,3
"ASV_636","Fungi","Ascomycota","Eurotiomycetes","Verrucariales","Verrucariaceae",NA,NA,0.000124893931881265,3,111.993228183403,0.00443786982248521,4
"ASV_638","Fungi","Basidiomycota","Tremellomycetes","Cystofilobasidiales","Mrakiaceae","Itersonilia","perplexans",0.000114316491066638,2,29.235745427559,0.0029585798816568,14
"ASV_640","Fungi","Basidiomycota","Agaricomycetes",NA,NA,NA,NA,9.96042781214594e-05,1,0,0.0014792899408284,29
"ASV_641","Fungi","Ascomycota","Dothideomycetes","Pleosporales","Phaeosphaeriaceae",NA,NA,7.66643602027579e-05,9,1593.72472498676,0.0133136094674556,2
"ASV_645","Fungi","Basidiomycota","Tremellomycetes","Filobasidiales","Filobasidiaceae","Filobasidium","magnum",8.34574864803332e-05,35,3563.48613812947,0.0517751479289941,4
"ASV_646","Fungi","Basidiomycota","Agaricomycetes",NA,NA,NA,NA,0.00021357881797148,1,0,0.0014792899408284,7
"ASV_648","Fungi","Ascomycota","Dothideomycetes","Pleosporales","Pleosporaceae","Comoclathris","lini",3.70831850005933e-05,28,2658.0986103763,0.0414201183431953,1
"ASV_651","Fungi","Ascomycota","Dothideomycetes","Pleosporales",NA,NA,NA,0.000103239765126331,1,0,0.0014792899408284,14
"ASV_653","Fungi","Ascomycota","Dothideomycetes","Capnodiales","Cladosporiaceae","Cladosporium","grevilleae",1.80029749512098e-05,18,1222.32567561317,0.0266272189349112,14
"ASV_654","Fungi","Ascomycota","Dothideomycetes","Dothideales","Aureobasidiaceae","Aureobasidium","leucospermi",0.000226989945186132,17,700.353918466116,0.0251479289940828,7
"ASV_655","Fungi","Ascomycota","Dothideomycetes","Pleosporales",NA,NA,NA,5.48405594807608e-05,7,639.504024991449,0.0103550295857988,4
"ASV_667","Fungi","Basidiomycota","Agaricomycetes","Agaricales","Lycoperdaceae","Bovista",NA,0.000146278105694746,1,0,0.0014792899408284,1
"ASV_668","Fungi","Ascomycota","Dothideomycetes","Pleosporales","Pleosporaceae","Neocamarosporium","lamiacearum",9.46652041954497e-05,31,2862.73105301072,0.0458579881656805,4
"ASV_67","Fungi","Ascomycota","Dothideomycetes","Pleosporales","Phaeosphaeriaceae",NA,NA,1.53228525022218e-05,23,802.495471955196,0.0340236686390533,6
"ASV_671","Fungi","Entomophthoromycota","Entomophthoromycetes","Entomophthorales","Entomophthoraceae","Entomophthora","muscae",1.9718774424391e-05,16,392.018060055009,0.0236686390532544,14
"ASV_676","Fungi","Ascomycota","Dothideomycetes","Pleosporales","Dictyosporiaceae","Pseudocoleophoma","polygonicola",6.39030818948269e-05,13,6432.13727253184,0.0192307692307692,2
"ASV_677","Fungi","Ascomycota","Dothideomycetes","Pleosporales","Lentitheciaceae","Keissleriella","poagena",8.3507204281295e-05,32,18258.0894592181,0.0473372781065089,4
"ASV_678","Fungi","Ascomycota","Dothideomycetes","Capnodiales","Teratosphaeriaceae","Constantinomyces","minimus",1.7385815314496e-05,45,3800.29842815396,0.0665680473372781,4
"ASV_680","Fungi","Ascomycota","Dothideomycetes","Pleosporales","Pleosporaceae","Alternaria",NA,2.98598217097191e-05,13,1076.38064277004,0.0192307692307692,14
"ASV_682","Fungi","Ascomycota","Dothideomycetes","Pleosporales","Sporormiaceae","Sporormiella","vexans",9.1022179070967e-05,13,267.865777316525,0.0192307692307692,15
"ASV_685","Fungi","Ascomycota","Dothideomycetes","Capnodiales","Cladosporiaceae",NA,NA,8.73260495322652e-05,2,94.5095011420589,0.0029585798816568,14
"ASV_688","Fungi","Basidiomycota","Tremellomycetes","Tremellales","Bulleribasidiaceae","Vishniacozyma","victoriae",4.01102591215513e-05,6,815.760303847138,0.00887573964497041,1
"ASV_689","Fungi","Ascomycota","Leotiomycetes","Helotiales","Helotiaceae","Crocicreas","cyathoideum",8.42586344791279e-05,1,0,0.0014792899408284,6
"ASV_692","Fungi","Ascomycota","Eurotiomycetes",NA,NA,NA,NA,6.13688603244739e-05,17,798.292923689624,0.0251479289940828,5
"ASV_697","Fungi","Ascomycota","Dothideomycetes","Pleosporales","Phaeosphaeriaceae","Phaeosphaeria",NA,9.155591035354e-05,17,2196.91023514263,0.0251479289940828,3
"ASV_698","Fungi","Ascomycota","Dothideomycetes","Pleosporales","Pleosporaceae","Porocercospora","seminalis",2.87394683754598e-05,28,2658.0986103763,0.0414201183431953,1
"ASV_699","Fungi","Basidiomycota","Agaricomycetes","Agaricales","Bolbitiaceae","Panaeolus","papilionaceus",4.79834893837975e-05,15,1449.16920152948,0.022189349112426,7
"ASV_7","Fungi","Ascomycota","Dothideomycetes","Capnodiales","Cladosporiaceae","Cladosporium",NA,0.0398748783137589,1,0,0.0014792899408284,30
"ASV_700","Fungi","Ascomycota","Dothideomycetes","Pleosporales",NA,NA,NA,0.000115811154340643,13,2349.28235806952,0.0192307692307692,14
"ASV_703","Fungi","Ascomycota","Leotiomycetes","Helotiales","Helotiaceae","Articulospora","proliferata",5.16756508490423e-05,2,82.6305754495968,0.0029585798816568,13
"ASV_704","Fungi","Ascomycota","Dothideomycetes","Pleosporales","Sporormiaceae","Preussia","africana",0.000175008750437522,15,1454.21526898196,0.022189349112426,14
"ASV_707","Fungi","Ascomycota",NA,NA,NA,NA,NA,0.000182597325651477,23,802.495471955196,0.0340236686390533,6
"ASV_709","Fungi","Basidiomycota","Agaricomycetes","Agaricales","Psathyrellaceae","Coprinopsis","radiata",4.8839034506303e-05,6,530.458988804355,0.00887573964497041,14
"ASV_714","Fungi","Ascomycota","Arthoniomycetes","Lichenostigmatales","Phaeococcomycetaceae","Phaeococcomyces",NA,1.64345601100357e-05,13,267.865777316525,0.0192307692307692,15
"ASV_715","Fungi","Ascomycota","Leotiomycetes","Helotiales",NA,NA,NA,1.16979174456909e-05,31,8330.26610053541,0.0458579881656805,4
"ASV_716","Fungi","Basidiomycota","Agaricomycetes","Cantharellales","Cantharellales_fam_Incertae_sedis","Sistotrema",NA,0.000145641958167804,2,2,0.0029585798816568,23
"ASV_719","Fungi","Ascomycota","Dothideomycetes","Pleosporales","Pleosporaceae","Comoclathris",NA,9.28633756081862e-05,24,4283.04937244459,0.0355029585798817,1
"ASV_72","Fungi","Ascomycota","Dothideomycetes","Pleosporales","Phaeosphaeriaceae","Phaeosphaeria","podocarpi",1.14921393766664e-05,23,802.495471955196,0.0340236686390533,6
"ASV_721","Fungi","Basidiomycota","Agaricomycetes","Hymenochaetales","Hymenochaetales_fam_Incertae_sedis","Trichaptum","abietinum",0.000139783293846554,1,0,0.0014792899408284,24
"ASV_722","Fungi","Ascomycota","Dothideomycetes","Pleosporales","Didymellaceae","Neoascochyta",NA,7.80092050862002e-06,19,2455.40732122259,0.0281065088757396,15
"ASV_726","Fungi","Basidiomycota","Agaricomycetes","Cantharellales","Ceratobasidiaceae",NA,NA,0.000170239668452669,1,0,0.0014792899408284,2
"ASV_729","Fungi","Ascomycota","Dothideomycetes","Pleosporales",NA,NA,NA,6.88407393344482e-05,1,0,0.0014792899408284,22
"ASV_73","Fungi","Ascomycota","Dothideomycetes","Pleosporales","Didymellaceae","Ascochyta","var._macrospora",0.00220573871624319,10,2000.26869534594,0.014792899408284,2
"ASV_731","Fungi","Ascomycota","Dothideomycetes","Pleosporales","Pleosporaceae","Alternaria",NA,4.40151313598516e-05,23,6693.40038241283,0.0340236686390533,4
"ASV_735","Fungi","Basidiomycota","Agaricomycetes",NA,NA,NA,NA,0.000139798256186412,13,1076.38064277004,0.0192307692307692,14
"ASV_736","Fungi","Ascomycota","Dothideomycetes","Pleosporales","Leptosphaeriaceae","Ampelomyces","quisqualis",8.89411214874546e-05,13,2636.44835165833,0.0192307692307692,2
"ASV_738","Fungi","Basidiomycota","Agaricostilbomycetes","Agaricostilbales","Chionosphaeraceae",NA,NA,9.77871613431505e-05,2,8,0.0029585798816568,17
"ASV_74","Fungi","Ascomycota","Eurotiomycetes","Eurotiales","Aspergillaceae","Penicillium","oxalicum",2.33040061379167e-05,16,392.018060055009,0.0236686390532544,14
"ASV_743","Fungi","Chytridiomycota","Rhizophlyctidomycetes","Rhizophlyctidales","Rhizophlyctidaceae","Rhizophlyctis",NA,0.000198405647750021,26,1121.13113550319,0.0384615384615385,5
"ASV_745","Fungi","Basidiomycota","Ustilaginomycetes","Ustilaginales","Ustilaginaceae",NA,NA,2.06288285830376e-05,21,3114.17341631233,0.0310650887573964,5
"ASV_746","Fungi","Ascomycota","Leotiomycetes","Erysiphales","Erysiphaceae","Erysiphe",NA,8.85188515928417e-05,3,0,0.00443786982248521,1
"ASV_747","Fungi","Ascomycota","Orbiliomycetes","Orbiliales","Orbiliaceae","Orbilia",NA,3.75065721928464e-05,15,1400.74151469726,0.022189349112426,2
"ASV_748","Fungi","Ascomycota","Dothideomycetes","Pleosporales","Phaeosphaeriaceae","Parastagonospora",NA,7.56719358665391e-05,2,0,0.0029585798816568,1
"ASV_749","Fungi","Basidiomycota","Agaricomycetes","Russulales","Stereaceae","Stereum","hirsutum",9.85125374417523e-05,2,626,0.0029585798816568,3
"ASV_750","Fungi","Ascomycota","Dothideomycetes","Pleosporales","Pleosporaceae","Curvularia","inaequalis",3.52174207652612e-05,45,3800.29842815396,0.0665680473372781,4
"ASV_751","Fungi","Ascomycota","Sordariomycetes","Hypocreales","Nectriaceae","Fusarium","domesticum",2.96792610117839e-05,33,4426.85817755094,0.0488165680473373,4
"ASV_753","Fungi","Ascomycota","Dothideomycetes","Pleosporales","Pleosporaceae",NA,NA,4.50298290200298e-05,18,3273.64451773301,0.0266272189349112,1
"ASV_754","Fungi","Basidiomycota","Ustilaginomycetes","Ustilaginales",NA,NA,NA,6.19865418514361e-05,1,0,0.0014792899408284,14
"ASV_755","Fungi","Ascomycota","Dothideomycetes","Pleosporales",NA,NA,NA,8.88396800360899e-05,2,114.29300628602,0.0029585798816568,9
"ASV_756","Fungi","Ascomycota","Dothideomycetes","Pleosporales","Coniothyriaceae","Coniothyrium","crepinianum",8.66937757175621e-05,4,10.1998477658688,0.00591715976331361,2
"ASV_757","Fungi","Basidiomycota","Agaricomycetes",NA,NA,NA,NA,3.12889829336514e-05,17,2103.03176430111,0.0251479289940828,13
"ASV_758","Fungi","Ascomycota","Dothideomycetes","Pleosporales","Pleosporales_fam_Incertae_sedis","Thyrostroma","cornicola",9.50564824167276e-05,14,488.982069184724,0.0207100591715976,13
"ASV_761","Fungi","Basidiomycota","Tremellomycetes","Tremellales","Bulleribasidiaceae","Dioszegia",NA,0.000105835527804465,1,0,0.0014792899408284,30
"ASV_762","Fungi","Ascomycota","Dothideomycetes","Pleosporales","Lophiostomataceae","Sigarispora","coronillae",5.48152061440817e-05,2,0,0.0029585798816568,6
"ASV_764","Fungi","Ascomycota","Sordariomycetes","Glomerellales","Plectosphaerellaceae","Lectera","capsici",7.51974353782477e-05,5,5980.46734975969,0.00739644970414201,4
"ASV_77","Fungi","Ascomycota","Dothideomycetes","Capnodiales","Mycosphaerellaceae",NA,NA,0.000604987829591418,1,0,0.0014792899408284,27
"ASV_772","Fungi","Ascomycota","Dothideomycetes","Pleosporales","Pleosporaceae","Neocamarosporium","salsolae",4.43553877799194e-05,5,1287.32365838495,0.00739644970414201,8
"ASV_773","Fungi","Ascomycota","Dothideomycetes","Pleosporales","Pleosporaceae","Alternaria","terricola",0.000194832507405646,21,722.817403550976,0.0310650887573964,6
"ASV_774","Fungi","Ascomycota","Leotiomycetes","Helotiales",NA,NA,NA,8.81047775780034e-05,1,0,0.0014792899408284,13
"ASV_775","Fungi","Ascomycota","Dothideomycetes","Pleosporales","Pleosporaceae","Comoclathris",NA,0.000214828539971535,6,347.775595840483,0.00887573964497041,3
"ASV_779","Fungi","Basidiomycota","Tremellomycetes","Cystofilobasidiales","Mrakiaceae","Phaffia",NA,0.000110455835788183,16,870.931292833067,0.0236686390532544,14
"ASV_780","Fungi","Ascomycota","Arthoniomycetes","Lichenostigmatales","Phaeococcomycetaceae","Phaeococcomyces",NA,5.23007693040905e-05,3,907.860262705236,0.00443786982248521,13
"ASV_781","Fungi","Ascomycota","Eurotiomycetes","Chaetothyriales","Trichomeriaceae","Knufia","cryptophialidica",6.33271330830404e-05,2,179.468913483391,0.0029585798816568,6
"ASV_783","Fungi","Ascomycota","Dothideomycetes","Pleosporales","Pleosporaceae","Alternaria","rosae",5.98719019771651e-05,12,414.503220591516,0.0177514792899408,9
"ASV_787","Fungi","Ascomycota","Dothideomycetes","Capnodiales","Mycosphaerellaceae","Mycosphaerella","tassiana",5.42661104169755e-05,22,1277.69179974997,0.0325443786982249,5
"ASV_79","Fungi","Ascomycota","Dothideomycetes","Pleosporales","Didymellaceae",NA,NA,1.91689758595725e-05,45,3800.29842815396,0.0665680473372781,4
"ASV_791","Fungi","Basidiomycota","Agaricomycetes","Cantharellales","Ceratobasidiaceae","Ceratobasidium",NA,1.95135165684368e-05,27,5473.62873984462,0.0399408284023669,4
"ASV_795","Fungi","Ascomycota","Dothideomycetes","Botryosphaeriales","Planistromellaceae","Ramimonilia","apicalis",0.000140002293373015,20,4424.87434771816,0.029585798816568,3
"ASV_796","Fungi","Ascomycota","Dothideomycetes","Pleosporales","Lophiostomataceae",NA,NA,2.51146477010067e-05,6,1365.9331398889,0.00887573964497041,3
"ASV_8","Fungi","Ascomycota","Dothideomycetes","Pleosporales","Didymellaceae","Neoascochyta",NA,0.0335285933510456,15,1679.55291498321,0.022189349112426,2
"ASV_800","Fungi","Basidiomycota","Tremellomycetes","Tremellales","Bulleribasidiaceae","Dioszegia","fristingensis",1.59576482941853e-05,26,4378.87267132957,0.0384615384615385,4
"ASV_801","Fungi","Basidiomycota","Agaricomycetes","Polyporales","Irpicaceae","Ceriporia","alachuana",6.60309772267259e-06,28,6640.97165548646,0.0414201183431953,7
"ASV_802","Fungi","Ascomycota","Leotiomycetes","Helotiales","Helotiaceae","Crocicreas","cyathoideum",8.85203747537002e-05,1,0,0.0014792899408284,6
"ASV_803","Fungi","Basidiomycota","Tremellomycetes","Tremellales","Bulleribasidiaceae","Vishniacozyma","victoriae",1.09615468934976e-05,8,105.536650230951,0.0118343195266272,9
"ASV_806","Fungi","Basidiomycota","Ustilaginomycetes","Ustilaginales","Ustilaginaceae","Ustilago",NA,1.11579746044498e-05,17,798.292923689624,0.0251479289940828,5
"ASV_807","Fungi","Basidiomycota","Agaricomycetes","Corticiales","Corticiaceae","Marchandiobasidium",NA,0.000103706196940844,2,127.893856109701,0.0029585798816568,5
"ASV_808","Fungi","Ascomycota","Dothideomycetes","Pleosporales",NA,NA,NA,4.17185831256675e-05,28,2658.0986103763,0.0414201183431953,1
"ASV_81","Fungi","Ascomycota","Sordariomycetes","Hypocreales","Nectriaceae","Gibberella","intricans",0.00255604284791745,1,0,0.0014792899408284,2
"ASV_814","Fungi","Basidiomycota","Agaricomycetes","Hymenochaetales","Hymenochaetaceae","Phellinus","gilvus",8.3596034387271e-05,1,0,0.0014792899408284,1
"ASV_815","Fungi","Ascomycota","Dothideomycetes","Pleosporales","Phaeosphaeriaceae","Ophiobolopsis","italica",8.71494294526557e-05,1,0,0.0014792899408284,13
"ASV_820","Fungi","Basidiomycota","Agaricomycetes","Agaricales","Tricholomataceae","Arrhenia",NA,5.51369552392538e-05,3,635.774803585947,0.00443786982248521,14
"ASV_823","Fungi","Basidiomycota","Tremellomycetes","Cystofilobasidiales","Cystofilobasidiaceae","Cystofilobasidium","macerans",1.03644741361951e-05,26,1121.13113550319,0.0384615384615385,5
"ASV_825","Fungi","Basidiomycota","Tremellomycetes","Tremellales","Bulleribasidiaceae","Vishniacozyma","carnescens",1.45592003557739e-05,22,1277.69179974997,0.0325443786982249,5
"ASV_826","Fungi","Ascomycota","Dothideomycetes","Pleosporales",NA,NA,NA,4.69280942622203e-05,6,264.747541136381,0.00887573964497041,4
"ASV_830","Fungi","Ascomycota","Dothideomycetes",NA,NA,NA,NA,0.000122628367374968,25,603.72082213702,0.0369822485207101,12
"ASV_834","Fungi","Basidiomycota","Agaricomycetes",NA,NA,NA,NA,9.38013404826908e-05,13,453.764922205266,0.0192307692307692,7
"ASV_837","Fungi","Ascomycota","Dothideomycetes","Pleosporales","Phaeosphaeriaceae",NA,NA,5.57932939617494e-05,18,1725.6498926501,0.0266272189349112,1
"ASV_838","Fungi","Ascomycota","Dothideomycetes","Capnodiales",NA,NA,NA,5.74766403767579e-05,4,0,0.00591715976331361,3
"ASV_846","Fungi","Ascomycota","Dothideomycetes","Capnodiales",NA,NA,NA,3.2230951270118e-05,14,1770.08397606089,0.0207100591715976,9
"ASV_85","Fungi","Ascomycota","Dothideomycetes","Pleosporales","Phaeosphaeriaceae",NA,NA,0.00166991214697897,1,0,0.0014792899408284,2
"ASV_850","Fungi","Ascomycota","Saccharomycetes","Saccharomycetales","Saccharomycetales_fam_Incertae_sedis","Candida","parapsilosis",7.08517158799201e-05,1,0,0.0014792899408284,20
"ASV_853","Fungi","Basidiomycota","Agaricomycetes",NA,NA,NA,NA,5.85798759905574e-05,3,626,0.00443786982248521,8
"ASV_854","Fungi","Ascomycota","Dothideomycetes","Pleosporales","Leptosphaeriaceae","Leptosphaeria","maculans",8.16189877085202e-05,7,2110.90691118691,0.0103550295857988,4
"ASV_858","Fungi","Ascomycota","Leotiomycetes","Helotiales",NA,NA,NA,1.66541294634142e-05,1,0,0.0014792899408284,6
"ASV_859","Fungi","Basidiomycota","Ustilaginomycetes","Ustilaginales","Ustilaginaceae","Ustilago","nunavutica",6.36514597077604e-05,4,86.8744379512156,0.00591715976331361,1
"ASV_860","Fungi","Basidiomycota","Agaricomycetes","Agaricales","Psathyrellaceae","Coprinellus","congregatus",7.5145327289918e-05,2,626,0.0029585798816568,6
"ASV_862","Fungi","Basidiomycota","Agaricomycetes",NA,NA,NA,NA,0.000101435978327816,12,728.417916214534,0.0177514792899408,5
"ASV_864","Fungi","Basidiomycota","Agaricomycetes","Agaricales","Psathyrellaceae","Coprinopsis","nivea",2.45256734749936e-05,25,603.72082213702,0.0369822485207101,12
"ASV_866","Fungi","Basidiomycota","Tremellomycetes","Tremellales","Rhynchogastremataceae","Papiliotrema",NA,5.67054213724843e-05,5,915.066208087033,0.00739644970414201,14
"ASV_868","Fungi","Basidiomycota","Agaricomycetes","Corticiales","Corticiaceae",NA,NA,0.000113799448754254,1,0,0.0014792899408284,17
"ASV_869","Fungi","Basidiomycota","Agaricomycetes","Polyporales","Polyporaceae","Dichomitus","squalens",6.23119980733699e-05,2,626,0.0029585798816568,8
"ASV_872","Fungi","Ascomycota","Dothideomycetes","Pleosporales","Pleosporaceae","Alternaria","molesta",8.06722089648068e-05,15,2523.76887196944,0.022189349112426,1
"ASV_873","Fungi","Basidiomycota","Agaricomycetes","Agaricales","Omphalotaceae","Gymnopus","earleae",0.000113392796626915,2,3.06438809535474,0.0029585798816568,6
"ASV_874","Fungi","Basidiomycota","Agaricomycetes","Agaricales","Psathyrellaceae","Coprinellus","brevisetulosus",8.39751084742104e-05,3,636.833008629298,0.00443786982248521,14
"ASV_875","Fungi","Ascomycota","Dothideomycetes","Pleosporales","Phaeosphaeriaceae",NA,NA,6.29935161000185e-05,13,562.267892212138,0.0192307692307692,9
"ASV_876","Fungi","Basidiomycota","Agaricomycetes","Cantharellales","Ceratobasidiaceae","Ceratobasidium",NA,7.84157104865563e-05,2,212.544762986161,0.0029585798816568,14
"ASV_877","Fungi","Ascomycota","Dothideomycetes","Pleosporales","Sporormiaceae","Preussia","africana",0.000142021720969089,12,414.503220591516,0.0177514792899408,9
"ASV_88","Fungi","Basidiomycota","Ustilaginomycetes","Ustilaginales","Ustilaginaceae","Sporisorium","graminicola",4.12795169858138e-05,27,3451.84629104333,0.0399408284023669,1
"ASV_881","Fungi","Ascomycota","Dothideomycetes","Pleosporales","Phaeosphaeriaceae","Phaeosphaeria",NA,5.92579657861353e-05,2,71.0224901514424,0.0029585798816568,8
"ASV_882","Fungi","Ascomycota","Dothideomycetes","Pleosporales",NA,NA,NA,1.51703631784945e-05,13,267.865777316525,0.0192307692307692,15
"ASV_883","Fungi","Chytridiomycota","Spizellomycetes","Spizellomycetales","Powellomycetaceae","Powellomyces",NA,8.15452568400282e-05,17,1896.44077808411,0.0251479289940828,5
"ASV_885","Fungi","Basidiomycota",NA,NA,NA,NA,NA,1.90220941527033e-05,28,1909.25659650163,0.0414201183431953,12
"ASV_888","Fungi","Basidiomycota","Malasseziomycetes","Malasseziales","Malasseziaceae","Malassezia","globosa",0.000111242287112118,2,5,0.0029585798816568,17
"ASV_889","Fungi","Ascomycota","Dothideomycetes",NA,NA,NA,NA,8.66432812933734e-05,2,143.738445423444,0.0029585798816568,1
"ASV_89","Fungi","Ascomycota","Dothideomycetes","Pleosporales","Pleosporaceae","Curvularia","buchloes",2.43660636300635e-05,33,4426.85817755094,0.0488165680473373,4
"ASV_895","Fungi","Basidiomycota","Agaricomycetes","Cantharellales","Ceratobasidiaceae","Ceratorhiza",NA,1.20363336792665e-05,45,3800.29842815396,0.0665680473372781,4
"ASV_896","Fungi","Ascomycota","Sordariomycetes","Phomatosporales","Phomatosporaceae","Phomatospora","biseriata",2.26832662826735e-05,2,405.179760776036,0.0029585798816568,14
"ASV_9","Fungi","Basidiomycota","Ustilaginomycetes","Ustilaginales","Ustilaginaceae","Ustilago","hordei",0.110952255191207,3,1872,0.00443786982248521,2
"ASV_90","Fungi","Ascomycota","Dothideomycetes","Pleosporales","Didymosphaeriaceae","Paraphaeosphaeria",NA,0.00223764754853554,13,1422.92860077073,0.0192307692307692,2
"ASV_901","Fungi","Ascomycota","Sordariomycetes","Xylariales",NA,NA,NA,7.30769792899841e-06,8,105.536650230951,0.0118343195266272,9
"ASV_903","Fungi","Ascomycota","Dothideomycetes","Pleosporales","Phaeosphaeriaceae","Neostagonospora","caricis",4.75043202042148e-05,16,392.018060055009,0.0236686390532544,14
"ASV_905","Fungi","Ascomycota","Dothideomycetes","Pleosporales",NA,NA,NA,3.75891109504751e-05,9,821.035268011638,0.0133136094674556,6
"ASV_906","Fungi","Basidiomycota","Agaricomycetes","Agaricales","Psathyrellaceae","Coprinopsis","calospora",5.48436428140298e-05,3,773.525187049318,0.00443786982248521,14
"ASV_910","Fungi","Chytridiomycota","Spizellomycetes","Spizellomycetales","Powellomycetaceae",NA,NA,0.000117723232679969,25,603.72082213702,0.0369822485207101,12
"ASV_911","Fungi","Basidiomycota","Tremellomycetes","Cystofilobasidiales",NA,NA,NA,1.64423203402464e-05,8,105.536650230951,0.0118343195266272,9
"ASV_912","Fungi","Ascomycota","Dothideomycetes","Pleosporales","Phaeosphaeriaceae",NA,NA,3.55622265387408e-05,25,603.72082213702,0.0369822485207101,12
"ASV_913","Fungi","Ascomycota","Dothideomycetes","Pleosporales","Coniothyriaceae","Coniothyrium","crepinianum",5.57309206650524e-05,8,1020.61874032746,0.0118343195266272,2
"ASV_914","Fungi","Chytridiomycota","Spizellomycetes","Spizellomycetales","Powellomycetaceae","Powellomyces",NA,0.000120098708496415,13,267.865777316525,0.0192307692307692,15
"ASV_92","Fungi","Ascomycota","Dothideomycetes","Capnodiales","Cladosporiaceae","Cladosporium","grevilleae",3.84966182201533e-05,26,1121.13113550319,0.0384615384615385,5
"ASV_923","Fungi","Basidiomycota","Agaricomycetes","Auriculariales",NA,NA,NA,9.01084259972181e-05,1,0,0.0014792899408284,6
"ASV_924","Fungi","Basidiomycota","Agaricomycetes","Cantharellales","Ceratobasidiaceae",NA,NA,6.89867649871908e-05,1,0,0.0014792899408284,4
"ASV_927","Fungi","Basidiomycota","Agaricomycetes","Russulales","Peniophoraceae","Peniophora",NA,8.93833062629606e-06,23,802.495471955196,0.0340236686390533,6
"ASV_929","Fungi","Ascomycota","Dothideomycetes","Pleosporales","Pleosporaceae","Bipolaris","simmondsii",9.68269975592289e-05,8,105.536650230951,0.0118343195266272,9
"ASV_930","Fungi","Ascomycota","Dothideomycetes","Pleosporales","Pleosporaceae","Alternaria","obclavata",3.12409146214026e-05,4,1479.97725615372,0.00591715976331361,1
"ASV_934","Fungi","Ascomycota","Dothideomycetes","Pleosporales","Dictyosporiaceae","Dictyosporium","heptasporum",5.16161568991056e-05,23,11874.8758362886,0.0340236686390533,2
"ASV_939","Fungi","Basidiomycota","Agaricomycetes","Cantharellales","Ceratobasidiaceae","Waitea","circinata",6.91194869641288e-05,1,0,0.0014792899408284,8
"ASV_943","Fungi","Basidiomycota","Agaricomycetes","Cantharellales","Ceratobasidiaceae","Ceratobasidium",NA,7.929441598565e-05,2,1,0.0029585798816568,28
"ASV_944","Fungi","Ascomycota","Dothideomycetes","Pleosporales",NA,NA,NA,3.16610785163662e-05,3,626,0.00443786982248521,7
"ASV_946","Fungi","Basidiomycota","Agaricomycetes","Polyporales",NA,NA,NA,3.17369361232675e-05,3,45.3845214775652,0.00443786982248521,4
"ASV_95","Fungi","Basidiomycota","Agaricostilbomycetes","Agaricostilbales","Kondoaceae","Kondoa","sorbi",0.00353477080907252,2,138.771056341369,0.0029585798816568,2
"ASV_950","Fungi","Ascomycota","Sordariomycetes","Hypocreales","Hypocreales_fam_Incertae_sedis","Trichothecium","roseum",1.65362196591872e-05,22,2146.44004831567,0.0325443786982249,6
"ASV_952","Fungi","Basidiomycota","Tremellomycetes","Tremellales","Bulleribasidiaceae","Vishniacozyma","tephrensis",7.9818420349924e-06,14,488.982069184724,0.0207100591715976,13
"ASV_955","Fungi","Basidiomycota","Tremellomycetes","Tremellales","Bulleribasidiaceae","Dioszegia",NA,7.90272641624178e-05,1,0,0.0014792899408284,1
"ASV_956","Fungi","Basidiomycota","Agaricomycetes","Cantharellales","Ceratobasidiaceae","Ceratobasidium",NA,8.52980497336959e-05,3,1328.59018698002,0.00443786982248521,2
"ASV_96","Fungi","Ascomycota","Sordariomycetes","Xylariales","Apiosporaceae","Arthrinium","malaysianum",0.00229697740742572,1,0,0.0014792899408284,1
"ASV_961","Fungi","Ascomycota","Leotiomycetes","Helotiales",NA,NA,NA,2.9347883902832e-05,24,1213.98875260161,0.0355029585798817,4
"ASV_962","Fungi","Ascomycota","Dothideomycetes","Pleosporales","Phaeosphaeriaceae",NA,NA,6.96364252092594e-05,7,536.373871534234,0.0103550295857988,4
"ASV_964","Fungi","Ascomycota",NA,NA,NA,NA,NA,2.65451694147174e-05,14,1322.51087515919,0.0207100591715976,5
"ASV_965","Fungi","Basidiomycota","Cystobasidiomycetes","Cystobasidiomycetes_ord_Incertae_sedis","Symmetrosporaceae","Symmetrospora","symmetrica",1.31839538816629e-05,9,2804.82571677779,0.0133136094674556,4
"ASV_969","Fungi","Ascomycota","Dothideomycetes","Capnodiales","Mycosphaerellaceae",NA,NA,1.46153958579968e-05,8,105.536650230951,0.0118343195266272,9
"ASV_971","Fungi","Basidiomycota","Agaricomycetes","Cantharellales","Ceratobasidiaceae",NA,NA,8.90860878956099e-05,6,2269.69622853276,0.00887573964497041,1
"ASV_973","Fungi","Basidiomycota","Agaricomycetes","Agaricales","Omphalotaceae","Gymnopus","androsaceus",0.000104983496048665,2,259.84045697516,0.0029585798816568,14
"ASV_974","Fungi","Ascomycota","Dothideomycetes","Pleosporales","Pleosporaceae","Alternaria","hungarica",3.70159790578397e-05,26,1121.13113550319,0.0384615384615385,5
"ASV_975","Fungi","Basidiomycota","Tremellomycetes","Cystofilobasidiales","Mrakiaceae","Udeniomyces","pyricola",1.18451132985087e-05,26,1121.13113550319,0.0384615384615385,5
"ASV_979","Fungi","Basidiomycota","Agaricomycetes","Agaricales","Omphalotaceae","Gymnopus","earleae",7.73544446423136e-05,3,1307.07341601204,0.00443786982248521,14
"ASV_984","Fungi","Ascomycota","Dothideomycetes","Pleosporales","Phaeosphaeriaceae","Parastagonospora","forlicesenica",9.74658869395712e-06,12,414.503220591516,0.0177514792899408,9
"ASV_985","Fungi","Ascomycota","Arthoniomycetes","Lichenostigmatales","Phaeococcomycetaceae","Phaeococcomyces",NA,5.64022890560768e-05,2,626,0.0029585798816568,3
"ASV_990","Fungi","Basidiomycota","Agaricomycetes","Polyporales","Irpicaceae","Ceriporia","lacerata",5.92255664925435e-06,26,1121.13113550319,0.0384615384615385,5
"ASV_991","Fungi","Basidiomycota","Agaricomycetes","Cantharellales","Ceratobasidiaceae","Ceratobasidium",NA,3.90393204035104e-05,11,580.952204627412,0.0162721893491124,13
"ASV_993","Fungi","Basidiomycota","Agaricomycetes","Hymenochaetales","Hymenochaetales_fam_Incertae_sedis","Trichaptum","biforme",8.54012818263949e-05,2,626,0.0029585798816568,1
"ASV_994","Fungi","Basidiomycota","Agaricomycetes","Cantharellales","Ceratobasidiaceae","Ceratobasidium",NA,3.66185948342192e-05,22,1277.69179974997,0.0325443786982249,5
"ASV_995","Fungi","Basidiomycota","Agaricomycetes",NA,NA,NA,NA,2.54592422726067e-05,23,2882.53478427061,0.0340236686390533,4
"ASV_996","Fungi","Ascomycota","Dothideomycetes","Pleosporales","Phaeosphaeriaceae",NA,NA,1.88120835578653e-05,5,653.867818772639,0.00739644970414201,4
