"name","Kingdom","Phylum","Class","Order","Family","Genus","Species","mean_relative_abundance","degree","betweenness","normalized_degree","module"
"ASV_1019","Fungi","Ascomycota","Dothideomycetes","Pleosporales","Cucurbitariaceae","Pyrenochaetopsis","tabarestanensis",2.14351244523326e-05,65,1493.77629518621,0.099388379204893,8
"ASV_1092","Fungi","Ascomycota","Sordariomycetes","Diaporthales","Valsaceae","Cytospora","populina",4.28702489046651e-06,65,1493.77629518621,0.099388379204893,8
"ASV_127","Fungi","Basidiomycota","Pucciniomycetes","Platygloeales","Platygloeaceae","Insolibasidium","deformans",0.000130039755010818,65,1493.77629518621,0.099388379204893,8
"ASV_1306","Fungi","Basidiomycota","Agaricomycetes","Polyporales","Phanerochaetaceae","Phlebiopsis","flavidoalba",7.14504148411086e-06,65,1493.77629518621,0.099388379204893,8
"ASV_1332","Fungi","Ascomycota","Sordariomycetes","Hypocreales","Nectriaceae","Fusicolla","acetilerea",6.57343816538199e-05,65,1493.77629518621,0.099388379204893,8
"ASV_1380","Fungi","Basidiomycota","Agaricomycetes","Agaricales","Omphalotaceae","Gymnopus","foetidus",1.28610746713995e-05,65,1493.77629518621,0.099388379204893,8
"ASV_1487","Fungi","Basidiomycota","Tremellomycetes","Filobasidiales","Piskurozymaceae","Solicoccozyma","terrea",3.85832240141986e-05,65,1493.77629518621,0.099388379204893,8
"ASV_222","Fungi","Ascomycota","Sordariomycetes","Hypocreales","Nectriaceae",NA,NA,4.28702489046651e-05,65,1493.77629518621,0.099388379204893,8
"ASV_257","Fungi","Ascomycota","Dothideomycetes","Pleosporales","Phaeosphaeriaceae","Neosetophoma",NA,0.000105746613964841,65,1493.77629518621,0.099388379204893,8
"ASV_274","Fungi","Ascomycota","Sordariomycetes","Hypocreales","Clavicipitaceae","Claviceps","spartinae",6.7163389950642e-05,65,1493.77629518621,0.099388379204893,8
"ASV_283","Fungi","Ascomycota","Leotiomycetes",NA,NA,NA,NA,1.42900829682217e-05,65,1493.77629518621,0.099388379204893,8
"ASV_352","Fungi","Ascomycota","Sordariomycetes","Glomerellales","Plectosphaerellaceae","Plectosphaerella",NA,4.71572737951316e-05,65,1493.77629518621,0.099388379204893,8
"ASV_366","Fungi","Ascomycota","Dothideomycetes","Pleosporales","Torulaceae","Dendryphion","europaeum",1.71480995618661e-05,65,1493.77629518621,0.099388379204893,8
"ASV_384","Fungi","Basidiomycota","Agaricomycetes","Hymenochaetales","Schizoporaceae","Oxyporus","corticola",1.00030580777552e-05,65,1493.77629518621,0.099388379204893,8
"ASV_421","Fungi","Ascomycota","Dothideomycetes","Pleosporales","Phaeosphaeriaceae","Paraphoma","rhaphiolepidis",7.14504148411086e-06,65,1493.77629518621,0.099388379204893,8
"ASV_431","Fungi","Basidiomycota","Exobasidiomycetes","Entylomatales",NA,NA,NA,1.57190912650439e-05,65,1493.77629518621,0.099388379204893,8
"ASV_538","Fungi","Ascomycota","Dothideomycetes","Pleosporales","Phaeosphaeriaceae",NA,NA,5.71603318728869e-06,65,1493.77629518621,0.099388379204893,8
"ASV_546","Fungi","Ascomycota","Leotiomycetes","Helotiales","Sclerotiniaceae","Botrytis","cinerea",1.14320663745774e-05,65,1493.77629518621,0.099388379204893,8
"ASV_561","Fungi","Ascomycota","Dothideomycetes","Pleosporales","Phaeosphaeriaceae","Neosetophoma","rosigena",7.43084314347529e-05,65,1493.77629518621,0.099388379204893,8
"ASV_570","Fungi","Ascomycota","Dothideomycetes","Pleosporales","Torulaceae","Torula","hollandica",2.57221493427991e-05,65,1493.77629518621,0.099388379204893,8
"ASV_612","Fungi","Ascomycota","Leotiomycetes","Erysiphales","Erysiphaceae","Blumeria","graminis",1.00030580777552e-05,65,1493.77629518621,0.099388379204893,8
"ASV_665","Fungi","Ascomycota","Dothideomycetes","Pleosporales","Phaeosphaeriaceae","Leptospora","rubella",7.00214065442864e-05,65,1493.77629518621,0.099388379204893,8
"ASV_683","Fungi","Ascomycota","Sordariomycetes","Hypocreales","Hypocreales_fam_Incertae_sedis","Acremonium","dichromosporum",1.57190912650439e-05,65,1493.77629518621,0.099388379204893,8
"ASV_693","Fungi","Basidiomycota","Agaricomycetes","Polyporales","Steccherinaceae","Fibricium",NA,1.14320663745774e-05,65,1493.77629518621,0.099388379204893,8
"ASV_705","Fungi","Basidiomycota","Agaricomycetes","Polyporales","Fomitopsidaceae","Dacryobolus","sudans",1.14320663745774e-05,65,1493.77629518621,0.099388379204893,8
"ASV_727","Fungi","Ascomycota","Dothideomycetes","Pleosporales","Phaeosphaeriaceae",NA,NA,3.42961991237321e-05,65,1493.77629518621,0.099388379204893,8
"ASV_728","Fungi","Ascomycota","Dothideomycetes","Pleosporales","Didymosphaeriaceae","Paraconiothyrium",NA,1.14320663745774e-05,65,1493.77629518621,0.099388379204893,8
"ASV_75","Fungi","Ascomycota","Dothideomycetes","Pleosporales","Phaeosphaeriaceae",NA,NA,0.000112891655448952,65,1493.77629518621,0.099388379204893,8
"ASV_785","Fungi","Ascomycota","Leotiomycetes","Helotiales",NA,NA,NA,8.57404978093303e-06,65,1493.77629518621,0.099388379204893,8
"ASV_811","Fungi","Ascomycota","Dothideomycetes","Capnodiales","Mycosphaerellaceae",NA,NA,4.28702489046651e-06,65,1493.77629518621,0.099388379204893,8
"ASV_907","Fungi","Basidiomycota","Agaricomycetes","Russulales","Peniophoraceae","Peniophora","laxitexta",1.42900829682217e-05,65,1493.77629518621,0.099388379204893,8
"ASV_990","Fungi","Basidiomycota","Agaricomycetes","Polyporales","Irpicaceae","Ceriporia","lacerata",1.14320663745774e-05,65,1493.77629518621,0.099388379204893,8
"ASV_1062","Fungi","Ascomycota","Dothideomycetes","Pleosporales","Phaeosphaeriaceae","Neosetophoma",NA,2.78932611690966e-05,62,8414.92918612747,0.0948012232415902,6
"ASV_419","Fungi","Ascomycota","Dothideomycetes","Pleosporales","Leptosphaeriaceae","Alternariaster","centaureae-diffusae",4.48525654313345e-05,58,2698.54038492325,0.0886850152905199,8
"ASV_437","Fungi","Ascomycota","Dothideomycetes","Pleosporales","Phaeosphaeriaceae",NA,NA,7.18019497000386e-05,58,2698.54038492325,0.0886850152905199,8
"ASV_503","Fungi","Ascomycota","Dothideomycetes","Pleosporales","Phaeosphaeriaceae",NA,NA,5.52071583680197e-05,58,2698.54038492325,0.0886850152905199,8
"ASV_8","Fungi","Ascomycota","Dothideomycetes","Pleosporales","Didymellaceae","Neoascochyta",NA,9.1986970365364e-05,58,2698.54038492325,0.0886850152905199,8
"ASV_894","Fungi","Basidiomycota","Agaricomycetes","Polyporales","Polyporaceae","Trametes","cubensis",4.92144710658074e-05,58,2698.54038492325,0.0886850152905199,8
"ASV_137","Fungi","Ascomycota","Dothideomycetes","Pleosporales","Phaeosphaeriaceae","Leptospora",NA,0.000101641653901496,55,3541.67882187717,0.0840978593272171,8
"ASV_1449","Fungi","Ascomycota","Sordariomycetes","Xylariales",NA,NA,NA,6.20813593176944e-05,55,6042.81920771203,0.0840978593272171,8
"ASV_600","Fungi","Basidiomycota","Agaricomycetes","Polyporales","Polyporaceae","Trametes","versicolor",2.87622307635653e-05,55,3541.67882187717,0.0840978593272171,8
"ASV_631","Fungi","Ascomycota","Dothideomycetes","Pleosporales","Phaeosphaeriaceae",NA,NA,3.92386000786703e-05,55,3541.67882187717,0.0840978593272171,8
"ASV_1150","Fungi","Ascomycota","Dothideomycetes","Pleosporales","Pleosporales_fam_Incertae_sedis","Pseudorobillarda","phragmitis",5.39034129871307e-05,53,2512.68317824069,0.081039755351682,8
"ASV_1196","Fungi","Ascomycota","Dothideomycetes","Pleosporales","Periconiaceae","Periconia","pseudobyssoides",5.07812311885542e-05,53,4182.56478817895,0.081039755351682,8
"ASV_252","Fungi","Ascomycota","Sordariomycetes","Diaporthales","Diaporthaceae","Diaporthe","longicolla",0.000196379282292187,53,2512.68317824069,0.081039755351682,8
"ASV_359","Fungi","Ascomycota","Sordariomycetes","Hypocreales","Nectriaceae","Fusicolla","aquaeductuum",7.64457070268433e-05,53,2512.68317824069,0.081039755351682,8
"ASV_360","Fungi","Ascomycota","Dothideomycetes","Pleosporales","Phaeosphaeriaceae","Phaeosphaeria","juncicola",3.32130033116866e-05,53,4036.44444352092,0.081039755351682,8
"ASV_65","Fungi","Ascomycota","Dothideomycetes","Pleosporales","Phaeosphaeriaceae","Leptospora",NA,0.000159309851162825,53,4036.44444352092,0.081039755351682,8
"ASV_734","Fungi","Basidiomycota","Agaricomycetes","Polyporales","Meruliaceae",NA,NA,1.94192688070623e-05,53,4182.56478817895,0.081039755351682,8
"ASV_299","Fungi","Ascomycota","Dothideomycetes","Dothideales","Aureobasidiaceae","Aureobasidium","leucospermi",4.91143641368335e-05,52,2095.34984490735,0.0795107033639144,8
"ASV_321","Fungi","Ascomycota","Sordariomycetes","Hypocreales","Stachybotryaceae","Alfaria",NA,0.000356530796172581,52,3432.23953642187,0.0795107033639144,8
"ASV_342","Fungi","Ascomycota","Dothideomycetes","Pleosporales","Phaeosphaeriaceae",NA,NA,8.99868793924906e-05,52,3432.23953642187,0.0795107033639144,8
"ASV_110","Fungi","Ascomycota","Leotiomycetes","Helotiales",NA,NA,NA,0.000297050252741978,49,3028.23593873576,0.0749235474006116,8
"ASV_159","Fungi","Ascomycota","Taphrinomycetes","Taphrinales","Taphrinaceae","Taphrina","letifera",6.86389112757962e-05,49,3028.23593873576,0.0749235474006116,8
"ASV_850","Fungi","Ascomycota","Saccharomycetes","Saccharomycetales","Saccharomycetales_fam_Incertae_sedis","Candida","parapsilosis",3.02826682952779e-05,48,5137.76907229893,0.073394495412844,8
"ASV_423","Fungi","Ascomycota","Dothideomycetes","Pleosporales","Periconiaceae","Periconia","byssoides",2.17396533251135e-05,47,3426.89019321197,0.0718654434250764,8
"ASV_669","Fungi","Basidiomycota","Tremellomycetes","Tremellales","Tremellaceae","Cryptococcus",NA,3.93953010082811e-05,47,3426.89019321197,0.0718654434250764,8
"ASV_287","Fungi","Ascomycota","Sordariomycetes","Xylariales","Diatrypaceae","Diatrype",NA,2.72536575360864e-05,45,3844.05127683901,0.0688073394495413,8
"ASV_742","Fungi","Ascomycota","Sordariomycetes","Hypocreales","Stachybotryaceae","Paramyrothecium",NA,0.00016192044630334,45,2879.05636377762,0.0688073394495413,8
"ASV_48","Fungi","Ascomycota","Dothideomycetes","Pleosporales","Massarinaceae","Pseudodidymosphaeria","phlei",0.000224718220440515,44,4717.49765238268,0.0672782874617737,6
"ASV_804","Fungi","Ascomycota","Lecanoromycetes",NA,NA,NA,NA,1.79813065189049e-05,44,3071.39078607091,0.0672782874617737,8
"ASV_539","Fungi","Ascomycota","Dothideomycetes","Pleosporales","Phaeosphaeriaceae","Leptospora","rubella",6.81792834040506e-05,43,2179.14409877416,0.0657492354740061,8
"ASV_772","Fungi","Ascomycota","Dothideomycetes","Pleosporales","Pleosporaceae","Neocamarosporium","salsolae",1.53101998354116e-05,43,2179.14409877416,0.0657492354740061,8
"ASV_293","Fungi","Ascomycota","Dothideomycetes","Pleosporales","Pleosporaceae","Bipolaris","simmondsii",0.000688058043184736,42,4232.244098206,0.0642201834862385,6
"ASV_335","Fungi","Ascomycota","Dothideomycetes","Pleosporales",NA,NA,NA,6.77288482678051e-05,42,2891.14010247516,0.0642201834862385,8
"ASV_1012","Fungi","Ascomycota","Dothideomycetes","Pleosporales","Phaeosphaeriaceae","Neosetophoma","rosarum",2.25295420528686e-05,41,3104.74586860481,0.0626911314984709,6
"ASV_568","Fungi","Ascomycota","Dothideomycetes","Pleosporales",NA,NA,NA,7.28528913408446e-05,41,3267.73757292901,0.0626911314984709,8
"ASV_1165","Fungi","Basidiomycota","Agaricomycetes","Polyporales","Phanerochaetaceae","Phanerochaete","citri",2.68591044487084e-05,39,1349.51251111884,0.0596330275229358,8
"ASV_1190","Fungi","Basidiomycota","Agaricomycetes","Russulales","Peniophoraceae","Peniophora","cinerea",2.51093507265448e-05,39,1349.51251111884,0.0596330275229358,8
"ASV_131","Fungi","Ascomycota","Dothideomycetes","Pleosporales","Phaeosphaeriaceae",NA,NA,3.89270393456823e-05,38,2703.80576711691,0.0581039755351682,6
"ASV_1179","Fungi","Ascomycota","Dothideomycetes","Pleosporales","Didymosphaeriaceae","Pseudopithomyces","chartarum",1.40154832949332e-05,37,1136.99775082804,0.0565749235474006,6
"ASV_650","Fungi","Basidiomycota","Tremellomycetes","Tremellales","Rhynchogastremataceae","Papiliotrema",NA,0.000126022099748929,37,1136.99775082804,0.0565749235474006,6
"ASV_1403","Fungi","Basidiomycota","Tremellomycetes","Tremellales","Rhynchogastremataceae","Papiliotrema","rajasthanensis",2.52513819089638e-05,36,1736.39497580876,0.055045871559633,2
"ASV_908","Fungi","Ascomycota","Dothideomycetes","Pleosporales","Periconiaceae","Periconia","macrospinosa",6.83033852458979e-05,36,1736.39497580876,0.055045871559633,2
"ASV_932","Fungi","Ascomycota","Dothideomycetes","Pleosporales","Didymellaceae","Didymella","keratinophila",7.06233616812212e-05,36,1736.39497580876,0.055045871559633,2
"ASV_1466","Fungi","Ascomycota","Dothideomycetes","Pleosporales","Phaeosphaeriaceae",NA,NA,1.34201964817342e-05,35,4379.62106330984,0.0535168195718654,2
"ASV_793","Fungi","Ascomycota","Dothideomycetes","Pleosporales","Pleosporaceae","Porocercospora","seminalis",0.000123617835673717,34,3739.69049810972,0.0519877675840979,2
"ASV_1033","Fungi","Basidiomycota","Malasseziomycetes","Malasseziales","Malasseziaceae","Malassezia","sympodialis",4.06781117988015e-05,33,209.429368317705,0.0504587155963303,6
"ASV_1045","Fungi","Basidiomycota","Tremellomycetes","Filobasidiales","Filobasidiaceae","Filobasidium","wieringae",5.98659003831418e-05,33,209.429368317705,0.0504587155963303,6
"ASV_1060","Fungi","Ascomycota","Dothideomycetes","Pleosporales","Pleosporaceae","Neocamarosporium","korfii",1.30476962373514e-05,33,209.429368317705,0.0504587155963303,6
"ASV_1074","Fungi","Basidiomycota","Tremellomycetes","Tremellales","Bulleribasidiaceae","Dioszegia","hungarica",1.07451616072306e-05,33,209.429368317705,0.0504587155963303,6
"ASV_1077","Fungi","Basidiomycota","Malasseziomycetes","Malasseziales","Malasseziaceae","Malassezia",NA,6.90760389036251e-06,33,209.429368317705,0.0504587155963303,6
"ASV_1080","Fungi","Ascomycota","Eurotiomycetes","Chaetothyriales","Trichomeriaceae","Knufia",NA,1.07451616072306e-05,33,209.429368317705,0.0504587155963303,6
"ASV_1102","Fungi","Ascomycota","Dothideomycetes","Pleosporales",NA,NA,NA,2.60953924747028e-05,33,209.429368317705,0.0504587155963303,6
"ASV_1107","Fungi","Ascomycota","Dothideomycetes","Pleosporales","Pleosporaceae","Curvularia","inaequalis",5.37258080361529e-05,33,209.429368317705,0.0504587155963303,6
"ASV_1118","Fungi","Ascomycota","Dothideomycetes","Pleosporales","Periconiaceae","Periconia","epilithographicola",5.29582964927793e-05,33,209.429368317705,0.0504587155963303,6
"ASV_1128","Fungi","Ascomycota","Dothideomycetes","Pleosporales","Lophiostomataceae",NA,NA,9.21013852048335e-06,33,209.429368317705,0.0504587155963303,6
"ASV_1242","Fungi","Ascomycota","Dothideomycetes","Capnodiales","Mycosphaerellaceae","Pseudocercospora",NA,2.22578347578348e-05,33,209.429368317705,0.0504587155963303,6
"ASV_1322","Fungi","Ascomycota","Dothideomycetes","Pleosporales","Didymosphaeriaceae","Kalmusia",NA,1.45827193240986e-05,33,209.429368317705,0.0504587155963303,6
"ASV_1324","Fungi","Basidiomycota","Agaricomycetes","Polyporales","Phanerochaetaceae","Phanerochaete",NA,3.57445704187774e-05,33,2031.4543559057,0.0504587155963303,1
"ASV_1409","Fungi","Ascomycota","Dothideomycetes","Pleosporales","Didymosphaeriaceae","Paraphaeosphaeria","xanthorrhoeae",1.45827193240986e-05,33,209.429368317705,0.0504587155963303,6
"ASV_1516","Fungi","Ascomycota","Dothideomycetes","Pleosporales","Phaeosphaeriaceae","Phaeosphaeria",NA,2.07228116710875e-05,33,209.429368317705,0.0504587155963303,6
"ASV_211","Fungi","Ascomycota","Dothideomycetes","Pleosporales",NA,NA,NA,2.26880373651044e-05,33,2580.68386984171,0.0504587155963303,2
"ASV_220","Fungi","Ascomycota","Dothideomycetes","Pleosporales","Pleosporaceae","Bipolaris","simmondsii",0.000749858777876019,33,209.429368317705,0.0504587155963303,6
"ASV_351","Fungi","Ascomycota","Dothideomycetes","Pleosporales","Phaeosphaeriaceae",NA,NA,9.21013852048335e-06,33,209.429368317705,0.0504587155963303,6
"ASV_371","Fungi","Ascomycota","Dothideomycetes","Pleosporales","Didymellaceae","Allophoma","cylindrispora",1.4356766527672e-05,33,2031.4543559057,0.0504587155963303,1
"ASV_469","Fungi","Ascomycota","Dothideomycetes","Pleosporales","Didymellaceae","Epicoccum",NA,0.000227950928381963,33,209.429368317705,0.0504587155963303,6
"ASV_512","Fungi","Ascomycota","Dothideomycetes","Pleosporales","Didymosphaeriaceae","Pseudopithomyces","rosae",0.000191110374300029,33,209.429368317705,0.0504587155963303,6
"ASV_747","Fungi","Ascomycota","Orbiliomycetes","Orbiliales","Orbiliaceae","Orbilia",NA,3.22354848216917e-05,33,209.429368317705,0.0504587155963303,6
"ASV_803","Fungi","Basidiomycota","Tremellomycetes","Tremellales","Bulleribasidiaceae","Vishniacozyma","victoriae",1.68758097051184e-05,33,2953.50337956081,0.0504587155963303,2
"ASV_812","Fungi","Ascomycota","Dothideomycetes","Pleosporales","Pleosporaceae","Curvularia",NA,8.97988505747126e-05,33,209.429368317705,0.0504587155963303,6
"ASV_831","Fungi","Ascomycota","Dothideomycetes","Pleosporales","Pleosporaceae","Alternaria",NA,8.67288044012182e-05,33,209.429368317705,0.0504587155963303,6
"ASV_859","Fungi","Basidiomycota","Ustilaginomycetes","Ustilaginales","Ustilaginaceae","Ustilago","nunavutica",5.37258080361529e-06,33,209.429368317705,0.0504587155963303,6
"ASV_874","Fungi","Basidiomycota","Agaricomycetes","Agaricales","Psathyrellaceae","Coprinellus","brevisetulosus",9.21013852048335e-06,33,209.429368317705,0.0504587155963303,6
"ASV_879","Fungi","Ascomycota","Dothideomycetes","Pleosporales","Pleosporaceae","Curvularia","caricae-papayae",7.82861774241085e-05,33,209.429368317705,0.0504587155963303,6
"ASV_921","Fungi","Basidiomycota","Tremellomycetes","Tremellales","Rhynchogastremataceae","Papiliotrema","fusca",3.07004617349445e-06,33,209.429368317705,0.0504587155963303,6
"ASV_983","Fungi","Ascomycota","Sordariomycetes","Glomerellales","Plectosphaerellaceae","Lectera","capsici",6.60059927301307e-05,33,209.429368317705,0.0504587155963303,6
"ASV_1004","Fungi","Ascomycota","Dothideomycetes","Pleosporales","Didymellaceae","Neoascochyta","rosicola",6.35003574162975e-06,32,804.774451180679,0.0489296636085627,2
"ASV_1025","Fungi","Ascomycota","Dothideomycetes","Pleosporales","Phaeosphaeriaceae","Paraphoma","rhaphiolepidis",7.25718370471971e-05,32,804.774451180679,0.0489296636085627,2
"ASV_1043","Fungi","Ascomycota","Eurotiomycetes","Chaetothyriales","Herpotrichiellaceae","Rhinocladiella",NA,1.08857755570796e-05,32,804.774451180679,0.0489296636085627,2
"ASV_1070","Fungi","Ascomycota","Dothideomycetes","Pleosporales","Pleosporaceae",NA,NA,6.89432451948372e-05,32,804.774451180679,0.0489296636085627,2
"ASV_1222","Fungi","Ascomycota","Dothideomycetes","Pleosporales","Massarinaceae",NA,NA,1.08857755570796e-05,32,804.774451180679,0.0489296636085627,2
"ASV_1235","Fungi","Ascomycota","Sordariomycetes","Myrmecridiales","Myrmecridiaceae","Myrmecridium","banksiae",4.53573981544982e-06,32,804.774451180679,0.0489296636085627,2
"ASV_1254","Fungi","Ascomycota","Dothideomycetes","Pleosporales","Pleosporaceae","Curvularia","americana",5.26145818592179e-05,32,804.774451180679,0.0489296636085627,2
"ASV_1420","Fungi","Ascomycota","Dothideomycetes","Pleosporales",NA,NA,NA,4.53573981544982e-06,32,804.774451180679,0.0489296636085627,2
"ASV_150","Fungi","Ascomycota","Dothideomycetes","Pleosporales","Didymellaceae","Neoascochyta","argentina",3.35644746343287e-05,32,804.774451180679,0.0489296636085627,2
"ASV_157","Fungi","Basidiomycota","Tremellomycetes","Filobasidiales","Filobasidiaceae","Filobasidium","magnum",0.000584203288229937,32,804.774451180679,0.0489296636085627,2
"ASV_247","Fungi","Ascomycota","Dothideomycetes","Capnodiales","Cladosporiaceae",NA,NA,7.25718370471971e-06,32,804.774451180679,0.0489296636085627,2
"ASV_316","Fungi","Basidiomycota","Tremellomycetes","Filobasidiales","Filobasidiaceae","Filobasidium","wieringae",1.17929235201695e-05,32,804.774451180679,0.0489296636085627,2
"ASV_771","Fungi","Ascomycota","Dothideomycetes","Pleosporales","Phaeosphaeriaceae","Phaeosphaeria","podocarpi",3.44716225974186e-05,32,804.774451180679,0.0489296636085627,2
"ASV_828","Fungi","Ascomycota","Eurotiomycetes","Chaetothyriales","Trichomeriaceae","Knufia",NA,1.90501072248892e-05,32,804.774451180679,0.0489296636085627,2
"ASV_878","Fungi","Ascomycota","Dothideomycetes","Pleosporales","Pleosporaceae","Bipolaris","shoemakeri",9.25290922351763e-05,32,804.774451180679,0.0489296636085627,2
"ASV_982","Fungi","Ascomycota","Dothideomycetes","Pleosporales","Didymellaceae","Didymella","keratinophila",4.62645461175881e-05,32,804.774451180679,0.0489296636085627,2
"ASV_989","Fungi","Ascomycota","Dothideomycetes","Pleosporales","Pleosporaceae","Curvularia",NA,7.71075768626469e-05,32,804.774451180679,0.0489296636085627,2
"ASV_161","Fungi","Ascomycota","Dothideomycetes","Capnodiales","Cladosporiaceae","Davidiellomyces","australiensis",3.17900533438889e-05,31,2779.16332732106,0.0474006116207951,2
"ASV_637","Fungi","Ascomycota","Dothideomycetes","Capnodiales","Cladosporiaceae","Cladosporium",NA,0.000141926170500879,31,3325.141574937,0.0474006116207951,14
"ASV_710","Fungi","Ascomycota","Sordariomycetes","Xylariales","Xylariaceae","Camillea","obularia",6.39824458034065e-05,31,1346.67865361256,0.0474006116207951,6
"ASV_754","Fungi","Basidiomycota","Ustilaginomycetes","Ustilaginales",NA,NA,NA,4.51474424369245e-05,31,2741.52211333889,0.0474006116207951,3
"ASV_1088","Fungi","Ascomycota","Sordariomycetes","Hypocreales","Stachybotryaceae","Albifimbria","verrucaria",5.31942413225983e-05,30,1383.34266380303,0.0458715596330275,14
"ASV_1208","Fungi","Ascomycota","Dothideomycetes","Pleosporales","Didymellaceae","Epicoccum","plurivorum",6.5581941356628e-06,30,1383.34266380303,0.0458715596330275,14
"ASV_1311","Fungi","Ascomycota","Dothideomycetes","Pleosporales","Phaeosphaeriaceae",NA,NA,3.8620476576681e-05,30,1383.34266380303,0.0458715596330275,14
"ASV_1381","Fungi","Basidiomycota","Agaricomycetes","Russulales",NA,NA,NA,3.57057236274975e-05,30,1383.34266380303,0.0458715596330275,14
"ASV_1507","Fungi","Ascomycota","Dothideomycetes","Pleosporales","Pleosporaceae","Exserohilum","turcicum",3.06049059664264e-05,30,1383.34266380303,0.0458715596330275,14
"ASV_166","Fungi","Ascomycota","Dothideomycetes","Pleosporales","Phaeosphaeriaceae","Poaceicola","agrostina",6.19385001701487e-05,30,1383.34266380303,0.0458715596330275,14
"ASV_447","Fungi","Ascomycota","Dothideomycetes","Pleosporales","Phaeosphaeriaceae","Phaeosphaeria",NA,0.000240467118307636,30,1383.34266380303,0.0458715596330275,14
"ASV_502","Fungi","Ascomycota","Dothideomycetes","Pleosporales","Pleosporaceae","Bipolaris","shoemakeri",0.000186544188747742,30,1383.34266380303,0.0458715596330275,14
"ASV_60","Fungi","Ascomycota","Dothideomycetes","Pleosporales","Phaeosphaeriaceae","Sclerostagonospora",NA,2.91475294918347e-05,30,1383.34266380303,0.0458715596330275,14
"ASV_680","Fungi","Ascomycota","Dothideomycetes","Pleosporales","Pleosporaceae","Alternaria",NA,9.47294708484627e-05,30,1383.34266380303,0.0458715596330275,14
"ASV_777","Fungi","Ascomycota","Dothideomycetes","Capnodiales","Mycosphaerellaceae","Pseudocercospora",NA,9.03573414246875e-05,30,1383.34266380303,0.0458715596330275,14
"ASV_832","Fungi","Ascomycota","Dothideomycetes","Capnodiales","Mycosphaerellaceae","Pseudocercospora",NA,8.16130825771371e-05,30,1383.34266380303,0.0458715596330275,14
"ASV_885","Fungi","Basidiomycota",NA,NA,NA,NA,NA,2.33180235934677e-05,30,1383.34266380303,0.0458715596330275,14
"ASV_474","Fungi","Basidiomycota","Tremellomycetes","Filobasidiales","Filobasidiaceae","Naganishia","liquefaciens",5.73676263674849e-05,29,1421.31059622312,0.0443425076452599,2
"ASV_81","Fungi","Ascomycota","Sordariomycetes","Hypocreales","Nectriaceae","Gibberella","intricans",6.45472957861884e-05,29,3730.77809256288,0.0443425076452599,1
"ASV_1007","Fungi","Ascomycota","Dothideomycetes","Botryosphaeriales","Botryosphaeriaceae","Botryosphaeria","dothidea",9.4268809868059e-06,28,1282.64450985275,0.0428134556574924,4
"ASV_1029","Fungi","Basidiomycota","Cystobasidiomycetes","Erythrobasidiales","Erythrobasidiaceae","Erythrobasidium","yunnanense",7.39378347017007e-05,28,3814.03407531687,0.0428134556574924,3
"ASV_104","Fungi","Ascomycota","Dothideomycetes","Pleosporales","Phaeosphaeriaceae","Parastagonospora",NA,4.12426043172758e-05,28,1282.64450985275,0.0428134556574924,4
"ASV_1108","Fungi","Ascomycota","Dothideomycetes","Capnodiales","Teratosphaeriaceae","Xenoteratosphaeria","jonkershoekensis",8.24852086345516e-06,28,1282.64450985275,0.0428134556574924,4
"ASV_1136","Fungi","Ascomycota","Dothideomycetes","Pleosporales","Didymosphaeriaceae","Paraphaeosphaeria","angularis",9.4268809868059e-06,28,1282.64450985275,0.0428134556574924,4
"ASV_1189","Fungi","Ascomycota","Arthoniomycetes","Lichenostigmatales","Phaeococcomycetaceae","Phaeococcomyces","eucalypti",1.72483285186438e-05,28,3533.21214658032,0.0428134556574924,2
"ASV_1268","Fungi","Ascomycota","Dothideomycetes","Pleosporales","Didymosphaeriaceae","Paraphaeosphaeria","michotii",6.7166527030992e-05,28,1282.64450985275,0.0428134556574924,4
"ASV_1303","Fungi","Ascomycota","Dothideomycetes","Pleosporales","Dictyosporiaceae","Dictyosporium","heptasporum",6.52230070800634e-05,28,1831.65107877811,0.0428134556574924,2
"ASV_1318","Fungi","Basidiomycota","Agaricomycetes","Agaricomycetes_ord_Incertae_sedis","Agaricomycetes_fam_Incertae_sedis","Dendrothele","nivosa",1.17836012335074e-05,28,1282.64450985275,0.0428134556574924,4
"ASV_1496","Fungi","Basidiomycota","Tremellomycetes","Tremellales","Bulleribasidiaceae","Hannaella","siamensis",4.4777684687328e-05,28,1282.64450985275,0.0428134556574924,4
"ASV_1508","Fungi","Ascomycota","Dothideomycetes","Pleosporales","Sporormiaceae","Preussia","isomera",7.44561628151116e-05,28,2074.17262469133,0.0428134556574924,2
"ASV_1536","Fungi","Basidiomycota","Agaricomycetes","Polyporales","Polyporaceae","Trametes","hirsuta",2.7102282837067e-05,28,1282.64450985275,0.0428134556574924,4
"ASV_237","Fungi","Ascomycota","Dothideomycetes","Pleosporales","Pleosporaceae",NA,NA,0.000387680480582393,28,1282.64450985275,0.0428134556574924,4
"ASV_460","Fungi","Basidiomycota","Agaricomycetes","Agaricales","Schizophyllaceae","Schizophyllum","commune",2.35672024670148e-06,28,1282.64450985275,0.0428134556574924,4
"ASV_521","Fungi","Basidiomycota","Tremellomycetes","Tremellales","Bulleribasidiaceae","Vishniacozyma","victoriae",5.58283274650706e-05,28,1831.65107877811,0.0428134556574924,2
"ASV_789","Fungi","Ascomycota","Dothideomycetes","Pleosporales","Pleosporaceae","Bipolaris",NA,8.24852086345516e-05,28,1282.64450985275,0.0428134556574924,4
"ASV_950","Fungi","Ascomycota","Sordariomycetes","Hypocreales","Hypocreales_fam_Incertae_sedis","Trichothecium","roseum",7.89501282644994e-05,28,1282.64450985275,0.0428134556574924,4
"ASV_988","Fungi","Basidiomycota","Tremellomycetes","Filobasidiales","Filobasidiaceae","Naganishia",NA,0.000100267995994248,28,2687.81642199195,0.0428134556574924,12
"ASV_992","Fungi","Basidiomycota","Agaricomycetes","Polyporales","Steccherinaceae","Ceriporiopsis","subrufa",1.06052411101566e-05,28,1282.64450985275,0.0428134556574924,4
"ASV_1251","Fungi","Ascomycota","Dothideomycetes","Pleosporales","Pleosporaceae","Stemphylium","beticola",3.00168490531038e-05,27,1136.60201929202,0.0412844036697248,2
"ASV_1274","Fungi","Ascomycota","Sordariomycetes","Trichosphaeriales","Trichosphaeriaceae","Nigrospora","oryzae",4.43962269994077e-05,27,1170.6552839252,0.0412844036697248,14
"ASV_1411","Fungi","Basidiomycota","Agaricomycetes","Corticiales","Corticiaceae","Limonomyces",NA,4.94623080145308e-05,27,2513.60136724584,0.0412844036697248,4
"ASV_271","Fungi","Ascomycota","Dothideomycetes","Myriangiales","Elsinoaceae",NA,NA,0.000851984804983583,27,1136.60201929202,0.0412844036697248,2
"ASV_29","Fungi","Ascomycota","Dothideomycetes","Dothideales",NA,NA,NA,3.41408362016255e-05,27,1170.6552839252,0.0412844036697248,14
"ASV_387","Fungi","Ascomycota","Dothideomycetes","Pleosporales","Didymellaceae","Calophoma",NA,0.000389822184901961,27,2208.3679422543,0.0412844036697248,4
"ASV_455","Fungi","Ascomycota","Dothideomycetes","Pleosporales","Pleosporaceae","Bipolaris",NA,0.000141983355816153,27,3459.85985921869,0.0412844036697248,12
"ASV_57","Fungi","Ascomycota","Dothideomycetes","Pleosporales","Phaeosphaeriaceae","Dematiopleospora","rosicola",4.48859885218069e-05,27,5468.23619821016,0.0412844036697248,3
"ASV_1167","Fungi","Ascomycota","Dothideomycetes","Capnodiales","Teratosphaeriaceae",NA,NA,5.38913335419826e-05,26,1758.65487283471,0.0397553516819572,1
"ASV_407","Fungi","Ascomycota","Dothideomycetes","Pleosporales","Phaeosphaeriaceae","Leptospora",NA,7.83290029634628e-05,26,3987.69427974932,0.0397553516819572,14
"ASV_552","Fungi","Ascomycota","Sordariomycetes","Trichosphaeriales","Trichosphaeriaceae","Nigrospora","oryzae",0.000227086216269453,26,1150.06420798836,0.0397553516819572,4
"ASV_601","Fungi","Ascomycota","Dothideomycetes","Pleosporales","Sporormiaceae","Preussia","persica",3.83340566400532e-05,26,3646.07810189739,0.0397553516819572,14
"ASV_608","Fungi","Ascomycota","Dothideomycetes","Pleosporales","Torulaceae","Torula",NA,2.22911753022167e-05,26,1357.70101545524,0.0397553516819572,12
"ASV_623","Fungi","Basidiomycota","Agaricomycetes","Polyporales","Polyporaceae","Trametes","cubensis",3.13412354868104e-05,26,5634.42710632098,0.0397553516819572,1
"ASV_922","Fungi","Ascomycota","Dothideomycetes","Pleosporales","Phaeosphaeriaceae","Parastagonospora","phoenicicola",3.79957940860156e-05,26,2439.7469398451,0.0397553516819572,14
"ASV_1069","Fungi","Ascomycota","Dothideomycetes","Pleosporales",NA,NA,NA,8.52586646922555e-05,25,781.875880668292,0.0382262996941896,3
"ASV_1131","Fungi","Basidiomycota","Agaricomycetes","Polyporales","Fomitopsidaceae","Amyloporia","sinuosa",6.5065823054616e-05,25,781.875880668292,0.0382262996941896,3
"ASV_1197","Fungi","Ascomycota","Taphrinomycetes","Taphrinales","Taphrinaceae","Taphrina","ulmi",1.45837189605174e-05,25,781.875880668292,0.0382262996941896,3
"ASV_1450","Fungi","Ascomycota","Dothideomycetes","Pleosporales","Pleosporaceae","Curvularia","sporobolicola",5.1603928629523e-05,25,781.875880668292,0.0382262996941896,3
"ASV_1451","Fungi","Basidiomycota","Exobasidiomycetes","Entylomatales","Entylomatales_fam_Incertae_sedis","Tilletiopsis","washingtonensis",2.35583152439127e-05,25,781.875880668292,0.0382262996941896,3
"ASV_304","Fungi","Ascomycota","Dothideomycetes","Pleosporales","Pleosporaceae","Stemphylium","symphyti",3.40826083666612e-05,25,4682.44327964506,0.0382262996941896,14
"ASV_349","Fungi","Ascomycota","Dothideomycetes","Pleosporales","Phaeosphaeriaceae","Parastagonospora",NA,1.57055434959418e-05,25,781.875880668292,0.0382262996941896,3
"ASV_404","Fungi","Ascomycota","Dothideomycetes","Pleosporales","Pleosporaceae","Curvularia",NA,0.000366836623083783,25,781.875880668292,0.0382262996941896,3
"ASV_414","Fungi","Ascomycota","Dothideomycetes","Dothideales","Aureobasidiaceae",NA,NA,0.000404978657288214,25,781.875880668292,0.0382262996941896,3
"ASV_545","Fungi","Ascomycota","Sordariomycetes","Hypocreales","Nectriaceae","Gibberella","intricans",0.000244557748722522,25,781.875880668292,0.0382262996941896,3
"ASV_621","Fungi","Ascomycota","Dothideomycetes","Pleosporales","Pleosporaceae","Alternaria",NA,0.000195197469163848,25,781.875880668292,0.0382262996941896,3
"ASV_64","Fungi","Ascomycota","Dothideomycetes","Pleosporales","Pleosporaceae","Pyrenophora","tritici-repentis",0.000103207857259046,25,781.875880668292,0.0382262996941896,3
"ASV_653","Fungi","Ascomycota","Dothideomycetes","Capnodiales","Cladosporiaceae","Cladosporium","grevilleae",0.000148080838676023,25,781.875880668292,0.0382262996941896,3
"ASV_691","Fungi","Ascomycota","Dothideomycetes","Botryosphaeriales","Botryosphaeriaceae",NA,NA,8.42870616180189e-05,25,3521.61921304957,0.0382262996941896,4
"ASV_708","Fungi","Basidiomycota","Agaricomycetes","Trechisporales","Hydnodontaceae","Fibrodontia","brevidens",4.63153991785094e-05,25,2831.55186812376,0.0382262996941896,3
"ASV_763","Fungi","Ascomycota","Dothideomycetes","Pleosporales","Didymellaceae",NA,NA,1.9071017102215e-05,25,781.875880668292,0.0382262996941896,3
"ASV_797","Fungi","Basidiomycota","Ustilaginomycetes","Ustilaginales","Ustilaginaceae","Ustilago","sporoboli-indici",6.28221739837672e-05,25,781.875880668292,0.0382262996941896,3
"ASV_819","Fungi","Ascomycota","Dothideomycetes","Pleosporales","Phaeosphaeriaceae","Neosetophoma","rosarum",1.57055434959418e-05,25,781.875880668292,0.0382262996941896,3
"ASV_1024","Fungi","Basidiomycota","Tremellomycetes","Tremellales","Bulleraceae","Genolevuria",NA,9.90295107942167e-05,24,693.481286526906,0.036697247706422,12
"ASV_1061","Fungi","Ascomycota","Dothideomycetes","Pleosporales",NA,NA,NA,1.98059021588433e-05,24,693.481286526906,0.036697247706422,12
"ASV_1271","Fungi","Basidiomycota","Agaricomycetes","Phallales","Phallaceae","Phallus","rugulosus",3.92089091204673e-05,24,2030.60723252994,0.036697247706422,10
"ASV_1315","Fungi","Ascomycota","Dothideomycetes","Pleosporales","Pleosporaceae","Bipolaris","microstegii",6.56070509011685e-05,24,693.481286526906,0.036697247706422,12
"ASV_1373","Fungi","Basidiomycota","Agaricomycetes",NA,NA,NA,NA,6.18934442463854e-05,24,693.481286526906,0.036697247706422,12
"ASV_1376","Fungi","Ascomycota","Dothideomycetes","Pleosporales","Didymellaceae","Didymella","rosea",2.9708853238265e-05,24,693.481286526906,0.036697247706422,12
"ASV_1397","Fungi","Ascomycota","Dothideomycetes","Pleosporales","Cucurbitariaceae","Pyrenochaeta","keratinophila",6.06555753614577e-05,24,693.481286526906,0.036697247706422,12
"ASV_1398","Fungi","Ascomycota","Eurotiomycetes","Eurotiales","Aspergillaceae","Penicillium","thiersii",6.06555753614577e-05,24,693.481286526906,0.036697247706422,12
"ASV_1402","Fungi","Basidiomycota","Agaricomycetes","Agaricales","Cyphellaceae","Henningsomyces","puber",1.73301643889879e-05,24,693.481286526906,0.036697247706422,12
"ASV_1415","Fungi","Ascomycota","Dothideomycetes","Pleosporales","Phaeosphaeriaceae","Phaeosphaeria","poagena",4.20875420875421e-05,24,693.481286526906,0.036697247706422,12
"ASV_1416","Fungi","Basidiomycota","Agaricomycetes","Russulales",NA,NA,NA,3.58981976629035e-05,24,693.481286526906,0.036697247706422,12
"ASV_1467","Fungi","Ascomycota","Dothideomycetes","Capnodiales","Mycosphaerellaceae","Passalora","fusimaculans",5.57040998217469e-05,24,693.481286526906,0.036697247706422,12
"ASV_272","Fungi","Rozellomycota",NA,NA,NA,NA,NA,1.73301643889879e-05,24,693.481286526906,0.036697247706422,12
"ASV_373","Fungi","Basidiomycota","Agaricostilbomycetes","Agaricostilbales","Kondoaceae","Kondoa","sorbi",4.72295782961263e-05,24,2231.93408648667,0.036697247706422,3
"ASV_383","Fungi","Ascomycota","Dothideomycetes","Pleosporales","Pleosporaceae",NA,NA,0.000536770095487215,24,2016.28618472769,0.036697247706422,12
"ASV_422","Fungi","Ascomycota","Dothideomycetes","Pleosporales","Didymosphaeriaceae","Spegazzinia","tessarthra",0.000436548098362462,24,2016.28618472769,0.036697247706422,12
"ASV_598","Fungi","Ascomycota","Eurotiomycetes","Chaetothyriales","Trichomeriaceae","Knufia",NA,5.32283620518915e-05,24,693.481286526906,0.036697247706422,12
"ASV_635","Fungi","Ascomycota","Dothideomycetes","Pleosporales","Phaeosphaeriaceae","Neosetophoma","rosarum",6.55524045758392e-05,24,3642.82088962387,0.036697247706422,3
"ASV_767","Fungi","Ascomycota","Dothideomycetes","Pleosporales","Torulaceae","Dendryphion","europaeum",2.66401473479996e-05,24,2444.11026235214,0.036697247706422,5
"ASV_912","Fungi","Ascomycota","Dothideomycetes","Pleosporales","Phaeosphaeriaceae",NA,NA,1.85680332739156e-05,24,693.481286526906,0.036697247706422,12
"ASV_100","Fungi","Ascomycota","Sordariomycetes","Hypocreales","Stachybotryaceae","Alfaria","caricicola",0.00390929241700119,23,721.462960980255,0.0351681957186544,1
"ASV_1049","Fungi","Ascomycota","Dothideomycetes","Venturiales","Venturiaceae","Venturia",NA,1.82126530800275e-05,23,721.462960980255,0.0351681957186544,1
"ASV_1054","Fungi","Ascomycota","Dothideomycetes","Pleosporales","Didymosphaeriaceae","Pseudopithomyces","rosae",0.000102176627560885,23,496.497208529413,0.0351681957186544,14
"ASV_122","Fungi","Ascomycota","Dothideomycetes","Pleosporales","Pleosporaceae","Alternaria","oregonensis",6.32086195130365e-05,23,721.462960980255,0.0351681957186544,1
"ASV_1295","Fungi","Basidiomycota","Agaricomycetes","Russulales","Peniophoraceae","Peniophora",NA,5.30787675640959e-06,23,496.497208529413,0.0351681957186544,14
"ASV_1298","Fungi","Ascomycota","Sordariomycetes","Hypocreales","Bionectriaceae","Clonostachys","miodochialis",4.26366287821894e-05,23,3582.86021210344,0.0351681957186544,4
"ASV_1357","Fungi","Ascomycota","Dothideomycetes","Pleosporales","Phaeosphaeriaceae",NA,NA,3.32113085576971e-05,23,721.462960980255,0.0351681957186544,1
"ASV_1394","Fungi","Ascomycota","Lecanoromycetes","Ostropales",NA,NA,NA,6.50214902660175e-05,23,496.497208529413,0.0351681957186544,14
"ASV_1414","Fungi","Ascomycota","Dothideomycetes","Capnodiales","Cladosporiaceae","Cladosporium",NA,6.36945210769151e-05,23,496.497208529413,0.0351681957186544,14
"ASV_1442","Fungi","Basidiomycota","Agaricomycetes","Hymenochaetales","Hymenochaetaceae","Phellinus","gilvus",8.5706602729541e-06,23,721.462960980255,0.0351681957186544,1
"ASV_1478","Fungi","Ascomycota","Dothideomycetes","Pleosporales","Pleosporaceae","Curvularia","buchloes",4.71386315012476e-05,23,721.462960980255,0.0351681957186544,1
"ASV_240","Fungi","Ascomycota","Dothideomycetes","Pleosporales","Phaeosphaeriaceae","Phaeosphaeria","typharum",0.000123517930169954,23,2214.92812406255,0.0351681957186544,1
"ASV_278","Fungi","Ascomycota","Dothideomycetes","Pleosporales","Massarinaceae","Stagonospora","pseudovitensis",1.85775686474336e-05,23,496.497208529413,0.0351681957186544,14
"ASV_337","Fungi","Ascomycota","Sordariomycetes","Glomerellales","Plectosphaerellaceae","Lectera","longa",6.42799520471558e-06,23,721.462960980255,0.0351681957186544,1
"ASV_494","Fungi","Basidiomycota","Agaricomycetes","Agaricales","Psathyrellaceae","Coprinopsis",NA,7.49932773883484e-06,23,721.462960980255,0.0351681957186544,1
"ASV_535","Fungi","Ascomycota","Dothideomycetes","Capnodiales","Cladosporiaceae","Cladosporium","grevilleae",1.07133253411926e-05,23,721.462960980255,0.0351681957186544,1
"ASV_551","Fungi","Ascomycota","Dothideomycetes","Pleosporales","Phaeosphaeriaceae","Vagicola","chlamydospora",4.11360448621743e-05,23,496.497208529413,0.0351681957186544,14
"ASV_596","Fungi","Ascomycota","Sordariomycetes","Chaetosphaeriales","Chaetosphaeriaceae","Dinemasporium","morbidum",2.4640648284743e-05,23,721.462960980255,0.0351681957186544,1
"ASV_611","Fungi","Basidiomycota","Tremellomycetes","Tremellales","Bulleribasidiaceae","Vishniacozyma","carnescens",2.4640648284743e-05,23,721.462960980255,0.0351681957186544,1
"ASV_628","Fungi","Ascomycota","Leotiomycetes","Helotiales","Helotiaceae","Tricladium","angustum",2.6539383782048e-05,23,496.497208529413,0.0351681957186544,14
"ASV_652","Fungi","Basidiomycota","Agaricomycetes","Polyporales","Hyphodermataceae","Hyphoderma","setigerum",1.82126530800275e-05,23,721.462960980255,0.0351681957186544,1
"ASV_660","Fungi","Basidiomycota","Tremellomycetes","Tremellales","Bulleribasidiaceae","Vishniacozyma","victoriae",5.59812442653405e-05,23,721.562310757789,0.0351681957186544,14
"ASV_709","Fungi","Basidiomycota","Agaricomycetes","Agaricales","Psathyrellaceae","Coprinopsis","radiata",1.3269691891024e-05,23,496.497208529413,0.0351681957186544,14
"ASV_713","Fungi","Ascomycota","Dothideomycetes","Pleosporales","Didymosphaeriaceae","Paraphaeosphaeria",NA,0.000188429624852541,23,496.497208529413,0.0351681957186544,14
"ASV_765","Fungi","Basidiomycota","Microbotryomycetes","Sporidiobolales","Sporidiobolaceae","Sporobolomyces","patagonicus",7.03293670224271e-05,23,496.497208529413,0.0351681957186544,14
"ASV_903","Fungi","Ascomycota","Dothideomycetes","Pleosporales","Phaeosphaeriaceae","Neostagonospora","caricis",4.71386315012476e-05,23,721.462960980255,0.0351681957186544,1
"ASV_909","Fungi","Ascomycota","Dothideomycetes","Dothideales","Aureobasidiaceae","Aureobasidium","pullulans",0.00012738904215383,23,496.497208529413,0.0351681957186544,14
"ASV_916","Fungi","Ascomycota","Dothideomycetes","Pleosporales","Pleosporaceae","Bipolaris","drechsleri",0.00010177659074133,23,721.462960980255,0.0351681957186544,1
"ASV_946","Fungi","Basidiomycota","Agaricomycetes","Polyporales",NA,NA,NA,0.000108126093237453,23,2025.32326497246,0.0351681957186544,3
"ASV_953","Fungi","Basidiomycota","Ustilaginomycetes","Ustilaginales","Ustilaginaceae","Ustilago","nunavutica",6.10405826987103e-05,23,496.497208529413,0.0351681957186544,14
"ASV_1207","Fungi","Basidiomycota","Agaricomycetes","Polyporales","Polyporaceae","Trametes","hirsuta",5.75156174923843e-05,22,1146.07119318859,0.0336391437308868,14
"ASV_1419","Fungi","Ascomycota","Dothideomycetes","Dothideales","Dothioraceae","Hormonema","macrosporum",4.54687076603629e-06,22,1851.75014179965,0.0336391437308868,5
"ASV_1423","Fungi","Basidiomycota","Tremellomycetes","Tremellales","Rhynchogastremataceae","Papiliotrema","fusca",3.23033251837861e-05,22,1914.75712421289,0.0336391437308868,14
"ASV_1469","Fungi","Basidiomycota","Tremellomycetes","Tremellales","Bulleribasidiaceae","Bulleribasidium","oberjochense",3.58269255354775e-05,22,2935.71916157801,0.0336391437308868,4
"ASV_31","Fungi","Ascomycota","Dothideomycetes","Pleosporales","Didymellaceae","Neoascochyta","triticicola",0.000202239947266913,22,1876.26844284583,0.0336391437308868,4
"ASV_49","Fungi","Ascomycota","Dothideomycetes","Capnodiales","Teratosphaeriaceae","Constantinomyces","minimus",1.99961656646177e-05,22,4837.15971892107,0.0336391437308868,14
"ASV_695","Fungi","Basidiomycota","Agaricomycetes","Agaricales","Psathyrellaceae","Coprinellus","micaceus",7.02349980281611e-05,22,1978.85712898551,0.0336391437308868,12
"ASV_856","Fungi","Ascomycota","Dothideomycetes","Pleosporales","Pleosporaceae","Curvularia","kenpeggii",0.000135657670973786,22,1007.54418192265,0.0336391437308868,14
"ASV_1082","Fungi","Ascomycota","Dothideomycetes","Pleosporales",NA,NA,NA,8.62971963353689e-05,21,1698.62533652507,0.0321100917431193,10
"ASV_1097","Fungi","Ascomycota","Dothideomycetes","Capnodiales","Cladosporiaceae","Rachicladosporium",NA,3.29612415861888e-05,21,1214.88651827758,0.0321100917431193,5
"ASV_441","Fungi","Ascomycota","Dothideomycetes","Pleosporales",NA,NA,NA,1.005770157999e-05,21,2022.20776212731,0.0321100917431193,14
"ASV_860","Fungi","Basidiomycota","Agaricomycetes","Agaricales","Psathyrellaceae","Coprinellus","congregatus",2.27702166749978e-05,21,845.962531367294,0.0321100917431193,10
"ASV_1009","Fungi","Basidiomycota","Tremellomycetes","Cystofilobasidiales","Mrakiaceae","Udeniomyces","pyricola",9.96452628642034e-06,20,573.277449529829,0.0305810397553517,5
"ASV_1094","Fungi","Ascomycota","Eurotiomycetes","Eurotiales","Aspergillaceae","Penicillium","glandicola",2.8786409271881e-05,20,573.277449529829,0.0305810397553517,5
"ASV_1129","Fungi","Ascomycota","Dothideomycetes","Pleosporales","Periconiaceae","Periconia",NA,7.41803623544626e-05,20,573.277449529829,0.0305810397553517,5
"ASV_1146","Fungi","Ascomycota","Dothideomycetes","Pleosporales","Phaeosphaeriaceae","Neosetophoma","rosarum",3.80328050230963e-05,20,442.700623885219,0.0305810397553517,10
"ASV_1191","Fungi","Ascomycota","Sordariomycetes","Trichosphaeriales","Trichosphaeriaceae","Nigrospora","oryzae",7.58974526429805e-05,20,1359.3911533763,0.0305810397553517,14
"ASV_1194","Fungi","Ascomycota","Dothideomycetes","Capnodiales","Cladosporiaceae","Cladosporium","flabelliforme",7.90921936138705e-05,20,1705.04091619849,0.0305810397553517,9
"ASV_1198","Fungi","Basidiomycota","Agaricomycetes","Hymenochaetales","Hymenochaetaceae","Fuscoporia","senex",4.61003697249652e-06,20,442.700623885219,0.0305810397553517,10
"ASV_1220","Fungi","Ascomycota","Dothideomycetes","Pleosporales","Phaeosphaeriaceae","Parastagonospora",NA,1.32860350485605e-05,20,573.277449529829,0.0305810397553517,5
"ASV_1236","Fungi","Ascomycota","Dothideomycetes","Pleosporales","Pleosporaceae","Alternaria",NA,6.53230056554223e-05,20,573.277449529829,0.0305810397553517,5
"ASV_1247","Fungi","Ascomycota","Dothideomycetes","Pleosporales",NA,NA,NA,1.77147133980806e-05,20,573.277449529829,0.0305810397553517,5
"ASV_1310","Fungi","Ascomycota","Dothideomycetes","Capnodiales","Capnodiales_fam_Incertae_sedis","Phaeotheca","fissurella",2.8786409271881e-05,20,573.277449529829,0.0305810397553517,5
"ASV_1404","Fungi","Ascomycota","Leotiomycetes","Erysiphales","Erysiphaceae","Golovinomyces","asterum",2.42026941056067e-05,20,442.700623885219,0.0305810397553517,10
"ASV_1421","Fungi","Ascomycota","Leotiomycetes","Helotiales","Helotiaceae","Articulospora","proliferata",2.8786409271881e-05,20,573.277449529829,0.0305810397553517,5
"ASV_1475","Fungi","Ascomycota","Dothideomycetes","Pleosporales","Pleosporaceae","Curvularia",NA,0.00012501395503483,20,1504.12908576345,0.0305810397553517,11
"ASV_1482","Fungi","Ascomycota","Leotiomycetes","Erysiphales","Erysiphaceae","Golovinomyces",NA,2.18976756193585e-05,20,442.700623885219,0.0305810397553517,10
"ASV_1498","Fungi","Ascomycota","Dothideomycetes","Capnodiales","Cladosporiaceae","Toxicocladosporium",NA,4.14903327524687e-05,20,442.700623885219,0.0305810397553517,10
"ASV_226","Fungi","Ascomycota","Dothideomycetes","Pleosporales","Pleosporaceae","Neocamarosporium","lamiacearum",0.000110727946508645,20,1705.04091619849,0.0305810397553517,9
"ASV_364","Fungi","Ascomycota","Dothideomycetes","Pleosporales","Pleosporaceae","Bipolaris","microstegii",0.000529001742593976,20,442.700623885219,0.0305810397553517,10
"ASV_401","Fungi","Ascomycota","Dothideomycetes","Pleosporales","Pleosporaceae","Bipolaris","sivanesaniana",1.84401478899861e-05,20,442.700623885219,0.0305810397553517,10
"ASV_44","Fungi","Ascomycota","Sordariomycetes","Chaetosphaeriales","Chaetosphaeriaceae","Dinemasporium","morbidum",4.42867834952015e-06,20,573.277449529829,0.0305810397553517,5
"ASV_476","Fungi","Basidiomycota","Agaricomycetes",NA,NA,NA,NA,6.73056343746072e-05,20,1202.1067570796,0.0305810397553517,10
"ASV_507","Fungi","Ascomycota","Dothideomycetes","Capnodiales","Cladosporiaceae","Rachicladosporium",NA,9.22007394499304e-06,20,442.700623885219,0.0305810397553517,10
"ASV_671","Fungi","Entomophthoromycota","Entomophthoromycetes","Entomophthorales","Entomophthoraceae","Entomophthora","muscae",0.000146146385534165,20,573.277449529829,0.0305810397553517,5
"ASV_724","Fungi","Basidiomycota","Agaricomycetes","Russulales","Peniophoraceae","Peniophora","albobadia",2.07451663762343e-05,20,442.700623885219,0.0305810397553517,10
"ASV_926","Fungi","Ascomycota","Eurotiomycetes","Chaetothyriales","Herpotrichiellaceae","Coniosporium","apollinis",0.000108335868853668,20,442.700623885219,0.0305810397553517,10
"ASV_954","Fungi","Ascomycota","Dothideomycetes","Capnodiales","Cladosporiaceae","Cladosporium","exasperatum",0.000103725831881172,20,442.700623885219,0.0305810397553517,10
"ASV_969","Fungi","Ascomycota","Dothideomycetes","Capnodiales","Mycosphaerellaceae",NA,NA,0.000139640181227037,20,1038.01189400469,0.0305810397553517,11
"ASV_1073","Fungi","Ascomycota","Leotiomycetes","Helotiales","Helotiaceae","Tricladium","angustum",2.08455389449524e-05,19,862.757051708443,0.0290519877675841,9
"ASV_239","Fungi","Ascomycota","Dothideomycetes","Pleosporales","Pleosporaceae",NA,NA,1.09713362868171e-05,19,862.757051708443,0.0290519877675841,9
"ASV_311","Fungi","Basidiomycota","Tremellomycetes","Tremellales","Bulleribasidiaceae","Vishniacozyma","victoriae",7.67993540077194e-06,19,862.757051708443,0.0290519877675841,9
"ASV_591","Fungi","Basidiomycota","Tremellomycetes","Tremellales",NA,NA,NA,0.000324865606827182,19,946.090661835326,0.0290519877675841,10
"ASV_605","Fungi","Ascomycota","Dothideomycetes","Dothideales","Dothioraceae","Pringsheimia","smilacis",4.78614132929576e-05,19,478.969949165051,0.0290519877675841,10
"ASV_619","Fungi","Ascomycota","Sordariomycetes","Hypocreales","Stachybotryaceae","Alfaria","ossiformis",0.000118490431897624,19,862.757051708443,0.0290519877675841,9
"ASV_647","Fungi","Basidiomycota","Malasseziomycetes","Malasseziales",NA,NA,NA,4.38853451472682e-06,19,862.757051708443,0.0290519877675841,9
"ASV_684","Fungi","Ascomycota","Dothideomycetes","Dothideales","Dothioraceae","Dothiora","sorbi",6.58280177209024e-06,19,862.757051708443,0.0290519877675841,9
"ASV_786","Fungi","Ascomycota","Dothideomycetes","Pleosporales","Phaeosphaeriaceae",NA,NA,5.48566814340853e-05,19,862.757051708443,0.0290519877675841,9
"ASV_790","Fungi","Ascomycota","Sordariomycetes","Trichosphaeriales","Trichosphaeriaceae","Nigrospora","oryzae",0.000132753169070486,19,862.757051708443,0.0290519877675841,9
"ASV_871","Fungi","Ascomycota","Dothideomycetes","Pleosporales","Phaeosphaeriaceae","Phaeosphaeria",NA,4.38853451472682e-06,19,862.757051708443,0.0290519877675841,9
"ASV_929","Fungi","Ascomycota","Dothideomycetes","Pleosporales","Pleosporaceae","Bipolaris","simmondsii",6.79298532770672e-05,19,1316.09499874781,0.0290519877675841,9
"ASV_1086","Fungi","Basidiomycota","Agaricomycetes","Agaricales","Psathyrellaceae","Coprinopsis","calospora",1.64682245607101e-05,18,582.592012819953,0.0275229357798165,5
"ASV_117","Fungi","Basidiomycota","Tremellomycetes","Tremellales","Bulleribasidiaceae","Vishniacozyma","globispora",8.23411228035506e-06,18,582.592012819953,0.0275229357798165,5
"ASV_1181","Fungi","Basidiomycota","Agaricomycetes","Polyporales","Ganodermataceae",NA,NA,1.74975372216361e-05,18,1654.46862412493,0.0275229357798165,10
"ASV_1289","Fungi","Basidiomycota","Tremellomycetes","Tremellales","Bulleribasidiaceae","Hannaella","sinensis",7.98755530055332e-05,18,2238.48472080688,0.0275229357798165,9
"ASV_1528","Fungi","Ascomycota","Dothideomycetes","Pleosporales","Didymellaceae",NA,NA,4.82283719277939e-05,18,582.592012819953,0.0275229357798165,5
"ASV_196","Fungi","Ascomycota","Sordariomycetes","Hypocreales","Nectriaceae","Fusarium",NA,0.00010956280905703,18,1723.20646906637,0.0275229357798165,10
"ASV_354","Fungi","Ascomycota","Dothideomycetes","Pleosporales","Pleosporaceae","Alternaria",NA,1.41156210520372e-05,18,582.592012819953,0.0275229357798165,5
"ASV_397","Fungi","Ascomycota","Dothideomycetes","Pleosporales","Phaeosphaeriaceae",NA,NA,8.74876861081803e-06,18,1654.46862412493,0.0275229357798165,10
"ASV_408","Fungi","Ascomycota","Sordariomycetes","Xylariales","Diatrypaceae","Diatrype",NA,1.64682245607101e-05,18,582.592012819953,0.0275229357798165,5
"ASV_410","Fungi","Ascomycota","Dothideomycetes","Dothideales","Aureobasidiaceae",NA,NA,0.000430526442087136,18,582.592012819953,0.0275229357798165,5
"ASV_448","Fungi","Ascomycota","Dothideomycetes","Pleosporales","Phaeosphaeriaceae","Ophiosphaerella","aquatica",4.37438430540901e-05,18,1654.46862412493,0.0275229357798165,10
"ASV_543","Fungi","Ascomycota","Dothideomycetes","Pleosporales","Didymellaceae","Epicoccum",NA,0.00034470148326623,18,1654.46862412493,0.0275229357798165,10
"ASV_617","Fungi","Ascomycota","Sordariomycetes","Hypocreales","Hypocreales_fam_Incertae_sedis","Sarocladium","bactrocephalum",2.35260350867287e-06,18,582.592012819953,0.0275229357798165,5
"ASV_642","Fungi","Ascomycota","Dothideomycetes","Dothideales","Dothideaceae","Celosporium",NA,0.000276105478092429,18,2973.55417813057,0.0275229357798165,9
"ASV_732","Fungi","Ascomycota","Dothideomycetes","Pleosporales","Phaeosphaeriaceae","Ophiosphaerella",NA,5.88150877168218e-06,18,582.592012819953,0.0275229357798165,5
"ASV_90","Fungi","Ascomycota","Dothideomycetes","Pleosporales","Didymosphaeriaceae","Paraphaeosphaeria",NA,1.92472909437997e-05,18,1654.46862412493,0.0275229357798165,10
"ASV_959","Fungi","Ascomycota","Dothideomycetes","Pleosporales","Periconiaceae","Periconia","homothallica",0.000104690856135943,18,582.592012819953,0.0275229357798165,5
"ASV_1021","Fungi","Basidiomycota","Agaricomycetes","Polyporales","Fomitopsidaceae","Fomitopsis",NA,0.000151179292972242,17,266.306659849786,0.0259938837920489,10
"ASV_1071","Fungi","Basidiomycota","Agaricomycetes","Russulales",NA,NA,NA,3.77948232430604e-05,17,266.306659849786,0.0259938837920489,10
"ASV_1125","Fungi","Ascomycota","Sordariomycetes","Hypocreales","Hypocreales_fam_Incertae_sedis","Acremonium",NA,0.000128502399026405,17,266.306659849786,0.0259938837920489,10
"ASV_12","Fungi","Ascomycota","Dothideomycetes","Pleosporales","Pleosporaceae","Comoclathris",NA,0.000114491802445892,17,534.793650960176,0.0259938837920489,3
"ASV_1203","Fungi","Ascomycota",NA,NA,NA,NA,NA,7.55896464861208e-06,17,266.306659849786,0.0259938837920489,10
"ASV_1266","Fungi","Basidiomycota","Tremellomycetes","Tremellales","Bulleribasidiaceae","Hannaella","pagnoccae",0.000107715246242722,17,266.306659849786,0.0259938837920489,10
"ASV_1292","Fungi","Ascomycota","Dothideomycetes","Pleosporales","Didymosphaeriaceae",NA,NA,2.04187372542414e-05,17,1050.11158436918,0.0259938837920489,12
"ASV_134","Fungi","Ascomycota","Sordariomycetes","Chaetosphaeriales","Chaetosphaeriaceae","Dinemasporium","morbidum",2.80757637245819e-05,17,1050.11158436918,0.0259938837920489,12
"ASV_1452","Fungi","Ascomycota","Dothideomycetes","Capnodiales","Mycosphaerellaceae","Ramularia",NA,5.66922348645906e-06,17,266.306659849786,0.0259938837920489,10
"ASV_1453","Fungi","Basidiomycota","Agaricomycetes",NA,NA,NA,NA,1.14855397055108e-05,17,1050.11158436918,0.0259938837920489,12
"ASV_233","Fungi","Ascomycota","Dothideomycetes","Pleosporales","Phaeosphaeriaceae","Chaetosphaeronema",NA,2.80757637245819e-05,17,1050.11158436918,0.0259938837920489,12
"ASV_331","Fungi","Ascomycota","Dothideomycetes","Pleosporales",NA,NA,NA,6.20674693513482e-05,17,534.793650960176,0.0259938837920489,3
"ASV_336","Fungi","Ascomycota","Dothideomycetes","Pleosporales","Pleosporaceae","Neocamarosporium","lamiacearum",0.000634953030483415,17,266.306659849786,0.0259938837920489,10
"ASV_501","Fungi","Ascomycota","Dothideomycetes","Capnodiales","Dissoconiaceae","Dissoconium","eucalypti",7.65702647034051e-06,17,1050.11158436918,0.0259938837920489,12
"ASV_580","Fungi","Ascomycota","Dothideomycetes","Pleosporales","Torulaceae","Torula","hollandica",1.40378818622909e-05,17,1050.11158436918,0.0259938837920489,12
"ASV_663","Fungi","Ascomycota","Dothideomycetes","Pleosporales","Didymellaceae","Didymella",NA,0.000200920345006879,17,1021.98547723792,0.0259938837920489,5
"ASV_778","Fungi","Ascomycota","Dothideomycetes","Pleosporales","Phaeosphaeriaceae",NA,NA,7.55896464861208e-06,17,266.306659849786,0.0259938837920489,10
"ASV_816","Fungi","Ascomycota","Dothideomycetes","Pleosporales","Periconiaceae","Periconia","cookei",4.72435290538255e-05,17,266.306659849786,0.0259938837920489,10
"ASV_84","Fungi","Ascomycota","Dothideomycetes","Pleosporales","Phaeosphaeriaceae","Dematiopleospora","rosicola",5.31541974413951e-05,17,1442.83470924617,0.0259938837920489,4
"ASV_863","Fungi","Basidiomycota","Tremellomycetes","Tremellales","Bulleribasidiaceae","Vishniacozyma","dimennae",5.24801362612784e-05,17,965.078268971462,0.0259938837920489,14
"ASV_906","Fungi","Basidiomycota","Agaricomycetes","Agaricales","Psathyrellaceae","Coprinopsis","calospora",3.40153409187544e-05,17,266.306659849786,0.0259938837920489,10
"ASV_949","Fungi","Basidiomycota","Agaricomycetes","Polyporales","Polyporaceae","Trametes","cubensis",7.65702647034051e-06,17,1050.11158436918,0.0259938837920489,12
"ASV_1023","Fungi","Ascomycota","Dothideomycetes","Botryosphaeriales","Botryosphaeriaceae","Diplodia",NA,4.69692207083681e-05,16,117.029320487268,0.0244648318042813,11
"ASV_1035","Fungi","Ascomycota","Dothideomycetes","Pleosporales","Pleosporaceae","Curvularia","subpapendorfii",0.000285428341227775,16,117.029320487268,0.0244648318042813,11
"ASV_1101","Fungi","Ascomycota","Dothideomycetes","Myriangiales","Elsinoaceae","Elsinoe","violae",8.4304617518262e-05,16,552.812133502109,0.0244648318042813,3
"ASV_1127","Fungi","Basidiomycota","Agaricomycetes","Russulales",NA,NA,NA,8.07424505808707e-05,16,552.812133502109,0.0244648318042813,3
"ASV_1134","Fungi","Basidiomycota","Agaricomycetes","Corticiales","Corticiaceae","Limonomyces",NA,4.69692207083681e-05,16,117.029320487268,0.0244648318042813,11
"ASV_1280","Fungi","Ascomycota","Sordariomycetes","Xylariales","Diatrypaceae","Diatrypella",NA,0.00020232895074374,16,117.029320487268,0.0244648318042813,11
"ASV_1331","Fungi","Basidiomycota","Tremellomycetes","Cystofilobasidiales","Mrakiaceae","Mrakia","niccombsii",0.000187876882833472,16,117.029320487268,0.0244648318042813,11
"ASV_1335","Fungi","Basidiomycota","Agaricomycetes","Polyporales","Polyporaceae","Trametes","elegans",6.17442269147835e-05,16,552.812133502109,0.0244648318042813,3
"ASV_1413","Fungi","Ascomycota","Dothideomycetes","Capnodiales","Mycosphaerellaceae","Pantospora","guazumae",1.54360567286959e-05,16,552.812133502109,0.0244648318042813,3
"ASV_1433","Fungi","Ascomycota","Dothideomycetes","Pleosporales",NA,NA,NA,0.000162585763990505,16,117.029320487268,0.0244648318042813,11
"ASV_1440","Fungi","Ascomycota","Dothideomycetes","Capnodiales","Mycosphaerellaceae",NA,NA,2.89041358205342e-05,16,117.029320487268,0.0244648318042813,11
"ASV_285","Fungi","Ascomycota","Dothideomycetes",NA,NA,NA,NA,2.69555267632072e-05,16,1893.23008045765,0.0244648318042813,9
"ASV_399","Fungi","Ascomycota","Dothideomycetes","Pleosporales","Phaeosphaeriaceae","Parastagonospora","forlicesenica",4.7495559165218e-06,16,552.812133502109,0.0244648318042813,3
"ASV_411","Fungi","Basidiomycota","Agaricomycetes","Corticiales","Corticiaceae","Limonomyces",NA,5.39327322323999e-05,16,1785.41808276634,0.0244648318042813,5
"ASV_464","Fungi","Ascomycota","Dothideomycetes","Capnodiales","Cladosporiaceae","Davidiellomyces","australiensis",3.61301697756678e-05,16,117.029320487268,0.0244648318042813,11
"ASV_519","Fungi","Ascomycota","Dothideomycetes","Pleosporales","Phaeosphaeriaceae",NA,NA,1.89982236660872e-05,16,552.812133502109,0.0244648318042813,3
"ASV_582","Fungi","Ascomycota","Dothideomycetes","Pleosporales","Pleosporaceae","Curvularia","sporobolicola",0.000693699259692821,16,117.029320487268,0.0244648318042813,11
"ASV_658","Fungi","Ascomycota","Dothideomycetes","Pleosporales","Cucurbitariaceae",NA,NA,0.000189982236660872,16,552.812133502109,0.0244648318042813,3
"ASV_662","Fungi","Ascomycota","Dothideomycetes","Pleosporales","Pleosporaceae","Alternaria",NA,0.000570856682455551,16,117.029320487268,0.0244648318042813,11
"ASV_746","Fungi","Ascomycota","Leotiomycetes","Erysiphales","Erysiphaceae","Erysiphe",NA,1.18738897913045e-05,16,552.812133502109,0.0244648318042813,3
"ASV_833","Fungi","Ascomycota","Dothideomycetes","Pleosporales","Pleosporaceae","Alternaria",NA,0.000404657901487479,16,117.029320487268,0.0244648318042813,11
"ASV_867","Fungi","Ascomycota","Saccharomycetes","Saccharomycetales",NA,NA,NA,0.000375753765666945,16,117.029320487268,0.0244648318042813,11
"ASV_1180","Fungi","Ascomycota","Dothideomycetes","Pleosporales","Lophiostomataceae","Biappendiculispora",NA,8.91879040812407e-05,15,720.592925550653,0.0229357798165138,3
"ASV_145","Fungi","Basidiomycota","Agaricomycetes","Polyporales","Irpicaceae","Irpex","lacteus",8.53633072089055e-05,15,1486.47388123866,0.0229357798165138,8
"ASV_1472","Fungi","Ascomycota","Sordariomycetes","Xylariales","Sporocadaceae","Neopestalotiopsis",NA,7.6529150315391e-05,15,974.740325987534,0.0229357798165138,10
"ASV_258","Fungi","Basidiomycota","Tremellomycetes","Filobasidiales","Filobasidiaceae","Filobasidium",NA,3.08657127966966e-05,15,695.467914053263,0.0229357798165138,10
"ASV_32","Fungi","Ascomycota","Sordariomycetes","Hypocreales","Clavicipitaceae","Claviceps",NA,4.42513209167059e-05,15,889.808613080447,0.0229357798165138,5
"ASV_645","Fungi","Basidiomycota","Tremellomycetes","Filobasidiales","Filobasidiaceae","Filobasidium","magnum",0.000100964787991828,15,918.619913927795,0.0229357798165138,4
"ASV_898","Fungi","Ascomycota","Dothideomycetes","Pleosporales","Didymellaceae","Epicoccum","keratinophilum",8.8214108728316e-05,15,2011.21743682406,0.0229357798165138,9
"ASV_958","Fungi","Ascomycota","Sordariomycetes","Hypocreales","Stachybotryaceae","Alfaria",NA,8.6873918487209e-05,15,850.836194606783,0.0229357798165138,14
"ASV_966","Fungi","Ascomycota","Dothideomycetes","Pleosporales","Periconiaceae","Periconia","homothallica",9.73290463557224e-05,15,974.740325987534,0.0229357798165138,10
"ASV_1020","Fungi","Ascomycota","Dothideomycetes","Pleosporales","Pleosporaceae","Curvularia","caricae-papayae",0.000134380831918135,14,415.614661406348,0.0214067278287462,9
"ASV_1034","Fungi","Basidiomycota","Agaricomycetes",NA,NA,NA,NA,7.17109356752689e-05,14,738.526552723073,0.0214067278287462,14
"ASV_1044","Fungi","Ascomycota","Dothideomycetes","Pleosporales","Lentitheciaceae","Keissleriella","quadriseptata",3.95214362907633e-05,14,261.248812683974,0.0214067278287462,4
"ASV_1050","Fungi","Basidiomycota","Cystobasidiomycetes","Cystobasidiomycetes_ord_Incertae_sedis","Symmetrosporaceae","Symmetrospora","coprosmae",4.70332911713473e-05,14,415.614661406348,0.0214067278287462,9
"ASV_1085","Fungi","Ascomycota","Dothideomycetes","Pleosporales","Didymosphaeriaceae","Kalmusia",NA,2.1836885186697e-05,14,415.614661406348,0.0214067278287462,9
"ASV_1091","Fungi","Ascomycota","Dothideomycetes","Pleosporales","Didymellaceae","Stagonosporopsis",NA,1.49908896275309e-05,14,261.248812683974,0.0214067278287462,4
"ASV_1202","Fungi","Ascomycota","Dothideomycetes","Pleosporales","Leptosphaeriaceae","Plenodomus",NA,8.4494105173356e-05,14,261.248812683974,0.0214067278287462,4
"ASV_1347","Fungi","Ascomycota","Eurotiomycetes","Eurotiales","Aspergillaceae","Aspergillus","restrictus",4.76982851785074e-05,14,261.248812683974,0.0214067278287462,4
"ASV_1427","Fungi","Ascomycota","Dothideomycetes","Pleosporales","Pleosporaceae","Curvularia","lunata",7.89487387519044e-05,14,415.614661406348,0.0214067278287462,9
"ASV_1441","Fungi","Ascomycota","Sordariomycetes","Hypocreales","Stachybotryaceae","Xenomyrothecium","tongaense",6.55106555600909e-05,14,415.614661406348,0.0214067278287462,9
"ASV_1477","Fungi","Ascomycota","Dothideomycetes","Capnodiales","Cladosporiaceae","Rachicladosporium","cboliae",5.99635585101236e-05,14,261.248812683974,0.0214067278287462,4
"ASV_1513","Fungi","Ascomycota","Dothideomycetes","Pleosporales","Phaeosphaeriaceae","Paraophiobolus","arundinis",5.72379422142089e-05,14,261.248812683974,0.0214067278287462,4
"ASV_1514","Fungi","Ascomycota","Dothideomycetes","Tubeufiales","Tubeufiaceae","Helicoma","isiola",2.18049303673177e-05,14,261.248812683974,0.0214067278287462,4
"ASV_1533","Fungi","Basidiomycota","Agaricomycetes","Russulales",NA,NA,NA,5.58751340662516e-05,14,261.248812683974,0.0214067278287462,4
"ASV_298","Fungi","Basidiomycota","Tremellomycetes","Tremellales","Bulleribasidiaceae","Dioszegia","changbaiensis",5.03928119693007e-06,14,415.614661406348,0.0214067278287462,9
"ASV_36","Fungi","Ascomycota","Dothideomycetes","Pleosporales","Phaeosphaeriaceae",NA,NA,0.00131707444237158,14,1819.93608698039,0.0214067278287462,8
"ASV_409","Fungi","Ascomycota","Leotiomycetes","Thelebolales",NA,NA,NA,3.35952079795338e-05,14,415.614661406348,0.0214067278287462,9
"ASV_627","Fungi","Basidiomycota","Microbotryomycetes","Sporidiobolales","Sporidiobolaceae","Sporobolomyces","ruberrimus",1.34380831918135e-05,14,415.614661406348,0.0214067278287462,9
"ASV_109","Fungi","Ascomycota","Dothideomycetes","Pleosporales","Phaeosphaeriaceae","Paraphoma","radicina",0.000286279331220111,13,1164.30906861798,0.0198776758409786,8
"ASV_1157","Fungi","Ascomycota","Sordariomycetes","Hypocreales","Nectriaceae","Gibberella","intricans",0.000109462438385277,13,502.869942710473,0.0198776758409786,10
"ASV_1166","Fungi","Ascomycota","Dothideomycetes","Pleosporales","Didymellaceae","Didymella",NA,0.000188269915336467,13,226.907060136001,0.0198776758409786,3
"ASV_1241","Fungi","Ascomycota","Dothideomycetes","Pleosporales","Phaeosphaeriaceae","Parastagonospora",NA,0.000170891153920793,13,226.907060136001,0.0198776758409786,3
"ASV_1257","Fungi","Ascomycota","Dothideomycetes","Pleosporales","Torulaceae","Torula","masonii",1.10911470464275e-05,13,292.865400576274,0.0198776758409786,9
"ASV_1281","Fungi","Mortierellomycota","Mortierellomycetes","Mortierellales","Mortierellaceae","Mortierella","zonata",0.000162201773212956,13,226.907060136001,0.0198776758409786,3
"ASV_1355","Fungi","Basidiomycota","Tremellomycetes","Filobasidiales","Filobasidiaceae","Filobasidium","floriforme",0.000147719472033228,13,226.907060136001,0.0198776758409786,3
"ASV_1445","Fungi","Ascomycota","Dothideomycetes","Pleosporales","Pleosporaceae","Bipolaris",NA,7.7465725626504e-05,13,502.869942710473,0.0198776758409786,10
"ASV_1461","Fungi","Ascomycota","Dothideomycetes","Pleosporales","Massarinaceae","Stagonospora","pseudovitensis",0.000170710372116225,13,217.394702718547,0.0198776758409786,11
"ASV_1491","Fungi","Ascomycota","Dothideomycetes","Capnodiales","Teratosphaeriaceae","Xenopenidiella",NA,0.000124547790145663,13,226.907060136001,0.0198776758409786,3
"ASV_1501","Fungi","Ascomycota","Sordariomycetes","Diaporthales","Diaporthaceae","Diaporthe","caulivora",5.54557352321377e-06,13,292.865400576274,0.0198776758409786,9
"ASV_1531","Fungi","Basidiomycota","Tremellomycetes","Tremellales","Bulleribasidiaceae","Dioszegia",NA,0.000118754869673772,13,226.907060136001,0.0198776758409786,3
"ASV_217","Fungi","Ascomycota","Dothideomycetes","Capnodiales","Cladosporiaceae","Rachicladosporium",NA,1.29396715541655e-05,13,292.865400576274,0.0198776758409786,9
"ASV_251","Fungi","Ascomycota",NA,NA,NA,NA,NA,7.39409803095169e-06,13,292.865400576274,0.0198776758409786,9
"ASV_305","Fungi","Ascomycota","Sordariomycetes","Xylariales","Microdochiaceae","Microdochium",NA,0.000560280372753679,13,391.087794913727,0.0198776758409786,10
"ASV_40","Fungi","Ascomycota","Dothideomycetes","Pleosporales","Didymosphaeriaceae","Pseudopithomyces","rosae",0.000391104913886405,13,1217.38659295355,0.0198776758409786,9
"ASV_493","Fungi","Basidiomycota","Ustilaginomycetes","Ustilaginales",NA,NA,NA,4.25160636779722e-05,13,292.865400576274,0.0198776758409786,9
"ASV_573","Fungi","Ascomycota","Sordariomycetes","Hypocreales","Hypocreales_fam_Incertae_sedis","Sarocladium","zeae",0.000364159328024371,13,292.865400576274,0.0198776758409786,9
"ASV_586","Fungi","Basidiomycota","Agaricomycetes","Russulales","Peniophoraceae","Peniophora","albobadia",1.34723001089572e-05,13,502.869942710473,0.0198776758409786,10
"ASV_587","Fungi","Basidiomycota","Agaricomycetes","Corticiales","Corticiaceae","Limonomyces",NA,3.51219656470205e-05,13,292.865400576274,0.0198776758409786,9
"ASV_769","Fungi","Ascomycota","Dothideomycetes","Myriangiales",NA,NA,NA,0.000217240839256935,13,502.869942710473,0.0198776758409786,10
"ASV_844","Fungi","Ascomycota","Dothideomycetes","Pleosporales","Phaeosphaeriaceae",NA,NA,4.04169003268717e-05,13,502.869942710473,0.0198776758409786,10
"ASV_848","Fungi","Ascomycota","Dothideomycetes","Pleosporales","Pleosporaceae","Alternaria",NA,0.00031281770548213,13,226.907060136001,0.0198776758409786,3
"ASV_849","Fungi","Ascomycota","Dothideomycetes","Pleosporales","Phaeosphaeriaceae","Phaeosphaeria",NA,1.29396715541655e-05,13,292.865400576274,0.0198776758409786,9
"ASV_899","Fungi","Ascomycota","Dothideomycetes","Capnodiales","Cladosporiaceae","Cladosporium",NA,0.000163351638821106,13,502.869942710473,0.0198776758409786,10
"ASV_937","Fungi","Basidiomycota","Agaricomycetes","Russulales","Peniophoraceae","Peniophora","albobadia",4.63433637751304e-05,13,226.907060136001,0.0198776758409786,3
"ASV_984","Fungi","Ascomycota","Dothideomycetes","Pleosporales","Phaeosphaeriaceae","Parastagonospora","forlicesenica",1.84852450773792e-05,13,292.865400576274,0.0198776758409786,9
"ASV_1293","Fungi","Ascomycota","Dothideomycetes","Pleosporales",NA,NA,NA,5.03101182266794e-05,12,249.281377191119,0.018348623853211,9
"ASV_24","Fungi","Ascomycota","Dothideomycetes","Pleosporales","Didymellaceae","Ascochyta",NA,0.00010757076839038,12,909.587808465425,0.018348623853211,12
"ASV_389","Fungi","Basidiomycota","Agaricomycetes","Polyporales","Polyporaceae","Trametes","hirsuta",8.28367554901519e-05,12,646.577459271999,0.018348623853211,8
"ASV_42","Fungi","Basidiomycota","Tremellomycetes","Cystofilobasidiales","Mrakiaceae","Udeniomyces","puniceus",0.000192776438855932,12,249.281377191119,0.018348623853211,9
"ASV_442","Fungi","Basidiomycota","Agaricomycetes","Russulales","Peniophoraceae","Peniophora","albobadia",8.06578118036495e-05,12,312.896777518164,0.018348623853211,10
"ASV_98","Fungi","Ascomycota","Dothideomycetes","Pleosporales","Phaeosphaeriaceae","Leptospora",NA,0.000165055914498824,12,245.495141415632,0.018348623853211,8
"ASV_296","Fungi","Basidiomycota","Exobasidiomycetes","Entylomatales","Entylomatales_fam_Incertae_sedis","Tilletiopsis","washingtonensis",8.73172114752326e-05,11,738.581138028434,0.0168195718654434,8
"ASV_435","Fungi","Ascomycota","Dothideomycetes","Pleosporales","Phaeosphaeriaceae","Phaeodothis",NA,0.000111450095252244,11,539.42266051482,0.0168195718654434,8
"ASV_522","Fungi","Ascomycota","Dothideomycetes","Pleosporales","Phaeosphaeriaceae","Neosetophoma","rosarum",0.000127341109346698,11,1025.23026501445,0.0168195718654434,8
"ASV_62","Fungi","Ascomycota","Taphrinomycetes","Taphrinales","Taphrinaceae","Taphrina",NA,0.000212201256633754,11,1244.58092160529,0.0168195718654434,8
"ASV_261","Fungi","Ascomycota","Dothideomycetes","Capnodiales","Dissoconiaceae","Dissoconium","aciculare",9.02609146387968e-05,10,559.227527505051,0.0152905198776758,8
"ASV_262","Fungi","Ascomycota","Dothideomycetes","Pleosporales","Pleosporaceae","Alternaria",NA,0.000384865579598705,10,943.031413770448,0.0152905198776758,1
"ASV_264","Fungi","Ascomycota","Sordariomycetes","Hypocreales","Hypocreales_fam_Incertae_sedis","Acremonium","furcatum",0.000488146739873389,10,1320.58958296018,0.0152905198776758,8
"ASV_282","Fungi","Ascomycota","Dothideomycetes","Pleosporales","Morosphaeriaceae","Acrocalymma",NA,6.69922919167524e-05,10,707.789337187414,0.0152905198776758,8
"ASV_429","Fungi","Ascomycota","Dothideomycetes","Pleosporales","Phaeosphaeriaceae","Parastagonospora",NA,6.42800442194236e-05,10,1317.47569177078,0.0152905198776758,1
"ASV_483","Fungi","Basidiomycota","Tremellomycetes","Filobasidiales","Filobasidiaceae","Filobasidium","floriforme",0.000183895741149748,10,1362.52239205478,0.0152905198776758,2
"ASV_111","Fungi","Ascomycota","Dothideomycetes","Pleosporales","Pleosporaceae","Alternaria","rosae",0.000395201277759768,9,272.71636222601,0.0137614678899083,8
"ASV_118","Fungi","Ascomycota","Dothideomycetes","Pleosporales","Didymellaceae",NA,NA,0.000407224156536966,9,306.834963019822,0.0137614678899083,5
"ASV_1210","Fungi","Ascomycota","Dothideomycetes","Pleosporales","Pleosporaceae","Comoclathris","rosae",0.000248406735487549,9,306.834963019822,0.0137614678899083,5
"ASV_242","Fungi","Ascomycota","Dothideomycetes","Capnodiales","Cladosporiaceae","Cladosporium","grevilleae",0.000207684319833853,9,306.834963019822,0.0137614678899083,5
"ASV_270","Fungi","Basidiomycota","Agaricomycetes","Polyporales","Phanerochaetaceae","Hyphodermella","rosae",3.20625510976236e-05,9,126.981666571283,0.0137614678899083,8
"ASV_295","Fungi","Basidiomycota","Agaricomycetes","Polyporales","Polyporaceae","Coriolopsis","gallica",0.000147639650201959,9,1541.67967451953,0.0137614678899083,8
"ASV_320","Fungi","Ascomycota","Dothideomycetes","Botryosphaeriales","Botryosphaeriaceae","Tiarosporella","var._karoo",3.66501740883269e-05,9,306.834963019822,0.0137614678899083,5
"ASV_453","Fungi","Ascomycota","Leotiomycetes","Erysiphales","Erysiphaceae","Podosphaera","astericola",3.66501740883269e-05,9,306.834963019822,0.0137614678899083,5
"ASV_475","Fungi","Ascomycota","Dothideomycetes","Pleosporales","Periconiaceae","Periconia","cookei",0.000231429524972648,9,586.996384169238,0.0137614678899083,8
"ASV_725","Fungi","Ascomycota","Dothideomycetes","Pleosporales","Pleosporaceae","Edenia","gomezpompae",0.000126633777371321,9,758.313394034274,0.0137614678899083,8
"ASV_965","Fungi","Basidiomycota","Cystobasidiomycetes","Cystobasidiomycetes_ord_Incertae_sedis","Symmetrosporaceae","Symmetrospora","symmetrica",2.0071466487765e-05,9,357.522875718786,0.0137614678899083,8
"ASV_1006","Fungi","Ascomycota","Sordariomycetes","Xylariales","Diatrypaceae",NA,NA,2.93835910274266e-05,8,34.047710914194,0.0122324159021407,3
"ASV_1115","Fungi","Ascomycota","Dothideomycetes","Pleosporales","Phaeosphaeriaceae","Phaeosphaeria",NA,7.08474629853735e-05,8,1305.14103712669,0.0122324159021407,2
"ASV_1121","Fungi","Ascomycota","Sordariomycetes","Hypocreales","Stachybotryaceae","Striaticonidium","humicola",7.47022168221306e-05,8,723.402946881258,0.0122324159021407,5
"ASV_1130","Fungi","Ascomycota","Dothideomycetes","Pleosporales","Phaeosphaeriaceae",NA,NA,2.93835910274266e-05,8,34.047710914194,0.0122324159021407,3
"ASV_1170","Fungi","Basidiomycota","Tremellomycetes","Tremellales","Bulleribasidiaceae","Vishniacozyma","victoriae",3.84572391885685e-05,8,1389.54756520021,0.0122324159021407,2
"ASV_1344","Fungi","Ascomycota","Dothideomycetes","Pleosporales","Lophiostomataceae",NA,NA,1.93406488246438e-05,8,892.618638584669,0.0122324159021407,14
"ASV_1476","Fungi","Ascomycota","Dothideomycetes","Pleosporales","Cucurbitariaceae",NA,NA,3.24287471267284e-05,8,498.987665056404,0.0122324159021407,4
"ASV_1506","Fungi","Basidiomycota","Tremellomycetes","Tremellales","Bulleribasidiaceae","Dioszegia",NA,4.49451989351157e-05,8,892.707761759927,0.0122324159021407,5
"ASV_195","Fungi","Basidiomycota","Tremellomycetes","Tremellales","Rhynchogastremataceae","Papiliotrema","japonica",0.00231738587902971,8,34.047710914194,0.0122324159021407,3
"ASV_317","Fungi","Ascomycota","Dothideomycetes","Pleosporales","Phaeosphaeriaceae","Parastagonospora",NA,4.50548395753875e-05,8,34.047710914194,0.0122324159021407,3
"ASV_37","Fungi","Basidiomycota","Agaricomycetes",NA,NA,NA,NA,7.83562427398044e-06,8,34.047710914194,0.0122324159021407,3
"ASV_567","Fungi","Basidiomycota","Tremellomycetes","Filobasidiales","Filobasidiaceae","Filobasidium","floriforme",0.000133205612657667,8,34.047710914194,0.0122324159021407,3
"ASV_814","Fungi","Basidiomycota","Agaricomycetes","Hymenochaetales","Hymenochaetaceae","Phellinus","gilvus",2.74246849589315e-05,8,34.047710914194,0.0122324159021407,3
"ASV_886","Fungi","Basidiomycota","Agaricomycetes","Russulales",NA,NA,NA,0.000100811372685014,8,452.14683435816,0.0122324159021407,8
"ASV_978","Fungi","Ascomycota","Dothideomycetes","Pleosporales","Phaeosphaeriaceae",NA,NA,5.95651842802083e-05,8,190.413949877801,0.0122324159021407,8
"ASV_1027","Fungi","Ascomycota","Dothideomycetes","Pleosporales","Periconiaceae","Periconia","epilithographicola",5.84737916270215e-05,7,833.726304414653,0.0107033639143731,6
"ASV_1272","Fungi","Ascomycota","Dothideomycetes","Capnodiales","Cladosporiaceae","Cladosporium","sphaerospermum",7.47822031582207e-05,7,592.762441681698,0.0107033639143731,8
"ASV_174","Fungi","Basidiomycota","Exobasidiomycetes","Entylomatales","Entylomataceae","Entyloma","polysporum",3.79251657592751e-05,7,933.149678759235,0.0107033639143731,8
"ASV_281","Fungi","Basidiomycota","Agaricomycetes","Hymenochaetales","Hymenochaetaceae","Phellinus","gilvus",5.81736432371701e-05,7,1066.66326006299,0.0107033639143731,8
"ASV_35","Fungi","Ascomycota","Dothideomycetes","Pleosporales","Didymellaceae","Neoascochyta","europaea",5.66818766129056e-05,7,261.157972825903,0.0107033639143731,8
"ASV_392","Fungi","Ascomycota","Dothideomycetes","Pleosporales","Didymellaceae","Phomatodes","aubrietiae",0.00033848359021345,7,1829.04736209809,0.0107033639143731,12
"ASV_556","Fungi","Ascomycota","Dothideomycetes","Pleosporales","Didymosphaeriaceae","Pseudopithomyces","karoo",0.000247804407820837,7,835.266558750302,0.0107033639143731,5
"ASV_607","Fungi","Basidiomycota","Tremellomycetes","Tremellales","Bulleribasidiaceae","Hannaella","oryzae",0.000150466912328792,7,541.703502231593,0.0107033639143731,5
"ASV_639","Fungi","Ascomycota","Dothideomycetes","Pleosporales","Pleosporaceae","Curvularia",NA,0.000167462545874405,7,2044.9292425855,0.0107033639143731,14
"ASV_661","Fungi","Ascomycota","Dothideomycetes","Pleosporales","Didymellaceae",NA,NA,8.23554909240013e-05,7,912.637514987383,0.0107033639143731,2
"ASV_690","Fungi","Ascomycota","Dothideomycetes","Pleosporales","Phaeosphaeriaceae","Phaeosphaeria","barriae",6.87207192379169e-05,7,59.6534522389519,0.0107033639143731,8
"ASV_702","Fungi","Ascomycota","Sordariomycetes","Hypocreales","Nectriaceae","Fusarium","solani",9.56222393291721e-05,7,395.608932907105,0.0107033639143731,8
"ASV_105","Fungi","Ascomycota","Dothideomycetes","Pleosporales","Phaeosphaeriaceae","Leptospora",NA,0.000126557300193593,6,440.667894277942,0.0091743119266055,8
"ASV_1152","Fungi","Ascomycota","Dothideomycetes","Pleosporales",NA,NA,NA,5.97045111748666e-05,6,188.170144223635,0.0091743119266055,14
"ASV_1193","Fungi","Ascomycota","Dothideomycetes","Capnodiales","Neodevriesiaceae","Neodevriesia","poagena",4.51848126227838e-05,6,1314.64435734049,0.0091743119266055,14
"ASV_120","Fungi","Ascomycota","Dothideomycetes","Pleosporales","Didymellaceae","Didymella","keratinophila",0.000771664319733835,6,149.054063646857,0.0091743119266055,2
"ASV_1399","Fungi","Basidiomycota","Ustilaginomycetes","Ustilaginales","Ustilaginaceae","Pseudozyma","pruni",5.71286866181186e-05,6,799.186365652196,0.0091743119266055,5
"ASV_155","Fungi","Ascomycota","Dothideomycetes","Pleosporales","Didymellaceae","Neoascochyta","desmazieri",0.000326162479407163,6,210.902425073595,0.0091743119266055,5
"ASV_234","Fungi","Basidiomycota","Ustilaginomycetes","Ustilaginales","Ustilaginaceae","Ustilago","hordei",0.000824537457767233,6,3134,0.0091743119266055,1
"ASV_374","Fungi","Ascomycota","Dothideomycetes","Pleosporales","Lophiostomataceae","Biappendiculispora","japonica",0.000154563009052065,6,762.667350160151,0.0091743119266055,2
"ASV_594","Fungi","Ascomycota","Dothideomycetes","Pleosporales","Phaeosphaeriaceae",NA,NA,9.96205029494126e-05,6,173.020326337078,0.0091743119266055,10
"ASV_659","Fungi","Ascomycota","Dothideomycetes","Dothideales",NA,NA,NA,0.000235804776231633,6,902.76240947717,0.0091743119266055,2
"ASV_70","Fungi","Ascomycota","Dothideomycetes","Pleosporales","Phaeosphaeriaceae","Parastagonospora","forlicesenica",6.24000142445025e-05,6,813.304012962684,0.0091743119266055,8
"ASV_723","Fungi","Ascomycota","Dothideomycetes","Pleosporales","Pleosporaceae","Curvularia","nodulosa",0.000159540031268474,6,403.236417280037,0.0091743119266055,2
"ASV_806","Fungi","Basidiomycota","Ustilaginomycetes","Ustilaginales","Ustilaginaceae","Ustilago",NA,0.000118260394062456,6,834.666265976781,0.0091743119266055,14
"ASV_87","Fungi","Ascomycota","Dothideomycetes","Pleosporales","Phaeosphaeriaceae","Ophiobolopsis","italica",0.000146367617506154,6,450.834350235759,0.0091743119266055,2
"ASV_94","Fungi","Ascomycota","Dothideomycetes","Pleosporales","Sporormiaceae","Preussia","persica",0.000346172399384424,6,790.347774657076,0.0091743119266055,8
"ASV_1084","Fungi","Ascomycota","Sordariomycetes","Xylariales","Xylariaceae","Camillea","tinctor",3.85513859279574e-05,5,677.541834043886,0.00764525993883792,4
"ASV_1105","Fungi","Ascomycota","Eurotiomycetes","Chaetothyriales","Cyphellophoraceae","Cyphellophora","fusarioides",2.77592034473221e-05,5,230.75032106103,0.00764525993883792,6
"ASV_1110","Fungi","Basidiomycota","Agaricomycetes","Polyporales","Meruliaceae","Aurantiporus","fissilis",5.6543029446275e-05,5,232.911699281695,0.00764525993883792,1
"ASV_1138","Fungi","Basidiomycota","Agaricomycetes","Russulales","Peniophoraceae","Peniophora",NA,3.34624686724448e-05,5,1605.87423674158,0.00764525993883792,5
"ASV_1151","Fungi","Ascomycota","Dothideomycetes","Capnodiales","Mycosphaerellaceae",NA,NA,8.37045910996306e-05,5,88.1009326856019,0.00764525993883792,4
"ASV_1447","Fungi","Ascomycota","Sordariomycetes","Trichosphaeriales","Trichosphaeriaceae","Nigrospora","oryzae",8.74546329091784e-05,5,159.45106279683,0.00764525993883792,9
"ASV_1490","Fungi","Ascomycota","Dothideomycetes","Capnodiales","Cladosporiaceae","Rachicladosporium",NA,8.16243240485665e-05,5,159.45106279683,0.00764525993883792,9
"ASV_19","Fungi","Ascomycota","Dothideomycetes","Pleosporales","Phaeosphaeriaceae","Leptospora",NA,0.000894448775940657,5,212.316948423677,0.00764525993883792,8
"ASV_27","Fungi","Ascomycota","Dothideomycetes","Pleosporales","Didymellaceae","Epicoccum","dendrobii",0.000891735722055957,5,3343.91258345584,0.00764525993883792,2
"ASV_290","Fungi","Basidiomycota","Ustilaginomycetes","Ustilaginales","Ustilaginaceae","Ustilago","hordei",0.00016114276167599,5,681.816821651069,0.00764525993883792,10
"ASV_343","Fungi","Basidiomycota","Agaricomycetes","Agaricales","Schizophyllaceae","Schizophyllum","commune",6.91694700202916e-05,5,203.532628750354,0.00764525993883792,10
"ASV_477","Fungi","Basidiomycota","Ustilaginomycetes","Ustilaginales","Ustilaginaceae","Ustilago","hordei",0.000198236375839084,5,759.707018018226,0.00764525993883792,12
"ASV_563","Fungi","Basidiomycota","Tremellomycetes","Tremellales","Bulleribasidiaceae","Vishniacozyma","globispora",1.12883380179936e-05,5,490.96316956099,0.00764525993883792,10
"ASV_740","Fungi","Basidiomycota","Tremellomycetes","Tremellales","Bulleribasidiaceae","Bulleribasidium","oberjochense",5.82084716274142e-05,5,117.702101771738,0.00764525993883792,8
"ASV_770","Fungi","Basidiomycota","Agaricomycetes","Agaricales","Entolomataceae","Clitopilus",NA,0.000159291561044629,5,2162.90516204512,0.00764525993883792,12
"ASV_938","Fungi","Ascomycota","Dothideomycetes","Capnodiales","Neodevriesiaceae","Neodevriesia","capensis",9.0059528486791e-05,5,996.313855141167,0.00764525993883792,5
"ASV_947","Fungi","Basidiomycota","Tremellomycetes","Tremellales","Bulleribasidiaceae","Bulleribasidium","oberjochense",4.20759062575696e-05,5,927.558850695537,0.00764525993883792,10
"ASV_1137","Fungi","Ascomycota","Dothideomycetes","Pleosporales","Periconiaceae","Periconia","epilithographicola",7.68832842497073e-05,4,843.483666704204,0.00611620795107034,10
"ASV_1185","Fungi","Ascomycota","Dothideomycetes","Pleosporales","Phaeosphaeriaceae","Phaeosphaeria",NA,5.88549181117973e-05,4,124.502286037179,0.00611620795107034,6
"ASV_136","Fungi","Ascomycota","Dothideomycetes","Dothideales","Aureobasidiaceae","Aureobasidium","leucospermi",0.000215074457824258,4,392.749876142621,0.00611620795107034,12
"ASV_1388","Fungi","Ascomycota","Leotiomycetes","Erysiphales","Erysiphaceae","Erysiphe",NA,7.0792350437827e-05,4,1651.86700959794,0.00611620795107034,5
"ASV_235","Fungi","Basidiomycota","Tremellomycetes","Tremellales","Bulleribasidiaceae","Vishniacozyma","victoriae",0.00012278902833859,4,18.2727089070279,0.00611620795107034,8
"ASV_25","Fungi","Basidiomycota","Tremellomycetes","Tremellales","Bulleribasidiaceae","Vishniacozyma","victoriae",0.000100235251628612,4,1092.73003937743,0.00611620795107034,5
"ASV_267","Fungi","Basidiomycota","Agaricomycetes","Polyporales",NA,NA,NA,9.8779810187136e-05,4,629,0.00611620795107034,8
"ASV_328","Fungi","Ascomycota","Dothideomycetes","Pleosporales","Pleosporaceae","Curvularia",NA,0.000304277980676425,4,131.397766982097,0.00611620795107034,10
"ASV_341","Fungi","Basidiomycota","Microbotryomycetes","Microbotryomycetes_ord_Incertae_sedis","Microbotryomycetes_fam_Incertae_sedis","Colacogloea","terpenoidalis",0.000162470721439943,4,124.891807454901,0.00611620795107034,12
"ASV_386","Fungi","Ascomycota","Dothideomycetes","Pleosporales","Pleosporaceae","Curvularia","inaequalis",0.000138005611271109,4,202.563048155381,0.00611620795107034,14
"ASV_47","Fungi","Ascomycota","Dothideomycetes","Pleosporales","Phaeosphaeriaceae","Dematiopleospora",NA,8.09691177001252e-05,4,483.936570324097,0.00611620795107034,4
"ASV_490","Fungi","Ascomycota","Dothideomycetes","Pleosporales","Coniothyriaceae","Coniothyrium",NA,9.93590401326333e-05,4,639.458415303786,0.00611620795107034,2
"ASV_532","Fungi","Ascomycota","Dothideomycetes","Pleosporales","Periconiaceae","Periconia","macrospinosa",0.000194586498185349,4,58.912427061763,0.00611620795107034,2
"ASV_564","Fungi","Basidiomycota","Tremellomycetes","Tremellales","Bulleribasidiaceae","Dioszegia","athyri",0.000120298350651617,4,120.06089891355,0.00611620795107034,1
"ASV_59","Fungi","Ascomycota","Dothideomycetes","Pleosporales","Pleosporaceae","Alternaria","dactylidicola",0.00031614373200182,4,394.340395947695,0.00611620795107034,1
"ASV_657","Fungi","Basidiomycota","Exobasidiomycetes","Entylomatales","Entylomataceae","Entyloma","gaillardianum",0.000140291161130067,4,135.475635612359,0.00611620795107034,8
"ASV_673","Fungi","Ascomycota","Sordariomycetes","Glomerellales","Glomerellaceae","Colletotrichum","sojae",4.41908735184873e-05,4,18.1597879624819,0.00611620795107034,8
"ASV_701","Fungi","Ascomycota","Dothideomycetes","Pleosporales","Didymosphaeriaceae","Spegazzinia","tessarthra",0.000120059254654991,4,912.302986801968,0.00611620795107034,2
"ASV_714","Fungi","Ascomycota","Arthoniomycetes","Lichenostigmatales","Phaeococcomycetaceae","Phaeococcomyces",NA,0.000166932444438873,4,547.7798244612,0.00611620795107034,5
"ASV_918","Fungi","Basidiomycota","Agaricomycetes",NA,NA,NA,NA,0.000107713555026076,4,361.538402345415,0.00611620795107034,12
"ASV_927","Fungi","Basidiomycota","Agaricomycetes","Russulales","Peniophoraceae","Peniophora",NA,4.66938716555016e-05,4,524.015338657231,0.00611620795107034,10
"ASV_968","Fungi","Ascomycota","Sordariomycetes","Xylariales","Microdochiaceae","Microdochium",NA,0.000115371695151476,4,280.708407487204,0.00611620795107034,3
"ASV_103","Fungi","Ascomycota","Dothideomycetes","Pleosporales","Phaeosphaeriaceae","Leptospora",NA,0.000209132784018727,3,7.28657335286793,0.00458715596330275,8
"ASV_1148","Fungi","Ascomycota","Dothideomycetes","Capnodiales","Mycosphaerellaceae","Ramularia",NA,6.80413856294108e-05,3,2253.89007590326,0.00458715596330275,5
"ASV_1223","Fungi","Ascomycota","Dothideomycetes","Pleosporales","Didymellaceae","Epicoccum",NA,0.000108198226704157,3,50.2532413396499,0.00458715596330275,5
"ASV_1319","Fungi","Basidiomycota","Tremellomycetes","Tremellales","Bulleribasidiaceae","Vishniacozyma",NA,1.62847162290887e-05,3,59.7507544085422,0.00458715596330275,9
"ASV_142","Fungi","Basidiomycota","Exobasidiomycetes","Entylomatales",NA,NA,NA,0.000366729326759121,3,558.14963188095,0.00458715596330275,8
"ASV_148","Fungi","Basidiomycota","Cystobasidiomycetes","Cystobasidiomycetes_ord_Incertae_sedis","Symmetrosporaceae","Symmetrospora","coprosmae",0.000312854863174593,3,684.233620434308,0.00458715596330275,12
"ASV_1500","Fungi","Ascomycota","Eurotiomycetes","Eurotiales","Aspergillaceae","Aspergillus","flavus",5.43284552949517e-05,3,629,0.00458715596330275,9
"ASV_172","Fungi","Ascomycota","Sordariomycetes","Hypocreales","Nectriaceae","Fusarium","sporotrichioides",0.000742551812376699,3,1257,0.00458715596330275,5
"ASV_173","Fungi","Ascomycota","Dothideomycetes","Pleosporales","Phaeosphaeriaceae",NA,NA,0.000267373923823485,3,10.0074117951586,0.00458715596330275,1
"ASV_218","Fungi","Ascomycota","Dothideomycetes","Pleosporales","Didymellaceae","Didymella","keratinophila",0.000650644567712139,3,51.4249130121046,0.00458715596330275,8
"ASV_224","Fungi","Basidiomycota","Microbotryomycetes","Sporidiobolales","Sporidiobolaceae","Rhodotorula","babjevae",0.000276980250630064,3,25.0043068936053,0.00458715596330275,2
"ASV_273","Fungi","Ascomycota","Dothideomycetes","Capnodiales","Dissoconiaceae","Dissoconium","eucalypti",8.68347905917191e-05,3,296.23034256329,0.00458715596330275,3
"ASV_313","Fungi","Ascomycota","Sordariomycetes","Xylariales","Diatrypaceae","Eutypella",NA,0.00021732266075842,3,1881,0.00458715596330275,14
"ASV_363","Fungi","Ascomycota","Dothideomycetes","Capnodiales","Teratosphaeriaceae","Capnocheirides",NA,0.000548126936036434,3,119.451815816276,0.00458715596330275,12
"ASV_370","Fungi","Ascomycota","Sordariomycetes","Trichosphaeriales","Trichosphaeriaceae","Nigrospora","oryzae",0.00042474576759828,3,879.874230283523,0.00458715596330275,5
"ASV_416","Fungi","Basidiomycota","Malasseziomycetes","Malasseziales","Malasseziaceae","Malassezia","restricta",6.96162572410743e-05,3,648.693017249645,0.00458715596330275,5
"ASV_426","Fungi","Ascomycota","Sordariomycetes","Trichosphaeriales","Trichosphaeriaceae","Nigrospora","oryzae",0.000338085297667658,3,138.485750949999,0.00458715596330275,14
"ASV_479","Fungi","Ascomycota","Dothideomycetes","Capnodiales","Dissoconiaceae","Dissoconium",NA,7.20846416819309e-05,3,1257,0.00458715596330275,1
"ASV_481","Fungi","Ascomycota","Dothideomycetes",NA,NA,NA,NA,4.13465817577339e-05,3,2515.7102138396,0.00458715596330275,14
"ASV_497","Fungi","Ascomycota","Dothideomycetes","Pleosporales","Pleosporaceae","Curvularia",NA,0.000289905929973167,3,0,0.00458715596330275,6
"ASV_508","Fungi","Ascomycota","Dothideomycetes","Pleosporales","Phaeosphaeriaceae","Chaetosphaeronema",NA,0.000115053641952694,3,637.417317002416,0.00458715596330275,10
"ASV_534","Fungi","Basidiomycota","Cystobasidiomycetes","Cystobasidiomycetes_ord_Incertae_sedis","Symmetrosporaceae","Symmetrospora","symmetrica",5.83910730832778e-05,3,629,0.00458715596330275,2
"ASV_54","Fungi","Ascomycota","Dothideomycetes","Pleosporales","Phaeosphaeriaceae","Neosetophoma","rosigena",0.000572474976119776,3,0,0.00458715596330275,8
"ASV_572","Fungi","Ascomycota","Dothideomycetes","Pleosporales","Pleosporaceae","Curvularia","lunata",0.000767658673913947,3,0,0.00458715596330275,4
"ASV_592","Fungi","Basidiomycota","Ustilaginomycetes","Ustilaginales","Ustilaginaceae","Ustilago","hordei",0.000238353176664588,3,669.596630523821,0.00458715596330275,1
"ASV_613","Fungi","Ascomycota","Sordariomycetes","Xylariales","Microdochiaceae","Microdochium","seminicola",0.000198459560137856,3,629,0.00458715596330275,14
"ASV_745","Fungi","Basidiomycota","Ustilaginomycetes","Ustilaginales","Ustilaginaceae",NA,NA,0.00012794329889446,3,19.745576717199,0.00458715596330275,14
"ASV_760","Fungi","Basidiomycota","Tremellomycetes","Tremellales","Rhynchogastremataceae","Papiliotrema","flavescens",0.000128508036443546,3,0,0.00458715596330275,2
"ASV_794","Fungi","Ascomycota","Sordariomycetes","Trichosphaeriales","Trichosphaeriaceae","Nigrospora","oryzae",0.000135716243223151,3,1256,0.00458715596330275,10
"ASV_822","Fungi","Basidiomycota","Cystobasidiomycetes","Erythrobasidiales","Erythrobasidiaceae","Erythrobasidium","yunnanense",0.000121959538008476,3,0,0.00458715596330275,10
"ASV_917","Fungi","Ascomycota","Dothideomycetes","Pleosporales","Phaeosphaeriaceae","Septoriella","phragmitis",7.0019783740734e-05,3,140.694421126755,0.00458715596330275,5
"ASV_928","Fungi","Basidiomycota","Tremellomycetes","Tremellales","Bulleribasidiaceae","Bulleribasidium","oberjochense",4.88930690568155e-05,3,795.683595090003,0.00458715596330275,12
"ASV_96","Fungi","Ascomycota","Sordariomycetes","Xylariales","Apiosporaceae","Arthrinium","malaysianum",9.87732561041362e-05,3,0,0.00458715596330275,2
"ASV_967","Fungi","Ascomycota","Dothideomycetes","Pleosporales","Phaeosphaeriaceae","Neosetophoma","rosarum",9.29475845169347e-05,3,629,0.00458715596330275,3
"ASV_1095","Fungi","Ascomycota","Taphrinomycetes","Taphrinales","Taphrinaceae","Taphrina","inositophila",7.37479551687605e-05,2,89.70145171379,0.00305810397553517,14
"ASV_1215","Fungi","Basidiomycota","Tremellomycetes","Tremellales","Bulleraceae","Genolevuria","amylolytica",6.65001243846769e-05,2,260.576458589848,0.00305810397553517,12
"ASV_1216","Fungi","Basidiomycota","Cystobasidiomycetes","Erythrobasidiales","Erythrobasidiaceae","Erythrobasidium","yunnanense",7.48974789782021e-05,2,629,0.00305810397553517,1
"ASV_1279","Fungi","Basidiomycota","Agaricostilbomycetes","Agaricostilbales","Kondoaceae","Bensingtonia",NA,6.33284399246014e-05,2,629,0.00305810397553517,4
"ASV_149","Fungi","Ascomycota","Dothideomycetes","Pleosporales","Coniothyriaceae","Coniothyrium",NA,0.000427830052462895,2,0,0.00305810397553517,3
"ASV_162","Fungi","Basidiomycota","Cystobasidiomycetes","Cystobasidiomycetes_ord_Incertae_sedis","Symmetrosporaceae","Symmetrospora","coprosmae",0.000532789681069664,2,7.75751339403206,0.00305810397553517,8
"ASV_167","Fungi","Ascomycota","Dothideomycetes","Pleosporales","Phaeosphaeriaceae","Parastagonospora",NA,3.86229421489344e-05,2,151.244817208082,0.00305810397553517,6
"ASV_180","Fungi","Ascomycota","Dothideomycetes","Pleosporales","Pleosporaceae","Curvularia","inaequalis",0.000760987784198984,2,21,0.00305810397553517,14
"ASV_181","Fungi","Basidiomycota","Agaricomycetes","Agaricales","Psathyrellaceae","Coprinellus",NA,0.000107892848639554,2,0,0.00305810397553517,4
"ASV_183","Fungi","Ascomycota","Sordariomycetes","Hypocreales","Nectriaceae","Fusarium","asiaticum",0.000369652076663797,2,0,0.00305810397553517,8
"ASV_227","Fungi","Ascomycota","Dothideomycetes","Dothideales","Aureobasidiaceae","Aureobasidium",NA,0.000764259790860767,2,629,0.00305810397553517,12
"ASV_246","Fungi","Ascomycota","Dothideomycetes","Pleosporales","Didymosphaeriaceae","Kalmusia",NA,9.75050035165119e-05,2,289.447462556671,0.00305810397553517,12
"ASV_275","Fungi","Basidiomycota","Agaricomycetes",NA,NA,NA,NA,3.70296957851113e-05,2,27.3615723143735,0.00305810397553517,1
"ASV_279","Fungi","Basidiomycota","Tremellomycetes","Filobasidiales","Filobasidiaceae","Filobasidium","wieringae",0.000226537317112604,2,473.434118373706,0.00305810397553517,14
"ASV_3","Fungi","Ascomycota","Dothideomycetes","Capnodiales","Mycosphaerellaceae","Mycosphaerella","tassiana",0.0422289787056122,2,2,0.00305810397553517,20
"ASV_300","Fungi","Basidiomycota","Tremellomycetes","Tremellales","Bulleribasidiaceae","Hannaella","coprosmae",0.000127740510043575,2,77.7954812361676,0.00305810397553517,8
"ASV_306","Fungi","Ascomycota","Dothideomycetes","Pleosporales","Didymellaceae","Neoascochyta",NA,0.000871725008999245,2,12.4615586852753,0.00305810397553517,10
"ASV_322","Fungi","Ascomycota","Dothideomycetes","Pleosporales","Pleosporaceae","Curvularia","intermedia",0.00041628966983844,2,0,0.00305810397553517,9
"ASV_327","Fungi","Ascomycota","Dothideomycetes","Pleosporales","Pleosporaceae","Curvularia",NA,0.000735546740571618,2,47.7432568336956,0.00305810397553517,9
"ASV_355","Fungi","Basidiomycota","Cystobasidiomycetes","Cystobasidiomycetes_ord_Incertae_sedis","Symmetrosporaceae","Symmetrospora","gracilis",0.000192663953661787,2,0,0.00305810397553517,14
"ASV_369","Fungi","Ascomycota","Dothideomycetes","Pleosporales","Lentitheciaceae","Keissleriella","caraganae",0.00015273492680687,2,629,0.00305810397553517,10
"ASV_427","Fungi","Ascomycota","Dothideomycetes","Pleosporales","Pleosporaceae","Curvularia",NA,0.000710266570653183,2,629,0.00305810397553517,9
"ASV_472","Fungi","Ascomycota","Eurotiomycetes","Eurotiales","Aspergillaceae","Aspergillus",NA,0.000169696049774675,2,552.093031110367,0.00305810397553517,5
"ASV_606","Fungi","Basidiomycota","Agaricomycetes","Agaricales","Psathyrellaceae","Coprinopsis","strossmayeri",5.41214591357512e-05,2,629,0.00305810397553517,5
"ASV_620","Fungi","Ascomycota","Dothideomycetes","Pleosporales","Phaeosphaeriaceae","Neosetophoma","rosarum",7.35560745999077e-05,2,35.1288403715324,0.00305810397553517,10
"ASV_69","Fungi","Basidiomycota","Tremellomycetes","Tremellales","Bulleribasidiaceae","Vishniacozyma","carnescens",0.000404441919654667,2,379.306965337842,0.00305810397553517,10
"ASV_73","Fungi","Ascomycota","Dothideomycetes","Pleosporales","Didymellaceae","Ascochyta","var._macrospora",4.19521533118498e-05,2,7.06667373581481,0.00305810397553517,10
"ASV_76","Fungi","Ascomycota","Dothideomycetes","Pleosporales","Pleosporaceae","Alternaria","rosae",0.00113337616772445,2,0,0.00305810397553517,8
"ASV_776","Fungi","Basidiomycota","Ustilaginomycetes","Ustilaginales","Ustilaginaceae",NA,NA,0.000175856035483931,2,2,0.00305810397553517,20
"ASV_78","Fungi","Ascomycota","Dothideomycetes","Pleosporales","Pleosporaceae","Pleospora","rosae-caninae",0.00042842036046146,2,0,0.00305810397553517,8
"ASV_782","Fungi","Ascomycota","Sordariomycetes","Hypocreales","Hypocreales_fam_Incertae_sedis","Acremonium","fusidioides",0.000162932280326328,2,170.48022382371,0.00305810397553517,3
"ASV_784","Fungi","Ascomycota","Sordariomycetes","Xylariales","Microdochiaceae","Microdochium","seminicola",0.000121149215301206,2,77.4304813865593,0.00305810397553517,5
"ASV_839","Fungi","Ascomycota","Taphrinomycetes","Taphrinales","Taphrinaceae","Taphrina",NA,0.00012303956493895,2,138.541939060554,0.00305810397553517,14
"ASV_95","Fungi","Basidiomycota","Agaricostilbomycetes","Agaricostilbales","Kondoaceae","Kondoa","sorbi",2.85733598542407e-05,2,195.106716422089,0.00305810397553517,10
"ASV_1015","Fungi","Ascomycota","Sordariomycetes","Glomerellales","Plectosphaerellaceae","Plectosphaerella","niemeijerarum",8.38770249844749e-05,1,0,0.00152905198776758,7
"ASV_1032","Fungi","Basidiomycota","Tremellomycetes",NA,NA,NA,NA,0.00011762876284418,1,0,0.00152905198776758,13
"ASV_1055","Fungi","Basidiomycota",NA,NA,NA,NA,NA,7.99354034105932e-05,1,0,0.00152905198776758,9
"ASV_1090","Fungi","Ascomycota","Dothideomycetes","Pleosporales","Lentitheciaceae","Keissleriella","yonaguniensis",9.39189774903718e-05,1,0,0.00152905198776758,9
"ASV_1112","Fungi","Ascomycota","Dothideomycetes","Capnodiales","Mycosphaerellaceae",NA,NA,5.24703953445325e-05,1,0,0.00152905198776758,15
"ASV_1122","Fungi","Basidiomycota","Agaricomycetes","Polyporales","Fomitopsidaceae","Fomitopsis",NA,6.57436664504277e-05,1,0,0.00152905198776758,5
"ASV_1143","Fungi","Basidiomycota","Ustilaginomycetes","Ustilaginales","Ustilaginaceae","Ustilago","sporoboli-indici",8.73103919168494e-05,1,0,0.00152905198776758,8
"ASV_1158","Fungi","Ascomycota","Dothideomycetes","Capnodiales","Mycosphaerellaceae",NA,NA,0.000104645686228613,1,0,0.00152905198776758,12
"ASV_119","Fungi","Ascomycota","Dothideomycetes","Pleosporales","Phaeosphaeriaceae","Phaeosphaeria",NA,0.000961721953831921,1,0,0.00152905198776758,16
"ASV_123","Fungi","Ascomycota","Dothideomycetes","Pleosporales","Pleosporaceae","Alternaria",NA,0.00238635545632598,1,0,0.00152905198776758,2
"ASV_1253","Fungi","Basidiomycota","Agaricomycetes","Russulales","Peniophoraceae","Peniophora",NA,7.45632300530637e-05,1,0,0.00152905198776758,6
"ASV_1284","Fungi","Ascomycota","Dothideomycetes","Capnodiales","Mycosphaerellaceae",NA,NA,6.0680589412163e-05,1,0,0.00152905198776758,1
"ASV_1301","Fungi","Ascomycota","Sordariomycetes","Xylariales","Apiosporaceae","Arthrinium",NA,5.64110653077409e-05,1,0,0.00152905198776758,6
"ASV_1352","Fungi","Ascomycota","Sordariomycetes","Magnaporthales","Magnaporthaceae","Magnaporthe","grisea",0.000135988852258554,1,0,0.00152905198776758,3
"ASV_1360","Fungi","Basidiomycota","Pucciniomycetes","Pucciniales","Melampsoraceae","Melampsora","medusae",8.05340239645329e-05,1,0,0.00152905198776758,14
"ASV_139","Fungi","Ascomycota","Dothideomycetes","Pleosporales","Pleosporaceae","Alternaria","obclavata",0.000240091817694153,1,0,0.00152905198776758,8
"ASV_14","Fungi","Basidiomycota","Tremellomycetes","Filobasidiales","Filobasidiaceae","Filobasidium",NA,0.00459740472771268,1,0,0.00152905198776758,17
"ASV_140","Fungi","Ascomycota","Dothideomycetes","Dothideales","Aureobasidiaceae",NA,NA,0.00309539292578535,1,0,0.00152905198776758,12
"ASV_151","Fungi","Ascomycota","Dothideomycetes","Pleosporales","Phaeosphaeriaceae","Phaeodothis",NA,0.000299918476016806,1,0,0.00152905198776758,8
"ASV_168","Fungi","Basidiomycota","Tremellomycetes","Filobasidiales","Filobasidiaceae","Filobasidium","wieringae",0.000159766437648531,1,0,0.00152905198776758,1
"ASV_175","Fungi","Ascomycota","Dothideomycetes","Pleosporales","Didymellaceae",NA,NA,0.00109450084439096,1,0,0.00152905198776758,1
"ASV_186","Fungi","Ascomycota","Dothideomycetes","Pleosporales","Phaeosphaeriaceae","Paraphoma","radicina",0.000139627386660937,1,0,0.00152905198776758,8
"ASV_193","Fungi","Ascomycota","Sordariomycetes","Hypocreales","Nectriaceae","Fusarium",NA,0.000680796639745791,1,0,0.00152905198776758,18
"ASV_201","Fungi","Basidiomycota","Ustilaginomycetes","Ustilaginales","Ustilaginaceae","Tranzscheliella","hypodytes",0.000115282635243947,1,0,0.00152905198776758,1
"ASV_203","Fungi","Ascomycota","Dothideomycetes","Pleosporales","Didymosphaeriaceae","Paraphaeosphaeria","michotii",0.00046234542067318,1,0,0.00152905198776758,8
"ASV_212","Fungi","Ascomycota","Dothideomycetes","Pleosporales","Pleosporaceae","Bipolaris",NA,0.000116818719393102,1,0,0.00152905198776758,13
"ASV_23","Fungi","Basidiomycota","Tremellomycetes","Tremellales","Bulleribasidiaceae","Dioszegia","hungarica",0.0010045675480882,1,0,0.00152905198776758,19
"ASV_248","Fungi","Ascomycota","Dothideomycetes","Pleosporales","Pleosporaceae","Curvularia","kenpeggii",0.000954727428486212,1,0,0.00152905198776758,2
"ASV_265","Fungi","Basidiomycota","Tremellomycetes","Filobasidiales","Filobasidiaceae","Filobasidium","chernovii",0.000611071953686106,1,0,0.00152905198776758,20
"ASV_268","Fungi","Ascomycota","Dothideomycetes","Capnodiales","Neodevriesiaceae","Neodevriesia","poagena",0.00014350495277804,1,0,0.00152905198776758,8
"ASV_276","Fungi","Ascomycota","Dothideomycetes","Pleosporales","Phaeosphaeriaceae","Phaeosphaeriopsis",NA,0.000221298076047566,1,0,0.00152905198776758,5
"ASV_28","Fungi","Basidiomycota","Ustilaginomycetes","Ustilaginales","Ustilaginaceae","Tranzscheliella","hypodytes",0.00115793166008704,1,0,0.00152905198776758,19
"ASV_30","Fungi","Basidiomycota","Exobasidiomycetes","Entylomatales","Entylomatales_fam_Incertae_sedis","Tilletiopsis","washingtonensis",0.00131058685360168,1,0,0.00152905198776758,21
"ASV_301","Fungi","Basidiomycota","Exobasidiomycetes","Entylomatales","Entylomatales_fam_Incertae_sedis","Tilletiopsis","washingtonensis",0.000180194484759791,1,0,0.00152905198776758,16
"ASV_33","Fungi","Ascomycota","Dothideomycetes","Pleosporales","Phaeosphaeriaceae",NA,NA,0.00388297811241343,1,0,0.00152905198776758,20
"ASV_339","Fungi","Ascomycota","Eurotiomycetes","Eurotiales","Aspergillaceae","Aspergillus",NA,0.000562690776599412,1,0,0.00152905198776758,1
"ASV_344","Fungi","Ascomycota","Sordariomycetes","Hypocreales","Nectriaceae","Gibberella","intricans",0.000527806485188412,1,0,0.00152905198776758,1
"ASV_347","Fungi","Ascomycota","Dothideomycetes","Pleosporales","Phaeosphaeriaceae","Neosetophoma","rosarum",0.000423527013465768,1,0,0.00152905198776758,5
"ASV_357","Fungi","Basidiomycota","Agaricomycetes",NA,NA,NA,NA,0.000445369850051456,1,0,0.00152905198776758,5
"ASV_362","Fungi","Basidiomycota","Tremellomycetes","Tremellales","Bulleribasidiaceae","Dioszegia","var._zsoltii",0.000196726995413294,1,0,0.00152905198776758,4
"ASV_393","Fungi","Ascomycota","Dothideomycetes","Pleosporales","Phaeosphaeriaceae",NA,NA,0.000203112629475731,1,0,0.00152905198776758,1
"ASV_41","Fungi","Ascomycota","Dothideomycetes","Pleosporales","Didymellaceae","Neoascochyta",NA,0.00988101564423918,1,0,0.00152905198776758,22
"ASV_413","Fungi","Ascomycota","Dothideomycetes","Pleosporales","Didymellaceae","Neoascochyta",NA,0.000362576167018135,1,0,0.00152905198776758,14
"ASV_45","Fungi","Ascomycota","Dothideomycetes","Pleosporales","Massarinaceae","Pseudodidymosphaeria","phlei",4.28685997394606e-05,1,0,0.00152905198776758,15
"ASV_473","Fungi","Ascomycota","Dothideomycetes","Pleosporales","Phaeosphaeriaceae","Neosetophoma","rosarum",0.00030890386637588,1,0,0.00152905198776758,4
"ASV_478","Fungi","Ascomycota","Dothideomycetes","Pleosporales","Phaeosphaeriaceae","Phaeosphaeria",NA,0.000283824962484913,1,0,0.00152905198776758,7
"ASV_517","Fungi","Basidiomycota","Agaricomycetes","Russulales",NA,NA,NA,0.000367526178572813,1,0,0.00152905198776758,21
"ASV_548","Fungi","Ascomycota","Sordariomycetes","Phyllachorales","Phyllachoraceae","Phyllachora","graminis",0.00024403912431851,1,0,0.00152905198776758,1
"ASV_553","Fungi","Basidiomycota","Ustilaginomycetes","Ustilaginales","Ustilaginaceae","Moesziomyces","rugulosus",0.000146015224172538,1,0,0.00152905198776758,2
"ASV_6","Fungi","Ascomycota","Dothideomycetes","Capnodiales","Mycosphaerellaceae","Mycosphaerella","tassiana",0.00611045571070722,1,0,0.00152905198776758,23
"ASV_61","Fungi","Ascomycota","Dothideomycetes","Dothideales","Aureobasidiaceae","Aureobasidium","pullulans",0.000660977677069139,1,0,0.00152905198776758,23
"ASV_618","Fungi","Basidiomycota","Pucciniomycetes","Helicobasidiales","Helicobasidiaceae",NA,NA,0.00017816547160379,1,0,0.00152905198776758,1
"ASV_629","Fungi","Basidiomycota","Agaricomycetes","Polyporales","Meruliaceae","Crustodontia","chrysocreas",0.000161861605683837,1,0,0.00152905198776758,3
"ASV_66","Fungi","Basidiomycota","Tremellomycetes","Filobasidiales","Filobasidiaceae","Filobasidium",NA,0.000273370775511991,1,0,0.00152905198776758,9
"ASV_666","Fungi","Basidiomycota",NA,NA,NA,NA,NA,0.000183036896175064,1,0,0.00152905198776758,12
"ASV_687","Fungi","Ascomycota","Dothideomycetes","Pleosporales",NA,NA,NA,0.000105367084696694,1,0,0.00152905198776758,10
"ASV_7","Fungi","Ascomycota","Dothideomycetes","Capnodiales","Cladosporiaceae","Cladosporium",NA,0.0942109256143198,1,0,0.00152905198776758,18
"ASV_730","Fungi","Ascomycota","Sordariomycetes","Xylariales","Apiosporaceae","Arthrinium","obovatum",0.000130080833218896,1,0,0.00152905198776758,5
"ASV_780","Fungi","Ascomycota","Arthoniomycetes","Lichenostigmatales","Phaeococcomycetaceae","Phaeococcomyces",NA,8.46331106802524e-05,1,0,0.00152905198776758,10
"ASV_799","Fungi","Ascomycota","Dothideomycetes","Capnodiales","Dissoconiaceae","Dissoconium","eucalypti",0.000122197346652293,1,0,0.00152905198776758,8
"ASV_801","Fungi","Basidiomycota","Agaricomycetes","Polyporales","Irpicaceae","Ceriporia","alachuana",9.57445814728647e-05,1,0,0.00152905198776758,10
"ASV_810","Fungi","Ascomycota","Leotiomycetes","Erysiphales","Erysiphaceae","Golovinomyces",NA,0.000160016045930421,1,0,0.00152905198776758,8
"ASV_847","Fungi","Ascomycota","Dothideomycetes","Pleosporales","Phaeosphaeriaceae","Bhatiellae","rosae",6.92561094794694e-05,1,0,0.00152905198776758,12
"ASV_9","Fungi","Basidiomycota","Ustilaginomycetes","Ustilaginales","Ustilaginaceae","Ustilago","hordei",0.0104975077009314,1,0,0.00152905198776758,5
"ASV_91","Fungi","Ascomycota","Dothideomycetes","Pleosporales","Pleosporaceae","Exserohilum","gedarefense",0.00430096282391895,1,0,0.00152905198776758,17
"ASV_97","Fungi","Ascomycota","Dothideomycetes","Pleosporales","Didymellaceae",NA,NA,0.00209227678872161,1,0,0.00152905198776758,22
"ASV_986","Fungi","Ascomycota","Dothideomycetes","Pleosporales","Phaeosphaeriaceae","Phaeosphaeria",NA,0.00010690709285726,1,0,0.00152905198776758,12
"ASV_99","Fungi","Basidiomycota","Tremellomycetes","Tremellales","Bulleribasidiaceae","Hannaella","luteola",0.00698658262260837,1,0,0.00152905198776758,2
