"from","to","rho","p","q","edge_sign"
"ASV_3","ASV_6",0.728937728937729,1.61545439807398e-05,0.00269891567676238,"Positive"
"ASV_16","ASV_25",0.64041514041514,0.000320483154804929,0.0264039304905488,"Positive"
"ASV_18","ASV_28",0.635531135531135,0.000367865435640269,0.0302087735150008,"Positive"
"ASV_28","ASV_29",0.647130647130647,0.000264102227336638,0.0221282323933073,"Positive"
"ASV_31","ASV_35",0.750763732016417,6.4474875316467e-06,0.0014580416660178,"Positive"
"ASV_24","ASV_44",0.713238375302495,2.96966860768855e-05,0.00354746435791252,"Positive"
"ASV_12","ASV_45",0.7002442002442,4.77445867890225e-05,0.00560759392060803,"Positive"
"ASV_12","ASV_47",0.722832722832723,2.05687046614944e-05,0.00269891567676238,"Positive"
"ASV_45","ASV_47",0.661782661782662,0.000170328768137828,0.014537436180553,"Positive"
"ASV_12","ASV_48",0.759926836963729,4.26308977763412e-06,0.000970161285336004,"Positive"
"ASV_45","ASV_48",0.847281770794768,2.4818677335503e-08,6.20948011129168e-06,"Positive"
"ASV_47","ASV_48",0.671350155806381,0.000126271679946832,0.0131273546249632,"Positive"
"ASV_45","ASV_49",0.695970695970696,5.55166358475745e-05,0.00648712147616307,"Positive"
"ASV_47","ASV_49",0.713675213675214,2.92134937194266e-05,0.00349140090299671,"Positive"
"ASV_16","ASV_53",0.645299145299145,0.000278540297104835,0.0232759628418995,"Positive"
"ASV_12","ASV_57",0.674404524122151,0.000114506049030183,0.0129472596633656,"Positive"
"ASV_15","ASV_57",0.743433248058567,8.86619358420049e-06,0.00199425969095205,"Positive"
"ASV_18","ASV_57",0.645693461953908,0.000275374608021739,0.0230267149388809,"Positive"
"ASV_28","ASV_57",0.667684913827456,0.000141789718825613,0.0131273546249632,"Positive"
"ASV_45","ASV_57",0.62675637839613,0.000468560473876334,0.0380188035049335,"Positive"
"ASV_47","ASV_57",0.656689187890682,0.000198906898847273,0.0169249059855863,"Positive"
"ASV_53","ASV_60",0.628860410628903,0.00044244412080463,0.0359925575261543,"Positive"
"ASV_30","ASV_61",0.624788989269857,0.000494189831260261,0.0399053928710463,"Positive"
"ASV_43","ASV_62",0.665147715805747,0.000153494525760411,0.0131273546249632,"Positive"
"ASV_25","ASV_66",0.65791093521699,0.000191692659578191,0.0163331360705934,"Positive"
"ASV_8","ASV_68",0.648962148962149,0.000250325673891272,0.0211428592248536,"Positive"
"ASV_16","ASV_68",0.703296703296703,4.28007240773631e-05,0.00507429498193684,"Positive"
"ASV_31","ASV_68",0.708002575595628,3.60671150960723e-05,0.00429418757526297,"Positive"
"ASV_35","ASV_68",0.725885225885226,1.82428742685481e-05,0.00269891567676238,"Positive"
"ASV_29","ASV_70",0.693528693528694,6.04445461025449e-05,0.00704408178772648,"Positive"
"ASV_45","ASV_70",0.671550671550671,0.000125467777962518,0.0131273546249632,"Positive"
"ASV_47","ASV_70",0.644688644688645,0.000283504612635044,0.0236593811263851,"Positive"
"ASV_57","ASV_70",0.697006849658854,5.35357708104645e-05,0.00626438207072982,"Positive"
"ASV_12","ASV_84",0.669210815307128,0.000135136004707714,0.0131273546249632,"Positive"
"ASV_28","ASV_84",0.692413380071426,6.28214717761644e-05,0.00731352929634676,"Positive"
"ASV_57","ASV_84",0.771651218937683,2.44378045977101e-06,0.000573240748203228,"Positive"
"ASV_15","ASV_85",0.617216117216117,0.00060463120210752,0.0478261000673954,"Positive"
"ASV_29","ASV_85",0.643467643467644,0.000293666769720646,0.0242740419063508,"Positive"
"ASV_47","ASV_85",0.766178266178266,3.18116716169214e-06,0.000744822203499632,"Positive"
"ASV_57","ASV_85",0.703115586290395,4.30808365325941e-05,0.00510509941199212,"Positive"
"ASV_70","ASV_85",0.650793650793651,0.000237184607226215,0.0200666150305218,"Positive"
"ASV_28","ASV_87",0.750915750915751,6.40430522103053e-06,0.00144957877932309,"Positive"
"ASV_29","ASV_87",0.694749694749695,5.79341334059347e-05,0.00676646482951588,"Positive"
"ASV_57","ASV_87",0.715943933216632,2.68147961504095e-05,0.00320929629913329,"Positive"
"ASV_70","ASV_87",0.661172161172161,0.000173551340615363,0.0148024414355079,"Positive"
"ASV_84","ASV_87",0.741871478647957,9.47593716693618e-06,0.00212570945207843,"Positive"
"ASV_85","ASV_87",0.6996336996337,4.87920870235747e-05,0.00572794978703295,"Positive"
"ASV_39","ASV_88",0.665147715805747,0.000153494525760411,0.0131273546249632,"Positive"
"ASV_15","ASV_104",0.633089133089133,0.000393778215878715,0.0322210689354984,"Positive"
"ASV_45","ASV_104",0.626373626373626,0.000473453540151825,0.0383170060413227,"Positive"
"ASV_57","ASV_104",0.624312883743513,0.000500573106067215,0.0403949175798614,"Positive"
"ASV_70","ASV_104",0.72039072039072,2.26159417047178e-05,0.00271709758824294,"Positive"
"ASV_85","ASV_104",0.632478632478632,0.000400500824037309,0.0327498553950846,"Positive"
"ASV_44","ASV_110",0.716958831105143,2.57997442965063e-05,0.00309075042394534,"Positive"
"ASV_53","ASV_110",0.650339851878941,0.000240382788179172,0.0203303581554962,"Positive"
"ASV_81","ASV_110",0.641999478145423,0.000306308218360973,0.0252940442980201,"Positive"
"ASV_32","ASV_112",0.655721952859649,0.00020478667580992,0.0174193248962413,"Positive"
"ASV_57","ASV_112",0.679520596392253,9.69563936319418e-05,0.0111177400889255,"Positive"
"ASV_84","ASV_112",0.631746098667568,0.000408699639326215,0.0333660900811585,"Positive"
"ASV_12","ASV_115",0.631257631257631,0.000414248055093713,0.0337813563745485,"Positive"
"ASV_45","ASV_115",0.846764346764347,2.5814233639565e-08,6.45214849643527e-06,"Positive"
"ASV_47","ASV_115",0.618437118437118,0.000585488240708809,0.046575367492163,"Positive"
"ASV_48","ASV_115",0.744044121721721,8.63741278323005e-06,0.0019462789708819,"Positive"
"ASV_49","ASV_115",0.78021978021978,1.59354762230279e-06,0.000374848568967758,"Positive"
"ASV_112","ASV_116",0.620407022590664,0.000555717679727508,0.0443962875403423,"Positive"
"ASV_51","ASV_123",0.665147715805747,0.000153494525760411,0.0131273546249632,"Positive"
"ASV_92","ASV_123",0.665147715805747,0.000153494525760411,0.0131273546249632,"Positive"
"ASV_102","ASV_124",0.66689439814106,0.000145349110937776,0.0131273546249632,"Positive"
"ASV_111","ASV_125",-0.693917987980941,5.96338706224664e-05,0.00695852900617602,"Negative"
"ASV_9","ASV_126",0.748094427589428,7.24944663543781e-06,0.00163645692457984,"Positive"
"ASV_15","ASV_131",0.64041514041514,0.000320483154804929,0.0264039304905488,"Positive"
"ASV_47","ASV_131",0.699023199023199,4.98599396818733e-05,0.00584513158743787,"Positive"
"ASV_49","ASV_131",0.675213675213675,0.000111556207450292,0.0126307420756641,"Positive"
"ASV_57","ASV_131",0.717776554206094,2.50069412661702e-05,0.00299720099142319,"Positive"
"ASV_84","ASV_131",0.77362235674647,2.21845227432738e-06,0.00052135699830703,"Positive"
"ASV_85","ASV_131",0.781440781440781,1.49706027041674e-06,0.000352481370217531,"Positive"
"ASV_112","ASV_131",0.650287486695014,0.000240754263697074,0.0203549359762294,"Positive"
"ASV_55","ASV_142",0.751928903505001,6.12306438840804e-06,0.00138716893901023,"Positive"
"ASV_16","ASV_147",0.657894879218956,0.000191785953439272,0.0163355551779687,"Positive"
"ASV_119","ASV_150",0.644424077783084,0.000285679961085528,0.0237385994735629,"Positive"
"ASV_127","ASV_150",0.720576692122892,2.24538803994534e-05,0.00269891567676238,"Positive"
"ASV_12","ASV_161",0.739224342683854,1.05955014246817e-05,0.00237051976096467,"Positive"
"ASV_45","ASV_161",0.742587232580266,9.19198852566971e-06,0.00206569424282896,"Positive"
"ASV_47","ASV_161",0.803730685242288,4.44511103925294e-07,0.000107785377940729,"Positive"
"ASV_48","ASV_161",0.710615166170123,3.27507890918177e-05,0.00391044111027754,"Positive"
"ASV_49","ASV_161",0.6468977291642,0.000265901096586418,0.0222641305739583,"Positive"
"ASV_70","ASV_161",0.617854589149739,0.000594554190259,0.0472368424612497,"Positive"
"ASV_84","ASV_161",0.671304717402332,0.000126454481049088,0.0131273546249632,"Positive"
"ASV_85","ASV_161",0.694589622240578,5.82578896193287e-05,0.00680112222993364,"Positive"
"ASV_104","ASV_161",0.662183592329706,0.000168241219316245,0.0143690104159492,"Positive"
"ASV_115","ASV_161",0.715684113408976,2.70803053654678e-05,0.00323953301281436,"Positive"
"ASV_131","ASV_161",0.67227226201894,0.000122612060259542,0.0131273546249632,"Positive"
"ASV_138","ASV_164",0.638268199405268,0.000340608107864515,0.0280069773632666,"Positive"
"ASV_148","ASV_164",0.619322592323798,0.000571938517563986,0.0456272789788486,"Positive"
"ASV_47","ASV_166",0.667074040164302,0.000144533404144997,0.0131273546249632,"Positive"
"ASV_12","ASV_167",0.626720389785733,0.000469018658380005,0.0380437161524187,"Positive"
"ASV_45","ASV_167",0.702843988349951,4.35039376396329e-05,0.00515038738673913,"Positive"
"ASV_47","ASV_167",0.615408851043258,0.000633967199135776,0.0498177877572523,"Positive"
"ASV_48","ASV_167",0.679412950522532,9.7299617294766e-05,0.0111520160177624,"Positive"
"ASV_70","ASV_167",0.743504384370196,8.83927608219537e-06,0.0019899835362327,"Positive"
"ASV_85","ASV_167",0.741975798053645,9.43407005138397e-06,0.00211820540729981,"Positive"
"ASV_115","ASV_167",0.653012074430402,0.000222082362846709,0.0188713775545923,"Positive"
"ASV_161","ASV_167",0.736221677893448,1.20073621650008e-05,0.00268162645973369,"Positive"
"ASV_68","ASV_168",0.644735443920329,0.000283121332652847,0.0236352317817772,"Positive"
"ASV_58","ASV_175",0.795306004198565,7.15677216822641e-07,0.000168821346849273,"Positive"
"ASV_62","ASV_175",0.665147715805747,0.000153494525760411,0.0131273546249632,"Positive"
"ASV_112","ASV_176",0.618401354558079,0.000586041341406052,0.0466046367852121,"Positive"
"ASV_173","ASV_183",1,0,0,"Positive"
"ASV_102","ASV_194",0.816966241904771,2.00539663541832e-07,4.86738964466359e-05,"Positive"
"ASV_113","ASV_194",0.714233544727784,2.86061101655299e-05,0.00342043463093257,"Positive"
"ASV_147","ASV_194",0.644146894410541,0.000287974748796049,0.0239213875901722,"Positive"
"ASV_92","ASV_196",0.720576692122892,2.24538803994534e-05,0.00269891567676238,"Positive"
"ASV_61","ASV_197",0.674926446644592,0.000112595548477756,0.0127369602580265,"Positive"
"ASV_113","ASV_206",0.620431670147232,0.000555353719207563,0.0443962875403423,"Positive"
"ASV_147","ASV_206",0.66110741348387,0.000173896246279615,0.0148268345892099,"Positive"
"ASV_45","ASV_210",0.66313035131664,0.000163400905196953,0.0139603499095544,"Positive"
"ASV_115","ASV_210",0.615517780036466,0.000632164542734959,0.0496916472778499,"Positive"
"ASV_201","ASV_210",0.629883295154915,0.000430214074801594,0.0350089659092102,"Positive"
"ASV_18","ASV_211",0.626984644399747,0.000465663434463526,0.0378081155281604,"Positive"
"ASV_201","ASV_211",0.672351410100179,0.000122302349738534,0.0131273546249632,"Positive"
"ASV_150","ASV_213",0.615234836773903,0.00063685624331411,0.0498580193346641,"Positive"
"ASV_110","ASV_216",0.662045243189399,0.000168959007986969,0.0144254197813026,"Positive"
"ASV_133","ASV_216",0.908203027300033,6.0290883396874e-11,1.51446246472817e-08,"Positive"
"ASV_21","ASV_222",0.720576692122892,2.24538803994534e-05,0.00269891567676238,"Positive"
"ASV_173","ASV_224",0.720576692122892,2.24538803994534e-05,0.00269891567676238,"Positive"
"ASV_183","ASV_224",0.720576692122892,2.24538803994534e-05,0.00269891567676238,"Positive"
"ASV_43","ASV_227",0.665147715805747,0.000153494525760411,0.0131273546249632,"Positive"
"ASV_62","ASV_227",1,0,0,"Positive"
"ASV_175","ASV_227",0.665147715805747,0.000153494525760411,0.0131273546249632,"Positive"
"ASV_16","ASV_235",0.682238027948815,8.86391907461981e-05,0.0102386604473907,"Positive"
"ASV_68","ASV_235",0.66814220092508,0.000139766030623045,0.0131273546249632,"Positive"
"ASV_147","ASV_235",0.616043415679378,0.000623528503577608,0.0490741109155616,"Positive"
"ASV_133","ASV_236",0.647043603009697,0.000264773230641557,0.022177070977147,"Positive"
"ASV_216","ASV_236",0.773275696815665,2.25667301334553e-06,0.000529844509416049,"Positive"
"ASV_161","ASV_240",0.621555419473362,0.000538979186944344,0.0432308369846898,"Positive"
"ASV_173","ASV_241",0.720576692122892,2.24538803994534e-05,0.00269891567676238,"Positive"
"ASV_183","ASV_241",0.720576692122892,2.24538803994534e-05,0.00269891567676238,"Positive"
"ASV_188","ASV_242",0.626578171938542,0.000470833121332337,0.0381599265325571,"Positive"
"ASV_125","ASV_243",0.634684421216871,0.000376675684293559,0.030871828836948,"Positive"
"ASV_199","ASV_245",0.621108462705605,0.000545440748498827,0.0437073254356613,"Positive"
"ASV_156","ASV_246",0.616417643106205,0.000617442910788579,0.0486255611486018,"Positive"
"ASV_16","ASV_249",0.636795166060576,0.000355048815890324,0.0291658001682491,"Positive"
"ASV_53","ASV_249",0.630724364176406,0.000420380499609685,0.0342419643525112,"Positive"
"ASV_197","ASV_249",0.642872713033775,0.00029873306313899,0.0246847072642048,"Positive"
"ASV_9","ASV_250",0.720099863885239,2.28714930270435e-05,0.00274517903549915,"Positive"
"ASV_205","ASV_251",-0.633674305959368,0.000387427446391975,0.0317323628765467,"Negative"
"ASV_9","ASV_260",0.647970347503062,0.000257705474022707,0.0216935538369602,"Positive"
"ASV_48","ASV_263",0.625994396648253,0.0004783455668389,0.0387004781245635,"Positive"
"ASV_63","ASV_264",1,0,0,"Positive"
"ASV_150","ASV_268",0.665147715805747,0.000153494525760411,0.0131273546249632,"Positive"
"ASV_173","ASV_270",0.665147715805747,0.000153494525760411,0.0131273546249632,"Positive"
"ASV_183","ASV_270",0.665147715805747,0.000153494525760411,0.0131273546249632,"Positive"
"ASV_187","ASV_275",0.677064606881863,0.000105059540570274,0.0119543223615891,"Positive"
"ASV_43","ASV_284",0.673932153356572,0.00011625979537655,0.0130984821832143,"Positive"
"ASV_187","ASV_285",0.642368338851655,0.000303088105589211,0.0250363507503369,"Positive"
"ASV_39","ASV_289",0.665147715805747,0.000153494525760411,0.0131273546249632,"Positive"
"ASV_88","ASV_289",1,0,0,"Positive"
"ASV_114","ASV_290",0.63137168792681,0.000412946640788725,0.0336909577806542,"Positive"
"ASV_38","ASV_292",0.616586848946598,0.000614708372985717,0.0484253596052082,"Positive"
"ASV_129","ASV_292",0.623921735004456,0.000505871122569168,0.0407310403694967,"Positive"
"ASV_135","ASV_292",0.721476390649204,2.16843765996622e-05,0.00269891567676238,"Positive"
"ASV_236","ASV_292",0.646021942078098,0.000272761637960084,0.0228157994238496,"Positive"
"ASV_43","ASV_299",0.615234836773903,0.00063685624331411,0.0498580193346641,"Positive"
"ASV_26","ASV_305",0.615777261411966,0.000627888396850462,0.0494018037028062,"Positive"
"ASV_113","ASV_305",0.683131844402192,8.60449957069687e-05,0.00994813743429742,"Positive"
"ASV_47","ASV_311",-0.616985180964863,0.000608312577913495,0.0481021785416076,"Negative"
"ASV_49","ASV_311",-0.62081937162855,0.000549656000414123,0.044017075095206,"Negative"
"ASV_57","ASV_311",-0.678107311180257,0.000101548960319775,0.0115810446613891,"Negative"
"ASV_131","ASV_311",-0.685042065245296,8.07248864438392e-05,0.00935023023169909,"Negative"
"ASV_168","ASV_311",0.620943383092103,0.000547844313000923,0.0438859561937515,"Positive"
"ASV_258","ASV_311",0.625974643711283,0.000478601583820737,0.0387087485988947,"Positive"
"ASV_13","ASV_316",0.663208172024411,0.000163008560809086,0.0139315584763473,"Positive"
"ASV_133","ASV_319",0.667041102713508,0.000144682661348483,0.0131273546249632,"Positive"
"ASV_216","ASV_319",0.702278751000687,4.43963301968164e-05,0.00523513930937692,"Positive"
"ASV_175","ASV_320",0.702193824303783,4.45318073913903e-05,0.00523513930937692,"Positive"
"ASV_157","ASV_321",0.690653031608678,6.67419127542423e-05,0.00774843437761948,"Positive"
"ASV_325","ASV_333",0.698317483660952,5.11201466197875e-05,0.00598450479231042,"Positive"
"ASV_39","ASV_334",0.622173756032602,0.000530150243934546,0.0425497977191026,"Positive"
"ASV_175","ASV_338",0.720576692122892,2.24538803994534e-05,0.00269891567676238,"Positive"
"ASV_241","ASV_338",0.665147715805747,0.000153494525760411,0.0131273546249632,"Positive"
"ASV_185","ASV_339",0.720576692122892,2.24538803994534e-05,0.00269891567676238,"Positive"
"ASV_123","ASV_341",0.665147715805747,0.000153494525760411,0.0131273546249632,"Positive"
"ASV_173","ASV_341",0.720576692122892,2.24538803994534e-05,0.00269891567676238,"Positive"
"ASV_183","ASV_341",0.720576692122892,2.24538803994534e-05,0.00269891567676238,"Positive"
"ASV_63","ASV_342",0.720576692122892,2.24538803994534e-05,0.00269891567676238,"Positive"
"ASV_264","ASV_342",0.720576692122892,2.24538803994534e-05,0.00269891567676238,"Positive"
"ASV_17","ASV_343",1,0,0,"Positive"
"ASV_222","ASV_346",0.665147715805747,0.000153494525760411,0.0131273546249632,"Positive"
"ASV_13","ASV_354",0.765759031906359,3.24513858140918e-06,0.000746604346661594,"Positive"
"ASV_173","ASV_354",0.720576692122892,2.24538803994534e-05,0.00269891567676238,"Positive"
"ASV_183","ASV_354",0.720576692122892,2.24538803994534e-05,0.00269891567676238,"Positive"
"ASV_282","ASV_354",0.665147715805747,0.000153494525760411,0.0131273546249632,"Positive"
"ASV_290","ASV_354",0.670201040894407,0.00013096699263615,0.0131273546249632,"Positive"
"ASV_122","ASV_355",-0.796760050800004,6.60242174266301e-07,0.000157516259764888,"Negative"
"ASV_12","ASV_377",0.625854719853872,0.000480158484034376,0.0388221939091013,"Positive"
"ASV_32","ASV_377",0.630418459640147,0.000423934060408637,0.0345202469539152,"Positive"
"ASV_57","ASV_377",0.68610266858978,7.7898574496249e-05,0.00903117536058655,"Positive"
"ASV_156","ASV_377",0.635125698210085,0.000372061314435346,0.0305334113259877,"Positive"
"ASV_161","ASV_377",0.62147888770273,0.00054008082567103,0.0432916061838439,"Positive"
"ASV_21","ASV_378",1,0,0,"Positive"
"ASV_222","ASV_378",0.720576692122892,2.24538803994534e-05,0.00269891567676238,"Positive"
"ASV_342","ASV_379",0.832239719563824,7.36862437733521e-08,1.81117764907557e-05,"Positive"
"ASV_201","ASV_381",0.649813134701418,0.000244142342632481,0.0206344549794769,"Positive"
"ASV_337","ASV_381",0.615729122330905,0.000628679798477361,0.0494486130867998,"Positive"
"ASV_381","ASV_385",0.637632732830748,0.000346773425994762,0.0284953109551915,"Positive"
"ASV_90","ASV_388",0.625726819449556,0.000481823814974414,0.0389443304784795,"Positive"
"ASV_43","ASV_390",0.615234836773903,0.00063685624331411,0.0498580193346641,"Positive"
"ASV_39","ASV_391",0.795306004198565,7.15677216822641e-07,0.000168821346849273,"Positive"
"ASV_129","ASV_394",0.645195042212938,0.000279381379561183,0.02333849861555,"Positive"
"ASV_173","ASV_395",1,0,0,"Positive"
"ASV_183","ASV_395",1,0,0,"Positive"
"ASV_224","ASV_395",0.720576692122892,2.24538803994534e-05,0.00269891567676238,"Positive"
"ASV_241","ASV_395",0.720576692122892,2.24538803994534e-05,0.00269891567676238,"Positive"
"ASV_270","ASV_395",0.665147715805747,0.000153494525760411,0.0131273546249632,"Positive"
"ASV_341","ASV_395",0.720576692122892,2.24538803994534e-05,0.00269891567676238,"Positive"
"ASV_354","ASV_395",0.720576692122892,2.24538803994534e-05,0.00269891567676238,"Positive"
"ASV_185","ASV_403",0.8002304995806,5.43241576611564e-07,0.000129725985412948,"Positive"
"ASV_17","ASV_411",1,0,0,"Positive"
"ASV_343","ASV_411",1,0,0,"Positive"
"ASV_43","ASV_416",0.765759031906359,3.24513858140918e-06,0.000746604346661594,"Positive"
"ASV_284","ASV_416",0.881113557339258,1.31344934928279e-09,3.29599834464339e-07,"Positive"
"ASV_174","ASV_429",-0.69179366448431,6.41776922312154e-05,0.00745417824002573,"Negative"
"ASV_54","ASV_430",0.620389344262295,0.000555978856660477,0.0443962875403423,"Positive"
"ASV_173","ASV_431",0.720576692122892,2.24538803994534e-05,0.00269891567676238,"Positive"
"ASV_183","ASV_431",0.720576692122892,2.24538803994534e-05,0.00269891567676238,"Positive"
"ASV_250","ASV_431",0.734803444627488,1.27308589377151e-05,0.00269891567676238,"Positive"
"ASV_274","ASV_431",0.732629469939241,1.39156190015477e-05,0.00269891567676238,"Positive"
"ASV_376","ASV_431",0.734803444627488,1.27308589377151e-05,0.00269891567676238,"Positive"
"ASV_395","ASV_431",0.720576692122892,2.24538803994534e-05,0.00269891567676238,"Positive"
"ASV_404","ASV_440",1,0,0,"Positive"
"ASV_29","ASV_441",0.626909393367622,0.00046661674836912,0.037873299735816,"Positive"
"ASV_331","ASV_443",-0.638847229000139,0.000335074220763953,0.0275699594623025,"Negative"
"ASV_43","ASV_448",0.665147715805747,0.000153494525760411,0.0131273546249632,"Positive"
"ASV_62","ASV_448",1,0,0,"Positive"
"ASV_175","ASV_448",0.665147715805747,0.000153494525760411,0.0131273546249632,"Positive"
"ASV_227","ASV_448",1,0,0,"Positive"
"ASV_191","ASV_452",0.624573972267819,0.000497063760370065,0.0401245872887567,"Positive"
"ASV_114","ASV_455",0.640136681280723,0.000323033062247013,0.0265966001315872,"Positive"
"ASV_274","ASV_455",0.693532047096029,6.04375210386809e-05,0.00704408178772648,"Positive"
"ASV_290","ASV_455",0.757142857142857,4.84319328752925e-06,0.00110118115131407,"Positive"
"ASV_431","ASV_455",0.668218197578152,0.000139432194518285,0.0131273546249632,"Positive"
"ASV_341","ASV_456",0.832239719563824,7.36862437733521e-08,1.81117764907557e-05,"Positive"
"ASV_187","ASV_458",0.646164860332073,0.000271631576072018,0.0227288263096564,"Positive"
"ASV_285","ASV_458",0.618116337745521,0.000590465539719087,0.0469268152887893,"Positive"
"ASV_337","ASV_458",0.633629034117517,0.000387915551943063,0.0317620054802568,"Positive"
"ASV_381","ASV_458",0.622355237019976,0.000527583050527358,0.0424249252084612,"Positive"
"ASV_290","ASV_459",0.635462018158636,0.000368577788093738,0.0302573993392868,"Positive"
"ASV_43","ASV_460",0.665147715805747,0.000153494525760411,0.0131273546249632,"Positive"
"ASV_62","ASV_460",1,0,0,"Positive"
"ASV_175","ASV_460",0.665147715805747,0.000153494525760411,0.0131273546249632,"Positive"
"ASV_227","ASV_460",1,0,0,"Positive"
"ASV_448","ASV_460",1,0,0,"Positive"
"ASV_135","ASV_462",0.628434065934066,0.000447630784772945,0.0363792154902895,"Positive"
"ASV_110","ASV_463",0.655476255932267,0.000206304398362445,0.0175424951168363,"Positive"
"ASV_216","ASV_463",0.696000276370938,5.54591962356188e-05,0.0064834195989429,"Positive"
"ASV_12","ASV_464",0.634768382382395,0.000375793873449881,0.0308196282104815,"Positive"
"ASV_49","ASV_464",0.708037984788354,3.6020243472823e-05,0.00429063662134036,"Positive"
"ASV_115","ASV_464",0.618564528004154,0.000583521507093732,0.0464335901764011,"Positive"
"ASV_92","ASV_467",0.673932153356572,0.00011625979537655,0.0130984821832143,"Positive"
"ASV_341","ASV_467",0.643496507721114,0.000293422897945206,0.0242618516091717,"Positive"
"ASV_416","ASV_472",0.681434081242377,9.10314175899263e-05,0.0105005282540314,"Positive"
"ASV_13","ASV_474",0.832239719563824,7.36862437733521e-08,1.81117764907557e-05,"Positive"
"ASV_21","ASV_474",0.720576692122892,2.24538803994534e-05,0.00269891567676238,"Positive"
"ASV_108","ASV_474",0.732629469939241,1.39156190015477e-05,0.00269891567676238,"Positive"
"ASV_173","ASV_474",0.665147715805747,0.000153494525760411,0.0131273546249632,"Positive"
"ASV_183","ASV_474",0.665147715805747,0.000153494525760411,0.0131273546249632,"Positive"
"ASV_378","ASV_474",0.720576692122892,2.24538803994534e-05,0.00269891567676238,"Positive"
"ASV_395","ASV_474",0.665147715805747,0.000153494525760411,0.0131273546249632,"Positive"
"ASV_421","ASV_474",0.673932153356572,0.00011625979537655,0.0130984821832143,"Positive"
"ASV_404","ASV_481",1,0,0,"Positive"
"ASV_440","ASV_481",1,0,0,"Positive"
"ASV_33","ASV_482",0.644424077783084,0.000285679961085528,0.0237385994735629,"Positive"
"ASV_127","ASV_482",0.665147715805747,0.000153494525760411,0.0131273546249632,"Positive"
"ASV_339","ASV_482",0.720576692122892,2.24538803994534e-05,0.00269891567676238,"Positive"
"ASV_205","ASV_486",0.631251065768656,0.000414323078043788,0.0337813563745485,"Positive"
"ASV_150","ASV_487",0.622173756032602,0.000530150243934546,0.0425497977191026,"Positive"
"ASV_108","ASV_491",0.671758178668325,0.000124640607513715,0.0131273546249632,"Positive"
"ASV_173","ASV_491",0.665147715805747,0.000153494525760411,0.0131273546249632,"Positive"
"ASV_183","ASV_491",0.665147715805747,0.000153494525760411,0.0131273546249632,"Positive"
"ASV_395","ASV_491",0.665147715805747,0.000153494525760411,0.0131273546249632,"Positive"
"ASV_456","ASV_491",0.795306004198565,7.15677216822641e-07,0.000168821346849273,"Positive"
"ASV_346","ASV_492",0.665147715805747,0.000153494525760411,0.0131273546249632,"Positive"
"ASV_337","ASV_495",0.634879670977567,0.00037462784019926,0.0307340137675856,"Positive"
"ASV_458","ASV_495",0.617254645951805,0.000604018907012893,0.0477926874569664,"Positive"
"ASV_241","ASV_496",0.678280102733066,0.000100977333874486,0.0115210743651581,"Positive"
"ASV_373","ASV_498",0.675584268264057,0.000110227740190094,0.0124859455747731,"Positive"
"ASV_188","ASV_510",0.693398734305989,6.07173434725716e-05,0.00707184255683892,"Positive"
"ASV_177","ASV_511",1,0,0,"Positive"
"ASV_43","ASV_513",0.644424077783084,0.000285679961085528,0.0237385994735629,"Positive"
"ASV_342","ASV_513",0.668218197578152,0.000139432194518285,0.0131273546249632,"Positive"
"ASV_17","ASV_515",1,0,0,"Positive"
"ASV_343","ASV_515",1,0,0,"Positive"
"ASV_411","ASV_515",1,0,0,"Positive"
"ASV_173","ASV_518",1,0,0,"Positive"
"ASV_183","ASV_518",1,0,0,"Positive"
"ASV_224","ASV_518",0.720576692122892,2.24538803994534e-05,0.00269891567676238,"Positive"
"ASV_241","ASV_518",0.720576692122892,2.24538803994534e-05,0.00269891567676238,"Positive"
"ASV_270","ASV_518",0.665147715805747,0.000153494525760411,0.0131273546249632,"Positive"
"ASV_341","ASV_518",0.720576692122892,2.24538803994534e-05,0.00269891567676238,"Positive"
"ASV_354","ASV_518",0.720576692122892,2.24538803994534e-05,0.00269891567676238,"Positive"
"ASV_395","ASV_518",1,0,0,"Positive"
"ASV_431","ASV_518",0.720576692122892,2.24538803994534e-05,0.00269891567676238,"Positive"
"ASV_474","ASV_518",0.665147715805747,0.000153494525760411,0.0131273546249632,"Positive"
"ASV_491","ASV_518",0.665147715805747,0.000153494525760411,0.0131273546249632,"Positive"
"ASV_51","ASV_527",0.720576692122892,2.24538803994534e-05,0.00269891567676238,"Positive"
"ASV_63","ASV_534",1,0,0,"Positive"
"ASV_264","ASV_534",1,0,0,"Positive"
"ASV_342","ASV_534",0.720576692122892,2.24538803994534e-05,0.00269891567676238,"Positive"
"ASV_63","ASV_536",0.720576692122892,2.24538803994534e-05,0.00269891567676238,"Positive"
"ASV_123","ASV_536",0.665147715805747,0.000153494525760411,0.0131273546249632,"Positive"
"ASV_264","ASV_536",0.720576692122892,2.24538803994534e-05,0.00269891567676238,"Positive"
"ASV_379","ASV_536",0.8002304995806,5.43241576611564e-07,0.000129725985412948,"Positive"
"ASV_534","ASV_536",0.720576692122892,2.24538803994534e-05,0.00269891567676238,"Positive"
"ASV_173","ASV_541",1,0,0,"Positive"
"ASV_183","ASV_541",1,0,0,"Positive"
"ASV_224","ASV_541",0.720576692122892,2.24538803994534e-05,0.00269891567676238,"Positive"
"ASV_241","ASV_541",0.720576692122892,2.24538803994534e-05,0.00269891567676238,"Positive"
"ASV_270","ASV_541",0.665147715805747,0.000153494525760411,0.0131273546249632,"Positive"
"ASV_341","ASV_541",0.720576692122892,2.24538803994534e-05,0.00269891567676238,"Positive"
"ASV_354","ASV_541",0.720576692122892,2.24538803994534e-05,0.00269891567676238,"Positive"
"ASV_395","ASV_541",1,0,0,"Positive"
"ASV_431","ASV_541",0.720576692122892,2.24538803994534e-05,0.00269891567676238,"Positive"
"ASV_474","ASV_541",0.665147715805747,0.000153494525760411,0.0131273546249632,"Positive"
"ASV_491","ASV_541",0.665147715805747,0.000153494525760411,0.0131273546249632,"Positive"
"ASV_518","ASV_541",1,0,0,"Positive"
"ASV_123","ASV_546",0.665147715805747,0.000153494525760411,0.0131273546249632,"Positive"
"ASV_127","ASV_546",0.720576692122892,2.24538803994534e-05,0.00269891567676238,"Positive"
"ASV_349","ASV_546",0.763296784215341,3.64471975866643e-06,0.000830187999690087,"Positive"
"ASV_274","ASV_549",0.768370607028754,2.86470582433473e-06,0.000671352078636807,"Positive"
"ASV_431","ASV_549",0.734803444627488,1.27308589377151e-05,0.00269891567676238,"Positive"
"ASV_455","ASV_549",0.910625061838274,4.37445635270706e-11,1.09992886283177e-08,"Positive"
"ASV_2","ASV_551",-0.627313720654652,0.000461514522804407,0.0374833487632318,"Negative"
"ASV_62","ASV_553",0.665147715805747,0.000153494525760411,0.0131273546249632,"Positive"
"ASV_227","ASV_553",0.665147715805747,0.000153494525760411,0.0131273546249632,"Positive"
"ASV_448","ASV_553",0.665147715805747,0.000153494525760411,0.0131273546249632,"Positive"
"ASV_460","ASV_553",0.665147715805747,0.000153494525760411,0.0131273546249632,"Positive"
"ASV_533","ASV_553",0.647844457097608,0.000258655734379776,0.0216935538369602,"Positive"
"ASV_173","ASV_557",1,0,0,"Positive"
"ASV_183","ASV_557",1,0,0,"Positive"
"ASV_224","ASV_557",0.720576692122892,2.24538803994534e-05,0.00269891567676238,"Positive"
"ASV_241","ASV_557",0.720576692122892,2.24538803994534e-05,0.00269891567676238,"Positive"
"ASV_270","ASV_557",0.665147715805747,0.000153494525760411,0.0131273546249632,"Positive"
"ASV_341","ASV_557",0.720576692122892,2.24538803994534e-05,0.00269891567676238,"Positive"
"ASV_354","ASV_557",0.720576692122892,2.24538803994534e-05,0.00269891567676238,"Positive"
"ASV_395","ASV_557",1,0,0,"Positive"
"ASV_431","ASV_557",0.720576692122892,2.24538803994534e-05,0.00269891567676238,"Positive"
"ASV_474","ASV_557",0.665147715805747,0.000153494525760411,0.0131273546249632,"Positive"
"ASV_491","ASV_557",0.665147715805747,0.000153494525760411,0.0131273546249632,"Positive"
"ASV_518","ASV_557",1,0,0,"Positive"
"ASV_541","ASV_557",1,0,0,"Positive"
"ASV_270","ASV_562",0.832239719563824,7.36862437733521e-08,1.81117764907557e-05,"Positive"
"ASV_222","ASV_563",0.665147715805747,0.000153494525760411,0.0131273546249632,"Positive"
"ASV_346","ASV_563",1,0,0,"Positive"
"ASV_492","ASV_563",0.665147715805747,0.000153494525760411,0.0131273546249632,"Positive"
"ASV_173","ASV_565",1,0,0,"Positive"
"ASV_183","ASV_565",1,0,0,"Positive"
"ASV_224","ASV_565",0.720576692122892,2.24538803994534e-05,0.00269891567676238,"Positive"
"ASV_241","ASV_565",0.720576692122892,2.24538803994534e-05,0.00269891567676238,"Positive"
"ASV_270","ASV_565",0.665147715805747,0.000153494525760411,0.0131273546249632,"Positive"
"ASV_341","ASV_565",0.720576692122892,2.24538803994534e-05,0.00269891567676238,"Positive"
"ASV_354","ASV_565",0.720576692122892,2.24538803994534e-05,0.00269891567676238,"Positive"
"ASV_395","ASV_565",1,0,0,"Positive"
"ASV_431","ASV_565",0.720576692122892,2.24538803994534e-05,0.00269891567676238,"Positive"
"ASV_474","ASV_565",0.665147715805747,0.000153494525760411,0.0131273546249632,"Positive"
"ASV_491","ASV_565",0.665147715805747,0.000153494525760411,0.0131273546249632,"Positive"
"ASV_518","ASV_565",1,0,0,"Positive"
"ASV_541","ASV_565",1,0,0,"Positive"
"ASV_557","ASV_565",1,0,0,"Positive"
"ASV_17","ASV_566",0.665147715805747,0.000153494525760411,0.0131273546249632,"Positive"
"ASV_343","ASV_566",0.665147715805747,0.000153494525760411,0.0131273546249632,"Positive"
"ASV_386","ASV_566",0.720576692122892,2.24538803994534e-05,0.00269891567676238,"Positive"
"ASV_411","ASV_566",0.665147715805747,0.000153494525760411,0.0131273546249632,"Positive"
"ASV_453","ASV_566",0.734803444627488,1.27308589377151e-05,0.00269891567676238,"Positive"
"ASV_498","ASV_566",0.640458391150573,0.000320088686899478,0.026388706861829,"Positive"
"ASV_515","ASV_566",0.665147715805747,0.000153494525760411,0.0131273546249632,"Positive"
"ASV_177","ASV_567",0.720576692122892,2.24538803994534e-05,0.00269891567676238,"Positive"
"ASV_403","ASV_567",0.765759031906359,3.24513858140918e-06,0.000746604346661594,"Positive"
"ASV_511","ASV_567",0.720576692122892,2.24538803994534e-05,0.00269891567676238,"Positive"
"ASV_127","ASV_568",0.720576692122892,2.24538803994534e-05,0.00269891567676238,"Positive"
"ASV_307","ASV_571",0.741565603494102,9.59965533553486e-06,0.00215154519116424,"Positive"
"ASV_43","ASV_574",0.720576692122892,2.24538803994534e-05,0.00269891567676238,"Positive"
"ASV_342","ASV_574",0.665147715805747,0.000153494525760411,0.0131273546249632,"Positive"
"ASV_127","ASV_575",0.720576692122892,2.24538803994534e-05,0.00269891567676238,"Positive"
"ASV_300","ASV_575",0.665147715805747,0.000153494525760411,0.0131273546249632,"Positive"
"ASV_430","ASV_575",0.8002304995806,5.43241576611564e-07,0.000129725985412948,"Positive"
"ASV_546","ASV_576",0.624019968958515,0.000504535981971088,0.0406365388743082,"Positive"
"ASV_430","ASV_577",0.648053278688525,0.000257081160242034,0.02167706620674,"Positive"
"ASV_487","ASV_577",0.641485296321742,0.000310847034676431,0.0256520145550441,"Positive"
"ASV_575","ASV_577",0.829777471872807,8.71652050538074e-08,2.12381861432895e-05,"Positive"
"ASV_177","ASV_579",0.720576692122892,2.24538803994534e-05,0.00269891567676238,"Positive"
"ASV_511","ASV_579",0.720576692122892,2.24538803994534e-05,0.00269891567676238,"Positive"
"ASV_399","ASV_581",0.661341853035144,0.000172650263829732,0.0147305790354659,"Positive"
"ASV_386","ASV_587",1,0,0,"Positive"
"ASV_566","ASV_587",0.720576692122892,2.24538803994534e-05,0.00269891567676238,"Positive"
"ASV_133","ASV_593",0.755392299954591,5.24324952988486e-06,0.001189990703719,"Positive"
"ASV_216","ASV_593",0.684331797235023,8.2668012659104e-05,0.0095620980910998,"Positive"
"ASV_236","ASV_593",0.737466934885528,1.1402636823421e-05,0.00254883363700795,"Positive"
"ASV_386","ASV_596",1,0,0,"Positive"
"ASV_566","ASV_596",0.720576692122892,2.24538803994534e-05,0.00269891567676238,"Positive"
"ASV_587","ASV_596",1,0,0,"Positive"
"ASV_471","ASV_600",0.702193824303783,4.45318073913903e-05,0.00523513930937692,"Positive"
"ASV_43","ASV_604",0.665147715805747,0.000153494525760411,0.0131273546249632,"Positive"
"ASV_62","ASV_604",1,0,0,"Positive"
"ASV_175","ASV_604",0.665147715805747,0.000153494525760411,0.0131273546249632,"Positive"
"ASV_227","ASV_604",1,0,0,"Positive"
"ASV_448","ASV_604",1,0,0,"Positive"
"ASV_460","ASV_604",1,0,0,"Positive"
"ASV_553","ASV_604",0.665147715805747,0.000153494525760411,0.0131273546249632,"Positive"
"ASV_185","ASV_606",0.665147715805747,0.000153494525760411,0.0131273546249632,"Positive"
"ASV_491","ASV_606",0.720576692122892,2.24538803994534e-05,0.00269891567676238,"Positive"
"ASV_567","ASV_606",0.665147715805747,0.000153494525760411,0.0131273546249632,"Positive"
"ASV_600","ASV_606",0.665147715805747,0.000153494525760411,0.0131273546249632,"Positive"
"ASV_315","ASV_609",-0.657153081128198,0.000196140018333013,0.0166951173196915,"Negative"
"ASV_302","ASV_611",0.720576692122892,2.24538803994534e-05,0.00269891567676238,"Positive"
"ASV_43","ASV_613",0.720576692122892,2.24538803994534e-05,0.00269891567676238,"Positive"
"ASV_342","ASV_613",0.665147715805747,0.000153494525760411,0.0131273546249632,"Positive"
"ASV_574","ASV_613",1,0,0,"Positive"
"ASV_431","ASV_614",0.665147715805747,0.000153494525760411,0.0131273546249632,"Positive"
"ASV_282","ASV_615",1,0,0,"Positive"
"ASV_354","ASV_615",0.665147715805747,0.000153494525760411,0.0131273546249632,"Positive"
"ASV_536","ASV_618",0.732629469939241,1.39156190015477e-05,0.00269891567676238,"Positive"
"ASV_553","ASV_624",0.676106128044819,0.000108380732493973,0.012282255049559,"Positive"
"ASV_581","ASV_624",0.707667731629393,3.65130408777059e-05,0.00434522450293815,"Positive"
"ASV_600","ASV_624",0.647844457097608,0.000258655734379776,0.0216935538369602,"Positive"
"ASV_43","ASV_627",0.665147715805747,0.000153494525760411,0.0131273546249632,"Positive"
"ASV_62","ASV_627",1,0,0,"Positive"
"ASV_175","ASV_627",0.665147715805747,0.000153494525760411,0.0131273546249632,"Positive"
"ASV_227","ASV_627",1,0,0,"Positive"
"ASV_448","ASV_627",1,0,0,"Positive"
"ASV_460","ASV_627",1,0,0,"Positive"
"ASV_553","ASV_627",0.665147715805747,0.000153494525760411,0.0131273546249632,"Positive"
"ASV_604","ASV_627",1,0,0,"Positive"
"ASV_553","ASV_633",0.644424077783084,0.000285679961085528,0.0237385994735629,"Positive"
"ASV_21","ASV_636",1,0,0,"Positive"
"ASV_222","ASV_636",0.720576692122892,2.24538803994534e-05,0.00269891567676238,"Positive"
"ASV_378","ASV_636",1,0,0,"Positive"
"ASV_474","ASV_636",0.720576692122892,2.24538803994534e-05,0.00269891567676238,"Positive"
"ASV_173","ASV_638",1,0,0,"Positive"
"ASV_183","ASV_638",1,0,0,"Positive"
"ASV_224","ASV_638",0.720576692122892,2.24538803994534e-05,0.00269891567676238,"Positive"
"ASV_241","ASV_638",0.720576692122892,2.24538803994534e-05,0.00269891567676238,"Positive"
"ASV_270","ASV_638",0.665147715805747,0.000153494525760411,0.0131273546249632,"Positive"
"ASV_341","ASV_638",0.720576692122892,2.24538803994534e-05,0.00269891567676238,"Positive"
"ASV_354","ASV_638",0.720576692122892,2.24538803994534e-05,0.00269891567676238,"Positive"
"ASV_395","ASV_638",1,0,0,"Positive"
"ASV_431","ASV_638",0.720576692122892,2.24538803994534e-05,0.00269891567676238,"Positive"
"ASV_474","ASV_638",0.665147715805747,0.000153494525760411,0.0131273546249632,"Positive"
"ASV_491","ASV_638",0.665147715805747,0.000153494525760411,0.0131273546249632,"Positive"
"ASV_518","ASV_638",1,0,0,"Positive"
"ASV_541","ASV_638",1,0,0,"Positive"
"ASV_557","ASV_638",1,0,0,"Positive"
"ASV_565","ASV_638",1,0,0,"Positive"
"ASV_588","ASV_640",0.657642927806495,0.000193255169055995,0.0164551284761666,"Positive"
"ASV_380","ASV_644",0.699593945549886,4.88609994171441e-05,0.00573336561692218,"Positive"
"ASV_463","ASV_644",0.617417232486444,0.000601441048577067,0.0476292076443435,"Positive"
"ASV_88","ASV_646",0.665147715805747,0.000153494525760411,0.0131273546249632,"Positive"
"ASV_177","ASV_646",0.720576692122892,2.24538803994534e-05,0.00269891567676238,"Positive"
"ASV_289","ASV_646",0.665147715805747,0.000153494525760411,0.0131273546249632,"Positive"
"ASV_511","ASV_646",0.720576692122892,2.24538803994534e-05,0.00269891567676238,"Positive"
"ASV_376","ASV_647",0.723642172523962,1.99275335899252e-05,0.00269891567676238,"Positive"
"ASV_431","ASV_647",0.678280102733066,0.000100977333874486,0.0115210743651581,"Positive"
"ASV_177","ASV_651",1,0,0,"Positive"
"ASV_511","ASV_651",1,0,0,"Positive"
"ASV_567","ASV_651",0.720576692122892,2.24538803994534e-05,0.00269891567676238,"Positive"
"ASV_579","ASV_651",0.720576692122892,2.24538803994534e-05,0.00269891567676238,"Positive"
"ASV_646","ASV_651",0.720576692122892,2.24538803994534e-05,0.00269891567676238,"Positive"
"ASV_43","ASV_653",0.665147715805747,0.000153494525760411,0.0131273546249632,"Positive"
"ASV_62","ASV_653",1,0,0,"Positive"
"ASV_175","ASV_653",0.665147715805747,0.000153494525760411,0.0131273546249632,"Positive"
"ASV_227","ASV_653",1,0,0,"Positive"
"ASV_448","ASV_653",1,0,0,"Positive"
"ASV_460","ASV_653",1,0,0,"Positive"
"ASV_553","ASV_653",0.665147715805747,0.000153494525760411,0.0131273546249632,"Positive"
"ASV_604","ASV_653",1,0,0,"Positive"
"ASV_627","ASV_653",1,0,0,"Positive"
"ASV_39","ASV_657",0.720576692122892,2.24538803994534e-05,0.00269891567676238,"Positive"
"ASV_300","ASV_660",1,0,0,"Positive"
"ASV_575","ASV_660",0.665147715805747,0.000153494525760411,0.0131273546249632,"Positive"
"ASV_39","ASV_663",0.665147715805747,0.000153494525760411,0.0131273546249632,"Positive"
"ASV_88","ASV_663",1,0,0,"Positive"
"ASV_289","ASV_663",1,0,0,"Positive"
"ASV_646","ASV_663",0.665147715805747,0.000153494525760411,0.0131273546249632,"Positive"
"ASV_282","ASV_664",1,0,0,"Positive"
"ASV_354","ASV_664",0.665147715805747,0.000153494525760411,0.0131273546249632,"Positive"
"ASV_615","ASV_664",1,0,0,"Positive"
"ASV_39","ASV_665",0.720576692122892,2.24538803994534e-05,0.00269891567676238,"Positive"
"ASV_657","ASV_665",1,0,0,"Positive"
"ASV_173","ASV_668",0.720576692122892,2.24538803994534e-05,0.00269891567676238,"Positive"
"ASV_183","ASV_668",0.720576692122892,2.24538803994534e-05,0.00269891567676238,"Positive"
"ASV_270","ASV_668",0.997041420118343,0,0,"Positive"
"ASV_395","ASV_668",0.720576692122892,2.24538803994534e-05,0.00269891567676238,"Positive"
"ASV_518","ASV_668",0.720576692122892,2.24538803994534e-05,0.00269891567676238,"Positive"
"ASV_541","ASV_668",0.720576692122892,2.24538803994534e-05,0.00269891567676238,"Positive"
"ASV_557","ASV_668",0.720576692122892,2.24538803994534e-05,0.00269891567676238,"Positive"
"ASV_562","ASV_668",0.829777471872807,8.71652050538074e-08,2.12381861432895e-05,"Positive"
"ASV_565","ASV_668",0.720576692122892,2.24538803994534e-05,0.00269891567676238,"Positive"
"ASV_638","ASV_668",0.720576692122892,2.24538803994534e-05,0.00269891567676238,"Positive"
"ASV_180","ASV_676",0.646599878474532,0.000268217126990766,0.022450585227117,"Positive"
"ASV_346","ASV_677",0.720576692122892,2.24538803994534e-05,0.00269891567676238,"Positive"
"ASV_563","ASV_677",0.720576692122892,2.24538803994534e-05,0.00269891567676238,"Positive"
"ASV_614","ASV_677",0.665147715805747,0.000153494525760411,0.0131273546249632,"Positive"
"ASV_647","ASV_677",0.61740881146215,0.000601574330445054,0.0476292076443435,"Positive"
"ASV_62","ASV_678",0.665147715805747,0.000153494525760411,0.0131273546249632,"Positive"
"ASV_227","ASV_678",0.665147715805747,0.000153494525760411,0.0131273546249632,"Positive"
"ASV_448","ASV_678",0.665147715805747,0.000153494525760411,0.0131273546249632,"Positive"
"ASV_460","ASV_678",0.665147715805747,0.000153494525760411,0.0131273546249632,"Positive"
"ASV_533","ASV_678",0.647844457097608,0.000258655734379776,0.0216935538369602,"Positive"
"ASV_553","ASV_678",1,0,0,"Positive"
"ASV_604","ASV_678",0.665147715805747,0.000153494525760411,0.0131273546249632,"Positive"
"ASV_624","ASV_678",0.676106128044819,0.000108380732493973,0.012282255049559,"Positive"
"ASV_627","ASV_678",0.665147715805747,0.000153494525760411,0.0131273546249632,"Positive"
"ASV_633","ASV_678",0.644424077783084,0.000285679961085528,0.0237385994735629,"Positive"
"ASV_653","ASV_678",0.665147715805747,0.000153494525760411,0.0131273546249632,"Positive"
"ASV_173","ASV_681",1,0,0,"Positive"
"ASV_183","ASV_681",1,0,0,"Positive"
"ASV_224","ASV_681",0.720576692122892,2.24538803994534e-05,0.00269891567676238,"Positive"
"ASV_241","ASV_681",0.720576692122892,2.24538803994534e-05,0.00269891567676238,"Positive"
"ASV_270","ASV_681",0.665147715805747,0.000153494525760411,0.0131273546249632,"Positive"
"ASV_341","ASV_681",0.720576692122892,2.24538803994534e-05,0.00269891567676238,"Positive"
"ASV_354","ASV_681",0.720576692122892,2.24538803994534e-05,0.00269891567676238,"Positive"
"ASV_395","ASV_681",1,0,0,"Positive"
"ASV_431","ASV_681",0.720576692122892,2.24538803994534e-05,0.00269891567676238,"Positive"
"ASV_474","ASV_681",0.665147715805747,0.000153494525760411,0.0131273546249632,"Positive"
"ASV_491","ASV_681",0.665147715805747,0.000153494525760411,0.0131273546249632,"Positive"
"ASV_518","ASV_681",1,0,0,"Positive"
"ASV_541","ASV_681",1,0,0,"Positive"
"ASV_557","ASV_681",1,0,0,"Positive"
"ASV_565","ASV_681",1,0,0,"Positive"
"ASV_638","ASV_681",1,0,0,"Positive"
"ASV_668","ASV_681",0.720576692122892,2.24538803994534e-05,0.00269891567676238,"Positive"
"ASV_51","ASV_682",0.665147715805747,0.000153494525760411,0.0131273546249632,"Positive"
"ASV_92","ASV_682",0.665147715805747,0.000153494525760411,0.0131273546249632,"Positive"
"ASV_123","ASV_682",1,0,0,"Positive"
"ASV_341","ASV_682",0.665147715805747,0.000153494525760411,0.0131273546249632,"Positive"
"ASV_536","ASV_682",0.665147715805747,0.000153494525760411,0.0131273546249632,"Positive"
"ASV_546","ASV_682",0.665147715805747,0.000153494525760411,0.0131273546249632,"Positive"
"ASV_133","ASV_685",0.652693592507857,0.000224197088185329,0.0190446460043221,"Positive"
"ASV_173","ASV_686",1,0,0,"Positive"
"ASV_183","ASV_686",1,0,0,"Positive"
"ASV_224","ASV_686",0.720576692122892,2.24538803994534e-05,0.00269891567676238,"Positive"
"ASV_241","ASV_686",0.720576692122892,2.24538803994534e-05,0.00269891567676238,"Positive"
"ASV_270","ASV_686",0.665147715805747,0.000153494525760411,0.0131273546249632,"Positive"
"ASV_341","ASV_686",0.720576692122892,2.24538803994534e-05,0.00269891567676238,"Positive"
"ASV_354","ASV_686",0.720576692122892,2.24538803994534e-05,0.00269891567676238,"Positive"
"ASV_395","ASV_686",1,0,0,"Positive"
"ASV_431","ASV_686",0.720576692122892,2.24538803994534e-05,0.00269891567676238,"Positive"
"ASV_474","ASV_686",0.665147715805747,0.000153494525760411,0.0131273546249632,"Positive"
"ASV_491","ASV_686",0.665147715805747,0.000153494525760411,0.0131273546249632,"Positive"
"ASV_518","ASV_686",1,0,0,"Positive"
"ASV_541","ASV_686",1,0,0,"Positive"
"ASV_557","ASV_686",1,0,0,"Positive"
"ASV_565","ASV_686",1,0,0,"Positive"
"ASV_638","ASV_686",1,0,0,"Positive"
"ASV_668","ASV_686",0.720576692122892,2.24538803994534e-05,0.00269891567676238,"Positive"
"ASV_681","ASV_686",1,0,0,"Positive"
"ASV_131","ASV_688",-0.684342240714166,8.26391445110097e-05,0.0095620980910998,"Negative"
"ASV_58","ASV_689",0.669013057556353,0.000135982486742847,0.0131273546249632,"Positive"
"ASV_63","ASV_692",0.720576692122892,2.24538803994534e-05,0.00269891567676238,"Positive"
"ASV_264","ASV_692",0.720576692122892,2.24538803994534e-05,0.00269891567676238,"Positive"
"ASV_282","ASV_692",0.665147715805747,0.000153494525760411,0.0131273546249632,"Positive"
"ASV_534","ASV_692",0.720576692122892,2.24538803994534e-05,0.00269891567676238,"Positive"
"ASV_615","ASV_692",0.665147715805747,0.000153494525760411,0.0131273546249632,"Positive"
"ASV_618","ASV_692",0.647844457097608,0.000258655734379776,0.0216935538369602,"Positive"
"ASV_664","ASV_692",0.665147715805747,0.000153494525760411,0.0131273546249632,"Positive"
"ASV_88","ASV_697",0.665147715805747,0.000153494525760411,0.0131273546249632,"Positive"
"ASV_173","ASV_697",0.720576692122892,2.24538803994534e-05,0.00269891567676238,"Positive"
"ASV_183","ASV_697",0.720576692122892,2.24538803994534e-05,0.00269891567676238,"Positive"
"ASV_289","ASV_697",0.665147715805747,0.000153494525760411,0.0131273546249632,"Positive"
"ASV_395","ASV_697",0.720576692122892,2.24538803994534e-05,0.00269891567676238,"Positive"
"ASV_518","ASV_697",0.720576692122892,2.24538803994534e-05,0.00269891567676238,"Positive"
"ASV_541","ASV_697",0.720576692122892,2.24538803994534e-05,0.00269891567676238,"Positive"
"ASV_557","ASV_697",0.720576692122892,2.24538803994534e-05,0.00269891567676238,"Positive"
"ASV_565","ASV_697",0.720576692122892,2.24538803994534e-05,0.00269891567676238,"Positive"
"ASV_638","ASV_697",0.720576692122892,2.24538803994534e-05,0.00269891567676238,"Positive"
"ASV_663","ASV_697",0.665147715805747,0.000153494525760411,0.0131273546249632,"Positive"
"ASV_681","ASV_697",0.720576692122892,2.24538803994534e-05,0.00269891567676238,"Positive"
"ASV_686","ASV_697",0.720576692122892,2.24538803994534e-05,0.00269891567676238,"Positive"
"ASV_533","ASV_699",0.723642172523962,1.99275335899252e-05,0.00269891567676238,"Positive"
"ASV_553","ASV_699",0.643496507721114,0.000293422897945206,0.0242618516091717,"Positive"
"ASV_678","ASV_699",0.643496507721114,0.000293422897945206,0.0242618516091717,"Positive"
"ASV_173","ASV_700",0.720576692122892,2.24538803994534e-05,0.00269891567676238,"Positive"
"ASV_183","ASV_700",0.720576692122892,2.24538803994534e-05,0.00269891567676238,"Positive"
"ASV_241","ASV_700",1,0,0,"Positive"
"ASV_338","ASV_700",0.665147715805747,0.000153494525760411,0.0131273546249632,"Positive"
"ASV_395","ASV_700",0.720576692122892,2.24538803994534e-05,0.00269891567676238,"Positive"
"ASV_496","ASV_700",0.678280102733066,0.000100977333874486,0.0115210743651581,"Positive"
"ASV_518","ASV_700",0.720576692122892,2.24538803994534e-05,0.00269891567676238,"Positive"
"ASV_541","ASV_700",0.720576692122892,2.24538803994534e-05,0.00269891567676238,"Positive"
"ASV_557","ASV_700",0.720576692122892,2.24538803994534e-05,0.00269891567676238,"Positive"
"ASV_565","ASV_700",0.720576692122892,2.24538803994534e-05,0.00269891567676238,"Positive"
"ASV_638","ASV_700",0.720576692122892,2.24538803994534e-05,0.00269891567676238,"Positive"
"ASV_681","ASV_700",0.720576692122892,2.24538803994534e-05,0.00269891567676238,"Positive"
"ASV_686","ASV_700",0.720576692122892,2.24538803994534e-05,0.00269891567676238,"Positive"
"ASV_510","ASV_703",0.62765568356848,0.000457237415798506,0.0371479571883166,"Positive"
"ASV_609","ASV_709",0.69894470991541,4.99987223985254e-05,0.00585867245535235,"Positive"
"ASV_21","ASV_714",1,0,0,"Positive"
"ASV_222","ASV_714",0.720576692122892,2.24538803994534e-05,0.00269891567676238,"Positive"
"ASV_378","ASV_714",1,0,0,"Positive"
"ASV_474","ASV_714",0.720576692122892,2.24538803994534e-05,0.00269891567676238,"Positive"
"ASV_636","ASV_714",1,0,0,"Positive"
"ASV_39","ASV_716",0.665147715805747,0.000153494525760411,0.0131273546249632,"Positive"
"ASV_88","ASV_716",1,0,0,"Positive"
"ASV_289","ASV_716",1,0,0,"Positive"
"ASV_646","ASV_716",0.665147715805747,0.000153494525760411,0.0131273546249632,"Positive"
"ASV_663","ASV_716",1,0,0,"Positive"
"ASV_697","ASV_716",0.665147715805747,0.000153494525760411,0.0131273546249632,"Positive"
"ASV_173","ASV_720",0.720576692122892,2.24538803994534e-05,0.00269891567676238,"Positive"
"ASV_183","ASV_720",0.720576692122892,2.24538803994534e-05,0.00269891567676238,"Positive"
"ASV_250","ASV_720",0.734803444627488,1.27308589377151e-05,0.00269891567676238,"Positive"
"ASV_274","ASV_720",0.732629469939241,1.39156190015477e-05,0.00269891567676238,"Positive"
"ASV_376","ASV_720",0.734803444627488,1.27308589377151e-05,0.00269891567676238,"Positive"
"ASV_395","ASV_720",0.720576692122892,2.24538803994534e-05,0.00269891567676238,"Positive"
"ASV_431","ASV_720",1,0,0,"Positive"
"ASV_455","ASV_720",0.668218197578152,0.000139432194518285,0.0131273546249632,"Positive"
"ASV_518","ASV_720",0.720576692122892,2.24538803994534e-05,0.00269891567676238,"Positive"
"ASV_541","ASV_720",0.720576692122892,2.24538803994534e-05,0.00269891567676238,"Positive"
"ASV_549","ASV_720",0.734803444627488,1.27308589377151e-05,0.00269891567676238,"Positive"
"ASV_557","ASV_720",0.720576692122892,2.24538803994534e-05,0.00269891567676238,"Positive"
"ASV_565","ASV_720",0.720576692122892,2.24538803994534e-05,0.00269891567676238,"Positive"
"ASV_614","ASV_720",0.665147715805747,0.000153494525760411,0.0131273546249632,"Positive"
"ASV_638","ASV_720",0.720576692122892,2.24538803994534e-05,0.00269891567676238,"Positive"
"ASV_647","ASV_720",0.678280102733066,0.000100977333874486,0.0115210743651581,"Positive"
"ASV_681","ASV_720",0.720576692122892,2.24538803994534e-05,0.00269891567676238,"Positive"
"ASV_686","ASV_720",0.720576692122892,2.24538803994534e-05,0.00269891567676238,"Positive"
"ASV_173","ASV_721",1,0,0,"Positive"
"ASV_183","ASV_721",1,0,0,"Positive"
"ASV_224","ASV_721",0.720576692122892,2.24538803994534e-05,0.00269891567676238,"Positive"
"ASV_241","ASV_721",0.720576692122892,2.24538803994534e-05,0.00269891567676238,"Positive"
"ASV_270","ASV_721",0.665147715805747,0.000153494525760411,0.0131273546249632,"Positive"
"ASV_341","ASV_721",0.720576692122892,2.24538803994534e-05,0.00269891567676238,"Positive"
"ASV_354","ASV_721",0.720576692122892,2.24538803994534e-05,0.00269891567676238,"Positive"
"ASV_395","ASV_721",1,0,0,"Positive"
"ASV_431","ASV_721",0.720576692122892,2.24538803994534e-05,0.00269891567676238,"Positive"
"ASV_474","ASV_721",0.665147715805747,0.000153494525760411,0.0131273546249632,"Positive"
"ASV_491","ASV_721",0.665147715805747,0.000153494525760411,0.0131273546249632,"Positive"
"ASV_518","ASV_721",1,0,0,"Positive"
"ASV_541","ASV_721",1,0,0,"Positive"
"ASV_557","ASV_721",1,0,0,"Positive"
"ASV_565","ASV_721",1,0,0,"Positive"
"ASV_638","ASV_721",1,0,0,"Positive"
"ASV_668","ASV_721",0.720576692122892,2.24538803994534e-05,0.00269891567676238,"Positive"
"ASV_681","ASV_721",1,0,0,"Positive"
"ASV_686","ASV_721",1,0,0,"Positive"
"ASV_697","ASV_721",0.720576692122892,2.24538803994534e-05,0.00269891567676238,"Positive"
"ASV_700","ASV_721",0.720576692122892,2.24538803994534e-05,0.00269891567676238,"Positive"
"ASV_720","ASV_721",0.720576692122892,2.24538803994534e-05,0.00269891567676238,"Positive"
"ASV_150","ASV_722",0.702193824303783,4.45318073913903e-05,0.00523513930937692,"Positive"
"ASV_292","ASV_722",0.669601318829555,0.000133478140159404,0.0131273546249632,"Positive"
"ASV_417","ASV_722",0.631075008063055,0.000416339304898816,0.0339237686456807,"Positive"
"ASV_487","ASV_722",0.831598017513091,7.70037917874333e-08,1.890875060872e-05,"Positive"
"ASV_575","ASV_722",0.61740881146215,0.000601574330445054,0.0476292076443435,"Positive"
"ASV_9","ASV_729",0.678344234254745,0.00010076589993302,0.0115210743651581,"Positive"
"ASV_150","ASV_731",0.765759031906359,3.24513858140918e-06,0.000746604346661594,"Positive"
"ASV_646","ASV_735",0.8002304995806,5.43241576611564e-07,0.000129725985412948,"Positive"
"ASV_446","ASV_736",0.620389344262295,0.000555978856660477,0.0443962875403423,"Positive"
"ASV_449","ASV_736",0.754141841215036,5.54688897191902e-06,0.00125776956737582,"Positive"
"ASV_333","ASV_738",0.618606083032131,0.000582881298452742,0.046397314488951,"Positive"
"ASV_648","ASV_738",0.671446885012219,0.000125883310026609,0.0131273546249632,"Positive"
"ASV_173","ASV_746",1,0,0,"Positive"
"ASV_183","ASV_746",1,0,0,"Positive"
"ASV_224","ASV_746",0.720576692122892,2.24538803994534e-05,0.00269891567676238,"Positive"
"ASV_241","ASV_746",0.720576692122892,2.24538803994534e-05,0.00269891567676238,"Positive"
"ASV_270","ASV_746",0.665147715805747,0.000153494525760411,0.0131273546249632,"Positive"
"ASV_341","ASV_746",0.720576692122892,2.24538803994534e-05,0.00269891567676238,"Positive"
"ASV_354","ASV_746",0.720576692122892,2.24538803994534e-05,0.00269891567676238,"Positive"
"ASV_395","ASV_746",1,0,0,"Positive"
"ASV_431","ASV_746",0.720576692122892,2.24538803994534e-05,0.00269891567676238,"Positive"
"ASV_474","ASV_746",0.665147715805747,0.000153494525760411,0.0131273546249632,"Positive"
"ASV_491","ASV_746",0.665147715805747,0.000153494525760411,0.0131273546249632,"Positive"
"ASV_518","ASV_746",1,0,0,"Positive"
"ASV_541","ASV_746",1,0,0,"Positive"
"ASV_557","ASV_746",1,0,0,"Positive"
"ASV_565","ASV_746",1,0,0,"Positive"
"ASV_638","ASV_746",1,0,0,"Positive"
"ASV_668","ASV_746",0.720576692122892,2.24538803994534e-05,0.00269891567676238,"Positive"
"ASV_681","ASV_746",1,0,0,"Positive"
"ASV_686","ASV_746",1,0,0,"Positive"
"ASV_697","ASV_746",0.720576692122892,2.24538803994534e-05,0.00269891567676238,"Positive"
"ASV_700","ASV_746",0.720576692122892,2.24538803994534e-05,0.00269891567676238,"Positive"
"ASV_720","ASV_746",0.720576692122892,2.24538803994534e-05,0.00269891567676238,"Positive"
"ASV_721","ASV_746",1,0,0,"Positive"
"ASV_127","ASV_750",1,0,0,"Positive"
"ASV_150","ASV_750",0.720576692122892,2.24538803994534e-05,0.00269891567676238,"Positive"
"ASV_482","ASV_750",0.665147715805747,0.000153494525760411,0.0131273546249632,"Positive"
"ASV_546","ASV_750",0.720576692122892,2.24538803994534e-05,0.00269891567676238,"Positive"
"ASV_568","ASV_750",0.720576692122892,2.24538803994534e-05,0.00269891567676238,"Positive"
"ASV_575","ASV_750",0.720576692122892,2.24538803994534e-05,0.00269891567676238,"Positive"
"ASV_492","ASV_751",0.644424077783084,0.000285679961085528,0.0237385994735629,"Positive"
"ASV_222","ASV_753",0.665147715805747,0.000153494525760411,0.0131273546249632,"Positive"
"ASV_346","ASV_753",1,0,0,"Positive"
"ASV_492","ASV_753",0.665147715805747,0.000153494525760411,0.0131273546249632,"Positive"
"ASV_563","ASV_753",1,0,0,"Positive"
"ASV_677","ASV_753",0.720576692122892,2.24538803994534e-05,0.00269891567676238,"Positive"
"ASV_222","ASV_755",0.665147715805747,0.000153494525760411,0.0131273546249632,"Positive"
"ASV_346","ASV_755",1,0,0,"Positive"
"ASV_492","ASV_755",0.665147715805747,0.000153494525760411,0.0131273546249632,"Positive"
"ASV_563","ASV_755",1,0,0,"Positive"
"ASV_677","ASV_755",0.720576692122892,2.24538803994534e-05,0.00269891567676238,"Positive"
"ASV_753","ASV_755",1,0,0,"Positive"
"ASV_92","ASV_756",0.720576692122892,2.24538803994534e-05,0.00269891567676238,"Positive"
"ASV_196","ASV_756",1,0,0,"Positive"
"ASV_185","ASV_757",0.665147715805747,0.000153494525760411,0.0131273546249632,"Positive"
"ASV_491","ASV_757",0.720576692122892,2.24538803994534e-05,0.00269891567676238,"Positive"
"ASV_567","ASV_757",0.665147715805747,0.000153494525760411,0.0131273546249632,"Positive"
"ASV_600","ASV_757",0.665147715805747,0.000153494525760411,0.0131273546249632,"Positive"
"ASV_606","ASV_757",1,0,0,"Positive"
"ASV_127","ASV_759",1,0,0,"Positive"
"ASV_150","ASV_759",0.720576692122892,2.24538803994534e-05,0.00269891567676238,"Positive"
"ASV_482","ASV_759",0.665147715805747,0.000153494525760411,0.0131273546249632,"Positive"
"ASV_546","ASV_759",0.720576692122892,2.24538803994534e-05,0.00269891567676238,"Positive"
"ASV_568","ASV_759",0.720576692122892,2.24538803994534e-05,0.00269891567676238,"Positive"
"ASV_575","ASV_759",0.720576692122892,2.24538803994534e-05,0.00269891567676238,"Positive"
"ASV_750","ASV_759",1,0,0,"Positive"
"ASV_379","ASV_761",0.652151639344262,0.000227836393568381,0.0192951820589481,"Positive"
"ASV_536","ASV_761",0.832239719563824,7.36862437733521e-08,1.81117764907557e-05,"Positive"
"ASV_185","ASV_762",0.61864711467176,0.000582249754618402,0.0463617057857257,"Positive"
"ASV_354","ASV_762",0.616664271355505,0.000613460673911659,0.0483573392797354,"Positive"
"ASV_471","ASV_764",0.741214057507987,9.74362853822797e-06,0.00218187062716129,"Positive"
"ASV_486","ASV_764",0.616645151259555,0.000613768597865327,0.0483664643831289,"Positive"
"ASV_600","ASV_764",0.647844457097608,0.000258655734379776,0.0216935538369602,"Positive"
"ASV_224","ASV_768",0.665147715805747,0.000153494525760411,0.0131273546249632,"Positive"
"ASV_553","ASV_768",0.720576692122892,2.24538803994534e-05,0.00269891567676238,"Positive"
"ASV_568","ASV_768",0.665147715805747,0.000153494525760411,0.0131273546249632,"Positive"
"ASV_600","ASV_768",0.720576692122892,2.24538803994534e-05,0.00269891567676238,"Positive"
"ASV_678","ASV_768",0.720576692122892,2.24538803994534e-05,0.00269891567676238,"Positive"
"ASV_165","ASV_772",0.61864711467176,0.000582249754618402,0.0463617057857257,"Positive"
"ASV_268","ASV_772",0.720576692122892,2.24538803994534e-05,0.00269891567676238,"Positive"
"ASV_768","ASV_772",0.665147715805747,0.000153494525760411,0.0131273546249632,"Positive"
"ASV_397","ASV_774",0.673134045710852,0.000119276845606642,0.0131273546249632,"Positive"
"ASV_173","ASV_779",1,0,0,"Positive"
"ASV_183","ASV_779",1,0,0,"Positive"
"ASV_224","ASV_779",0.720576692122892,2.24538803994534e-05,0.00269891567676238,"Positive"
"ASV_241","ASV_779",0.720576692122892,2.24538803994534e-05,0.00269891567676238,"Positive"
"ASV_270","ASV_779",0.665147715805747,0.000153494525760411,0.0131273546249632,"Positive"
"ASV_341","ASV_779",0.720576692122892,2.24538803994534e-05,0.00269891567676238,"Positive"
"ASV_354","ASV_779",0.720576692122892,2.24538803994534e-05,0.00269891567676238,"Positive"
"ASV_395","ASV_779",1,0,0,"Positive"
"ASV_431","ASV_779",0.720576692122892,2.24538803994534e-05,0.00269891567676238,"Positive"
"ASV_474","ASV_779",0.665147715805747,0.000153494525760411,0.0131273546249632,"Positive"
"ASV_491","ASV_779",0.665147715805747,0.000153494525760411,0.0131273546249632,"Positive"
"ASV_518","ASV_779",1,0,0,"Positive"
"ASV_541","ASV_779",1,0,0,"Positive"
"ASV_557","ASV_779",1,0,0,"Positive"
"ASV_565","ASV_779",1,0,0,"Positive"
"ASV_638","ASV_779",1,0,0,"Positive"
"ASV_668","ASV_779",0.720576692122892,2.24538803994534e-05,0.00269891567676238,"Positive"
"ASV_681","ASV_779",1,0,0,"Positive"
"ASV_686","ASV_779",1,0,0,"Positive"
"ASV_697","ASV_779",0.720576692122892,2.24538803994534e-05,0.00269891567676238,"Positive"
"ASV_700","ASV_779",0.720576692122892,2.24538803994534e-05,0.00269891567676238,"Positive"
"ASV_720","ASV_779",0.720576692122892,2.24538803994534e-05,0.00269891567676238,"Positive"
"ASV_721","ASV_779",1,0,0,"Positive"
"ASV_746","ASV_779",1,0,0,"Positive"
"ASV_431","ASV_783",0.665147715805747,0.000153494525760411,0.0131273546249632,"Positive"
"ASV_614","ASV_783",1,0,0,"Positive"
"ASV_677","ASV_783",0.665147715805747,0.000153494525760411,0.0131273546249632,"Positive"
"ASV_720","ASV_783",0.665147715805747,0.000153494525760411,0.0131273546249632,"Positive"
"ASV_431","ASV_788",0.665147715805747,0.000153494525760411,0.0131273546249632,"Positive"
"ASV_614","ASV_788",1,0,0,"Positive"
"ASV_677","ASV_788",0.665147715805747,0.000153494525760411,0.0131273546249632,"Positive"
"ASV_720","ASV_788",0.665147715805747,0.000153494525760411,0.0131273546249632,"Positive"
"ASV_783","ASV_788",1,0,0,"Positive"
"ASV_384","ASV_791",0.631104494258713,0.000416001029283519,0.033907182339869,"Positive"
"ASV_495","ASV_791",0.682970572970094,8.65080373140259e-05,0.00999708009722394,"Positive"
"ASV_603","ASV_791",0.679815573770492,9.60213530549758e-05,0.0110155398619745,"Positive"
"ASV_386","ASV_795",1,0,0,"Positive"
"ASV_566","ASV_795",0.720576692122892,2.24538803994534e-05,0.00269891567676238,"Positive"
"ASV_587","ASV_795",1,0,0,"Positive"
"ASV_596","ASV_795",1,0,0,"Positive"
"ASV_274","ASV_797",0.61740881146215,0.000601574330445054,0.0476292076443435,"Positive"
"ASV_300","ASV_797",0.665147715805747,0.000153494525760411,0.0131273546249632,"Positive"
"ASV_404","ASV_797",0.720576692122892,2.24538803994534e-05,0.00269891567676238,"Positive"
"ASV_440","ASV_797",0.720576692122892,2.24538803994534e-05,0.00269891567676238,"Positive"
"ASV_446","ASV_797",0.763296784215341,3.64471975866643e-06,0.000830187999690087,"Positive"
"ASV_481","ASV_797",0.720576692122892,2.24538803994534e-05,0.00269891567676238,"Positive"
"ASV_660","ASV_797",0.665147715805747,0.000153494525760411,0.0131273546249632,"Positive"
"ASV_736","ASV_797",0.832239719563824,7.36862437733521e-08,1.81117764907557e-05,"Positive"
"ASV_49","ASV_800",-0.619214798185682,0.000573573243100256,0.0457391542402327,"Negative"
"ASV_108","ASV_800",0.720348244016559,2.265310277072e-05,0.0027202636936433,"Positive"
"ASV_115","ASV_800",-0.672139139910954,0.000123134536185621,0.0131273546249632,"Negative"
"ASV_161","ASV_800",-0.619404826260019,0.000570694154099716,0.0455424429664325,"Negative"
"ASV_205","ASV_800",0.633437017697427,0.000389991797602907,0.0319216213000532,"Positive"
"ASV_240","ASV_800",-0.667488208249642,0.000142668145371339,0.0131273546249632,"Negative"
"ASV_311","ASV_800",0.617288775485194,0.000603476975370221,0.0477648230552854,"Positive"
"ASV_185","ASV_801",0.720576692122892,2.24538803994534e-05,0.00269891567676238,"Positive"
"ASV_339","ASV_801",1,0,0,"Positive"
"ASV_482","ASV_801",0.720576692122892,2.24538803994534e-05,0.00269891567676238,"Positive"
"ASV_43","ASV_807",0.665147715805747,0.000153494525760411,0.0131273546249632,"Positive"
"ASV_62","ASV_807",1,0,0,"Positive"
"ASV_175","ASV_807",0.665147715805747,0.000153494525760411,0.0131273546249632,"Positive"
"ASV_227","ASV_807",1,0,0,"Positive"
"ASV_448","ASV_807",1,0,0,"Positive"
"ASV_460","ASV_807",1,0,0,"Positive"
"ASV_553","ASV_807",0.665147715805747,0.000153494525760411,0.0131273546249632,"Positive"
"ASV_604","ASV_807",1,0,0,"Positive"
"ASV_627","ASV_807",1,0,0,"Positive"
"ASV_653","ASV_807",1,0,0,"Positive"
"ASV_678","ASV_807",0.665147715805747,0.000153494525760411,0.0131273546249632,"Positive"
"ASV_579","ASV_808",0.665147715805747,0.000153494525760411,0.0131273546249632,"Positive"
"ASV_185","ASV_809",0.665147715805747,0.000153494525760411,0.0131273546249632,"Positive"
"ASV_491","ASV_809",0.720576692122892,2.24538803994534e-05,0.00269891567676238,"Positive"
"ASV_567","ASV_809",0.665147715805747,0.000153494525760411,0.0131273546249632,"Positive"
"ASV_600","ASV_809",0.665147715805747,0.000153494525760411,0.0131273546249632,"Positive"
"ASV_606","ASV_809",1,0,0,"Positive"
"ASV_757","ASV_809",1,0,0,"Positive"
"ASV_405","ASV_815",0.693525608721619,6.04510088062504e-05,0.00704408178772648,"Positive"
"ASV_579","ASV_825",0.665147715805747,0.000153494525760411,0.0131273546249632,"Positive"
"ASV_808","ASV_825",1,0,0,"Positive"
"ASV_13","ASV_826",0.648053278688525,0.000257081160242034,0.02167706620674,"Positive"
"ASV_222","ASV_826",0.765759031906359,3.24513858140918e-06,0.000746604346661594,"Positive"
"ASV_224","ASV_827",0.665147715805747,0.000153494525760411,0.0131273546249632,"Positive"
"ASV_553","ASV_827",0.720576692122892,2.24538803994534e-05,0.00269891567676238,"Positive"
"ASV_568","ASV_827",0.665147715805747,0.000153494525760411,0.0131273546249632,"Positive"
"ASV_600","ASV_827",0.720576692122892,2.24538803994534e-05,0.00269891567676238,"Positive"
"ASV_678","ASV_827",0.720576692122892,2.24538803994534e-05,0.00269891567676238,"Positive"
"ASV_768","ASV_827",1,0,0,"Positive"
"ASV_772","ASV_827",0.665147715805747,0.000153494525760411,0.0131273546249632,"Positive"
"ASV_300","ASV_830",1,0,0,"Positive"
"ASV_575","ASV_830",0.665147715805747,0.000153494525760411,0.0131273546249632,"Positive"
"ASV_660","ASV_830",1,0,0,"Positive"
"ASV_797","ASV_830",0.665147715805747,0.000153494525760411,0.0131273546249632,"Positive"
"ASV_614","ASV_834",0.665147715805747,0.000153494525760411,0.0131273546249632,"Positive"
"ASV_657","ASV_834",0.720576692122892,2.24538803994534e-05,0.00269891567676238,"Positive"
"ASV_665","ASV_834",0.720576692122892,2.24538803994534e-05,0.00269891567676238,"Positive"
"ASV_783","ASV_834",0.665147715805747,0.000153494525760411,0.0131273546249632,"Positive"
"ASV_788","ASV_834",0.665147715805747,0.000153494525760411,0.0131273546249632,"Positive"
"ASV_216","ASV_837",0.649769585253456,0.000244455486265061,0.0206539857722338,"Positive"
"ASV_63","ASV_838",0.665147715805747,0.000153494525760411,0.0131273546249632,"Positive"
"ASV_264","ASV_838",0.665147715805747,0.000153494525760411,0.0131273546249632,"Positive"
"ASV_325","ASV_838",0.702193824303783,4.45318073913903e-05,0.00523513930937692,"Positive"
"ASV_346","ASV_838",0.720576692122892,2.24538803994534e-05,0.00269891567676238,"Positive"
"ASV_534","ASV_838",0.665147715805747,0.000153494525760411,0.0131273546249632,"Positive"
"ASV_563","ASV_838",0.720576692122892,2.24538803994534e-05,0.00269891567676238,"Positive"
"ASV_753","ASV_838",0.720576692122892,2.24538803994534e-05,0.00269891567676238,"Positive"
"ASV_755","ASV_838",0.720576692122892,2.24538803994534e-05,0.00269891567676238,"Positive"
"ASV_58","ASV_840",0.677766393442623,0.000102685176081252,0.0116894370844734,"Positive"
"ASV_128","ASV_840",0.620742657997566,0.00055077932847869,0.0440930035246323,"Positive"
"ASV_386","ASV_843",0.720576692122892,2.24538803994534e-05,0.00269891567676238,"Positive"
"ASV_390","ASV_843",0.732629469939241,1.39156190015477e-05,0.00269891567676238,"Positive"
"ASV_404","ASV_843",0.665147715805747,0.000153494525760411,0.0131273546249632,"Positive"
"ASV_440","ASV_843",0.665147715805747,0.000153494525760411,0.0131273546249632,"Positive"
"ASV_481","ASV_843",0.665147715805747,0.000153494525760411,0.0131273546249632,"Positive"
"ASV_587","ASV_843",0.720576692122892,2.24538803994534e-05,0.00269891567676238,"Positive"
"ASV_596","ASV_843",0.720576692122892,2.24538803994534e-05,0.00269891567676238,"Positive"
"ASV_643","ASV_843",0.763296784215341,3.64471975866643e-06,0.000830187999690087,"Positive"
"ASV_795","ASV_843",0.720576692122892,2.24538803994534e-05,0.00269891567676238,"Positive"
"ASV_346","ASV_845",0.720576692122892,2.24538803994534e-05,0.00269891567676238,"Positive"
"ASV_471","ASV_845",0.732629469939241,1.39156190015477e-05,0.00269891567676238,"Positive"
"ASV_563","ASV_845",0.720576692122892,2.24538803994534e-05,0.00269891567676238,"Positive"
"ASV_606","ASV_845",0.665147715805747,0.000153494525760411,0.0131273546249632,"Positive"
"ASV_753","ASV_845",0.720576692122892,2.24538803994534e-05,0.00269891567676238,"Positive"
"ASV_755","ASV_845",0.720576692122892,2.24538803994534e-05,0.00269891567676238,"Positive"
"ASV_757","ASV_845",0.665147715805747,0.000153494525760411,0.0131273546249632,"Positive"
"ASV_764","ASV_845",0.678280102733066,0.000100977333874486,0.0115210743651581,"Positive"
"ASV_809","ASV_845",0.665147715805747,0.000153494525760411,0.0131273546249632,"Positive"
"ASV_845","ASV_846",0.8002304995806,5.43241576611564e-07,0.000129725985412948,"Positive"
"ASV_43","ASV_850",0.765759031906359,3.24513858140918e-06,0.000746604346661594,"Positive"
"ASV_603","ASV_850",0.652151639344262,0.000227836393568381,0.0192951820589481,"Positive"
"ASV_791","ASV_850",0.652151639344262,0.000227836393568381,0.0192951820589481,"Positive"
"ASV_17","ASV_853",1,0,0,"Positive"
"ASV_343","ASV_853",1,0,0,"Positive"
"ASV_411","ASV_853",1,0,0,"Positive"
"ASV_515","ASV_853",1,0,0,"Positive"
"ASV_566","ASV_853",0.665147715805747,0.000153494525760411,0.0131273546249632,"Positive"
"ASV_13","ASV_854",0.795306004198565,7.15677216822641e-07,0.000168821346849273,"Positive"
"ASV_21","ASV_854",0.665147715805747,0.000153494525760411,0.0131273546249632,"Positive"
"ASV_282","ASV_854",0.720576692122892,2.24538803994534e-05,0.00269891567676238,"Positive"
"ASV_378","ASV_854",0.665147715805747,0.000153494525760411,0.0131273546249632,"Positive"
"ASV_615","ASV_854",0.720576692122892,2.24538803994534e-05,0.00269891567676238,"Positive"
"ASV_636","ASV_854",0.665147715805747,0.000153494525760411,0.0131273546249632,"Positive"
"ASV_664","ASV_854",0.720576692122892,2.24538803994534e-05,0.00269891567676238,"Positive"
"ASV_676","ASV_854",0.622173756032602,0.000530150243934546,0.0425497977191026,"Positive"
"ASV_714","ASV_854",0.665147715805747,0.000153494525760411,0.0131273546249632,"Positive"
"ASV_826","ASV_854",0.832239719563824,7.36862437733521e-08,1.81117764907557e-05,"Positive"
"ASV_507","ASV_857",0.669124568232258,0.000135504603084868,0.0131273546249632,"Positive"
"ASV_179","ASV_859",0.8002304995806,5.43241576611564e-07,0.000129725985412948,"Positive"
"ASV_338","ASV_859",0.720576692122892,2.24538803994534e-05,0.00269891567676238,"Positive"
"ASV_614","ASV_859",0.665147715805747,0.000153494525760411,0.0131273546249632,"Positive"
"ASV_640","ASV_859",0.670201040894407,0.00013096699263615,0.0131273546249632,"Positive"
"ASV_747","ASV_859",0.702193824303783,4.45318073913903e-05,0.00523513930937692,"Positive"
"ASV_783","ASV_859",0.665147715805747,0.000153494525760411,0.0131273546249632,"Positive"
"ASV_788","ASV_859",0.665147715805747,0.000153494525760411,0.0131273546249632,"Positive"
"ASV_21","ASV_860",0.665147715805747,0.000153494525760411,0.0131273546249632,"Positive"
"ASV_123","ASV_860",0.720576692122892,2.24538803994534e-05,0.00269891567676238,"Positive"
"ASV_378","ASV_860",0.665147715805747,0.000153494525760411,0.0131273546249632,"Positive"
"ASV_405","ASV_860",0.624019968958515,0.000504535981971088,0.0406365388743082,"Positive"
"ASV_636","ASV_860",0.665147715805747,0.000153494525760411,0.0131273546249632,"Positive"
"ASV_682","ASV_860",0.720576692122892,2.24538803994534e-05,0.00269891567676238,"Positive"
"ASV_714","ASV_860",0.665147715805747,0.000153494525760411,0.0131273546249632,"Positive"
"ASV_92","ASV_862",0.720576692122892,2.24538803994534e-05,0.00269891567676238,"Positive"
"ASV_196","ASV_862",1,0,0,"Positive"
"ASV_756","ASV_862",1,0,0,"Positive"
"ASV_32","ASV_864",0.687581274523557,7.41046584824545e-05,0.00859528664365963,"Positive"
"ASV_381","ASV_864",0.679952656234477,9.55895400283069e-05,0.0110155398619745,"Positive"
"ASV_859","ASV_864",0.644424077783084,0.000285679961085528,0.0237385994735629,"Positive"
"ASV_393","ASV_866",0.708322686477421,3.56453440200077e-05,0.00425000230370244,"Positive"
"ASV_173","ASV_868",1,0,0,"Positive"
"ASV_183","ASV_868",1,0,0,"Positive"
"ASV_224","ASV_868",0.720576692122892,2.24538803994534e-05,0.00269891567676238,"Positive"
"ASV_241","ASV_868",0.720576692122892,2.24538803994534e-05,0.00269891567676238,"Positive"
"ASV_270","ASV_868",0.665147715805747,0.000153494525760411,0.0131273546249632,"Positive"
"ASV_341","ASV_868",0.720576692122892,2.24538803994534e-05,0.00269891567676238,"Positive"
"ASV_354","ASV_868",0.720576692122892,2.24538803994534e-05,0.00269891567676238,"Positive"
"ASV_395","ASV_868",1,0,0,"Positive"
"ASV_431","ASV_868",0.720576692122892,2.24538803994534e-05,0.00269891567676238,"Positive"
"ASV_474","ASV_868",0.665147715805747,0.000153494525760411,0.0131273546249632,"Positive"
"ASV_491","ASV_868",0.665147715805747,0.000153494525760411,0.0131273546249632,"Positive"
"ASV_518","ASV_868",1,0,0,"Positive"
"ASV_541","ASV_868",1,0,0,"Positive"
"ASV_557","ASV_868",1,0,0,"Positive"
"ASV_565","ASV_868",1,0,0,"Positive"
"ASV_638","ASV_868",1,0,0,"Positive"
"ASV_668","ASV_868",0.720576692122892,2.24538803994534e-05,0.00269891567676238,"Positive"
"ASV_681","ASV_868",1,0,0,"Positive"
"ASV_686","ASV_868",1,0,0,"Positive"
"ASV_697","ASV_868",0.720576692122892,2.24538803994534e-05,0.00269891567676238,"Positive"
"ASV_700","ASV_868",0.720576692122892,2.24538803994534e-05,0.00269891567676238,"Positive"
"ASV_720","ASV_868",0.720576692122892,2.24538803994534e-05,0.00269891567676238,"Positive"
"ASV_721","ASV_868",1,0,0,"Positive"
"ASV_746","ASV_868",1,0,0,"Positive"
"ASV_779","ASV_868",1,0,0,"Positive"
"ASV_185","ASV_869",0.765759031906359,3.24513858140918e-06,0.000746604346661594,"Positive"
"ASV_260","ASV_869",0.652151639344262,0.000227836393568381,0.0192951820589481,"Positive"
"ASV_456","ASV_869",0.626536885245902,0.000471361018652416,0.0381599265325571,"Positive"
"ASV_491","ASV_869",0.795306004198565,7.15677216822641e-07,0.000168821346849273,"Positive"
"ASV_703","ASV_869",0.619865552681778,0.000563766043915503,0.0450038358462774,"Positive"
"ASV_762","ASV_869",0.78302035811058,1.38004457195251e-06,0.000325234380653171,"Positive"
"ASV_173","ASV_870",1,0,0,"Positive"
"ASV_183","ASV_870",1,0,0,"Positive"
"ASV_224","ASV_870",0.720576692122892,2.24538803994534e-05,0.00269891567676238,"Positive"
"ASV_241","ASV_870",0.720576692122892,2.24538803994534e-05,0.00269891567676238,"Positive"
"ASV_270","ASV_870",0.665147715805747,0.000153494525760411,0.0131273546249632,"Positive"
"ASV_341","ASV_870",0.720576692122892,2.24538803994534e-05,0.00269891567676238,"Positive"
"ASV_354","ASV_870",0.720576692122892,2.24538803994534e-05,0.00269891567676238,"Positive"
"ASV_395","ASV_870",1,0,0,"Positive"
"ASV_431","ASV_870",0.720576692122892,2.24538803994534e-05,0.00269891567676238,"Positive"
"ASV_474","ASV_870",0.665147715805747,0.000153494525760411,0.0131273546249632,"Positive"
"ASV_491","ASV_870",0.665147715805747,0.000153494525760411,0.0131273546249632,"Positive"
"ASV_518","ASV_870",1,0,0,"Positive"
"ASV_541","ASV_870",1,0,0,"Positive"
"ASV_557","ASV_870",1,0,0,"Positive"
"ASV_565","ASV_870",1,0,0,"Positive"
"ASV_638","ASV_870",1,0,0,"Positive"
"ASV_668","ASV_870",0.720576692122892,2.24538803994534e-05,0.00269891567676238,"Positive"
"ASV_681","ASV_870",1,0,0,"Positive"
"ASV_686","ASV_870",1,0,0,"Positive"
"ASV_697","ASV_870",0.720576692122892,2.24538803994534e-05,0.00269891567676238,"Positive"
"ASV_700","ASV_870",0.720576692122892,2.24538803994534e-05,0.00269891567676238,"Positive"
"ASV_720","ASV_870",0.720576692122892,2.24538803994534e-05,0.00269891567676238,"Positive"
"ASV_721","ASV_870",1,0,0,"Positive"
"ASV_746","ASV_870",1,0,0,"Positive"
"ASV_779","ASV_870",1,0,0,"Positive"
"ASV_868","ASV_870",1,0,0,"Positive"
"ASV_21","ASV_872",0.720576692122892,2.24538803994534e-05,0.00269891567676238,"Positive"
"ASV_300","ASV_872",0.665147715805747,0.000153494525760411,0.0131273546249632,"Positive"
"ASV_378","ASV_872",0.720576692122892,2.24538803994534e-05,0.00269891567676238,"Positive"
"ASV_421","ASV_872",0.702193824303783,4.45318073913903e-05,0.00523513930937692,"Positive"
"ASV_636","ASV_872",0.720576692122892,2.24538803994534e-05,0.00269891567676238,"Positive"
"ASV_660","ASV_872",0.665147715805747,0.000153494525760411,0.0131273546249632,"Positive"
"ASV_714","ASV_872",0.720576692122892,2.24538803994534e-05,0.00269891567676238,"Positive"
"ASV_722","ASV_872",0.647844457097608,0.000258655734379776,0.0216935538369602,"Positive"
"ASV_830","ASV_872",0.665147715805747,0.000153494525760411,0.0131273546249632,"Positive"
"ASV_63","ASV_873",1,0,0,"Positive"
"ASV_264","ASV_873",1,0,0,"Positive"
"ASV_342","ASV_873",0.720576692122892,2.24538803994534e-05,0.00269891567676238,"Positive"
"ASV_534","ASV_873",1,0,0,"Positive"
"ASV_536","ASV_873",0.720576692122892,2.24538803994534e-05,0.00269891567676238,"Positive"
"ASV_692","ASV_873",0.720576692122892,2.24538803994534e-05,0.00269891567676238,"Positive"
"ASV_838","ASV_873",0.665147715805747,0.000153494525760411,0.0131273546249632,"Positive"
"ASV_431","ASV_874",0.665147715805747,0.000153494525760411,0.0131273546249632,"Positive"
"ASV_614","ASV_874",1,0,0,"Positive"
"ASV_677","ASV_874",0.665147715805747,0.000153494525760411,0.0131273546249632,"Positive"
"ASV_720","ASV_874",0.665147715805747,0.000153494525760411,0.0131273546249632,"Positive"
"ASV_783","ASV_874",1,0,0,"Positive"
"ASV_788","ASV_874",1,0,0,"Positive"
"ASV_834","ASV_874",0.665147715805747,0.000153494525760411,0.0131273546249632,"Positive"
"ASV_859","ASV_874",0.665147715805747,0.000153494525760411,0.0131273546249632,"Positive"
"ASV_42","ASV_875",0.708430117093998,3.55047819442511e-05,0.00423524933244468,"Positive"
"ASV_102","ASV_875",0.621525632756564,0.000539407719270191,0.0432514259005131,"Positive"
"ASV_194","ASV_875",0.699160010444183,4.9618850038069e-05,0.00581957896567184,"Positive"
"ASV_655","ASV_875",0.684456928838951,8.23227070707588e-05,0.00953091709115669,"Positive"
"ASV_843","ASV_876",0.668218197578152,0.000139432194518285,0.0131273546249632,"Positive"
"ASV_406","ASV_882",0.632488479262673,0.0004003916028259,0.0327498553950846,"Positive"
"ASV_173","ASV_888",1,0,0,"Positive"
"ASV_183","ASV_888",1,0,0,"Positive"
"ASV_224","ASV_888",0.720576692122892,2.24538803994534e-05,0.00269891567676238,"Positive"
"ASV_241","ASV_888",0.720576692122892,2.24538803994534e-05,0.00269891567676238,"Positive"
"ASV_270","ASV_888",0.665147715805747,0.000153494525760411,0.0131273546249632,"Positive"
"ASV_341","ASV_888",0.720576692122892,2.24538803994534e-05,0.00269891567676238,"Positive"
"ASV_354","ASV_888",0.720576692122892,2.24538803994534e-05,0.00269891567676238,"Positive"
"ASV_395","ASV_888",1,0,0,"Positive"
"ASV_431","ASV_888",0.720576692122892,2.24538803994534e-05,0.00269891567676238,"Positive"
"ASV_474","ASV_888",0.665147715805747,0.000153494525760411,0.0131273546249632,"Positive"
"ASV_491","ASV_888",0.665147715805747,0.000153494525760411,0.0131273546249632,"Positive"
"ASV_518","ASV_888",1,0,0,"Positive"
"ASV_541","ASV_888",1,0,0,"Positive"
"ASV_557","ASV_888",1,0,0,"Positive"
"ASV_565","ASV_888",1,0,0,"Positive"
"ASV_638","ASV_888",1,0,0,"Positive"
"ASV_668","ASV_888",0.720576692122892,2.24538803994534e-05,0.00269891567676238,"Positive"
"ASV_681","ASV_888",1,0,0,"Positive"
"ASV_686","ASV_888",1,0,0,"Positive"
"ASV_697","ASV_888",0.720576692122892,2.24538803994534e-05,0.00269891567676238,"Positive"
"ASV_700","ASV_888",0.720576692122892,2.24538803994534e-05,0.00269891567676238,"Positive"
"ASV_720","ASV_888",0.720576692122892,2.24538803994534e-05,0.00269891567676238,"Positive"
"ASV_721","ASV_888",1,0,0,"Positive"
"ASV_746","ASV_888",1,0,0,"Positive"
"ASV_779","ASV_888",1,0,0,"Positive"
"ASV_868","ASV_888",1,0,0,"Positive"
"ASV_870","ASV_888",1,0,0,"Positive"
"ASV_270","ASV_889",0.720576692122892,2.24538803994534e-05,0.00269891567676238,"Positive"
"ASV_302","ASV_889",0.665147715805747,0.000153494525760411,0.0131273546249632,"Positive"
"ASV_492","ASV_889",0.720576692122892,2.24538803994534e-05,0.00269891567676238,"Positive"
"ASV_668","ASV_889",0.665147715805747,0.000153494525760411,0.0131273546249632,"Positive"
"ASV_372","ASV_895",0.6341837443647,0.000381971816681315,0.0312957019529959,"Positive"
"ASV_520","ASV_895",0.670464278939339,0.000129877999622385,0.0131273546249632,"Positive"
"ASV_562","ASV_895",0.626536885245902,0.000471361018652416,0.0381599265325571,"Positive"
"ASV_748","ASV_896",0.698474944020257,5.08365430964552e-05,0.00595407338979167,"Positive"
"ASV_802","ASV_896",0.663829596929792,0.000159905228102275,0.0136709736369572,"Positive"
"ASV_568","ASV_900",0.829777471872807,8.71652050538074e-08,2.12381861432895e-05,"Positive"
"ASV_62","ASV_905",0.665147715805747,0.000153494525760411,0.0131273546249632,"Positive"
"ASV_227","ASV_905",0.665147715805747,0.000153494525760411,0.0131273546249632,"Positive"
"ASV_299","ASV_905",0.676106128044819,0.000108380732493973,0.012282255049559,"Positive"
"ASV_399","ASV_905",0.702193824303783,4.45318073913903e-05,0.00523513930937692,"Positive"
"ASV_448","ASV_905",0.665147715805747,0.000153494525760411,0.0131273546249632,"Positive"
"ASV_452","ASV_905",0.647844457097608,0.000258655734379776,0.0216935538369602,"Positive"
"ASV_460","ASV_905",0.665147715805747,0.000153494525760411,0.0131273546249632,"Positive"
"ASV_581","ASV_905",0.643496507721114,0.000293422897945206,0.0242618516091717,"Positive"
"ASV_604","ASV_905",0.665147715805747,0.000153494525760411,0.0131273546249632,"Positive"
"ASV_606","ASV_905",0.720576692122892,2.24538803994534e-05,0.00269891567676238,"Positive"
"ASV_624","ASV_905",0.615234836773903,0.00063685624331411,0.0498580193346641,"Positive"
"ASV_627","ASV_905",0.665147715805747,0.000153494525760411,0.0131273546249632,"Positive"
"ASV_653","ASV_905",0.665147715805747,0.000153494525760411,0.0131273546249632,"Positive"
"ASV_757","ASV_905",0.720576692122892,2.24538803994534e-05,0.00269891567676238,"Positive"
"ASV_807","ASV_905",0.665147715805747,0.000153494525760411,0.0131273546249632,"Positive"
"ASV_809","ASV_905",0.720576692122892,2.24538803994534e-05,0.00269891567676238,"Positive"
"ASV_553","ASV_912",0.647844457097608,0.000258655734379776,0.0216935538369602,"Positive"
"ASV_633","ASV_912",0.672405545661381,0.000122090912546113,0.0131273546249632,"Positive"
"ASV_678","ASV_912",0.647844457097608,0.000258655734379776,0.0216935538369602,"Positive"
"ASV_51","ASV_913",0.732629469939241,1.39156190015477e-05,0.00269891567676238,"Positive"
"ASV_536","ASV_913",0.702193824303783,4.45318073913903e-05,0.00523513930937692,"Positive"
"ASV_761","ASV_913",0.832263319047348,7.35667422535613e-08,1.81117764907557e-05,"Positive"
"ASV_579","ASV_915",0.665147715805747,0.000153494525760411,0.0131273546249632,"Positive"
"ASV_808","ASV_915",1,0,0,"Positive"
"ASV_825","ASV_915",1,0,0,"Positive"
"ASV_324","ASV_923",0.667839309600759,0.00014110358082875,0.0131273546249632,"Positive"
"ASV_123","ASV_924",0.665147715805747,0.000153494525760411,0.0131273546249632,"Positive"
"ASV_614","ASV_924",0.720576692122892,2.24538803994534e-05,0.00269891567676238,"Positive"
"ASV_682","ASV_924",0.665147715805747,0.000153494525760411,0.0131273546249632,"Positive"
"ASV_781","ASV_924",0.616664271355505,0.000613460673911659,0.0483573392797354,"Positive"
"ASV_783","ASV_924",0.720576692122892,2.24538803994534e-05,0.00269891567676238,"Positive"
"ASV_788","ASV_924",0.720576692122892,2.24538803994534e-05,0.00269891567676238,"Positive"
"ASV_874","ASV_924",0.720576692122892,2.24538803994534e-05,0.00269891567676238,"Positive"
"ASV_173","ASV_925",1,0,0,"Positive"
"ASV_183","ASV_925",1,0,0,"Positive"
"ASV_224","ASV_925",0.720576692122892,2.24538803994534e-05,0.00269891567676238,"Positive"
"ASV_241","ASV_925",0.720576692122892,2.24538803994534e-05,0.00269891567676238,"Positive"
"ASV_270","ASV_925",0.665147715805747,0.000153494525760411,0.0131273546249632,"Positive"
"ASV_341","ASV_925",0.720576692122892,2.24538803994534e-05,0.00269891567676238,"Positive"
"ASV_354","ASV_925",0.720576692122892,2.24538803994534e-05,0.00269891567676238,"Positive"
"ASV_395","ASV_925",1,0,0,"Positive"
"ASV_431","ASV_925",0.720576692122892,2.24538803994534e-05,0.00269891567676238,"Positive"
"ASV_474","ASV_925",0.665147715805747,0.000153494525760411,0.0131273546249632,"Positive"
"ASV_491","ASV_925",0.665147715805747,0.000153494525760411,0.0131273546249632,"Positive"
"ASV_518","ASV_925",1,0,0,"Positive"
"ASV_541","ASV_925",1,0,0,"Positive"
"ASV_557","ASV_925",1,0,0,"Positive"
"ASV_565","ASV_925",1,0,0,"Positive"
"ASV_638","ASV_925",1,0,0,"Positive"
"ASV_668","ASV_925",0.720576692122892,2.24538803994534e-05,0.00269891567676238,"Positive"
"ASV_681","ASV_925",1,0,0,"Positive"
"ASV_686","ASV_925",1,0,0,"Positive"
"ASV_697","ASV_925",0.720576692122892,2.24538803994534e-05,0.00269891567676238,"Positive"
"ASV_700","ASV_925",0.720576692122892,2.24538803994534e-05,0.00269891567676238,"Positive"
"ASV_720","ASV_925",0.720576692122892,2.24538803994534e-05,0.00269891567676238,"Positive"
"ASV_721","ASV_925",1,0,0,"Positive"
"ASV_746","ASV_925",1,0,0,"Positive"
"ASV_779","ASV_925",1,0,0,"Positive"
"ASV_868","ASV_925",1,0,0,"Positive"
"ASV_870","ASV_925",1,0,0,"Positive"
"ASV_888","ASV_925",1,0,0,"Positive"
"ASV_123","ASV_927",0.720576692122892,2.24538803994534e-05,0.00269891567676238,"Positive"
"ASV_338","ASV_927",0.665147715805747,0.000153494525760411,0.0131273546249632,"Positive"
"ASV_524","ASV_927",0.795306004198565,7.15677216822641e-07,0.000168821346849273,"Positive"
"ASV_682","ASV_927",0.720576692122892,2.24538803994534e-05,0.00269891567676238,"Positive"
"ASV_334","ASV_930",0.62485358145302,0.00049332932928503,0.0398486924051334,"Positive"
"ASV_535","ASV_930",0.638728183211982,0.000336205480893303,0.0276539995141961,"Positive"
"ASV_567","ASV_930",0.616664271355505,0.000613460673911659,0.0483573392797354,"Positive"
"ASV_646","ASV_930",0.668218197578152,0.000139432194518285,0.0131273546249632,"Positive"
"ASV_123","ASV_936",0.665147715805747,0.000153494525760411,0.0131273546249632,"Positive"
"ASV_173","ASV_936",0.720576692122892,2.24538803994534e-05,0.00269891567676238,"Positive"
"ASV_183","ASV_936",0.720576692122892,2.24538803994534e-05,0.00269891567676238,"Positive"
"ASV_341","ASV_936",1,0,0,"Positive"
"ASV_395","ASV_936",0.720576692122892,2.24538803994534e-05,0.00269891567676238,"Positive"
"ASV_456","ASV_936",0.832239719563824,7.36862437733521e-08,1.81117764907557e-05,"Positive"
"ASV_467","ASV_936",0.643496507721114,0.000293422897945206,0.0242618516091717,"Positive"
"ASV_518","ASV_936",0.720576692122892,2.24538803994534e-05,0.00269891567676238,"Positive"
"ASV_541","ASV_936",0.720576692122892,2.24538803994534e-05,0.00269891567676238,"Positive"
"ASV_557","ASV_936",0.720576692122892,2.24538803994534e-05,0.00269891567676238,"Positive"
"ASV_565","ASV_936",0.720576692122892,2.24538803994534e-05,0.00269891567676238,"Positive"
"ASV_638","ASV_936",0.720576692122892,2.24538803994534e-05,0.00269891567676238,"Positive"
"ASV_681","ASV_936",0.720576692122892,2.24538803994534e-05,0.00269891567676238,"Positive"
"ASV_682","ASV_936",0.665147715805747,0.000153494525760411,0.0131273546249632,"Positive"
"ASV_686","ASV_936",0.720576692122892,2.24538803994534e-05,0.00269891567676238,"Positive"
"ASV_721","ASV_936",0.720576692122892,2.24538803994534e-05,0.00269891567676238,"Positive"
"ASV_746","ASV_936",0.720576692122892,2.24538803994534e-05,0.00269891567676238,"Positive"
"ASV_779","ASV_936",0.720576692122892,2.24538803994534e-05,0.00269891567676238,"Positive"
"ASV_868","ASV_936",0.720576692122892,2.24538803994534e-05,0.00269891567676238,"Positive"
"ASV_870","ASV_936",0.720576692122892,2.24538803994534e-05,0.00269891567676238,"Positive"
"ASV_888","ASV_936",0.720576692122892,2.24538803994534e-05,0.00269891567676238,"Positive"
"ASV_925","ASV_936",0.720576692122892,2.24538803994534e-05,0.00269891567676238,"Positive"
"ASV_185","ASV_938",0.720576692122892,2.24538803994534e-05,0.00269891567676238,"Positive"
"ASV_339","ASV_938",1,0,0,"Positive"
"ASV_482","ASV_938",0.720576692122892,2.24538803994534e-05,0.00269891567676238,"Positive"
"ASV_801","ASV_938",1,0,0,"Positive"
"ASV_455","ASV_944",0.674965601351727,0.00011245336481025,0.0127265960683075,"Positive"
"ASV_934","ASV_944",0.666304264579111,0.000148057405596091,0.0131273546249632,"Positive"
"ASV_63","ASV_950",0.720576692122892,2.24538803994534e-05,0.00269891567676238,"Positive"
"ASV_264","ASV_950",0.720576692122892,2.24538803994534e-05,0.00269891567676238,"Positive"
"ASV_342","ASV_950",1,0,0,"Positive"
"ASV_379","ASV_950",0.832239719563824,7.36862437733521e-08,1.81117764907557e-05,"Positive"
"ASV_513","ASV_950",0.668218197578152,0.000139432194518285,0.0131273546249632,"Positive"
"ASV_534","ASV_950",0.720576692122892,2.24538803994534e-05,0.00269891567676238,"Positive"
"ASV_574","ASV_950",0.665147715805747,0.000153494525760411,0.0131273546249632,"Positive"
"ASV_613","ASV_950",0.665147715805747,0.000153494525760411,0.0131273546249632,"Positive"
"ASV_873","ASV_950",0.720576692122892,2.24538803994534e-05,0.00269891567676238,"Positive"
"ASV_386","ASV_952",1,0,0,"Positive"
"ASV_566","ASV_952",0.720576692122892,2.24538803994534e-05,0.00269891567676238,"Positive"
"ASV_587","ASV_952",1,0,0,"Positive"
"ASV_596","ASV_952",1,0,0,"Positive"
"ASV_795","ASV_952",1,0,0,"Positive"
"ASV_843","ASV_952",0.720576692122892,2.24538803994534e-05,0.00269891567676238,"Positive"
"ASV_300","ASV_955",1,0,0,"Positive"
"ASV_575","ASV_955",0.665147715805747,0.000153494525760411,0.0131273546249632,"Positive"
"ASV_660","ASV_955",1,0,0,"Positive"
"ASV_797","ASV_955",0.665147715805747,0.000153494525760411,0.0131273546249632,"Positive"
"ASV_830","ASV_955",1,0,0,"Positive"
"ASV_872","ASV_955",0.665147715805747,0.000153494525760411,0.0131273546249632,"Positive"
"ASV_882","ASV_961",0.641863952570547,0.000307498858746147,0.0253840358321126,"Positive"
"ASV_738","ASV_963",0.718890952127138,2.396145536121e-05,0.00287463227223057,"Positive"
"ASV_747","ASV_963",0.692075046997088,6.35587152835182e-05,0.00738569291010393,"Positive"
"ASV_603","ASV_969",0.834072587132234,6.49107074757183e-08,1.62080362282747e-05,"Positive"
"ASV_617","ASV_969",0.647242048077777,0.000263245642026844,0.022063806816499,"Positive"
"ASV_35","ASV_970",0.667880606546627,0.000140920553625357,0.0131273546249632,"Positive"
"ASV_17","ASV_974",0.720576692122892,2.24538803994534e-05,0.00269891567676238,"Positive"
"ASV_343","ASV_974",0.720576692122892,2.24538803994534e-05,0.00269891567676238,"Positive"
"ASV_411","ASV_974",0.720576692122892,2.24538803994534e-05,0.00269891567676238,"Positive"
"ASV_515","ASV_974",0.720576692122892,2.24538803994534e-05,0.00269891567676238,"Positive"
"ASV_657","ASV_974",0.665147715805747,0.000153494525760411,0.0131273546249632,"Positive"
"ASV_665","ASV_974",0.665147715805747,0.000153494525760411,0.0131273546249632,"Positive"
"ASV_853","ASV_974",0.720576692122892,2.24538803994534e-05,0.00269891567676238,"Positive"
"ASV_175","ASV_975",0.720576692122892,2.24538803994534e-05,0.00269891567676238,"Positive"
"ASV_241","ASV_975",0.665147715805747,0.000153494525760411,0.0131273546249632,"Positive"
"ASV_338","ASV_975",1,0,0,"Positive"
"ASV_700","ASV_975",0.665147715805747,0.000153494525760411,0.0131273546249632,"Positive"
"ASV_859","ASV_975",0.720576692122892,2.24538803994534e-05,0.00269891567676238,"Positive"
"ASV_927","ASV_975",0.665147715805747,0.000153494525760411,0.0131273546249632,"Positive"
"ASV_196","ASV_979",0.720576692122892,2.24538803994534e-05,0.00269891567676238,"Positive"
"ASV_404","ASV_979",0.665147715805747,0.000153494525760411,0.0131273546249632,"Positive"
"ASV_440","ASV_979",0.665147715805747,0.000153494525760411,0.0131273546249632,"Positive"
"ASV_481","ASV_979",0.665147715805747,0.000153494525760411,0.0131273546249632,"Positive"
"ASV_756","ASV_979",0.720576692122892,2.24538803994534e-05,0.00269891567676238,"Positive"
"ASV_774","ASV_979",0.643496507721114,0.000293422897945206,0.0242618516091717,"Positive"
"ASV_862","ASV_979",0.720576692122892,2.24538803994534e-05,0.00269891567676238,"Positive"
"ASV_614","ASV_984",0.665147715805747,0.000153494525760411,0.0131273546249632,"Positive"
"ASV_783","ASV_984",0.665147715805747,0.000153494525760411,0.0131273546249632,"Positive"
"ASV_788","ASV_984",0.665147715805747,0.000153494525760411,0.0131273546249632,"Positive"
"ASV_857","ASV_984",0.644424077783084,0.000285679961085528,0.0237385994735629,"Positive"
"ASV_874","ASV_984",0.665147715805747,0.000153494525760411,0.0131273546249632,"Positive"
"ASV_889","ASV_984",0.720576692122892,2.24538803994534e-05,0.00269891567676238,"Positive"
"ASV_895","ASV_984",0.832239719563824,7.36862437733521e-08,1.81117764907557e-05,"Positive"
"ASV_224","ASV_985",0.676106128044819,0.000108380732493973,0.012282255049559,"Positive"
"ASV_177","ASV_991",1,0,0,"Positive"
"ASV_511","ASV_991",1,0,0,"Positive"
"ASV_567","ASV_991",0.720576692122892,2.24538803994534e-05,0.00269891567676238,"Positive"
"ASV_579","ASV_991",0.720576692122892,2.24538803994534e-05,0.00269891567676238,"Positive"
"ASV_646","ASV_991",0.720576692122892,2.24538803994534e-05,0.00269891567676238,"Positive"
"ASV_651","ASV_991",1,0,0,"Positive"
"ASV_173","ASV_993",1,0,0,"Positive"
"ASV_183","ASV_993",1,0,0,"Positive"
"ASV_224","ASV_993",0.720576692122892,2.24538803994534e-05,0.00269891567676238,"Positive"
"ASV_241","ASV_993",0.720576692122892,2.24538803994534e-05,0.00269891567676238,"Positive"
"ASV_270","ASV_993",0.665147715805747,0.000153494525760411,0.0131273546249632,"Positive"
"ASV_341","ASV_993",0.720576692122892,2.24538803994534e-05,0.00269891567676238,"Positive"
"ASV_354","ASV_993",0.720576692122892,2.24538803994534e-05,0.00269891567676238,"Positive"
"ASV_395","ASV_993",1,0,0,"Positive"
"ASV_431","ASV_993",0.720576692122892,2.24538803994534e-05,0.00269891567676238,"Positive"
"ASV_474","ASV_993",0.665147715805747,0.000153494525760411,0.0131273546249632,"Positive"
"ASV_491","ASV_993",0.665147715805747,0.000153494525760411,0.0131273546249632,"Positive"
"ASV_518","ASV_993",1,0,0,"Positive"
"ASV_541","ASV_993",1,0,0,"Positive"
"ASV_557","ASV_993",1,0,0,"Positive"
"ASV_565","ASV_993",1,0,0,"Positive"
"ASV_638","ASV_993",1,0,0,"Positive"
"ASV_668","ASV_993",0.720576692122892,2.24538803994534e-05,0.00269891567676238,"Positive"
"ASV_681","ASV_993",1,0,0,"Positive"
"ASV_686","ASV_993",1,0,0,"Positive"
"ASV_697","ASV_993",0.720576692122892,2.24538803994534e-05,0.00269891567676238,"Positive"
"ASV_700","ASV_993",0.720576692122892,2.24538803994534e-05,0.00269891567676238,"Positive"
"ASV_720","ASV_993",0.720576692122892,2.24538803994534e-05,0.00269891567676238,"Positive"
"ASV_721","ASV_993",1,0,0,"Positive"
"ASV_746","ASV_993",1,0,0,"Positive"
"ASV_779","ASV_993",1,0,0,"Positive"
"ASV_868","ASV_993",1,0,0,"Positive"
"ASV_870","ASV_993",1,0,0,"Positive"
"ASV_888","ASV_993",1,0,0,"Positive"
"ASV_925","ASV_993",1,0,0,"Positive"
"ASV_936","ASV_993",0.720576692122892,2.24538803994534e-05,0.00269891567676238,"Positive"
"ASV_51","ASV_995",0.795306004198565,7.15677216822641e-07,0.000168821346849273,"Positive"
"ASV_51","ASV_997",0.720576692122892,2.24538803994534e-05,0.00269891567676238,"Positive"
"ASV_527","ASV_997",1,0,0,"Positive"
"ASV_468","ASV_1000",0.637810199368575,0.000345041874369345,0.0283622843139753,"Positive"
"ASV_177","ASV_1002",0.665147715805747,0.000153494525760411,0.0131273546249632,"Positive"
"ASV_282","ASV_1002",0.720576692122892,2.24538803994534e-05,0.00269891567676238,"Positive"
"ASV_511","ASV_1002",0.665147715805747,0.000153494525760411,0.0131273546249632,"Positive"
"ASV_615","ASV_1002",0.720576692122892,2.24538803994534e-05,0.00269891567676238,"Positive"
"ASV_651","ASV_1002",0.665147715805747,0.000153494525760411,0.0131273546249632,"Positive"
"ASV_664","ASV_1002",0.720576692122892,2.24538803994534e-05,0.00269891567676238,"Positive"
"ASV_991","ASV_1002",0.665147715805747,0.000153494525760411,0.0131273546249632,"Positive"
"ASV_984","ASV_1010",0.706541773680277,3.8048701537452e-05,0.00451303861143684,"Positive"
"ASV_302","ASV_1011",0.671758178668325,0.000124640607513715,0.0131273546249632,"Positive"
"ASV_748","ASV_1013",0.692075046997088,6.35587152835182e-05,0.00738569291010393,"Positive"
"ASV_924","ASV_1013",0.61740881146215,0.000601574330445054,0.0476292076443435,"Positive"
"ASV_270","ASV_1015",0.8002304995806,5.43241576611564e-07,0.000129725985412948,"Positive"
"ASV_562","ASV_1015",0.652151639344262,0.000227836393568381,0.0192951820589481,"Positive"
"ASV_668","ASV_1015",0.795306004198565,7.15677216822641e-07,0.000168821346849273,"Positive"
"ASV_173","ASV_1017",1,0,0,"Positive"
"ASV_183","ASV_1017",1,0,0,"Positive"
"ASV_224","ASV_1017",0.720576692122892,2.24538803994534e-05,0.00269891567676238,"Positive"
"ASV_241","ASV_1017",0.720576692122892,2.24538803994534e-05,0.00269891567676238,"Positive"
"ASV_270","ASV_1017",0.665147715805747,0.000153494525760411,0.0131273546249632,"Positive"
"ASV_341","ASV_1017",0.720576692122892,2.24538803994534e-05,0.00269891567676238,"Positive"
"ASV_354","ASV_1017",0.720576692122892,2.24538803994534e-05,0.00269891567676238,"Positive"
"ASV_395","ASV_1017",1,0,0,"Positive"
"ASV_431","ASV_1017",0.720576692122892,2.24538803994534e-05,0.00269891567676238,"Positive"
"ASV_474","ASV_1017",0.665147715805747,0.000153494525760411,0.0131273546249632,"Positive"
"ASV_491","ASV_1017",0.665147715805747,0.000153494525760411,0.0131273546249632,"Positive"
"ASV_518","ASV_1017",1,0,0,"Positive"
"ASV_541","ASV_1017",1,0,0,"Positive"
"ASV_557","ASV_1017",1,0,0,"Positive"
"ASV_565","ASV_1017",1,0,0,"Positive"
"ASV_638","ASV_1017",1,0,0,"Positive"
"ASV_668","ASV_1017",0.720576692122892,2.24538803994534e-05,0.00269891567676238,"Positive"
"ASV_681","ASV_1017",1,0,0,"Positive"
"ASV_686","ASV_1017",1,0,0,"Positive"
"ASV_697","ASV_1017",0.720576692122892,2.24538803994534e-05,0.00269891567676238,"Positive"
"ASV_700","ASV_1017",0.720576692122892,2.24538803994534e-05,0.00269891567676238,"Positive"
"ASV_720","ASV_1017",0.720576692122892,2.24538803994534e-05,0.00269891567676238,"Positive"
"ASV_721","ASV_1017",1,0,0,"Positive"
"ASV_746","ASV_1017",1,0,0,"Positive"
"ASV_779","ASV_1017",1,0,0,"Positive"
"ASV_868","ASV_1017",1,0,0,"Positive"
"ASV_870","ASV_1017",1,0,0,"Positive"
"ASV_888","ASV_1017",1,0,0,"Positive"
"ASV_925","ASV_1017",1,0,0,"Positive"
"ASV_936","ASV_1017",0.720576692122892,2.24538803994534e-05,0.00269891567676238,"Positive"
"ASV_993","ASV_1017",1,0,0,"Positive"
"ASV_270","ASV_1022",0.720576692122892,2.24538803994534e-05,0.00269891567676238,"Positive"
"ASV_302","ASV_1022",0.665147715805747,0.000153494525760411,0.0131273546249632,"Positive"
"ASV_492","ASV_1022",0.720576692122892,2.24538803994534e-05,0.00269891567676238,"Positive"
"ASV_668","ASV_1022",0.665147715805747,0.000153494525760411,0.0131273546249632,"Positive"
"ASV_889","ASV_1022",1,0,0,"Positive"
"ASV_984","ASV_1022",0.720576692122892,2.24538803994534e-05,0.00269891567676238,"Positive"
"ASV_302","ASV_1038",0.720576692122892,2.24538803994534e-05,0.00269891567676238,"Positive"
"ASV_611","ASV_1038",1,0,0,"Positive"
"ASV_157","ASV_1046",0.681434081242377,9.10314175899263e-05,0.0105005282540314,"Positive"
"ASV_198","ASV_1046",0.626536885245902,0.000471361018652416,0.0381599265325571,"Positive"
"ASV_9","ASV_1051",0.669013057556353,0.000135982486742847,0.0131273546249632,"Positive"
"ASV_126","ASV_1051",0.749807963125773,6.72500696996536e-06,0.00151943503528315,"Positive"
"ASV_431","ASV_1051",0.8002304995806,5.43241576611564e-07,0.000129725985412948,"Positive"
"ASV_720","ASV_1051",0.8002304995806,5.43241576611564e-07,0.000129725985412948,"Positive"
"ASV_729","ASV_1051",0.615710029423576,0.000628993924705057,0.049457865004261,"Positive"
"ASV_834","ASV_1051",0.765759031906359,3.24513858140918e-06,0.000746604346661594,"Positive"
"ASV_302","ASV_1052",0.720576692122892,2.24538803994534e-05,0.00269891567676238,"Positive"
"ASV_611","ASV_1052",1,0,0,"Positive"
"ASV_1038","ASV_1052",1,0,0,"Positive"
"ASV_177","ASV_1053",1,0,0,"Positive"
"ASV_511","ASV_1053",1,0,0,"Positive"
"ASV_567","ASV_1053",0.720576692122892,2.24538803994534e-05,0.00269891567676238,"Positive"
"ASV_579","ASV_1053",0.720576692122892,2.24538803994534e-05,0.00269891567676238,"Positive"
"ASV_646","ASV_1053",0.720576692122892,2.24538803994534e-05,0.00269891567676238,"Positive"
"ASV_651","ASV_1053",1,0,0,"Positive"
"ASV_991","ASV_1053",1,0,0,"Positive"
"ASV_1002","ASV_1053",0.665147715805747,0.000153494525760411,0.0131273546249632,"Positive"
"ASV_297","ASV_1056",0.625476416066786,0.000485098820198981,0.0391964518619527,"Positive"
"ASV_633","ASV_1056",0.666681190045678,0.00014632249998936,0.0131273546249632,"Positive"
"ASV_845","ASV_1056",0.832239719563824,7.36862437733521e-08,1.81117764907557e-05,"Positive"
"ASV_846","ASV_1056",0.652151639344262,0.000227836393568381,0.0192951820589481,"Positive"
"ASV_905","ASV_1056",0.765759031906359,3.24513858140918e-06,0.000746604346661594,"Positive"
"ASV_213","ASV_1057",0.877495021169487,1.87219950653628e-09,4.69345871312398e-07,"Positive"
"ASV_524","ASV_1057",0.648053278688525,0.000257081160242034,0.02167706620674,"Positive"
"ASV_179","ASV_1058",0.648053278688525,0.000257081160242034,0.02167706620674,"Positive"
"ASV_859","ASV_1058",0.829777471872807,8.71652050538074e-08,2.12381861432895e-05,"Positive"
"ASV_21","ASV_1059",0.665147715805747,0.000153494525760411,0.0131273546249632,"Positive"
"ASV_123","ASV_1059",0.720576692122892,2.24538803994534e-05,0.00269891567676238,"Positive"
"ASV_378","ASV_1059",0.665147715805747,0.000153494525760411,0.0131273546249632,"Positive"
"ASV_405","ASV_1059",0.624019968958515,0.000504535981971088,0.0406365388743082,"Positive"
"ASV_636","ASV_1059",0.665147715805747,0.000153494525760411,0.0131273546249632,"Positive"
"ASV_682","ASV_1059",0.720576692122892,2.24538803994534e-05,0.00269891567676238,"Positive"
"ASV_714","ASV_1059",0.665147715805747,0.000153494525760411,0.0131273546249632,"Positive"
"ASV_860","ASV_1059",1,0,0,"Positive"
"ASV_859","ASV_1060",0.732629469939241,1.39156190015477e-05,0.00269891567676238,"Positive"
"ASV_864","ASV_1060",0.632338042940497,0.000402063099849137,0.0328349357289191,"Positive"
"ASV_924","ASV_1060",0.678280102733066,0.000100977333874486,0.0115210743651581,"Positive"
"ASV_927","ASV_1060",0.643496507721114,0.000293422897945206,0.0242618516091717,"Positive"
"ASV_963","ASV_1060",0.632338042940497,0.000402063099849137,0.0328349357289191,"Positive"
"ASV_173","ASV_1066",1,0,0,"Positive"
"ASV_183","ASV_1066",1,0,0,"Positive"
"ASV_224","ASV_1066",0.720576692122892,2.24538803994534e-05,0.00269891567676238,"Positive"
"ASV_241","ASV_1066",0.720576692122892,2.24538803994534e-05,0.00269891567676238,"Positive"
"ASV_270","ASV_1066",0.665147715805747,0.000153494525760411,0.0131273546249632,"Positive"
"ASV_341","ASV_1066",0.720576692122892,2.24538803994534e-05,0.00269891567676238,"Positive"
"ASV_354","ASV_1066",0.720576692122892,2.24538803994534e-05,0.00269891567676238,"Positive"
"ASV_395","ASV_1066",1,0,0,"Positive"
"ASV_431","ASV_1066",0.720576692122892,2.24538803994534e-05,0.00269891567676238,"Positive"
"ASV_474","ASV_1066",0.665147715805747,0.000153494525760411,0.0131273546249632,"Positive"
"ASV_491","ASV_1066",0.665147715805747,0.000153494525760411,0.0131273546249632,"Positive"
"ASV_518","ASV_1066",1,0,0,"Positive"
"ASV_541","ASV_1066",1,0,0,"Positive"
"ASV_557","ASV_1066",1,0,0,"Positive"
"ASV_565","ASV_1066",1,0,0,"Positive"
"ASV_638","ASV_1066",1,0,0,"Positive"
"ASV_668","ASV_1066",0.720576692122892,2.24538803994534e-05,0.00269891567676238,"Positive"
"ASV_681","ASV_1066",1,0,0,"Positive"
"ASV_686","ASV_1066",1,0,0,"Positive"
"ASV_697","ASV_1066",0.720576692122892,2.24538803994534e-05,0.00269891567676238,"Positive"
"ASV_700","ASV_1066",0.720576692122892,2.24538803994534e-05,0.00269891567676238,"Positive"
"ASV_720","ASV_1066",0.720576692122892,2.24538803994534e-05,0.00269891567676238,"Positive"
"ASV_721","ASV_1066",1,0,0,"Positive"
"ASV_746","ASV_1066",1,0,0,"Positive"
"ASV_779","ASV_1066",1,0,0,"Positive"
"ASV_868","ASV_1066",1,0,0,"Positive"
"ASV_870","ASV_1066",1,0,0,"Positive"
"ASV_888","ASV_1066",1,0,0,"Positive"
"ASV_925","ASV_1066",1,0,0,"Positive"
"ASV_936","ASV_1066",0.720576692122892,2.24538803994534e-05,0.00269891567676238,"Positive"
"ASV_993","ASV_1066",1,0,0,"Positive"
"ASV_1017","ASV_1066",1,0,0,"Positive"
"ASV_128","ASV_1067",0.644032255735241,0.000288928556198664,0.0239926997533563,"Positive"
"ASV_58","ASV_1073",0.679815573770492,9.60213530549758e-05,0.0110155398619745,"Positive"
"ASV_840","ASV_1073",0.677766393442623,0.000102685176081252,0.0116894370844734,"Positive"
"ASV_224","ASV_1075",0.616664271355505,0.000613460673911659,0.0483573392797354,"Positive"
"ASV_300","ASV_1076",1,0,0,"Positive"
"ASV_575","ASV_1076",0.665147715805747,0.000153494525760411,0.0131273546249632,"Positive"
"ASV_660","ASV_1076",1,0,0,"Positive"
"ASV_797","ASV_1076",0.665147715805747,0.000153494525760411,0.0131273546249632,"Positive"
"ASV_830","ASV_1076",1,0,0,"Positive"
"ASV_872","ASV_1076",0.665147715805747,0.000153494525760411,0.0131273546249632,"Positive"
"ASV_955","ASV_1076",1,0,0,"Positive"
"ASV_173","ASV_1077",1,0,0,"Positive"
"ASV_183","ASV_1077",1,0,0,"Positive"
"ASV_224","ASV_1077",0.720576692122892,2.24538803994534e-05,0.00269891567676238,"Positive"
"ASV_241","ASV_1077",0.720576692122892,2.24538803994534e-05,0.00269891567676238,"Positive"
"ASV_270","ASV_1077",0.665147715805747,0.000153494525760411,0.0131273546249632,"Positive"
"ASV_341","ASV_1077",0.720576692122892,2.24538803994534e-05,0.00269891567676238,"Positive"
"ASV_354","ASV_1077",0.720576692122892,2.24538803994534e-05,0.00269891567676238,"Positive"
"ASV_395","ASV_1077",1,0,0,"Positive"
"ASV_431","ASV_1077",0.720576692122892,2.24538803994534e-05,0.00269891567676238,"Positive"
"ASV_474","ASV_1077",0.665147715805747,0.000153494525760411,0.0131273546249632,"Positive"
"ASV_491","ASV_1077",0.665147715805747,0.000153494525760411,0.0131273546249632,"Positive"
"ASV_518","ASV_1077",1,0,0,"Positive"
"ASV_541","ASV_1077",1,0,0,"Positive"
"ASV_557","ASV_1077",1,0,0,"Positive"
"ASV_565","ASV_1077",1,0,0,"Positive"
"ASV_638","ASV_1077",1,0,0,"Positive"
"ASV_668","ASV_1077",0.720576692122892,2.24538803994534e-05,0.00269891567676238,"Positive"
"ASV_681","ASV_1077",1,0,0,"Positive"
"ASV_686","ASV_1077",1,0,0,"Positive"
"ASV_697","ASV_1077",0.720576692122892,2.24538803994534e-05,0.00269891567676238,"Positive"
"ASV_700","ASV_1077",0.720576692122892,2.24538803994534e-05,0.00269891567676238,"Positive"
"ASV_720","ASV_1077",0.720576692122892,2.24538803994534e-05,0.00269891567676238,"Positive"
"ASV_721","ASV_1077",1,0,0,"Positive"
"ASV_746","ASV_1077",1,0,0,"Positive"
"ASV_779","ASV_1077",1,0,0,"Positive"
"ASV_868","ASV_1077",1,0,0,"Positive"
"ASV_870","ASV_1077",1,0,0,"Positive"
"ASV_888","ASV_1077",1,0,0,"Positive"
"ASV_925","ASV_1077",1,0,0,"Positive"
"ASV_936","ASV_1077",0.720576692122892,2.24538803994534e-05,0.00269891567676238,"Positive"
"ASV_993","ASV_1077",1,0,0,"Positive"
"ASV_1017","ASV_1077",1,0,0,"Positive"
"ASV_1066","ASV_1077",1,0,0,"Positive"
"ASV_222","ASV_1079",0.615234836773903,0.00063685624331411,0.0498580193346641,"Positive"
"ASV_320","ASV_1079",0.702875399361022,4.34548168679605e-05,0.00514699300309709,"Positive"
"ASV_282","ASV_1083",1,0,0,"Positive"
"ASV_354","ASV_1083",0.665147715805747,0.000153494525760411,0.0131273546249632,"Positive"
"ASV_615","ASV_1083",1,0,0,"Positive"
"ASV_664","ASV_1083",1,0,0,"Positive"
"ASV_692","ASV_1083",0.665147715805747,0.000153494525760411,0.0131273546249632,"Positive"
"ASV_854","ASV_1083",0.720576692122892,2.24538803994534e-05,0.00269891567676238,"Positive"
"ASV_1002","ASV_1083",0.720576692122892,2.24538803994534e-05,0.00269891567676238,"Positive"
"ASV_321","ASV_1085",0.622438524590164,0.000526408520027166,0.0423440052567074,"Positive"
"ASV_614","ASV_1086",0.665147715805747,0.000153494525760411,0.0131273546249632,"Positive"
"ASV_657","ASV_1086",0.720576692122892,2.24538803994534e-05,0.00269891567676238,"Positive"
"ASV_665","ASV_1086",0.720576692122892,2.24538803994534e-05,0.00269891567676238,"Positive"
"ASV_783","ASV_1086",0.665147715805747,0.000153494525760411,0.0131273546249632,"Positive"
"ASV_788","ASV_1086",0.665147715805747,0.000153494525760411,0.0131273546249632,"Positive"
"ASV_834","ASV_1086",1,0,0,"Positive"
"ASV_874","ASV_1086",0.665147715805747,0.000153494525760411,0.0131273546249632,"Positive"
"ASV_1051","ASV_1086",0.765759031906359,3.24513858140918e-06,0.000746604346661594,"Positive"
"ASV_43","ASV_1092",0.997041420118343,0,0,"Positive"
"ASV_62","ASV_1092",0.720576692122892,2.24538803994534e-05,0.00269891567676238,"Positive"
"ASV_227","ASV_1092",0.720576692122892,2.24538803994534e-05,0.00269891567676238,"Positive"
"ASV_284","ASV_1092",0.676106128044819,0.000108380732493973,0.012282255049559,"Positive"
"ASV_299","ASV_1092",0.61740881146215,0.000601574330445054,0.0476292076443435,"Positive"
"ASV_390","ASV_1092",0.61740881146215,0.000601574330445054,0.0476292076443435,"Positive"
"ASV_416","ASV_1092",0.763296784215341,3.64471975866643e-06,0.000830187999690087,"Positive"
"ASV_448","ASV_1092",0.720576692122892,2.24538803994534e-05,0.00269891567676238,"Positive"
"ASV_460","ASV_1092",0.720576692122892,2.24538803994534e-05,0.00269891567676238,"Positive"
"ASV_513","ASV_1092",0.640458391150573,0.000320088686899478,0.026388706861829,"Positive"
"ASV_574","ASV_1092",0.665147715805747,0.000153494525760411,0.0131273546249632,"Positive"
"ASV_604","ASV_1092",0.720576692122892,2.24538803994534e-05,0.00269891567676238,"Positive"
"ASV_613","ASV_1092",0.665147715805747,0.000153494525760411,0.0131273546249632,"Positive"
"ASV_627","ASV_1092",0.720576692122892,2.24538803994534e-05,0.00269891567676238,"Positive"
"ASV_653","ASV_1092",0.720576692122892,2.24538803994534e-05,0.00269891567676238,"Positive"
"ASV_807","ASV_1092",0.720576692122892,2.24538803994534e-05,0.00269891567676238,"Positive"
"ASV_850","ASV_1092",0.763296784215341,3.64471975866643e-06,0.000830187999690087,"Positive"
"ASV_603","ASV_1093",0.679815573770492,9.60213530549758e-05,0.0110155398619745,"Positive"
"ASV_791","ASV_1093",0.679815573770492,9.60213530549758e-05,0.0110155398619745,"Positive"
"ASV_850","ASV_1093",0.652151639344262,0.000227836393568381,0.0192951820589481,"Positive"
"ASV_527","ASV_1094",0.665147715805747,0.000153494525760411,0.0131273546249632,"Positive"
"ASV_611","ASV_1094",0.720576692122892,2.24538803994534e-05,0.00269891567676238,"Positive"
"ASV_881","ASV_1094",0.8002304995806,5.43241576611564e-07,0.000129725985412948,"Positive"
"ASV_997","ASV_1094",0.665147715805747,0.000153494525760411,0.0131273546249632,"Positive"
"ASV_1038","ASV_1094",0.720576692122892,2.24538803994534e-05,0.00269891567676238,"Positive"
"ASV_1052","ASV_1094",0.720576692122892,2.24538803994534e-05,0.00269891567676238,"Positive"
"ASV_39","ASV_1096",0.665147715805747,0.000153494525760411,0.0131273546249632,"Positive"
"ASV_88","ASV_1096",1,0,0,"Positive"
"ASV_289","ASV_1096",1,0,0,"Positive"
"ASV_646","ASV_1096",0.665147715805747,0.000153494525760411,0.0131273546249632,"Positive"
"ASV_663","ASV_1096",1,0,0,"Positive"
"ASV_697","ASV_1096",0.665147715805747,0.000153494525760411,0.0131273546249632,"Positive"
"ASV_716","ASV_1096",1,0,0,"Positive"
"ASV_341","ASV_1099",0.647844457097608,0.000258655734379776,0.0216935538369602,"Positive"
"ASV_419","ASV_1099",0.651279044226733,0.000233805218452288,0.0197873585939302,"Positive"
"ASV_474","ASV_1099",0.673932153356572,0.00011625979537655,0.0130984821832143,"Positive"
"ASV_860","ASV_1099",0.615234836773903,0.00063685624331411,0.0498580193346641,"Positive"
"ASV_936","ASV_1099",0.647844457097608,0.000258655734379776,0.0216935538369602,"Positive"
"ASV_1059","ASV_1099",0.615234836773903,0.00063685624331411,0.0498580193346641,"Positive"
"ASV_648","ASV_1100",0.677766393442623,0.000102685176081252,0.0116894370844734,"Positive"
"ASV_224","ASV_1102",0.665147715805747,0.000153494525760411,0.0131273546249632,"Positive"
"ASV_553","ASV_1102",0.720576692122892,2.24538803994534e-05,0.00269891567676238,"Positive"
"ASV_568","ASV_1102",0.665147715805747,0.000153494525760411,0.0131273546249632,"Positive"
"ASV_600","ASV_1102",0.720576692122892,2.24538803994534e-05,0.00269891567676238,"Positive"
"ASV_678","ASV_1102",0.720576692122892,2.24538803994534e-05,0.00269891567676238,"Positive"
"ASV_768","ASV_1102",1,0,0,"Positive"
"ASV_772","ASV_1102",0.665147715805747,0.000153494525760411,0.0131273546249632,"Positive"
"ASV_827","ASV_1102",1,0,0,"Positive"
"ASV_175","ASV_1104",0.668218197578152,0.000139432194518285,0.0131273546249632,"Positive"
"ASV_391","ASV_1104",0.709586415147627,3.40227891766354e-05,0.0040603916177398,"Positive"
"ASV_614","ASV_1105",0.665147715805747,0.000153494525760411,0.0131273546249632,"Positive"
"ASV_783","ASV_1105",0.665147715805747,0.000153494525760411,0.0131273546249632,"Positive"
"ASV_788","ASV_1105",0.665147715805747,0.000153494525760411,0.0131273546249632,"Positive"
"ASV_857","ASV_1105",0.644424077783084,0.000285679961085528,0.0237385994735629,"Positive"
"ASV_874","ASV_1105",0.665147715805747,0.000153494525760411,0.0131273546249632,"Positive"
"ASV_889","ASV_1105",0.720576692122892,2.24538803994534e-05,0.00269891567676238,"Positive"
"ASV_895","ASV_1105",0.832239719563824,7.36862437733521e-08,1.81117764907557e-05,"Positive"
"ASV_984","ASV_1105",1,0,0,"Positive"
"ASV_1010","ASV_1105",0.706541773680277,3.8048701537452e-05,0.00451303861143684,"Positive"
"ASV_1022","ASV_1105",0.720576692122892,2.24538803994534e-05,0.00269891567676238,"Positive"
"ASV_315","ASV_1108",-0.640374704588755,0.000320852334900756,0.0264256964767166,"Negative"
"ASV_609","ASV_1108",0.654162384378212,0.000214589655180841,0.0182408454105849,"Positive"
"ASV_173","ASV_1109",1,0,0,"Positive"
"ASV_183","ASV_1109",1,0,0,"Positive"
"ASV_224","ASV_1109",0.720576692122892,2.24538803994534e-05,0.00269891567676238,"Positive"
"ASV_241","ASV_1109",0.720576692122892,2.24538803994534e-05,0.00269891567676238,"Positive"
"ASV_270","ASV_1109",0.665147715805747,0.000153494525760411,0.0131273546249632,"Positive"
"ASV_341","ASV_1109",0.720576692122892,2.24538803994534e-05,0.00269891567676238,"Positive"
"ASV_354","ASV_1109",0.720576692122892,2.24538803994534e-05,0.00269891567676238,"Positive"
"ASV_395","ASV_1109",1,0,0,"Positive"
"ASV_431","ASV_1109",0.720576692122892,2.24538803994534e-05,0.00269891567676238,"Positive"
"ASV_474","ASV_1109",0.665147715805747,0.000153494525760411,0.0131273546249632,"Positive"
"ASV_491","ASV_1109",0.665147715805747,0.000153494525760411,0.0131273546249632,"Positive"
"ASV_518","ASV_1109",1,0,0,"Positive"
"ASV_541","ASV_1109",1,0,0,"Positive"
"ASV_557","ASV_1109",1,0,0,"Positive"
"ASV_565","ASV_1109",1,0,0,"Positive"
"ASV_638","ASV_1109",1,0,0,"Positive"
"ASV_668","ASV_1109",0.720576692122892,2.24538803994534e-05,0.00269891567676238,"Positive"
"ASV_681","ASV_1109",1,0,0,"Positive"
"ASV_686","ASV_1109",1,0,0,"Positive"
"ASV_697","ASV_1109",0.720576692122892,2.24538803994534e-05,0.00269891567676238,"Positive"
"ASV_700","ASV_1109",0.720576692122892,2.24538803994534e-05,0.00269891567676238,"Positive"
"ASV_720","ASV_1109",0.720576692122892,2.24538803994534e-05,0.00269891567676238,"Positive"
"ASV_721","ASV_1109",1,0,0,"Positive"
"ASV_746","ASV_1109",1,0,0,"Positive"
"ASV_779","ASV_1109",1,0,0,"Positive"
"ASV_868","ASV_1109",1,0,0,"Positive"
"ASV_870","ASV_1109",1,0,0,"Positive"
"ASV_888","ASV_1109",1,0,0,"Positive"
"ASV_925","ASV_1109",1,0,0,"Positive"
"ASV_936","ASV_1109",0.720576692122892,2.24538803994534e-05,0.00269891567676238,"Positive"
"ASV_993","ASV_1109",1,0,0,"Positive"
"ASV_1017","ASV_1109",1,0,0,"Positive"
"ASV_1066","ASV_1109",1,0,0,"Positive"
"ASV_1077","ASV_1109",1,0,0,"Positive"
"ASV_404","ASV_1113",1,0,0,"Positive"
"ASV_440","ASV_1113",1,0,0,"Positive"
"ASV_481","ASV_1113",1,0,0,"Positive"
"ASV_797","ASV_1113",0.720576692122892,2.24538803994534e-05,0.00269891567676238,"Positive"
"ASV_843","ASV_1113",0.665147715805747,0.000153494525760411,0.0131273546249632,"Positive"
"ASV_979","ASV_1113",0.665147715805747,0.000153494525760411,0.0131273546249632,"Positive"
"ASV_13","ASV_1116",0.795306004198565,7.15677216822641e-07,0.000168821346849273,"Positive"
"ASV_21","ASV_1116",0.665147715805747,0.000153494525760411,0.0131273546249632,"Positive"
"ASV_282","ASV_1116",0.720576692122892,2.24538803994534e-05,0.00269891567676238,"Positive"
"ASV_378","ASV_1116",0.665147715805747,0.000153494525760411,0.0131273546249632,"Positive"
"ASV_615","ASV_1116",0.720576692122892,2.24538803994534e-05,0.00269891567676238,"Positive"
"ASV_636","ASV_1116",0.665147715805747,0.000153494525760411,0.0131273546249632,"Positive"
"ASV_664","ASV_1116",0.720576692122892,2.24538803994534e-05,0.00269891567676238,"Positive"
"ASV_676","ASV_1116",0.622173756032602,0.000530150243934546,0.0425497977191026,"Positive"
"ASV_714","ASV_1116",0.665147715805747,0.000153494525760411,0.0131273546249632,"Positive"
"ASV_826","ASV_1116",0.832239719563824,7.36862437733521e-08,1.81117764907557e-05,"Positive"
"ASV_854","ASV_1116",1,0,0,"Positive"
"ASV_1083","ASV_1116",0.720576692122892,2.24538803994534e-05,0.00269891567676238,"Positive"
"ASV_222","ASV_1120",0.644424077783084,0.000285679961085528,0.0237385994735629,"Positive"
"ASV_43","ASV_1128",0.720576692122892,2.24538803994534e-05,0.00269891567676238,"Positive"
"ASV_342","ASV_1128",0.665147715805747,0.000153494525760411,0.0131273546249632,"Positive"
"ASV_574","ASV_1128",1,0,0,"Positive"
"ASV_613","ASV_1128",1,0,0,"Positive"
"ASV_950","ASV_1128",0.665147715805747,0.000153494525760411,0.0131273546249632,"Positive"
"ASV_1092","ASV_1128",0.665147715805747,0.000153494525760411,0.0131273546249632,"Positive"
"ASV_173","ASV_1133",1,0,0,"Positive"
"ASV_183","ASV_1133",1,0,0,"Positive"
"ASV_224","ASV_1133",0.720576692122892,2.24538803994534e-05,0.00269891567676238,"Positive"
"ASV_241","ASV_1133",0.720576692122892,2.24538803994534e-05,0.00269891567676238,"Positive"
"ASV_270","ASV_1133",0.665147715805747,0.000153494525760411,0.0131273546249632,"Positive"
"ASV_341","ASV_1133",0.720576692122892,2.24538803994534e-05,0.00269891567676238,"Positive"
"ASV_354","ASV_1133",0.720576692122892,2.24538803994534e-05,0.00269891567676238,"Positive"
"ASV_395","ASV_1133",1,0,0,"Positive"
"ASV_431","ASV_1133",0.720576692122892,2.24538803994534e-05,0.00269891567676238,"Positive"
"ASV_474","ASV_1133",0.665147715805747,0.000153494525760411,0.0131273546249632,"Positive"
"ASV_491","ASV_1133",0.665147715805747,0.000153494525760411,0.0131273546249632,"Positive"
"ASV_518","ASV_1133",1,0,0,"Positive"
"ASV_541","ASV_1133",1,0,0,"Positive"
"ASV_557","ASV_1133",1,0,0,"Positive"
"ASV_565","ASV_1133",1,0,0,"Positive"
"ASV_638","ASV_1133",1,0,0,"Positive"
"ASV_668","ASV_1133",0.720576692122892,2.24538803994534e-05,0.00269891567676238,"Positive"
"ASV_681","ASV_1133",1,0,0,"Positive"
"ASV_686","ASV_1133",1,0,0,"Positive"
"ASV_697","ASV_1133",0.720576692122892,2.24538803994534e-05,0.00269891567676238,"Positive"
"ASV_700","ASV_1133",0.720576692122892,2.24538803994534e-05,0.00269891567676238,"Positive"
"ASV_720","ASV_1133",0.720576692122892,2.24538803994534e-05,0.00269891567676238,"Positive"
"ASV_721","ASV_1133",1,0,0,"Positive"
"ASV_746","ASV_1133",1,0,0,"Positive"
"ASV_779","ASV_1133",1,0,0,"Positive"
"ASV_868","ASV_1133",1,0,0,"Positive"
"ASV_870","ASV_1133",1,0,0,"Positive"
"ASV_888","ASV_1133",1,0,0,"Positive"
"ASV_925","ASV_1133",1,0,0,"Positive"
"ASV_936","ASV_1133",0.720576692122892,2.24538803994534e-05,0.00269891567676238,"Positive"
"ASV_993","ASV_1133",1,0,0,"Positive"
"ASV_1017","ASV_1133",1,0,0,"Positive"
"ASV_1066","ASV_1133",1,0,0,"Positive"
"ASV_1077","ASV_1133",1,0,0,"Positive"
"ASV_1109","ASV_1133",1,0,0,"Positive"
"ASV_161","ASV_1140",0.631633107277558,0.00040997727279457,0.0334595426965076,"Positive"
"ASV_738","ASV_1140",0.622119815668203,0.000530915373168739,0.0425976234777513,"Positive"
"ASV_63","ASV_1141",0.665147715805747,0.000153494525760411,0.0131273546249632,"Positive"
"ASV_264","ASV_1141",0.665147715805747,0.000153494525760411,0.0131273546249632,"Positive"
"ASV_534","ASV_1141",0.665147715805747,0.000153494525760411,0.0131273546249632,"Positive"
"ASV_581","ASV_1141",0.702193824303783,4.45318073913903e-05,0.00523513930937692,"Positive"
"ASV_657","ASV_1141",0.720576692122892,2.24538803994534e-05,0.00269891567676238,"Positive"
"ASV_665","ASV_1141",0.720576692122892,2.24538803994534e-05,0.00269891567676238,"Positive"
"ASV_873","ASV_1141",0.665147715805747,0.000153494525760411,0.0131273546249632,"Positive"
"ASV_123","ASV_1144",0.720576692122892,2.24538803994534e-05,0.00269891567676238,"Positive"
"ASV_299","ASV_1144",0.734803444627488,1.27308589377151e-05,0.00269891567676238,"Positive"
"ASV_456","ASV_1144",0.765759031906359,3.24513858140918e-06,0.000746604346661594,"Positive"
"ASV_606","ASV_1144",0.665147715805747,0.000153494525760411,0.0131273546249632,"Positive"
"ASV_682","ASV_1144",0.720576692122892,2.24538803994534e-05,0.00269891567676238,"Positive"
"ASV_757","ASV_1144",0.665147715805747,0.000153494525760411,0.0131273546249632,"Positive"
"ASV_761","ASV_1144",0.765759031906359,3.24513858140918e-06,0.000746604346661594,"Positive"
"ASV_809","ASV_1144",0.665147715805747,0.000153494525760411,0.0131273546249632,"Positive"
"ASV_913","ASV_1144",0.678280102733066,0.000100977333874486,0.0115210743651581,"Positive"
"ASV_837","ASV_1145",0.692189523336395,6.33084120327254e-05,0.00736340608437007,"Positive"
"ASV_927","ASV_1145",0.763296784215341,3.64471975866643e-06,0.000830187999690087,"Positive"
"ASV_43","ASV_1147",0.720576692122892,2.24538803994534e-05,0.00269891567676238,"Positive"
"ASV_342","ASV_1147",0.665147715805747,0.000153494525760411,0.0131273546249632,"Positive"
"ASV_574","ASV_1147",1,0,0,"Positive"
"ASV_613","ASV_1147",1,0,0,"Positive"
"ASV_950","ASV_1147",0.665147715805747,0.000153494525760411,0.0131273546249632,"Positive"
"ASV_1092","ASV_1147",0.665147715805747,0.000153494525760411,0.0131273546249632,"Positive"
"ASV_1128","ASV_1147",1,0,0,"Positive"
"ASV_43","ASV_1148",0.665147715805747,0.000153494525760411,0.0131273546249632,"Positive"
"ASV_62","ASV_1148",1,0,0,"Positive"
"ASV_175","ASV_1148",0.665147715805747,0.000153494525760411,0.0131273546249632,"Positive"
"ASV_227","ASV_1148",1,0,0,"Positive"
"ASV_448","ASV_1148",1,0,0,"Positive"
"ASV_460","ASV_1148",1,0,0,"Positive"
"ASV_553","ASV_1148",0.665147715805747,0.000153494525760411,0.0131273546249632,"Positive"
"ASV_604","ASV_1148",1,0,0,"Positive"
"ASV_627","ASV_1148",1,0,0,"Positive"
"ASV_653","ASV_1148",1,0,0,"Positive"
"ASV_678","ASV_1148",0.665147715805747,0.000153494525760411,0.0131273546249632,"Positive"
"ASV_807","ASV_1148",1,0,0,"Positive"
"ASV_905","ASV_1148",0.665147715805747,0.000153494525760411,0.0131273546249632,"Positive"
"ASV_1092","ASV_1148",0.720576692122892,2.24538803994534e-05,0.00269891567676238,"Positive"
"ASV_196","ASV_1149",0.720576692122892,2.24538803994534e-05,0.00269891567676238,"Positive"
"ASV_614","ASV_1149",0.665147715805747,0.000153494525760411,0.0131273546249632,"Positive"
"ASV_756","ASV_1149",0.720576692122892,2.24538803994534e-05,0.00269891567676238,"Positive"
"ASV_783","ASV_1149",0.665147715805747,0.000153494525760411,0.0131273546249632,"Positive"
"ASV_788","ASV_1149",0.665147715805747,0.000153494525760411,0.0131273546249632,"Positive"
"ASV_802","ASV_1149",0.644424077783084,0.000285679961085528,0.0237385994735629,"Positive"
"ASV_862","ASV_1149",0.720576692122892,2.24538803994534e-05,0.00269891567676238,"Positive"
"ASV_874","ASV_1149",0.665147715805747,0.000153494525760411,0.0131273546249632,"Positive"
"ASV_185","ASV_1153",0.720576692122892,2.24538803994534e-05,0.00269891567676238,"Positive"
"ASV_339","ASV_1153",1,0,0,"Positive"
"ASV_482","ASV_1153",0.720576692122892,2.24538803994534e-05,0.00269891567676238,"Positive"
"ASV_801","ASV_1153",1,0,0,"Positive"
"ASV_938","ASV_1153",1,0,0,"Positive"
"ASV_331","ASV_1154",0.628655063294238,0.000444935659305701,0.0361835479059607,"Positive"
"ASV_282","ASV_1155",0.720576692122892,2.24538803994534e-05,0.00269891567676238,"Positive"
"ASV_458","ASV_1155",0.615234836773903,0.00063685624331411,0.0498580193346641,"Positive"
"ASV_463","ASV_1155",0.61864711467176,0.000582249754618402,0.0463617057857257,"Positive"
"ASV_533","ASV_1155",0.673932153356572,0.00011625979537655,0.0130984821832143,"Positive"
"ASV_615","ASV_1155",0.720576692122892,2.24538803994534e-05,0.00269891567676238,"Positive"
"ASV_664","ASV_1155",0.720576692122892,2.24538803994534e-05,0.00269891567676238,"Positive"
"ASV_764","ASV_1155",0.673932153356572,0.00011625979537655,0.0130984821832143,"Positive"
"ASV_768","ASV_1155",0.665147715805747,0.000153494525760411,0.0131273546249632,"Positive"
"ASV_827","ASV_1155",0.665147715805747,0.000153494525760411,0.0131273546249632,"Positive"
"ASV_963","ASV_1155",0.61864711467176,0.000582249754618402,0.0463617057857257,"Positive"
"ASV_1083","ASV_1155",0.720576692122892,2.24538803994534e-05,0.00269891567676238,"Positive"
"ASV_1102","ASV_1155",0.665147715805747,0.000153494525760411,0.0131273546249632,"Positive"
"ASV_175","ASV_1156",0.720576692122892,2.24538803994534e-05,0.00269891567676238,"Positive"
"ASV_241","ASV_1156",0.665147715805747,0.000153494525760411,0.0131273546249632,"Positive"
"ASV_338","ASV_1156",1,0,0,"Positive"
"ASV_700","ASV_1156",0.665147715805747,0.000153494525760411,0.0131273546249632,"Positive"
"ASV_859","ASV_1156",0.720576692122892,2.24538803994534e-05,0.00269891567676238,"Positive"
"ASV_927","ASV_1156",0.665147715805747,0.000153494525760411,0.0131273546249632,"Positive"
"ASV_975","ASV_1156",1,0,0,"Positive"
"ASV_321","ASV_1159",0.795306004198565,7.15677216822641e-07,0.000168821346849273,"Positive"
"ASV_606","ASV_1159",0.720576692122892,2.24538803994534e-05,0.00269891567676238,"Positive"
"ASV_611","ASV_1159",0.665147715805747,0.000153494525760411,0.0131273546249632,"Positive"
"ASV_757","ASV_1159",0.720576692122892,2.24538803994534e-05,0.00269891567676238,"Positive"
"ASV_809","ASV_1159",0.720576692122892,2.24538803994534e-05,0.00269891567676238,"Positive"
"ASV_1038","ASV_1159",0.665147715805747,0.000153494525760411,0.0131273546249632,"Positive"
"ASV_1052","ASV_1159",0.665147715805747,0.000153494525760411,0.0131273546249632,"Positive"
"ASV_173","ASV_1160",1,0,0,"Positive"
"ASV_183","ASV_1160",1,0,0,"Positive"
"ASV_224","ASV_1160",0.720576692122892,2.24538803994534e-05,0.00269891567676238,"Positive"
"ASV_241","ASV_1160",0.720576692122892,2.24538803994534e-05,0.00269891567676238,"Positive"
"ASV_270","ASV_1160",0.665147715805747,0.000153494525760411,0.0131273546249632,"Positive"
"ASV_341","ASV_1160",0.720576692122892,2.24538803994534e-05,0.00269891567676238,"Positive"
"ASV_354","ASV_1160",0.720576692122892,2.24538803994534e-05,0.00269891567676238,"Positive"
"ASV_395","ASV_1160",1,0,0,"Positive"
"ASV_431","ASV_1160",0.720576692122892,2.24538803994534e-05,0.00269891567676238,"Positive"
"ASV_474","ASV_1160",0.665147715805747,0.000153494525760411,0.0131273546249632,"Positive"
"ASV_491","ASV_1160",0.665147715805747,0.000153494525760411,0.0131273546249632,"Positive"
"ASV_518","ASV_1160",1,0,0,"Positive"
"ASV_541","ASV_1160",1,0,0,"Positive"
"ASV_557","ASV_1160",1,0,0,"Positive"
"ASV_565","ASV_1160",1,0,0,"Positive"
"ASV_638","ASV_1160",1,0,0,"Positive"
"ASV_668","ASV_1160",0.720576692122892,2.24538803994534e-05,0.00269891567676238,"Positive"
"ASV_681","ASV_1160",1,0,0,"Positive"
"ASV_686","ASV_1160",1,0,0,"Positive"
"ASV_697","ASV_1160",0.720576692122892,2.24538803994534e-05,0.00269891567676238,"Positive"
"ASV_700","ASV_1160",0.720576692122892,2.24538803994534e-05,0.00269891567676238,"Positive"
"ASV_720","ASV_1160",0.720576692122892,2.24538803994534e-05,0.00269891567676238,"Positive"
"ASV_721","ASV_1160",1,0,0,"Positive"
"ASV_746","ASV_1160",1,0,0,"Positive"
"ASV_779","ASV_1160",1,0,0,"Positive"
"ASV_868","ASV_1160",1,0,0,"Positive"
"ASV_870","ASV_1160",1,0,0,"Positive"
"ASV_888","ASV_1160",1,0,0,"Positive"
"ASV_925","ASV_1160",1,0,0,"Positive"
"ASV_936","ASV_1160",0.720576692122892,2.24538803994534e-05,0.00269891567676238,"Positive"
"ASV_993","ASV_1160",1,0,0,"Positive"
"ASV_1017","ASV_1160",1,0,0,"Positive"
"ASV_1066","ASV_1160",1,0,0,"Positive"
"ASV_1077","ASV_1160",1,0,0,"Positive"
"ASV_1109","ASV_1160",1,0,0,"Positive"
"ASV_1133","ASV_1160",1,0,0,"Positive"
"ASV_92","ASV_1161",0.765759031906359,3.24513858140918e-06,0.000746604346661594,"Positive"
"ASV_39","ASV_1162",0.720576692122892,2.24538803994534e-05,0.00269891567676238,"Positive"
"ASV_657","ASV_1162",1,0,0,"Positive"
"ASV_665","ASV_1162",1,0,0,"Positive"
"ASV_834","ASV_1162",0.720576692122892,2.24538803994534e-05,0.00269891567676238,"Positive"
"ASV_974","ASV_1162",0.665147715805747,0.000153494525760411,0.0131273546249632,"Positive"
"ASV_1086","ASV_1162",0.720576692122892,2.24538803994534e-05,0.00269891567676238,"Positive"
"ASV_1141","ASV_1162",0.720576692122892,2.24538803994534e-05,0.00269891567676238,"Positive"
"ASV_222","ASV_1164",0.665147715805747,0.000153494525760411,0.0131273546249632,"Positive"
"ASV_346","ASV_1164",1,0,0,"Positive"
"ASV_492","ASV_1164",0.665147715805747,0.000153494525760411,0.0131273546249632,"Positive"
"ASV_563","ASV_1164",1,0,0,"Positive"
"ASV_677","ASV_1164",0.720576692122892,2.24538803994534e-05,0.00269891567676238,"Positive"
"ASV_753","ASV_1164",1,0,0,"Positive"
"ASV_755","ASV_1164",1,0,0,"Positive"
"ASV_838","ASV_1164",0.720576692122892,2.24538803994534e-05,0.00269891567676238,"Positive"
"ASV_845","ASV_1164",0.720576692122892,2.24538803994534e-05,0.00269891567676238,"Positive"
"ASV_761","ASV_1172",0.626536885245902,0.000471361018652416,0.0381599265325571,"Positive"
"ASV_882","ASV_1172",0.619206166269849,0.00057370432442605,0.0457391542402327,"Positive"
"ASV_123","ASV_1173",0.665147715805747,0.000153494525760411,0.0131273546249632,"Positive"
"ASV_173","ASV_1173",0.720576692122892,2.24538803994534e-05,0.00269891567676238,"Positive"
"ASV_183","ASV_1173",0.720576692122892,2.24538803994534e-05,0.00269891567676238,"Positive"
"ASV_341","ASV_1173",1,0,0,"Positive"
"ASV_395","ASV_1173",0.720576692122892,2.24538803994534e-05,0.00269891567676238,"Positive"
"ASV_456","ASV_1173",0.832239719563824,7.36862437733521e-08,1.81117764907557e-05,"Positive"
"ASV_467","ASV_1173",0.643496507721114,0.000293422897945206,0.0242618516091717,"Positive"
"ASV_518","ASV_1173",0.720576692122892,2.24538803994534e-05,0.00269891567676238,"Positive"
"ASV_541","ASV_1173",0.720576692122892,2.24538803994534e-05,0.00269891567676238,"Positive"
"ASV_557","ASV_1173",0.720576692122892,2.24538803994534e-05,0.00269891567676238,"Positive"
"ASV_565","ASV_1173",0.720576692122892,2.24538803994534e-05,0.00269891567676238,"Positive"
"ASV_638","ASV_1173",0.720576692122892,2.24538803994534e-05,0.00269891567676238,"Positive"
"ASV_681","ASV_1173",0.720576692122892,2.24538803994534e-05,0.00269891567676238,"Positive"
"ASV_682","ASV_1173",0.665147715805747,0.000153494525760411,0.0131273546249632,"Positive"
"ASV_686","ASV_1173",0.720576692122892,2.24538803994534e-05,0.00269891567676238,"Positive"
"ASV_721","ASV_1173",0.720576692122892,2.24538803994534e-05,0.00269891567676238,"Positive"
"ASV_746","ASV_1173",0.720576692122892,2.24538803994534e-05,0.00269891567676238,"Positive"
"ASV_779","ASV_1173",0.720576692122892,2.24538803994534e-05,0.00269891567676238,"Positive"
"ASV_868","ASV_1173",0.720576692122892,2.24538803994534e-05,0.00269891567676238,"Positive"
"ASV_870","ASV_1173",0.720576692122892,2.24538803994534e-05,0.00269891567676238,"Positive"
"ASV_888","ASV_1173",0.720576692122892,2.24538803994534e-05,0.00269891567676238,"Positive"
"ASV_925","ASV_1173",0.720576692122892,2.24538803994534e-05,0.00269891567676238,"Positive"
"ASV_936","ASV_1173",1,0,0,"Positive"
"ASV_993","ASV_1173",0.720576692122892,2.24538803994534e-05,0.00269891567676238,"Positive"
"ASV_1017","ASV_1173",0.720576692122892,2.24538803994534e-05,0.00269891567676238,"Positive"
"ASV_1066","ASV_1173",0.720576692122892,2.24538803994534e-05,0.00269891567676238,"Positive"
"ASV_1077","ASV_1173",0.720576692122892,2.24538803994534e-05,0.00269891567676238,"Positive"
"ASV_1099","ASV_1173",0.647844457097608,0.000258655734379776,0.0216935538369602,"Positive"
"ASV_1109","ASV_1173",0.720576692122892,2.24538803994534e-05,0.00269891567676238,"Positive"
"ASV_1133","ASV_1173",0.720576692122892,2.24538803994534e-05,0.00269891567676238,"Positive"
"ASV_1160","ASV_1173",0.720576692122892,2.24538803994534e-05,0.00269891567676238,"Positive"
"ASV_431","ASV_1174",0.665147715805747,0.000153494525760411,0.0131273546249632,"Positive"
"ASV_614","ASV_1174",1,0,0,"Positive"
"ASV_677","ASV_1174",0.665147715805747,0.000153494525760411,0.0131273546249632,"Positive"
"ASV_720","ASV_1174",0.665147715805747,0.000153494525760411,0.0131273546249632,"Positive"
"ASV_783","ASV_1174",1,0,0,"Positive"
"ASV_788","ASV_1174",1,0,0,"Positive"
"ASV_834","ASV_1174",0.665147715805747,0.000153494525760411,0.0131273546249632,"Positive"
"ASV_859","ASV_1174",0.665147715805747,0.000153494525760411,0.0131273546249632,"Positive"
"ASV_874","ASV_1174",1,0,0,"Positive"
"ASV_924","ASV_1174",0.720576692122892,2.24538803994534e-05,0.00269891567676238,"Positive"
"ASV_984","ASV_1174",0.665147715805747,0.000153494525760411,0.0131273546249632,"Positive"
"ASV_1086","ASV_1174",0.665147715805747,0.000153494525760411,0.0131273546249632,"Positive"
"ASV_1105","ASV_1174",0.665147715805747,0.000153494525760411,0.0131273546249632,"Positive"
"ASV_1149","ASV_1174",0.665147715805747,0.000153494525760411,0.0131273546249632,"Positive"
"ASV_243","ASV_1176",0.622173756032602,0.000530150243934546,0.0425497977191026,"Positive"
"ASV_339","ASV_1176",0.720576692122892,2.24538803994534e-05,0.00269891567676238,"Positive"
"ASV_458","ASV_1176",0.734803444627488,1.27308589377151e-05,0.00269891567676238,"Positive"
"ASV_495","ASV_1176",0.622173756032602,0.000530150243934546,0.0425497977191026,"Positive"
"ASV_614","ASV_1176",0.665147715805747,0.000153494525760411,0.0131273546249632,"Positive"
"ASV_781","ASV_1176",0.670201040894407,0.00013096699263615,0.0131273546249632,"Positive"
"ASV_783","ASV_1176",0.665147715805747,0.000153494525760411,0.0131273546249632,"Positive"
"ASV_788","ASV_1176",0.665147715805747,0.000153494525760411,0.0131273546249632,"Positive"
"ASV_791","ASV_1176",0.8002304995806,5.43241576611564e-07,0.000129725985412948,"Positive"
"ASV_801","ASV_1176",0.720576692122892,2.24538803994534e-05,0.00269891567676238,"Positive"
"ASV_864","ASV_1176",0.616664271355505,0.000613460673911659,0.0483573392797354,"Positive"
"ASV_874","ASV_1176",0.665147715805747,0.000153494525760411,0.0131273546249632,"Positive"
"ASV_938","ASV_1176",0.720576692122892,2.24538803994534e-05,0.00269891567676238,"Positive"
"ASV_1153","ASV_1176",0.720576692122892,2.24538803994534e-05,0.00269891567676238,"Positive"
"ASV_1174","ASV_1176",0.665147715805747,0.000153494525760411,0.0131273546249632,"Positive"
"ASV_302","ASV_1184",0.720576692122892,2.24538803994534e-05,0.00269891567676238,"Positive"
"ASV_611","ASV_1184",1,0,0,"Positive"
"ASV_1038","ASV_1184",1,0,0,"Positive"
"ASV_1052","ASV_1184",1,0,0,"Positive"
"ASV_1094","ASV_1184",0.720576692122892,2.24538803994534e-05,0.00269891567676238,"Positive"
"ASV_1159","ASV_1184",0.665147715805747,0.000153494525760411,0.0131273546249632,"Positive"
"ASV_63","ASV_1187",1,0,0,"Positive"
"ASV_264","ASV_1187",1,0,0,"Positive"
"ASV_342","ASV_1187",0.720576692122892,2.24538803994534e-05,0.00269891567676238,"Positive"
"ASV_534","ASV_1187",1,0,0,"Positive"
"ASV_536","ASV_1187",0.720576692122892,2.24538803994534e-05,0.00269891567676238,"Positive"
"ASV_692","ASV_1187",0.720576692122892,2.24538803994534e-05,0.00269891567676238,"Positive"
"ASV_838","ASV_1187",0.665147715805747,0.000153494525760411,0.0131273546249632,"Positive"
"ASV_873","ASV_1187",1,0,0,"Positive"
"ASV_950","ASV_1187",0.720576692122892,2.24538803994534e-05,0.00269891567676238,"Positive"
"ASV_1141","ASV_1187",0.665147715805747,0.000153494525760411,0.0131273546249632,"Positive"
"ASV_431","ASV_1189",0.665147715805747,0.000153494525760411,0.0131273546249632,"Positive"
"ASV_614","ASV_1189",1,0,0,"Positive"
"ASV_677","ASV_1189",0.665147715805747,0.000153494525760411,0.0131273546249632,"Positive"
"ASV_720","ASV_1189",0.665147715805747,0.000153494525760411,0.0131273546249632,"Positive"
"ASV_783","ASV_1189",1,0,0,"Positive"
"ASV_788","ASV_1189",1,0,0,"Positive"
"ASV_834","ASV_1189",0.665147715805747,0.000153494525760411,0.0131273546249632,"Positive"
"ASV_859","ASV_1189",0.665147715805747,0.000153494525760411,0.0131273546249632,"Positive"
"ASV_874","ASV_1189",1,0,0,"Positive"
"ASV_924","ASV_1189",0.720576692122892,2.24538803994534e-05,0.00269891567676238,"Positive"
"ASV_984","ASV_1189",0.665147715805747,0.000153494525760411,0.0131273546249632,"Positive"
"ASV_1086","ASV_1189",0.665147715805747,0.000153494525760411,0.0131273546249632,"Positive"
"ASV_1105","ASV_1189",0.665147715805747,0.000153494525760411,0.0131273546249632,"Positive"
"ASV_1149","ASV_1189",0.665147715805747,0.000153494525760411,0.0131273546249632,"Positive"
"ASV_1174","ASV_1189",1,0,0,"Positive"
"ASV_1176","ASV_1189",0.665147715805747,0.000153494525760411,0.0131273546249632,"Positive"
"ASV_524","ASV_1195",0.856688438193303,1.18276108906912e-08,2.96213982401245e-06,"Positive"
"ASV_927","ASV_1195",0.732629469939241,1.39156190015477e-05,0.00269891567676238,"Positive"
"ASV_431","ASV_1199",0.665147715805747,0.000153494525760411,0.0131273546249632,"Positive"
"ASV_614","ASV_1199",1,0,0,"Positive"
"ASV_677","ASV_1199",0.665147715805747,0.000153494525760411,0.0131273546249632,"Positive"
"ASV_720","ASV_1199",0.665147715805747,0.000153494525760411,0.0131273546249632,"Positive"
"ASV_783","ASV_1199",1,0,0,"Positive"
"ASV_788","ASV_1199",1,0,0,"Positive"
"ASV_834","ASV_1199",0.665147715805747,0.000153494525760411,0.0131273546249632,"Positive"
"ASV_859","ASV_1199",0.665147715805747,0.000153494525760411,0.0131273546249632,"Positive"
"ASV_874","ASV_1199",1,0,0,"Positive"
"ASV_924","ASV_1199",0.720576692122892,2.24538803994534e-05,0.00269891567676238,"Positive"
"ASV_984","ASV_1199",0.665147715805747,0.000153494525760411,0.0131273546249632,"Positive"
"ASV_1086","ASV_1199",0.665147715805747,0.000153494525760411,0.0131273546249632,"Positive"
"ASV_1105","ASV_1199",0.665147715805747,0.000153494525760411,0.0131273546249632,"Positive"
"ASV_1149","ASV_1199",0.665147715805747,0.000153494525760411,0.0131273546249632,"Positive"
"ASV_1174","ASV_1199",1,0,0,"Positive"
"ASV_1176","ASV_1199",0.665147715805747,0.000153494525760411,0.0131273546249632,"Positive"
"ASV_1189","ASV_1199",1,0,0,"Positive"
"ASV_185","ASV_1200",0.616664271355505,0.000613460673911659,0.0483573392797354,"Positive"
"ASV_337","ASV_1200",0.69641640805863,5.46567154695587e-05,0.0063925752788618,"Positive"
"ASV_458","ASV_1200",0.632338042940497,0.000402063099849137,0.0328349357289191,"Positive"
"ASV_600","ASV_1200",0.644424077783084,0.000285679961085528,0.0237385994735629,"Positive"
"ASV_373","ASV_1203",0.692189523336395,6.33084120327254e-05,0.00736340608437007,"Positive"
"ASV_603","ASV_1203",0.679815573770492,9.60213530549758e-05,0.0110155398619745,"Positive"
"ASV_791","ASV_1203",0.679815573770492,9.60213530549758e-05,0.0110155398619745,"Positive"
"ASV_850","ASV_1203",0.652151639344262,0.000227836393568381,0.0192951820589481,"Positive"
"ASV_1093","ASV_1203",0.679815573770492,9.60213530549758e-05,0.0110155398619745,"Positive"
"ASV_838","ASV_1206",0.643496507721114,0.000293422897945206,0.0242618516091717,"Positive"
"ASV_1141","ASV_1206",0.673932153356572,0.00011625979537655,0.0130984821832143,"Positive"
"ASV_173","ASV_1209",1,0,0,"Positive"
"ASV_183","ASV_1209",1,0,0,"Positive"
"ASV_224","ASV_1209",0.720576692122892,2.24538803994534e-05,0.00269891567676238,"Positive"
"ASV_241","ASV_1209",0.720576692122892,2.24538803994534e-05,0.00269891567676238,"Positive"
"ASV_270","ASV_1209",0.665147715805747,0.000153494525760411,0.0131273546249632,"Positive"
"ASV_341","ASV_1209",0.720576692122892,2.24538803994534e-05,0.00269891567676238,"Positive"
"ASV_354","ASV_1209",0.720576692122892,2.24538803994534e-05,0.00269891567676238,"Positive"
"ASV_395","ASV_1209",1,0,0,"Positive"
"ASV_431","ASV_1209",0.720576692122892,2.24538803994534e-05,0.00269891567676238,"Positive"
"ASV_474","ASV_1209",0.665147715805747,0.000153494525760411,0.0131273546249632,"Positive"
"ASV_491","ASV_1209",0.665147715805747,0.000153494525760411,0.0131273546249632,"Positive"
"ASV_518","ASV_1209",1,0,0,"Positive"
"ASV_541","ASV_1209",1,0,0,"Positive"
"ASV_557","ASV_1209",1,0,0,"Positive"
"ASV_565","ASV_1209",1,0,0,"Positive"
"ASV_638","ASV_1209",1,0,0,"Positive"
"ASV_668","ASV_1209",0.720576692122892,2.24538803994534e-05,0.00269891567676238,"Positive"
"ASV_681","ASV_1209",1,0,0,"Positive"
"ASV_686","ASV_1209",1,0,0,"Positive"
"ASV_697","ASV_1209",0.720576692122892,2.24538803994534e-05,0.00269891567676238,"Positive"
"ASV_700","ASV_1209",0.720576692122892,2.24538803994534e-05,0.00269891567676238,"Positive"
"ASV_720","ASV_1209",0.720576692122892,2.24538803994534e-05,0.00269891567676238,"Positive"
"ASV_721","ASV_1209",1,0,0,"Positive"
"ASV_746","ASV_1209",1,0,0,"Positive"
"ASV_779","ASV_1209",1,0,0,"Positive"
"ASV_868","ASV_1209",1,0,0,"Positive"
"ASV_870","ASV_1209",1,0,0,"Positive"
"ASV_888","ASV_1209",1,0,0,"Positive"
"ASV_925","ASV_1209",1,0,0,"Positive"
"ASV_936","ASV_1209",0.720576692122892,2.24538803994534e-05,0.00269891567676238,"Positive"
"ASV_993","ASV_1209",1,0,0,"Positive"
"ASV_1017","ASV_1209",1,0,0,"Positive"
"ASV_1066","ASV_1209",1,0,0,"Positive"
"ASV_1077","ASV_1209",1,0,0,"Positive"
"ASV_1109","ASV_1209",1,0,0,"Positive"
"ASV_1133","ASV_1209",1,0,0,"Positive"
"ASV_1160","ASV_1209",1,0,0,"Positive"
"ASV_1173","ASV_1209",0.720576692122892,2.24538803994534e-05,0.00269891567676238,"Positive"
"ASV_173","ASV_1211",1,0,0,"Positive"
"ASV_183","ASV_1211",1,0,0,"Positive"
"ASV_224","ASV_1211",0.720576692122892,2.24538803994534e-05,0.00269891567676238,"Positive"
"ASV_241","ASV_1211",0.720576692122892,2.24538803994534e-05,0.00269891567676238,"Positive"
"ASV_270","ASV_1211",0.665147715805747,0.000153494525760411,0.0131273546249632,"Positive"
"ASV_341","ASV_1211",0.720576692122892,2.24538803994534e-05,0.00269891567676238,"Positive"
"ASV_354","ASV_1211",0.720576692122892,2.24538803994534e-05,0.00269891567676238,"Positive"
"ASV_395","ASV_1211",1,0,0,"Positive"
"ASV_431","ASV_1211",0.720576692122892,2.24538803994534e-05,0.00269891567676238,"Positive"
"ASV_474","ASV_1211",0.665147715805747,0.000153494525760411,0.0131273546249632,"Positive"
"ASV_491","ASV_1211",0.665147715805747,0.000153494525760411,0.0131273546249632,"Positive"
"ASV_518","ASV_1211",1,0,0,"Positive"
"ASV_541","ASV_1211",1,0,0,"Positive"
"ASV_557","ASV_1211",1,0,0,"Positive"
"ASV_565","ASV_1211",1,0,0,"Positive"
"ASV_638","ASV_1211",1,0,0,"Positive"
"ASV_668","ASV_1211",0.720576692122892,2.24538803994534e-05,0.00269891567676238,"Positive"
"ASV_681","ASV_1211",1,0,0,"Positive"
"ASV_686","ASV_1211",1,0,0,"Positive"
"ASV_697","ASV_1211",0.720576692122892,2.24538803994534e-05,0.00269891567676238,"Positive"
"ASV_700","ASV_1211",0.720576692122892,2.24538803994534e-05,0.00269891567676238,"Positive"
"ASV_720","ASV_1211",0.720576692122892,2.24538803994534e-05,0.00269891567676238,"Positive"
"ASV_721","ASV_1211",1,0,0,"Positive"
"ASV_746","ASV_1211",1,0,0,"Positive"
"ASV_779","ASV_1211",1,0,0,"Positive"
"ASV_868","ASV_1211",1,0,0,"Positive"
"ASV_870","ASV_1211",1,0,0,"Positive"
"ASV_888","ASV_1211",1,0,0,"Positive"
"ASV_925","ASV_1211",1,0,0,"Positive"
"ASV_936","ASV_1211",0.720576692122892,2.24538803994534e-05,0.00269891567676238,"Positive"
"ASV_993","ASV_1211",1,0,0,"Positive"
"ASV_1017","ASV_1211",1,0,0,"Positive"
"ASV_1066","ASV_1211",1,0,0,"Positive"
"ASV_1077","ASV_1211",1,0,0,"Positive"
"ASV_1109","ASV_1211",1,0,0,"Positive"
"ASV_1133","ASV_1211",1,0,0,"Positive"
"ASV_1160","ASV_1211",1,0,0,"Positive"
"ASV_1173","ASV_1211",0.720576692122892,2.24538803994534e-05,0.00269891567676238,"Positive"
"ASV_1209","ASV_1211",1,0,0,"Positive"
"ASV_1100","ASV_1212",0.620389344262295,0.000555978856660477,0.0443962875403423,"Positive"
"ASV_339","ASV_1213",0.720576692122892,2.24538803994534e-05,0.00269891567676238,"Positive"
"ASV_527","ASV_1213",0.665147715805747,0.000153494525760411,0.0131273546249632,"Positive"
"ASV_801","ASV_1213",0.720576692122892,2.24538803994534e-05,0.00269891567676238,"Positive"
"ASV_938","ASV_1213",0.720576692122892,2.24538803994534e-05,0.00269891567676238,"Positive"
"ASV_997","ASV_1213",0.665147715805747,0.000153494525760411,0.0131273546249632,"Positive"
"ASV_1093","ASV_1213",0.8002304995806,5.43241576611564e-07,0.000129725985412948,"Positive"
"ASV_1153","ASV_1213",0.720576692122892,2.24538803994534e-05,0.00269891567676238,"Positive"
"ASV_92","ASV_1214",0.732629469939241,1.39156190015477e-05,0.00269891567676238,"Positive"
"ASV_482","ASV_1214",0.615234836773903,0.00063685624331411,0.0498580193346641,"Positive"
"ASV_546","ASV_1214",0.702193824303783,4.45318073913903e-05,0.00523513930937692,"Positive"
"ASV_911","ASV_1217",0.659154951190485,0.000184584619130623,0.0157328227944742,"Positive"
"ASV_493","ASV_1220",0.64509941968578,0.000280155908649604,0.023395435111998,"Positive"
"ASV_127","ASV_1224",1,0,0,"Positive"
"ASV_150","ASV_1224",0.720576692122892,2.24538803994534e-05,0.00269891567676238,"Positive"
"ASV_482","ASV_1224",0.665147715805747,0.000153494525760411,0.0131273546249632,"Positive"
"ASV_546","ASV_1224",0.720576692122892,2.24538803994534e-05,0.00269891567676238,"Positive"
"ASV_568","ASV_1224",0.720576692122892,2.24538803994534e-05,0.00269891567676238,"Positive"
"ASV_575","ASV_1224",0.720576692122892,2.24538803994534e-05,0.00269891567676238,"Positive"
"ASV_750","ASV_1224",1,0,0,"Positive"
"ASV_759","ASV_1224",1,0,0,"Positive"
"ASV_173","ASV_1225",1,0,0,"Positive"
"ASV_183","ASV_1225",1,0,0,"Positive"
"ASV_224","ASV_1225",0.720576692122892,2.24538803994534e-05,0.00269891567676238,"Positive"
"ASV_241","ASV_1225",0.720576692122892,2.24538803994534e-05,0.00269891567676238,"Positive"
"ASV_270","ASV_1225",0.665147715805747,0.000153494525760411,0.0131273546249632,"Positive"
"ASV_341","ASV_1225",0.720576692122892,2.24538803994534e-05,0.00269891567676238,"Positive"
"ASV_354","ASV_1225",0.720576692122892,2.24538803994534e-05,0.00269891567676238,"Positive"
"ASV_395","ASV_1225",1,0,0,"Positive"
"ASV_431","ASV_1225",0.720576692122892,2.24538803994534e-05,0.00269891567676238,"Positive"
"ASV_474","ASV_1225",0.665147715805747,0.000153494525760411,0.0131273546249632,"Positive"
"ASV_491","ASV_1225",0.665147715805747,0.000153494525760411,0.0131273546249632,"Positive"
"ASV_518","ASV_1225",1,0,0,"Positive"
"ASV_541","ASV_1225",1,0,0,"Positive"
"ASV_557","ASV_1225",1,0,0,"Positive"
"ASV_565","ASV_1225",1,0,0,"Positive"
"ASV_638","ASV_1225",1,0,0,"Positive"
"ASV_668","ASV_1225",0.720576692122892,2.24538803994534e-05,0.00269891567676238,"Positive"
"ASV_681","ASV_1225",1,0,0,"Positive"
"ASV_686","ASV_1225",1,0,0,"Positive"
"ASV_697","ASV_1225",0.720576692122892,2.24538803994534e-05,0.00269891567676238,"Positive"
"ASV_700","ASV_1225",0.720576692122892,2.24538803994534e-05,0.00269891567676238,"Positive"
"ASV_720","ASV_1225",0.720576692122892,2.24538803994534e-05,0.00269891567676238,"Positive"
"ASV_721","ASV_1225",1,0,0,"Positive"
"ASV_746","ASV_1225",1,0,0,"Positive"
"ASV_779","ASV_1225",1,0,0,"Positive"
"ASV_868","ASV_1225",1,0,0,"Positive"
"ASV_870","ASV_1225",1,0,0,"Positive"
"ASV_888","ASV_1225",1,0,0,"Positive"
"ASV_925","ASV_1225",1,0,0,"Positive"
"ASV_936","ASV_1225",0.720576692122892,2.24538803994534e-05,0.00269891567676238,"Positive"
"ASV_993","ASV_1225",1,0,0,"Positive"
"ASV_1017","ASV_1225",1,0,0,"Positive"
"ASV_1066","ASV_1225",1,0,0,"Positive"
"ASV_1077","ASV_1225",1,0,0,"Positive"
"ASV_1109","ASV_1225",1,0,0,"Positive"
"ASV_1133","ASV_1225",1,0,0,"Positive"
"ASV_1160","ASV_1225",1,0,0,"Positive"
"ASV_1173","ASV_1225",0.720576692122892,2.24538803994534e-05,0.00269891567676238,"Positive"
"ASV_1209","ASV_1225",1,0,0,"Positive"
"ASV_1211","ASV_1225",1,0,0,"Positive"
"ASV_243","ASV_1226",0.828884810278138,9.25782202010339e-08,2.25352757577362e-05,"Positive"
"ASV_1149","ASV_1226",0.643496507721114,0.000293422897945206,0.0242618516091717,"Positive"
"ASV_1176","ASV_1226",0.734803444627488,1.27308589377151e-05,0.00269891567676238,"Positive"
"ASV_431","ASV_1228",0.665147715805747,0.000153494525760411,0.0131273546249632,"Positive"
"ASV_614","ASV_1228",1,0,0,"Positive"
"ASV_677","ASV_1228",0.665147715805747,0.000153494525760411,0.0131273546249632,"Positive"
"ASV_720","ASV_1228",0.665147715805747,0.000153494525760411,0.0131273546249632,"Positive"
"ASV_783","ASV_1228",1,0,0,"Positive"
"ASV_788","ASV_1228",1,0,0,"Positive"
"ASV_834","ASV_1228",0.665147715805747,0.000153494525760411,0.0131273546249632,"Positive"
"ASV_859","ASV_1228",0.665147715805747,0.000153494525760411,0.0131273546249632,"Positive"
"ASV_874","ASV_1228",1,0,0,"Positive"
"ASV_924","ASV_1228",0.720576692122892,2.24538803994534e-05,0.00269891567676238,"Positive"
"ASV_984","ASV_1228",0.665147715805747,0.000153494525760411,0.0131273546249632,"Positive"
"ASV_1086","ASV_1228",0.665147715805747,0.000153494525760411,0.0131273546249632,"Positive"
"ASV_1105","ASV_1228",0.665147715805747,0.000153494525760411,0.0131273546249632,"Positive"
"ASV_1149","ASV_1228",0.665147715805747,0.000153494525760411,0.0131273546249632,"Positive"
"ASV_1174","ASV_1228",1,0,0,"Positive"
"ASV_1176","ASV_1228",0.665147715805747,0.000153494525760411,0.0131273546249632,"Positive"
"ASV_1189","ASV_1228",1,0,0,"Positive"
"ASV_1199","ASV_1228",1,0,0,"Positive"
"ASV_185","ASV_1231",0.720576692122892,2.24538803994534e-05,0.00269891567676238,"Positive"
"ASV_339","ASV_1231",1,0,0,"Positive"
"ASV_482","ASV_1231",0.720576692122892,2.24538803994534e-05,0.00269891567676238,"Positive"
"ASV_801","ASV_1231",1,0,0,"Positive"
"ASV_938","ASV_1231",1,0,0,"Positive"
"ASV_1153","ASV_1231",1,0,0,"Positive"
"ASV_1176","ASV_1231",0.720576692122892,2.24538803994534e-05,0.00269891567676238,"Positive"
"ASV_1213","ASV_1231",0.720576692122892,2.24538803994534e-05,0.00269891567676238,"Positive"
"ASV_224","ASV_1233",0.734803444627488,1.27308589377151e-05,0.00269891567676238,"Positive"
"ASV_241","ASV_1233",0.706541773680277,3.8048701537452e-05,0.00451303861143684,"Positive"
"ASV_700","ASV_1233",0.706541773680277,3.8048701537452e-05,0.00451303861143684,"Positive"
"ASV_222","ASV_1234",0.665147715805747,0.000153494525760411,0.0131273546249632,"Positive"
"ASV_346","ASV_1234",1,0,0,"Positive"
"ASV_492","ASV_1234",0.665147715805747,0.000153494525760411,0.0131273546249632,"Positive"
"ASV_563","ASV_1234",1,0,0,"Positive"
"ASV_677","ASV_1234",0.720576692122892,2.24538803994534e-05,0.00269891567676238,"Positive"
"ASV_753","ASV_1234",1,0,0,"Positive"
"ASV_755","ASV_1234",1,0,0,"Positive"
"ASV_838","ASV_1234",0.720576692122892,2.24538803994534e-05,0.00269891567676238,"Positive"
"ASV_845","ASV_1234",0.720576692122892,2.24538803994534e-05,0.00269891567676238,"Positive"
"ASV_1164","ASV_1234",1,0,0,"Positive"
"ASV_896","ASV_1235",0.669910393284502,0.000132178731657051,0.0131273546249632,"Positive"
"ASV_1161","ASV_1235",0.679815573770492,9.60213530549758e-05,0.0110155398619745,"Positive"
"ASV_1172","ASV_1235",0.620389344262295,0.000555978856660477,0.0443962875403423,"Positive"
"ASV_222","ASV_1239",0.732629469939241,1.39156190015477e-05,0.00269891567676238,"Positive"
"ASV_405","ASV_1239",0.763767836639266,3.56502515153068e-06,0.000819451146588597,"Positive"
"ASV_688","ASV_1239",0.747488593229548,7.44344511272033e-06,0.00167874365380479,"Positive"
"ASV_800","ASV_1239",0.648191119403695,0.000256046421551304,0.0216187870085057,"Positive"
"ASV_845","ASV_1239",0.706541773680277,3.8048701537452e-05,0.00451303861143684,"Positive"
"ASV_860","ASV_1239",0.643496507721114,0.000293422897945206,0.0242618516091717,"Positive"
"ASV_1059","ASV_1239",0.643496507721114,0.000293422897945206,0.0242618516091717,"Positive"
"ASV_1144","ASV_1239",0.615234836773903,0.00063685624331411,0.0498580193346641,"Positive"
"ASV_282","ASV_1242",1,0,0,"Positive"
"ASV_354","ASV_1242",0.665147715805747,0.000153494525760411,0.0131273546249632,"Positive"
"ASV_615","ASV_1242",1,0,0,"Positive"
"ASV_664","ASV_1242",1,0,0,"Positive"
"ASV_692","ASV_1242",0.665147715805747,0.000153494525760411,0.0131273546249632,"Positive"
"ASV_854","ASV_1242",0.720576692122892,2.24538803994534e-05,0.00269891567676238,"Positive"
"ASV_1002","ASV_1242",0.720576692122892,2.24538803994534e-05,0.00269891567676238,"Positive"
"ASV_1083","ASV_1242",1,0,0,"Positive"
"ASV_1116","ASV_1242",0.720576692122892,2.24538803994534e-05,0.00269891567676238,"Positive"
"ASV_1155","ASV_1242",0.720576692122892,2.24538803994534e-05,0.00269891567676238,"Positive"
"ASV_92","ASV_1248",0.720576692122892,2.24538803994534e-05,0.00269891567676238,"Positive"
"ASV_196","ASV_1248",1,0,0,"Positive"
"ASV_756","ASV_1248",1,0,0,"Positive"
"ASV_862","ASV_1248",1,0,0,"Positive"
"ASV_979","ASV_1248",0.720576692122892,2.24538803994534e-05,0.00269891567676238,"Positive"
"ASV_1149","ASV_1248",0.720576692122892,2.24538803994534e-05,0.00269891567676238,"Positive"
"ASV_386","ASV_1250",1,0,0,"Positive"
"ASV_566","ASV_1250",0.720576692122892,2.24538803994534e-05,0.00269891567676238,"Positive"
"ASV_587","ASV_1250",1,0,0,"Positive"
"ASV_596","ASV_1250",1,0,0,"Positive"
"ASV_795","ASV_1250",1,0,0,"Positive"
"ASV_843","ASV_1250",0.720576692122892,2.24538803994534e-05,0.00269891567676238,"Positive"
"ASV_952","ASV_1250",1,0,0,"Positive"
"ASV_173","ASV_1251",0.720576692122892,2.24538803994534e-05,0.00269891567676238,"Positive"
"ASV_183","ASV_1251",0.720576692122892,2.24538803994534e-05,0.00269891567676238,"Positive"
"ASV_224","ASV_1251",1,0,0,"Positive"
"ASV_395","ASV_1251",0.720576692122892,2.24538803994534e-05,0.00269891567676238,"Positive"
"ASV_518","ASV_1251",0.720576692122892,2.24538803994534e-05,0.00269891567676238,"Positive"
"ASV_541","ASV_1251",0.720576692122892,2.24538803994534e-05,0.00269891567676238,"Positive"
"ASV_557","ASV_1251",0.720576692122892,2.24538803994534e-05,0.00269891567676238,"Positive"
"ASV_565","ASV_1251",0.720576692122892,2.24538803994534e-05,0.00269891567676238,"Positive"
"ASV_638","ASV_1251",0.720576692122892,2.24538803994534e-05,0.00269891567676238,"Positive"
"ASV_681","ASV_1251",0.720576692122892,2.24538803994534e-05,0.00269891567676238,"Positive"
"ASV_686","ASV_1251",0.720576692122892,2.24538803994534e-05,0.00269891567676238,"Positive"
"ASV_721","ASV_1251",0.720576692122892,2.24538803994534e-05,0.00269891567676238,"Positive"
"ASV_746","ASV_1251",0.720576692122892,2.24538803994534e-05,0.00269891567676238,"Positive"
"ASV_768","ASV_1251",0.665147715805747,0.000153494525760411,0.0131273546249632,"Positive"
"ASV_779","ASV_1251",0.720576692122892,2.24538803994534e-05,0.00269891567676238,"Positive"
"ASV_827","ASV_1251",0.665147715805747,0.000153494525760411,0.0131273546249632,"Positive"
"ASV_868","ASV_1251",0.720576692122892,2.24538803994534e-05,0.00269891567676238,"Positive"
"ASV_870","ASV_1251",0.720576692122892,2.24538803994534e-05,0.00269891567676238,"Positive"
"ASV_888","ASV_1251",0.720576692122892,2.24538803994534e-05,0.00269891567676238,"Positive"
"ASV_925","ASV_1251",0.720576692122892,2.24538803994534e-05,0.00269891567676238,"Positive"
"ASV_985","ASV_1251",0.676106128044819,0.000108380732493973,0.012282255049559,"Positive"
"ASV_993","ASV_1251",0.720576692122892,2.24538803994534e-05,0.00269891567676238,"Positive"
"ASV_1017","ASV_1251",0.720576692122892,2.24538803994534e-05,0.00269891567676238,"Positive"
"ASV_1066","ASV_1251",0.720576692122892,2.24538803994534e-05,0.00269891567676238,"Positive"
"ASV_1075","ASV_1251",0.616664271355505,0.000613460673911659,0.0483573392797354,"Positive"
"ASV_1077","ASV_1251",0.720576692122892,2.24538803994534e-05,0.00269891567676238,"Positive"
"ASV_1102","ASV_1251",0.665147715805747,0.000153494525760411,0.0131273546249632,"Positive"
"ASV_1109","ASV_1251",0.720576692122892,2.24538803994534e-05,0.00269891567676238,"Positive"
"ASV_1133","ASV_1251",0.720576692122892,2.24538803994534e-05,0.00269891567676238,"Positive"
"ASV_1160","ASV_1251",0.720576692122892,2.24538803994534e-05,0.00269891567676238,"Positive"
"ASV_1209","ASV_1251",0.720576692122892,2.24538803994534e-05,0.00269891567676238,"Positive"
"ASV_1211","ASV_1251",0.720576692122892,2.24538803994534e-05,0.00269891567676238,"Positive"
"ASV_1225","ASV_1251",0.720576692122892,2.24538803994534e-05,0.00269891567676238,"Positive"
"ASV_1233","ASV_1251",0.734803444627488,1.27308589377151e-05,0.00269891567676238,"Positive"
"ASV_173","ASV_1252",0.720576692122892,2.24538803994534e-05,0.00269891567676238,"Positive"
"ASV_183","ASV_1252",0.720576692122892,2.24538803994534e-05,0.00269891567676238,"Positive"
"ASV_224","ASV_1252",1,0,0,"Positive"
"ASV_395","ASV_1252",0.720576692122892,2.24538803994534e-05,0.00269891567676238,"Positive"
"ASV_518","ASV_1252",0.720576692122892,2.24538803994534e-05,0.00269891567676238,"Positive"
"ASV_541","ASV_1252",0.720576692122892,2.24538803994534e-05,0.00269891567676238,"Positive"
"ASV_557","ASV_1252",0.720576692122892,2.24538803994534e-05,0.00269891567676238,"Positive"
"ASV_565","ASV_1252",0.720576692122892,2.24538803994534e-05,0.00269891567676238,"Positive"
"ASV_638","ASV_1252",0.720576692122892,2.24538803994534e-05,0.00269891567676238,"Positive"
"ASV_681","ASV_1252",0.720576692122892,2.24538803994534e-05,0.00269891567676238,"Positive"
"ASV_686","ASV_1252",0.720576692122892,2.24538803994534e-05,0.00269891567676238,"Positive"
"ASV_721","ASV_1252",0.720576692122892,2.24538803994534e-05,0.00269891567676238,"Positive"
"ASV_746","ASV_1252",0.720576692122892,2.24538803994534e-05,0.00269891567676238,"Positive"
"ASV_768","ASV_1252",0.665147715805747,0.000153494525760411,0.0131273546249632,"Positive"
"ASV_779","ASV_1252",0.720576692122892,2.24538803994534e-05,0.00269891567676238,"Positive"
"ASV_827","ASV_1252",0.665147715805747,0.000153494525760411,0.0131273546249632,"Positive"
"ASV_868","ASV_1252",0.720576692122892,2.24538803994534e-05,0.00269891567676238,"Positive"
"ASV_870","ASV_1252",0.720576692122892,2.24538803994534e-05,0.00269891567676238,"Positive"
"ASV_888","ASV_1252",0.720576692122892,2.24538803994534e-05,0.00269891567676238,"Positive"
"ASV_925","ASV_1252",0.720576692122892,2.24538803994534e-05,0.00269891567676238,"Positive"
"ASV_985","ASV_1252",0.676106128044819,0.000108380732493973,0.012282255049559,"Positive"
"ASV_993","ASV_1252",0.720576692122892,2.24538803994534e-05,0.00269891567676238,"Positive"
"ASV_1017","ASV_1252",0.720576692122892,2.24538803994534e-05,0.00269891567676238,"Positive"
"ASV_1066","ASV_1252",0.720576692122892,2.24538803994534e-05,0.00269891567676238,"Positive"
"ASV_1075","ASV_1252",0.616664271355505,0.000613460673911659,0.0483573392797354,"Positive"
"ASV_1077","ASV_1252",0.720576692122892,2.24538803994534e-05,0.00269891567676238,"Positive"
"ASV_1102","ASV_1252",0.665147715805747,0.000153494525760411,0.0131273546249632,"Positive"
"ASV_1109","ASV_1252",0.720576692122892,2.24538803994534e-05,0.00269891567676238,"Positive"
"ASV_1133","ASV_1252",0.720576692122892,2.24538803994534e-05,0.00269891567676238,"Positive"
"ASV_1160","ASV_1252",0.720576692122892,2.24538803994534e-05,0.00269891567676238,"Positive"
"ASV_1209","ASV_1252",0.720576692122892,2.24538803994534e-05,0.00269891567676238,"Positive"
"ASV_1211","ASV_1252",0.720576692122892,2.24538803994534e-05,0.00269891567676238,"Positive"
"ASV_1225","ASV_1252",0.720576692122892,2.24538803994534e-05,0.00269891567676238,"Positive"
"ASV_1233","ASV_1252",0.734803444627488,1.27308589377151e-05,0.00269891567676238,"Positive"
"ASV_1251","ASV_1252",1,0,0,"Positive"
"ASV_188","ASV_1258",0.670128521017757,0.000131268413563257,0.0131273546249632,"Positive"
"ASV_376","ASV_1258",0.685303514376997,8.00198712744837e-05,0.00927283678657053,"Positive"
"ASV_21","ASV_1260",0.720576692122892,2.24538803994534e-05,0.00269891567676238,"Positive"
"ASV_108","ASV_1260",0.647844457097608,0.000258655734379776,0.0216935538369602,"Positive"
"ASV_378","ASV_1260",0.720576692122892,2.24538803994534e-05,0.00269891567676238,"Positive"
"ASV_452","ASV_1260",0.673932153356572,0.00011625979537655,0.0130984821832143,"Positive"
"ASV_606","ASV_1260",0.665147715805747,0.000153494525760411,0.0131273546249632,"Positive"
"ASV_636","ASV_1260",0.720576692122892,2.24538803994534e-05,0.00269891567676238,"Positive"
"ASV_714","ASV_1260",0.720576692122892,2.24538803994534e-05,0.00269891567676238,"Positive"
"ASV_757","ASV_1260",0.665147715805747,0.000153494525760411,0.0131273546249632,"Positive"
"ASV_809","ASV_1260",0.665147715805747,0.000153494525760411,0.0131273546249632,"Positive"
"ASV_1239","ASV_1260",0.676106128044819,0.000108380732493973,0.012282255049559,"Positive"
"ASV_198","ASV_1261",0.708196034896964,3.58116901357786e-05,0.00426781408557045,"Positive"
"ASV_1046","ASV_1261",0.669013057556353,0.000135982486742847,0.0131273546249632,"Positive"
"ASV_173","ASV_1265",1,0,0,"Positive"
"ASV_183","ASV_1265",1,0,0,"Positive"
"ASV_224","ASV_1265",0.720576692122892,2.24538803994534e-05,0.00269891567676238,"Positive"
"ASV_241","ASV_1265",0.720576692122892,2.24538803994534e-05,0.00269891567676238,"Positive"
"ASV_270","ASV_1265",0.665147715805747,0.000153494525760411,0.0131273546249632,"Positive"
"ASV_341","ASV_1265",0.720576692122892,2.24538803994534e-05,0.00269891567676238,"Positive"
"ASV_354","ASV_1265",0.720576692122892,2.24538803994534e-05,0.00269891567676238,"Positive"
"ASV_395","ASV_1265",1,0,0,"Positive"
"ASV_431","ASV_1265",0.720576692122892,2.24538803994534e-05,0.00269891567676238,"Positive"
"ASV_474","ASV_1265",0.665147715805747,0.000153494525760411,0.0131273546249632,"Positive"
"ASV_491","ASV_1265",0.665147715805747,0.000153494525760411,0.0131273546249632,"Positive"
"ASV_518","ASV_1265",1,0,0,"Positive"
"ASV_541","ASV_1265",1,0,0,"Positive"
"ASV_557","ASV_1265",1,0,0,"Positive"
"ASV_565","ASV_1265",1,0,0,"Positive"
"ASV_638","ASV_1265",1,0,0,"Positive"
"ASV_668","ASV_1265",0.720576692122892,2.24538803994534e-05,0.00269891567676238,"Positive"
"ASV_681","ASV_1265",1,0,0,"Positive"
"ASV_686","ASV_1265",1,0,0,"Positive"
"ASV_697","ASV_1265",0.720576692122892,2.24538803994534e-05,0.00269891567676238,"Positive"
"ASV_700","ASV_1265",0.720576692122892,2.24538803994534e-05,0.00269891567676238,"Positive"
"ASV_720","ASV_1265",0.720576692122892,2.24538803994534e-05,0.00269891567676238,"Positive"
"ASV_721","ASV_1265",1,0,0,"Positive"
"ASV_746","ASV_1265",1,0,0,"Positive"
"ASV_779","ASV_1265",1,0,0,"Positive"
"ASV_868","ASV_1265",1,0,0,"Positive"
"ASV_870","ASV_1265",1,0,0,"Positive"
"ASV_888","ASV_1265",1,0,0,"Positive"
"ASV_925","ASV_1265",1,0,0,"Positive"
"ASV_936","ASV_1265",0.720576692122892,2.24538803994534e-05,0.00269891567676238,"Positive"
"ASV_993","ASV_1265",1,0,0,"Positive"
"ASV_1017","ASV_1265",1,0,0,"Positive"
"ASV_1066","ASV_1265",1,0,0,"Positive"
"ASV_1077","ASV_1265",1,0,0,"Positive"
"ASV_1109","ASV_1265",1,0,0,"Positive"
"ASV_1133","ASV_1265",1,0,0,"Positive"
"ASV_1160","ASV_1265",1,0,0,"Positive"
"ASV_1173","ASV_1265",0.720576692122892,2.24538803994534e-05,0.00269891567676238,"Positive"
"ASV_1209","ASV_1265",1,0,0,"Positive"
"ASV_1211","ASV_1265",1,0,0,"Positive"
"ASV_1225","ASV_1265",1,0,0,"Positive"
"ASV_1251","ASV_1265",0.720576692122892,2.24538803994534e-05,0.00269891567676238,"Positive"
"ASV_1252","ASV_1265",0.720576692122892,2.24538803994534e-05,0.00269891567676238,"Positive"
"ASV_63","ASV_1286",1,0,0,"Positive"
"ASV_264","ASV_1286",1,0,0,"Positive"
"ASV_342","ASV_1286",0.720576692122892,2.24538803994534e-05,0.00269891567676238,"Positive"
"ASV_534","ASV_1286",1,0,0,"Positive"
"ASV_536","ASV_1286",0.720576692122892,2.24538803994534e-05,0.00269891567676238,"Positive"
"ASV_692","ASV_1286",0.720576692122892,2.24538803994534e-05,0.00269891567676238,"Positive"
"ASV_838","ASV_1286",0.665147715805747,0.000153494525760411,0.0131273546249632,"Positive"
"ASV_873","ASV_1286",1,0,0,"Positive"
"ASV_950","ASV_1286",0.720576692122892,2.24538803994534e-05,0.00269891567676238,"Positive"
"ASV_1141","ASV_1286",0.665147715805747,0.000153494525760411,0.0131273546249632,"Positive"
"ASV_1187","ASV_1286",1,0,0,"Positive"
"ASV_1028","ASV_1287",0.628438794177366,0.000447572973389487,0.0363792154902895,"Positive"
"ASV_173","ASV_1288",1,0,0,"Positive"
"ASV_183","ASV_1288",1,0,0,"Positive"
"ASV_224","ASV_1288",0.720576692122892,2.24538803994534e-05,0.00269891567676238,"Positive"
"ASV_241","ASV_1288",0.720576692122892,2.24538803994534e-05,0.00269891567676238,"Positive"
"ASV_270","ASV_1288",0.665147715805747,0.000153494525760411,0.0131273546249632,"Positive"
"ASV_341","ASV_1288",0.720576692122892,2.24538803994534e-05,0.00269891567676238,"Positive"
"ASV_354","ASV_1288",0.720576692122892,2.24538803994534e-05,0.00269891567676238,"Positive"
"ASV_395","ASV_1288",1,0,0,"Positive"
"ASV_431","ASV_1288",0.720576692122892,2.24538803994534e-05,0.00269891567676238,"Positive"
"ASV_474","ASV_1288",0.665147715805747,0.000153494525760411,0.0131273546249632,"Positive"
"ASV_491","ASV_1288",0.665147715805747,0.000153494525760411,0.0131273546249632,"Positive"
"ASV_518","ASV_1288",1,0,0,"Positive"
"ASV_541","ASV_1288",1,0,0,"Positive"
"ASV_557","ASV_1288",1,0,0,"Positive"
"ASV_565","ASV_1288",1,0,0,"Positive"
"ASV_638","ASV_1288",1,0,0,"Positive"
"ASV_668","ASV_1288",0.720576692122892,2.24538803994534e-05,0.00269891567676238,"Positive"
"ASV_681","ASV_1288",1,0,0,"Positive"
"ASV_686","ASV_1288",1,0,0,"Positive"
"ASV_697","ASV_1288",0.720576692122892,2.24538803994534e-05,0.00269891567676238,"Positive"
"ASV_700","ASV_1288",0.720576692122892,2.24538803994534e-05,0.00269891567676238,"Positive"
"ASV_720","ASV_1288",0.720576692122892,2.24538803994534e-05,0.00269891567676238,"Positive"
"ASV_721","ASV_1288",1,0,0,"Positive"
"ASV_746","ASV_1288",1,0,0,"Positive"
"ASV_779","ASV_1288",1,0,0,"Positive"
"ASV_868","ASV_1288",1,0,0,"Positive"
"ASV_870","ASV_1288",1,0,0,"Positive"
"ASV_888","ASV_1288",1,0,0,"Positive"
"ASV_925","ASV_1288",1,0,0,"Positive"
"ASV_936","ASV_1288",0.720576692122892,2.24538803994534e-05,0.00269891567676238,"Positive"
"ASV_993","ASV_1288",1,0,0,"Positive"
"ASV_1017","ASV_1288",1,0,0,"Positive"
"ASV_1066","ASV_1288",1,0,0,"Positive"
"ASV_1077","ASV_1288",1,0,0,"Positive"
"ASV_1109","ASV_1288",1,0,0,"Positive"
"ASV_1133","ASV_1288",1,0,0,"Positive"
"ASV_1160","ASV_1288",1,0,0,"Positive"
"ASV_1173","ASV_1288",0.720576692122892,2.24538803994534e-05,0.00269891567676238,"Positive"
"ASV_1209","ASV_1288",1,0,0,"Positive"
"ASV_1211","ASV_1288",1,0,0,"Positive"
"ASV_1225","ASV_1288",1,0,0,"Positive"
"ASV_1251","ASV_1288",0.720576692122892,2.24538803994534e-05,0.00269891567676238,"Positive"
"ASV_1252","ASV_1288",0.720576692122892,2.24538803994534e-05,0.00269891567676238,"Positive"
"ASV_1265","ASV_1288",1,0,0,"Positive"
"ASV_43","ASV_1294",0.665147715805747,0.000153494525760411,0.0131273546249632,"Positive"
"ASV_62","ASV_1294",1,0,0,"Positive"
"ASV_175","ASV_1294",0.665147715805747,0.000153494525760411,0.0131273546249632,"Positive"
"ASV_227","ASV_1294",1,0,0,"Positive"
"ASV_448","ASV_1294",1,0,0,"Positive"
"ASV_460","ASV_1294",1,0,0,"Positive"
"ASV_553","ASV_1294",0.665147715805747,0.000153494525760411,0.0131273546249632,"Positive"
"ASV_604","ASV_1294",1,0,0,"Positive"
"ASV_627","ASV_1294",1,0,0,"Positive"
"ASV_653","ASV_1294",1,0,0,"Positive"
"ASV_678","ASV_1294",0.665147715805747,0.000153494525760411,0.0131273546249632,"Positive"
"ASV_807","ASV_1294",1,0,0,"Positive"
"ASV_905","ASV_1294",0.665147715805747,0.000153494525760411,0.0131273546249632,"Positive"
"ASV_1092","ASV_1294",0.720576692122892,2.24538803994534e-05,0.00269891567676238,"Positive"
"ASV_1148","ASV_1294",1,0,0,"Positive"
"ASV_21","ASV_1297",0.665147715805747,0.000153494525760411,0.0131273546249632,"Positive"
"ASV_123","ASV_1297",0.720576692122892,2.24538803994534e-05,0.00269891567676238,"Positive"
"ASV_378","ASV_1297",0.665147715805747,0.000153494525760411,0.0131273546249632,"Positive"
"ASV_405","ASV_1297",0.624019968958515,0.000504535981971088,0.0406365388743082,"Positive"
"ASV_636","ASV_1297",0.665147715805747,0.000153494525760411,0.0131273546249632,"Positive"
"ASV_682","ASV_1297",0.720576692122892,2.24538803994534e-05,0.00269891567676238,"Positive"
"ASV_714","ASV_1297",0.665147715805747,0.000153494525760411,0.0131273546249632,"Positive"
"ASV_860","ASV_1297",1,0,0,"Positive"
"ASV_1059","ASV_1297",1,0,0,"Positive"
"ASV_1099","ASV_1297",0.615234836773903,0.00063685624331411,0.0498580193346641,"Positive"
"ASV_1239","ASV_1297",0.643496507721114,0.000293422897945206,0.0242618516091717,"Positive"
"ASV_173","ASV_1299",1,0,0,"Positive"
"ASV_183","ASV_1299",1,0,0,"Positive"
"ASV_224","ASV_1299",0.720576692122892,2.24538803994534e-05,0.00269891567676238,"Positive"
"ASV_241","ASV_1299",0.720576692122892,2.24538803994534e-05,0.00269891567676238,"Positive"
"ASV_270","ASV_1299",0.665147715805747,0.000153494525760411,0.0131273546249632,"Positive"
"ASV_341","ASV_1299",0.720576692122892,2.24538803994534e-05,0.00269891567676238,"Positive"
"ASV_354","ASV_1299",0.720576692122892,2.24538803994534e-05,0.00269891567676238,"Positive"
"ASV_395","ASV_1299",1,0,0,"Positive"
"ASV_431","ASV_1299",0.720576692122892,2.24538803994534e-05,0.00269891567676238,"Positive"
"ASV_474","ASV_1299",0.665147715805747,0.000153494525760411,0.0131273546249632,"Positive"
"ASV_491","ASV_1299",0.665147715805747,0.000153494525760411,0.0131273546249632,"Positive"
"ASV_518","ASV_1299",1,0,0,"Positive"
"ASV_541","ASV_1299",1,0,0,"Positive"
"ASV_557","ASV_1299",1,0,0,"Positive"
"ASV_565","ASV_1299",1,0,0,"Positive"
"ASV_638","ASV_1299",1,0,0,"Positive"
"ASV_668","ASV_1299",0.720576692122892,2.24538803994534e-05,0.00269891567676238,"Positive"
"ASV_681","ASV_1299",1,0,0,"Positive"
"ASV_686","ASV_1299",1,0,0,"Positive"
"ASV_697","ASV_1299",0.720576692122892,2.24538803994534e-05,0.00269891567676238,"Positive"
"ASV_700","ASV_1299",0.720576692122892,2.24538803994534e-05,0.00269891567676238,"Positive"
"ASV_720","ASV_1299",0.720576692122892,2.24538803994534e-05,0.00269891567676238,"Positive"
"ASV_721","ASV_1299",1,0,0,"Positive"
"ASV_746","ASV_1299",1,0,0,"Positive"
"ASV_779","ASV_1299",1,0,0,"Positive"
"ASV_868","ASV_1299",1,0,0,"Positive"
"ASV_870","ASV_1299",1,0,0,"Positive"
"ASV_888","ASV_1299",1,0,0,"Positive"
"ASV_925","ASV_1299",1,0,0,"Positive"
"ASV_936","ASV_1299",0.720576692122892,2.24538803994534e-05,0.00269891567676238,"Positive"
"ASV_993","ASV_1299",1,0,0,"Positive"
"ASV_1017","ASV_1299",1,0,0,"Positive"
"ASV_1066","ASV_1299",1,0,0,"Positive"
"ASV_1077","ASV_1299",1,0,0,"Positive"
"ASV_1109","ASV_1299",1,0,0,"Positive"
"ASV_1133","ASV_1299",1,0,0,"Positive"
"ASV_1160","ASV_1299",1,0,0,"Positive"
"ASV_1173","ASV_1299",0.720576692122892,2.24538803994534e-05,0.00269891567676238,"Positive"
"ASV_1209","ASV_1299",1,0,0,"Positive"
"ASV_1211","ASV_1299",1,0,0,"Positive"
"ASV_1225","ASV_1299",1,0,0,"Positive"
"ASV_1251","ASV_1299",0.720576692122892,2.24538803994534e-05,0.00269891567676238,"Positive"
"ASV_1252","ASV_1299",0.720576692122892,2.24538803994534e-05,0.00269891567676238,"Positive"
"ASV_1265","ASV_1299",1,0,0,"Positive"
"ASV_1288","ASV_1299",1,0,0,"Positive"
"ASV_13","ASV_1300",0.677766393442623,0.000102685176081252,0.0116894370844734,"Positive"
"ASV_431","ASV_1300",0.8002304995806,5.43241576611564e-07,0.000129725985412948,"Positive"
"ASV_474","ASV_1300",0.829777471872807,8.71652050538074e-08,2.12381861432895e-05,"Positive"
"ASV_500","ASV_1300",0.647631263232609,0.00026027201018497,0.021821839974519,"Positive"
"ASV_720","ASV_1300",0.8002304995806,5.43241576611564e-07,0.000129725985412948,"Positive"
"ASV_1051","ASV_1300",0.626536885245902,0.000471361018652416,0.0381599265325571,"Positive"
"ASV_185","ASV_1304",0.720576692122892,2.24538803994534e-05,0.00269891567676238,"Positive"
"ASV_339","ASV_1304",1,0,0,"Positive"
"ASV_482","ASV_1304",0.720576692122892,2.24538803994534e-05,0.00269891567676238,"Positive"
"ASV_801","ASV_1304",1,0,0,"Positive"
"ASV_938","ASV_1304",1,0,0,"Positive"
"ASV_1153","ASV_1304",1,0,0,"Positive"
"ASV_1176","ASV_1304",0.720576692122892,2.24538803994534e-05,0.00269891567676238,"Positive"
"ASV_1213","ASV_1304",0.720576692122892,2.24538803994534e-05,0.00269891567676238,"Positive"
"ASV_1231","ASV_1304",1,0,0,"Positive"
"ASV_676","ASV_1307",0.681434081242377,9.10314175899263e-05,0.0105005282540314,"Positive"
"ASV_1260","ASV_1307",0.765759031906359,3.24513858140918e-06,0.000746604346661594,"Positive"
"ASV_63","ASV_1308",0.665147715805747,0.000153494525760411,0.0131273546249632,"Positive"
"ASV_264","ASV_1308",0.665147715805747,0.000153494525760411,0.0131273546249632,"Positive"
"ASV_406","ASV_1308",0.624019968958515,0.000504535981971088,0.0406365388743082,"Positive"
"ASV_534","ASV_1308",0.665147715805747,0.000153494525760411,0.0131273546249632,"Positive"
"ASV_614","ASV_1308",0.720576692122892,2.24538803994534e-05,0.00269891567676238,"Positive"
"ASV_738","ASV_1308",0.624019968958515,0.000504535981971088,0.0406365388743082,"Positive"
"ASV_783","ASV_1308",0.720576692122892,2.24538803994534e-05,0.00269891567676238,"Positive"
"ASV_788","ASV_1308",0.720576692122892,2.24538803994534e-05,0.00269891567676238,"Positive"
"ASV_873","ASV_1308",0.665147715805747,0.000153494525760411,0.0131273546249632,"Positive"
"ASV_874","ASV_1308",0.720576692122892,2.24538803994534e-05,0.00269891567676238,"Positive"
"ASV_1174","ASV_1308",0.720576692122892,2.24538803994534e-05,0.00269891567676238,"Positive"
"ASV_1187","ASV_1308",0.665147715805747,0.000153494525760411,0.0131273546249632,"Positive"
"ASV_1189","ASV_1308",0.720576692122892,2.24538803994534e-05,0.00269891567676238,"Positive"
"ASV_1199","ASV_1308",0.720576692122892,2.24538803994534e-05,0.00269891567676238,"Positive"
"ASV_1228","ASV_1308",0.720576692122892,2.24538803994534e-05,0.00269891567676238,"Positive"
"ASV_1286","ASV_1308",0.665147715805747,0.000153494525760411,0.0131273546249632,"Positive"
"ASV_568","ASV_1309",0.829777471872807,8.71652050538074e-08,2.12381861432895e-05,"Positive"
"ASV_900","ASV_1309",0.679815573770492,9.60213530549758e-05,0.0110155398619745,"Positive"
"ASV_185","ASV_1313",0.665147715805747,0.000153494525760411,0.0131273546249632,"Positive"
"ASV_491","ASV_1313",0.720576692122892,2.24538803994534e-05,0.00269891567676238,"Positive"
"ASV_567","ASV_1313",0.665147715805747,0.000153494525760411,0.0131273546249632,"Positive"
"ASV_600","ASV_1313",0.665147715805747,0.000153494525760411,0.0131273546249632,"Positive"
"ASV_606","ASV_1313",1,0,0,"Positive"
"ASV_757","ASV_1313",1,0,0,"Positive"
"ASV_809","ASV_1313",1,0,0,"Positive"
"ASV_845","ASV_1313",0.665147715805747,0.000153494525760411,0.0131273546249632,"Positive"
"ASV_905","ASV_1313",0.720576692122892,2.24538803994534e-05,0.00269891567676238,"Positive"
"ASV_1144","ASV_1313",0.665147715805747,0.000153494525760411,0.0131273546249632,"Positive"
"ASV_1159","ASV_1313",0.720576692122892,2.24538803994534e-05,0.00269891567676238,"Positive"
"ASV_1260","ASV_1313",0.665147715805747,0.000153494525760411,0.0131273546249632,"Positive"
"ASV_224","ASV_1317",0.665147715805747,0.000153494525760411,0.0131273546249632,"Positive"
"ASV_553","ASV_1317",0.720576692122892,2.24538803994534e-05,0.00269891567676238,"Positive"
"ASV_568","ASV_1317",0.665147715805747,0.000153494525760411,0.0131273546249632,"Positive"
"ASV_600","ASV_1317",0.720576692122892,2.24538803994534e-05,0.00269891567676238,"Positive"
"ASV_678","ASV_1317",0.720576692122892,2.24538803994534e-05,0.00269891567676238,"Positive"
"ASV_768","ASV_1317",1,0,0,"Positive"
"ASV_772","ASV_1317",0.665147715805747,0.000153494525760411,0.0131273546249632,"Positive"
"ASV_827","ASV_1317",1,0,0,"Positive"
"ASV_1102","ASV_1317",1,0,0,"Positive"
"ASV_1155","ASV_1317",0.665147715805747,0.000153494525760411,0.0131273546249632,"Positive"
"ASV_1251","ASV_1317",0.665147715805747,0.000153494525760411,0.0131273546249632,"Positive"
"ASV_1252","ASV_1317",0.665147715805747,0.000153494525760411,0.0131273546249632,"Positive"
"ASV_43","ASV_1320",0.665147715805747,0.000153494525760411,0.0131273546249632,"Positive"
"ASV_62","ASV_1320",1,0,0,"Positive"
"ASV_175","ASV_1320",0.665147715805747,0.000153494525760411,0.0131273546249632,"Positive"
"ASV_227","ASV_1320",1,0,0,"Positive"
"ASV_448","ASV_1320",1,0,0,"Positive"
"ASV_460","ASV_1320",1,0,0,"Positive"
"ASV_553","ASV_1320",0.665147715805747,0.000153494525760411,0.0131273546249632,"Positive"
"ASV_604","ASV_1320",1,0,0,"Positive"
"ASV_627","ASV_1320",1,0,0,"Positive"
"ASV_653","ASV_1320",1,0,0,"Positive"
"ASV_678","ASV_1320",0.665147715805747,0.000153494525760411,0.0131273546249632,"Positive"
"ASV_807","ASV_1320",1,0,0,"Positive"
"ASV_905","ASV_1320",0.665147715805747,0.000153494525760411,0.0131273546249632,"Positive"
"ASV_1092","ASV_1320",0.720576692122892,2.24538803994534e-05,0.00269891567676238,"Positive"
"ASV_1148","ASV_1320",1,0,0,"Positive"
"ASV_1294","ASV_1320",1,0,0,"Positive"
"ASV_177","ASV_1321",0.665147715805747,0.000153494525760411,0.0131273546249632,"Positive"
"ASV_339","ASV_1321",0.720576692122892,2.24538803994534e-05,0.00269891567676238,"Positive"
"ASV_403","ASV_1321",0.832239719563824,7.36862437733521e-08,1.81117764907557e-05,"Positive"
"ASV_511","ASV_1321",0.665147715805747,0.000153494525760411,0.0131273546249632,"Positive"
"ASV_651","ASV_1321",0.665147715805747,0.000153494525760411,0.0131273546249632,"Positive"
"ASV_801","ASV_1321",0.720576692122892,2.24538803994534e-05,0.00269891567676238,"Positive"
"ASV_938","ASV_1321",0.720576692122892,2.24538803994534e-05,0.00269891567676238,"Positive"
"ASV_991","ASV_1321",0.665147715805747,0.000153494525760411,0.0131273546249632,"Positive"
"ASV_1053","ASV_1321",0.665147715805747,0.000153494525760411,0.0131273546249632,"Positive"
"ASV_1153","ASV_1321",0.720576692122892,2.24538803994534e-05,0.00269891567676238,"Positive"
"ASV_1231","ASV_1321",0.720576692122892,2.24538803994534e-05,0.00269891567676238,"Positive"
"ASV_1304","ASV_1321",0.720576692122892,2.24538803994534e-05,0.00269891567676238,"Positive"
"ASV_386","ASV_1327",0.665147715805747,0.000153494525760411,0.0131273546249632,"Positive"
"ASV_587","ASV_1327",0.665147715805747,0.000153494525760411,0.0131273546249632,"Positive"
"ASV_596","ASV_1327",0.665147715805747,0.000153494525760411,0.0131273546249632,"Positive"
"ASV_614","ASV_1327",0.720576692122892,2.24538803994534e-05,0.00269891567676238,"Positive"
"ASV_783","ASV_1327",0.720576692122892,2.24538803994534e-05,0.00269891567676238,"Positive"
"ASV_788","ASV_1327",0.720576692122892,2.24538803994534e-05,0.00269891567676238,"Positive"
"ASV_795","ASV_1327",0.665147715805747,0.000153494525760411,0.0131273546249632,"Positive"
"ASV_874","ASV_1327",0.720576692122892,2.24538803994534e-05,0.00269891567676238,"Positive"
"ASV_923","ASV_1327",0.706541773680277,3.8048701537452e-05,0.00451303861143684,"Positive"
"ASV_952","ASV_1327",0.665147715805747,0.000153494525760411,0.0131273546249632,"Positive"
"ASV_1174","ASV_1327",0.720576692122892,2.24538803994534e-05,0.00269891567676238,"Positive"
"ASV_1189","ASV_1327",0.720576692122892,2.24538803994534e-05,0.00269891567676238,"Positive"
"ASV_1199","ASV_1327",0.720576692122892,2.24538803994534e-05,0.00269891567676238,"Positive"
"ASV_1228","ASV_1327",0.720576692122892,2.24538803994534e-05,0.00269891567676238,"Positive"
"ASV_1250","ASV_1327",0.665147715805747,0.000153494525760411,0.0131273546249632,"Positive"
"ASV_33","ASV_1329",0.670201040894407,0.00013096699263615,0.0131273546249632,"Positive"
"ASV_339","ASV_1329",0.720576692122892,2.24538803994534e-05,0.00269891567676238,"Positive"
"ASV_657","ASV_1329",0.665147715805747,0.000153494525760411,0.0131273546249632,"Positive"
"ASV_665","ASV_1329",0.665147715805747,0.000153494525760411,0.0131273546249632,"Positive"
"ASV_801","ASV_1329",0.720576692122892,2.24538803994534e-05,0.00269891567676238,"Positive"
"ASV_938","ASV_1329",0.720576692122892,2.24538803994534e-05,0.00269891567676238,"Positive"
"ASV_1153","ASV_1329",0.720576692122892,2.24538803994534e-05,0.00269891567676238,"Positive"
"ASV_1162","ASV_1329",0.665147715805747,0.000153494525760411,0.0131273546249632,"Positive"
"ASV_1231","ASV_1329",0.720576692122892,2.24538803994534e-05,0.00269891567676238,"Positive"
"ASV_1304","ASV_1329",0.720576692122892,2.24538803994534e-05,0.00269891567676238,"Positive"
"ASV_62","ASV_1339",0.665147715805747,0.000153494525760411,0.0131273546249632,"Positive"
"ASV_177","ASV_1339",0.720576692122892,2.24538803994534e-05,0.00269891567676238,"Positive"
"ASV_227","ASV_1339",0.665147715805747,0.000153494525760411,0.0131273546249632,"Positive"
"ASV_448","ASV_1339",0.665147715805747,0.000153494525760411,0.0131273546249632,"Positive"
"ASV_460","ASV_1339",0.665147715805747,0.000153494525760411,0.0131273546249632,"Positive"
"ASV_511","ASV_1339",0.720576692122892,2.24538803994534e-05,0.00269891567676238,"Positive"
"ASV_604","ASV_1339",0.665147715805747,0.000153494525760411,0.0131273546249632,"Positive"
"ASV_627","ASV_1339",0.665147715805747,0.000153494525760411,0.0131273546249632,"Positive"
"ASV_651","ASV_1339",0.720576692122892,2.24538803994534e-05,0.00269891567676238,"Positive"
"ASV_653","ASV_1339",0.665147715805747,0.000153494525760411,0.0131273546249632,"Positive"
"ASV_807","ASV_1339",0.665147715805747,0.000153494525760411,0.0131273546249632,"Positive"
"ASV_991","ASV_1339",0.720576692122892,2.24538803994534e-05,0.00269891567676238,"Positive"
"ASV_1053","ASV_1339",0.720576692122892,2.24538803994534e-05,0.00269891567676238,"Positive"
"ASV_1148","ASV_1339",0.665147715805747,0.000153494525760411,0.0131273546249632,"Positive"
"ASV_1294","ASV_1339",0.665147715805747,0.000153494525760411,0.0131273546249632,"Positive"
"ASV_1320","ASV_1339",0.665147715805747,0.000153494525760411,0.0131273546249632,"Positive"
"ASV_173","ASV_1340",1,0,0,"Positive"
"ASV_183","ASV_1340",1,0,0,"Positive"
"ASV_224","ASV_1340",0.720576692122892,2.24538803994534e-05,0.00269891567676238,"Positive"
"ASV_241","ASV_1340",0.720576692122892,2.24538803994534e-05,0.00269891567676238,"Positive"
"ASV_270","ASV_1340",0.665147715805747,0.000153494525760411,0.0131273546249632,"Positive"
"ASV_341","ASV_1340",0.720576692122892,2.24538803994534e-05,0.00269891567676238,"Positive"
"ASV_354","ASV_1340",0.720576692122892,2.24538803994534e-05,0.00269891567676238,"Positive"
"ASV_395","ASV_1340",1,0,0,"Positive"
"ASV_431","ASV_1340",0.720576692122892,2.24538803994534e-05,0.00269891567676238,"Positive"
"ASV_474","ASV_1340",0.665147715805747,0.000153494525760411,0.0131273546249632,"Positive"
"ASV_491","ASV_1340",0.665147715805747,0.000153494525760411,0.0131273546249632,"Positive"
"ASV_518","ASV_1340",1,0,0,"Positive"
"ASV_541","ASV_1340",1,0,0,"Positive"
"ASV_557","ASV_1340",1,0,0,"Positive"
"ASV_565","ASV_1340",1,0,0,"Positive"
"ASV_638","ASV_1340",1,0,0,"Positive"
"ASV_668","ASV_1340",0.720576692122892,2.24538803994534e-05,0.00269891567676238,"Positive"
"ASV_681","ASV_1340",1,0,0,"Positive"
"ASV_686","ASV_1340",1,0,0,"Positive"
"ASV_697","ASV_1340",0.720576692122892,2.24538803994534e-05,0.00269891567676238,"Positive"
"ASV_700","ASV_1340",0.720576692122892,2.24538803994534e-05,0.00269891567676238,"Positive"
"ASV_720","ASV_1340",0.720576692122892,2.24538803994534e-05,0.00269891567676238,"Positive"
"ASV_721","ASV_1340",1,0,0,"Positive"
"ASV_746","ASV_1340",1,0,0,"Positive"
"ASV_779","ASV_1340",1,0,0,"Positive"
"ASV_868","ASV_1340",1,0,0,"Positive"
"ASV_870","ASV_1340",1,0,0,"Positive"
"ASV_888","ASV_1340",1,0,0,"Positive"
"ASV_925","ASV_1340",1,0,0,"Positive"
"ASV_936","ASV_1340",0.720576692122892,2.24538803994534e-05,0.00269891567676238,"Positive"
"ASV_993","ASV_1340",1,0,0,"Positive"
"ASV_1017","ASV_1340",1,0,0,"Positive"
"ASV_1066","ASV_1340",1,0,0,"Positive"
"ASV_1077","ASV_1340",1,0,0,"Positive"
"ASV_1109","ASV_1340",1,0,0,"Positive"
"ASV_1133","ASV_1340",1,0,0,"Positive"
"ASV_1160","ASV_1340",1,0,0,"Positive"
"ASV_1173","ASV_1340",0.720576692122892,2.24538803994534e-05,0.00269891567676238,"Positive"
"ASV_1209","ASV_1340",1,0,0,"Positive"
"ASV_1211","ASV_1340",1,0,0,"Positive"
"ASV_1225","ASV_1340",1,0,0,"Positive"
"ASV_1251","ASV_1340",0.720576692122892,2.24538803994534e-05,0.00269891567676238,"Positive"
"ASV_1252","ASV_1340",0.720576692122892,2.24538803994534e-05,0.00269891567676238,"Positive"
"ASV_1265","ASV_1340",1,0,0,"Positive"
"ASV_1288","ASV_1340",1,0,0,"Positive"
"ASV_1299","ASV_1340",1,0,0,"Positive"
"ASV_270","ASV_1346",0.720576692122892,2.24538803994534e-05,0.00269891567676238,"Positive"
"ASV_302","ASV_1346",0.665147715805747,0.000153494525760411,0.0131273546249632,"Positive"
"ASV_492","ASV_1346",0.720576692122892,2.24538803994534e-05,0.00269891567676238,"Positive"
"ASV_668","ASV_1346",0.665147715805747,0.000153494525760411,0.0131273546249632,"Positive"
"ASV_889","ASV_1346",1,0,0,"Positive"
"ASV_984","ASV_1346",0.720576692122892,2.24538803994534e-05,0.00269891567676238,"Positive"
"ASV_1022","ASV_1346",1,0,0,"Positive"
"ASV_1105","ASV_1346",0.720576692122892,2.24538803994534e-05,0.00269891567676238,"Positive"
"ASV_39","ASV_1353",0.720576692122892,2.24538803994534e-05,0.00269891567676238,"Positive"
"ASV_657","ASV_1353",1,0,0,"Positive"
"ASV_665","ASV_1353",1,0,0,"Positive"
"ASV_834","ASV_1353",0.720576692122892,2.24538803994534e-05,0.00269891567676238,"Positive"
"ASV_974","ASV_1353",0.665147715805747,0.000153494525760411,0.0131273546249632,"Positive"
"ASV_1086","ASV_1353",0.720576692122892,2.24538803994534e-05,0.00269891567676238,"Positive"
"ASV_1141","ASV_1353",0.720576692122892,2.24538803994534e-05,0.00269891567676238,"Positive"
"ASV_1162","ASV_1353",1,0,0,"Positive"
"ASV_1329","ASV_1353",0.665147715805747,0.000153494525760411,0.0131273546249632,"Positive"
"ASV_17","ASV_1356",1,0,0,"Positive"
"ASV_343","ASV_1356",1,0,0,"Positive"
"ASV_411","ASV_1356",1,0,0,"Positive"
"ASV_515","ASV_1356",1,0,0,"Positive"
"ASV_566","ASV_1356",0.665147715805747,0.000153494525760411,0.0131273546249632,"Positive"
"ASV_853","ASV_1356",1,0,0,"Positive"
"ASV_974","ASV_1356",0.720576692122892,2.24538803994534e-05,0.00269891567676238,"Positive"
"ASV_21","ASV_1361",1,0,0,"Positive"
"ASV_222","ASV_1361",0.720576692122892,2.24538803994534e-05,0.00269891567676238,"Positive"
"ASV_378","ASV_1361",1,0,0,"Positive"
"ASV_474","ASV_1361",0.720576692122892,2.24538803994534e-05,0.00269891567676238,"Positive"
"ASV_636","ASV_1361",1,0,0,"Positive"
"ASV_714","ASV_1361",1,0,0,"Positive"
"ASV_854","ASV_1361",0.665147715805747,0.000153494525760411,0.0131273546249632,"Positive"
"ASV_860","ASV_1361",0.665147715805747,0.000153494525760411,0.0131273546249632,"Positive"
"ASV_872","ASV_1361",0.720576692122892,2.24538803994534e-05,0.00269891567676238,"Positive"
"ASV_1059","ASV_1361",0.665147715805747,0.000153494525760411,0.0131273546249632,"Positive"
"ASV_1116","ASV_1361",0.665147715805747,0.000153494525760411,0.0131273546249632,"Positive"
"ASV_1260","ASV_1361",0.720576692122892,2.24538803994534e-05,0.00269891567676238,"Positive"
"ASV_1297","ASV_1361",0.665147715805747,0.000153494525760411,0.0131273546249632,"Positive"
"ASV_386","ASV_1363",1,0,0,"Positive"
"ASV_566","ASV_1363",0.720576692122892,2.24538803994534e-05,0.00269891567676238,"Positive"
"ASV_587","ASV_1363",1,0,0,"Positive"
"ASV_596","ASV_1363",1,0,0,"Positive"
"ASV_795","ASV_1363",1,0,0,"Positive"
"ASV_843","ASV_1363",0.720576692122892,2.24538803994534e-05,0.00269891567676238,"Positive"
"ASV_952","ASV_1363",1,0,0,"Positive"
"ASV_1250","ASV_1363",1,0,0,"Positive"
"ASV_1327","ASV_1363",0.665147715805747,0.000153494525760411,0.0131273546249632,"Positive"
"ASV_282","ASV_1364",0.720576692122892,2.24538803994534e-05,0.00269891567676238,"Positive"
"ASV_404","ASV_1364",0.665147715805747,0.000153494525760411,0.0131273546249632,"Positive"
"ASV_440","ASV_1364",0.665147715805747,0.000153494525760411,0.0131273546249632,"Positive"
"ASV_481","ASV_1364",0.665147715805747,0.000153494525760411,0.0131273546249632,"Positive"
"ASV_533","ASV_1364",0.702193824303783,4.45318073913903e-05,0.00523513930937692,"Positive"
"ASV_615","ASV_1364",0.720576692122892,2.24538803994534e-05,0.00269891567676238,"Positive"
"ASV_664","ASV_1364",0.720576692122892,2.24538803994534e-05,0.00269891567676238,"Positive"
"ASV_1083","ASV_1364",0.720576692122892,2.24538803994534e-05,0.00269891567676238,"Positive"
"ASV_1113","ASV_1364",0.665147715805747,0.000153494525760411,0.0131273546249632,"Positive"
"ASV_1242","ASV_1364",0.720576692122892,2.24538803994534e-05,0.00269891567676238,"Positive"
"ASV_177","ASV_1368",0.720576692122892,2.24538803994534e-05,0.00269891567676238,"Positive"
"ASV_511","ASV_1368",0.720576692122892,2.24538803994534e-05,0.00269891567676238,"Positive"
"ASV_611","ASV_1368",0.665147715805747,0.000153494525760411,0.0131273546249632,"Positive"
"ASV_651","ASV_1368",0.720576692122892,2.24538803994534e-05,0.00269891567676238,"Positive"
"ASV_991","ASV_1368",0.720576692122892,2.24538803994534e-05,0.00269891567676238,"Positive"
"ASV_1038","ASV_1368",0.665147715805747,0.000153494525760411,0.0131273546249632,"Positive"
"ASV_1052","ASV_1368",0.665147715805747,0.000153494525760411,0.0131273546249632,"Positive"
"ASV_1053","ASV_1368",0.720576692122892,2.24538803994534e-05,0.00269891567676238,"Positive"
"ASV_1184","ASV_1368",0.665147715805747,0.000153494525760411,0.0131273546249632,"Positive"
"ASV_92","ASV_1371",0.720576692122892,2.24538803994534e-05,0.00269891567676238,"Positive"
"ASV_196","ASV_1371",1,0,0,"Positive"
"ASV_756","ASV_1371",1,0,0,"Positive"
"ASV_862","ASV_1371",1,0,0,"Positive"
"ASV_979","ASV_1371",0.720576692122892,2.24538803994534e-05,0.00269891567676238,"Positive"
"ASV_1149","ASV_1371",0.720576692122892,2.24538803994534e-05,0.00269891567676238,"Positive"
"ASV_1248","ASV_1371",1,0,0,"Positive"
"ASV_768","ASV_1377",0.720576692122892,2.24538803994534e-05,0.00269891567676238,"Positive"
"ASV_808","ASV_1377",0.665147715805747,0.000153494525760411,0.0131273546249632,"Positive"
"ASV_825","ASV_1377",0.665147715805747,0.000153494525760411,0.0131273546249632,"Positive"
"ASV_827","ASV_1377",0.720576692122892,2.24538803994534e-05,0.00269891567676238,"Positive"
"ASV_915","ASV_1377",0.665147715805747,0.000153494525760411,0.0131273546249632,"Positive"
"ASV_1102","ASV_1377",0.720576692122892,2.24538803994534e-05,0.00269891567676238,"Positive"
"ASV_1317","ASV_1377",0.720576692122892,2.24538803994534e-05,0.00269891567676238,"Positive"
"ASV_173","ASV_1378",1,0,0,"Positive"
"ASV_183","ASV_1378",1,0,0,"Positive"
"ASV_224","ASV_1378",0.720576692122892,2.24538803994534e-05,0.00269891567676238,"Positive"
"ASV_241","ASV_1378",0.720576692122892,2.24538803994534e-05,0.00269891567676238,"Positive"
"ASV_270","ASV_1378",0.665147715805747,0.000153494525760411,0.0131273546249632,"Positive"
"ASV_341","ASV_1378",0.720576692122892,2.24538803994534e-05,0.00269891567676238,"Positive"
"ASV_354","ASV_1378",0.720576692122892,2.24538803994534e-05,0.00269891567676238,"Positive"
"ASV_395","ASV_1378",1,0,0,"Positive"
"ASV_431","ASV_1378",0.720576692122892,2.24538803994534e-05,0.00269891567676238,"Positive"
"ASV_474","ASV_1378",0.665147715805747,0.000153494525760411,0.0131273546249632,"Positive"
"ASV_491","ASV_1378",0.665147715805747,0.000153494525760411,0.0131273546249632,"Positive"
"ASV_518","ASV_1378",1,0,0,"Positive"
"ASV_541","ASV_1378",1,0,0,"Positive"
"ASV_557","ASV_1378",1,0,0,"Positive"
"ASV_565","ASV_1378",1,0,0,"Positive"
"ASV_638","ASV_1378",1,0,0,"Positive"
"ASV_668","ASV_1378",0.720576692122892,2.24538803994534e-05,0.00269891567676238,"Positive"
"ASV_681","ASV_1378",1,0,0,"Positive"
"ASV_686","ASV_1378",1,0,0,"Positive"
"ASV_697","ASV_1378",0.720576692122892,2.24538803994534e-05,0.00269891567676238,"Positive"
"ASV_700","ASV_1378",0.720576692122892,2.24538803994534e-05,0.00269891567676238,"Positive"
"ASV_720","ASV_1378",0.720576692122892,2.24538803994534e-05,0.00269891567676238,"Positive"
"ASV_721","ASV_1378",1,0,0,"Positive"
"ASV_746","ASV_1378",1,0,0,"Positive"
"ASV_779","ASV_1378",1,0,0,"Positive"
"ASV_868","ASV_1378",1,0,0,"Positive"
"ASV_870","ASV_1378",1,0,0,"Positive"
"ASV_888","ASV_1378",1,0,0,"Positive"
"ASV_925","ASV_1378",1,0,0,"Positive"
"ASV_936","ASV_1378",0.720576692122892,2.24538803994534e-05,0.00269891567676238,"Positive"
"ASV_993","ASV_1378",1,0,0,"Positive"
"ASV_1017","ASV_1378",1,0,0,"Positive"
"ASV_1066","ASV_1378",1,0,0,"Positive"
"ASV_1077","ASV_1378",1,0,0,"Positive"
"ASV_1109","ASV_1378",1,0,0,"Positive"
"ASV_1133","ASV_1378",1,0,0,"Positive"
"ASV_1160","ASV_1378",1,0,0,"Positive"
"ASV_1173","ASV_1378",0.720576692122892,2.24538803994534e-05,0.00269891567676238,"Positive"
"ASV_1209","ASV_1378",1,0,0,"Positive"
"ASV_1211","ASV_1378",1,0,0,"Positive"
"ASV_1225","ASV_1378",1,0,0,"Positive"
"ASV_1251","ASV_1378",0.720576692122892,2.24538803994534e-05,0.00269891567676238,"Positive"
"ASV_1252","ASV_1378",0.720576692122892,2.24538803994534e-05,0.00269891567676238,"Positive"
"ASV_1265","ASV_1378",1,0,0,"Positive"
"ASV_1288","ASV_1378",1,0,0,"Positive"
"ASV_1299","ASV_1378",1,0,0,"Positive"
"ASV_1340","ASV_1378",1,0,0,"Positive"
"ASV_498","ASV_1379",0.651279044226733,0.000233805218452288,0.0197873585939302,"Positive"
"ASV_404","ASV_1384",1,0,0,"Positive"
"ASV_440","ASV_1384",1,0,0,"Positive"
"ASV_481","ASV_1384",1,0,0,"Positive"
"ASV_797","ASV_1384",0.720576692122892,2.24538803994534e-05,0.00269891567676238,"Positive"
"ASV_843","ASV_1384",0.665147715805747,0.000153494525760411,0.0131273546249632,"Positive"
"ASV_979","ASV_1384",0.665147715805747,0.000153494525760411,0.0131273546249632,"Positive"
"ASV_1113","ASV_1384",1,0,0,"Positive"
"ASV_1364","ASV_1384",0.665147715805747,0.000153494525760411,0.0131273546249632,"Positive"
"ASV_509","ASV_1387",0.61604347707738,0.000623527500865251,0.0490741109155616,"Positive"
"ASV_974","ASV_1387",0.765759031906359,3.24513858140918e-06,0.000746604346661594,"Positive"
"ASV_13","ASV_1390",0.765759031906359,3.24513858140918e-06,0.000746604346661594,"Positive"
"ASV_173","ASV_1390",0.720576692122892,2.24538803994534e-05,0.00269891567676238,"Positive"
"ASV_183","ASV_1390",0.720576692122892,2.24538803994534e-05,0.00269891567676238,"Positive"
"ASV_282","ASV_1390",0.665147715805747,0.000153494525760411,0.0131273546249632,"Positive"
"ASV_290","ASV_1390",0.670201040894407,0.00013096699263615,0.0131273546249632,"Positive"
"ASV_354","ASV_1390",1,0,0,"Positive"
"ASV_395","ASV_1390",0.720576692122892,2.24538803994534e-05,0.00269891567676238,"Positive"
"ASV_518","ASV_1390",0.720576692122892,2.24538803994534e-05,0.00269891567676238,"Positive"
"ASV_541","ASV_1390",0.720576692122892,2.24538803994534e-05,0.00269891567676238,"Positive"
"ASV_557","ASV_1390",0.720576692122892,2.24538803994534e-05,0.00269891567676238,"Positive"
"ASV_565","ASV_1390",0.720576692122892,2.24538803994534e-05,0.00269891567676238,"Positive"
"ASV_615","ASV_1390",0.665147715805747,0.000153494525760411,0.0131273546249632,"Positive"
"ASV_638","ASV_1390",0.720576692122892,2.24538803994534e-05,0.00269891567676238,"Positive"
"ASV_664","ASV_1390",0.665147715805747,0.000153494525760411,0.0131273546249632,"Positive"
"ASV_681","ASV_1390",0.720576692122892,2.24538803994534e-05,0.00269891567676238,"Positive"
"ASV_686","ASV_1390",0.720576692122892,2.24538803994534e-05,0.00269891567676238,"Positive"
"ASV_721","ASV_1390",0.720576692122892,2.24538803994534e-05,0.00269891567676238,"Positive"
"ASV_746","ASV_1390",0.720576692122892,2.24538803994534e-05,0.00269891567676238,"Positive"
"ASV_762","ASV_1390",0.616664271355505,0.000613460673911659,0.0483573392797354,"Positive"
"ASV_779","ASV_1390",0.720576692122892,2.24538803994534e-05,0.00269891567676238,"Positive"
"ASV_868","ASV_1390",0.720576692122892,2.24538803994534e-05,0.00269891567676238,"Positive"
"ASV_870","ASV_1390",0.720576692122892,2.24538803994534e-05,0.00269891567676238,"Positive"
"ASV_888","ASV_1390",0.720576692122892,2.24538803994534e-05,0.00269891567676238,"Positive"
"ASV_925","ASV_1390",0.720576692122892,2.24538803994534e-05,0.00269891567676238,"Positive"
"ASV_993","ASV_1390",0.720576692122892,2.24538803994534e-05,0.00269891567676238,"Positive"
"ASV_1017","ASV_1390",0.720576692122892,2.24538803994534e-05,0.00269891567676238,"Positive"
"ASV_1066","ASV_1390",0.720576692122892,2.24538803994534e-05,0.00269891567676238,"Positive"
"ASV_1077","ASV_1390",0.720576692122892,2.24538803994534e-05,0.00269891567676238,"Positive"
"ASV_1083","ASV_1390",0.665147715805747,0.000153494525760411,0.0131273546249632,"Positive"
"ASV_1109","ASV_1390",0.720576692122892,2.24538803994534e-05,0.00269891567676238,"Positive"
"ASV_1133","ASV_1390",0.720576692122892,2.24538803994534e-05,0.00269891567676238,"Positive"
"ASV_1160","ASV_1390",0.720576692122892,2.24538803994534e-05,0.00269891567676238,"Positive"
"ASV_1209","ASV_1390",0.720576692122892,2.24538803994534e-05,0.00269891567676238,"Positive"
"ASV_1211","ASV_1390",0.720576692122892,2.24538803994534e-05,0.00269891567676238,"Positive"
"ASV_1225","ASV_1390",0.720576692122892,2.24538803994534e-05,0.00269891567676238,"Positive"
"ASV_1242","ASV_1390",0.665147715805747,0.000153494525760411,0.0131273546249632,"Positive"
"ASV_1265","ASV_1390",0.720576692122892,2.24538803994534e-05,0.00269891567676238,"Positive"
"ASV_1288","ASV_1390",0.720576692122892,2.24538803994534e-05,0.00269891567676238,"Positive"
"ASV_1299","ASV_1390",0.720576692122892,2.24538803994534e-05,0.00269891567676238,"Positive"
"ASV_1340","ASV_1390",0.720576692122892,2.24538803994534e-05,0.00269891567676238,"Positive"
"ASV_1378","ASV_1390",0.720576692122892,2.24538803994534e-05,0.00269891567676238,"Positive"
"ASV_175","ASV_1396",0.720576692122892,2.24538803994534e-05,0.00269891567676238,"Positive"
"ASV_241","ASV_1396",0.665147715805747,0.000153494525760411,0.0131273546249632,"Positive"
"ASV_338","ASV_1396",1,0,0,"Positive"
"ASV_700","ASV_1396",0.665147715805747,0.000153494525760411,0.0131273546249632,"Positive"
"ASV_859","ASV_1396",0.720576692122892,2.24538803994534e-05,0.00269891567676238,"Positive"
"ASV_927","ASV_1396",0.665147715805747,0.000153494525760411,0.0131273546249632,"Positive"
"ASV_975","ASV_1396",1,0,0,"Positive"
"ASV_1156","ASV_1396",1,0,0,"Positive"
"ASV_373","ASV_1400",0.700949611669576,4.6559140768121e-05,0.00547091640318964,"Positive"
"ASV_63","ASV_1401",0.665147715805747,0.000153494525760411,0.0131273546249632,"Positive"
"ASV_88","ASV_1401",0.720576692122892,2.24538803994534e-05,0.00269891567676238,"Positive"
"ASV_264","ASV_1401",0.665147715805747,0.000153494525760411,0.0131273546249632,"Positive"
"ASV_289","ASV_1401",0.720576692122892,2.24538803994534e-05,0.00269891567676238,"Positive"
"ASV_534","ASV_1401",0.665147715805747,0.000153494525760411,0.0131273546249632,"Positive"
"ASV_663","ASV_1401",0.720576692122892,2.24538803994534e-05,0.00269891567676238,"Positive"
"ASV_716","ASV_1401",0.720576692122892,2.24538803994534e-05,0.00269891567676238,"Positive"
"ASV_873","ASV_1401",0.665147715805747,0.000153494525760411,0.0131273546249632,"Positive"
"ASV_1096","ASV_1401",0.720576692122892,2.24538803994534e-05,0.00269891567676238,"Positive"
"ASV_1187","ASV_1401",0.665147715805747,0.000153494525760411,0.0131273546249632,"Positive"
"ASV_1286","ASV_1401",0.665147715805747,0.000153494525760411,0.0131273546249632,"Positive"
"ASV_177","ASV_1406",1,0,0,"Positive"
"ASV_511","ASV_1406",1,0,0,"Positive"
"ASV_567","ASV_1406",0.720576692122892,2.24538803994534e-05,0.00269891567676238,"Positive"
"ASV_579","ASV_1406",0.720576692122892,2.24538803994534e-05,0.00269891567676238,"Positive"
"ASV_646","ASV_1406",0.720576692122892,2.24538803994534e-05,0.00269891567676238,"Positive"
"ASV_651","ASV_1406",1,0,0,"Positive"
"ASV_991","ASV_1406",1,0,0,"Positive"
"ASV_1002","ASV_1406",0.665147715805747,0.000153494525760411,0.0131273546249632,"Positive"
"ASV_1053","ASV_1406",1,0,0,"Positive"
"ASV_1321","ASV_1406",0.665147715805747,0.000153494525760411,0.0131273546249632,"Positive"
"ASV_1339","ASV_1406",0.720576692122892,2.24538803994534e-05,0.00269891567676238,"Positive"
"ASV_1368","ASV_1406",0.720576692122892,2.24538803994534e-05,0.00269891567676238,"Positive"
"ASV_173","ASV_1407",1,0,0,"Positive"
"ASV_183","ASV_1407",1,0,0,"Positive"
"ASV_224","ASV_1407",0.720576692122892,2.24538803994534e-05,0.00269891567676238,"Positive"
"ASV_241","ASV_1407",0.720576692122892,2.24538803994534e-05,0.00269891567676238,"Positive"
"ASV_270","ASV_1407",0.665147715805747,0.000153494525760411,0.0131273546249632,"Positive"
"ASV_341","ASV_1407",0.720576692122892,2.24538803994534e-05,0.00269891567676238,"Positive"
"ASV_354","ASV_1407",0.720576692122892,2.24538803994534e-05,0.00269891567676238,"Positive"
"ASV_395","ASV_1407",1,0,0,"Positive"
"ASV_431","ASV_1407",0.720576692122892,2.24538803994534e-05,0.00269891567676238,"Positive"
"ASV_474","ASV_1407",0.665147715805747,0.000153494525760411,0.0131273546249632,"Positive"
"ASV_491","ASV_1407",0.665147715805747,0.000153494525760411,0.0131273546249632,"Positive"
"ASV_518","ASV_1407",1,0,0,"Positive"
"ASV_541","ASV_1407",1,0,0,"Positive"
"ASV_557","ASV_1407",1,0,0,"Positive"
"ASV_565","ASV_1407",1,0,0,"Positive"
"ASV_638","ASV_1407",1,0,0,"Positive"
"ASV_668","ASV_1407",0.720576692122892,2.24538803994534e-05,0.00269891567676238,"Positive"
"ASV_681","ASV_1407",1,0,0,"Positive"
"ASV_686","ASV_1407",1,0,0,"Positive"
"ASV_697","ASV_1407",0.720576692122892,2.24538803994534e-05,0.00269891567676238,"Positive"
"ASV_700","ASV_1407",0.720576692122892,2.24538803994534e-05,0.00269891567676238,"Positive"
"ASV_720","ASV_1407",0.720576692122892,2.24538803994534e-05,0.00269891567676238,"Positive"
"ASV_721","ASV_1407",1,0,0,"Positive"
"ASV_746","ASV_1407",1,0,0,"Positive"
"ASV_779","ASV_1407",1,0,0,"Positive"
"ASV_868","ASV_1407",1,0,0,"Positive"
"ASV_870","ASV_1407",1,0,0,"Positive"
"ASV_888","ASV_1407",1,0,0,"Positive"
"ASV_925","ASV_1407",1,0,0,"Positive"
"ASV_936","ASV_1407",0.720576692122892,2.24538803994534e-05,0.00269891567676238,"Positive"
"ASV_993","ASV_1407",1,0,0,"Positive"
"ASV_1017","ASV_1407",1,0,0,"Positive"
"ASV_1066","ASV_1407",1,0,0,"Positive"
"ASV_1077","ASV_1407",1,0,0,"Positive"
"ASV_1109","ASV_1407",1,0,0,"Positive"
"ASV_1133","ASV_1407",1,0,0,"Positive"
"ASV_1160","ASV_1407",1,0,0,"Positive"
"ASV_1173","ASV_1407",0.720576692122892,2.24538803994534e-05,0.00269891567676238,"Positive"
"ASV_1209","ASV_1407",1,0,0,"Positive"
"ASV_1211","ASV_1407",1,0,0,"Positive"
"ASV_1225","ASV_1407",1,0,0,"Positive"
"ASV_1251","ASV_1407",0.720576692122892,2.24538803994534e-05,0.00269891567676238,"Positive"
"ASV_1252","ASV_1407",0.720576692122892,2.24538803994534e-05,0.00269891567676238,"Positive"
"ASV_1265","ASV_1407",1,0,0,"Positive"
"ASV_1288","ASV_1407",1,0,0,"Positive"
"ASV_1299","ASV_1407",1,0,0,"Positive"
"ASV_1340","ASV_1407",1,0,0,"Positive"
"ASV_1378","ASV_1407",1,0,0,"Positive"
"ASV_1390","ASV_1407",0.720576692122892,2.24538803994534e-05,0.00269891567676238,"Positive"
"ASV_431","ASV_1408",0.665147715805747,0.000153494525760411,0.0131273546249632,"Positive"
"ASV_614","ASV_1408",1,0,0,"Positive"
"ASV_677","ASV_1408",0.665147715805747,0.000153494525760411,0.0131273546249632,"Positive"
"ASV_720","ASV_1408",0.665147715805747,0.000153494525760411,0.0131273546249632,"Positive"
"ASV_783","ASV_1408",1,0,0,"Positive"
"ASV_788","ASV_1408",1,0,0,"Positive"
"ASV_834","ASV_1408",0.665147715805747,0.000153494525760411,0.0131273546249632,"Positive"
"ASV_859","ASV_1408",0.665147715805747,0.000153494525760411,0.0131273546249632,"Positive"
"ASV_874","ASV_1408",1,0,0,"Positive"
"ASV_924","ASV_1408",0.720576692122892,2.24538803994534e-05,0.00269891567676238,"Positive"
"ASV_984","ASV_1408",0.665147715805747,0.000153494525760411,0.0131273546249632,"Positive"
"ASV_1086","ASV_1408",0.665147715805747,0.000153494525760411,0.0131273546249632,"Positive"
"ASV_1105","ASV_1408",0.665147715805747,0.000153494525760411,0.0131273546249632,"Positive"
"ASV_1149","ASV_1408",0.665147715805747,0.000153494525760411,0.0131273546249632,"Positive"
"ASV_1174","ASV_1408",1,0,0,"Positive"
"ASV_1176","ASV_1408",0.665147715805747,0.000153494525760411,0.0131273546249632,"Positive"
"ASV_1189","ASV_1408",1,0,0,"Positive"
"ASV_1199","ASV_1408",1,0,0,"Positive"
"ASV_1228","ASV_1408",1,0,0,"Positive"
"ASV_1308","ASV_1408",0.720576692122892,2.24538803994534e-05,0.00269891567676238,"Positive"
"ASV_1327","ASV_1408",0.720576692122892,2.24538803994534e-05,0.00269891567676238,"Positive"
"ASV_17","ASV_1409",0.720576692122892,2.24538803994534e-05,0.00269891567676238,"Positive"
"ASV_343","ASV_1409",0.720576692122892,2.24538803994534e-05,0.00269891567676238,"Positive"
"ASV_411","ASV_1409",0.720576692122892,2.24538803994534e-05,0.00269891567676238,"Positive"
"ASV_452","ASV_1409",0.734803444627488,1.27308589377151e-05,0.00269891567676238,"Positive"
"ASV_453","ASV_1409",0.647844457097608,0.000258655734379776,0.0216935538369602,"Positive"
"ASV_515","ASV_1409",0.720576692122892,2.24538803994534e-05,0.00269891567676238,"Positive"
"ASV_606","ASV_1409",0.665147715805747,0.000153494525760411,0.0131273546249632,"Positive"
"ASV_757","ASV_1409",0.665147715805747,0.000153494525760411,0.0131273546249632,"Positive"
"ASV_809","ASV_1409",0.665147715805747,0.000153494525760411,0.0131273546249632,"Positive"
"ASV_853","ASV_1409",0.720576692122892,2.24538803994534e-05,0.00269891567676238,"Positive"
"ASV_1014","ASV_1409",0.706541773680277,3.8048701537452e-05,0.00451303861143684,"Positive"
"ASV_1313","ASV_1409",0.665147715805747,0.000153494525760411,0.0131273546249632,"Positive"
"ASV_1356","ASV_1409",0.720576692122892,2.24538803994534e-05,0.00269891567676238,"Positive"
"ASV_173","ASV_1410",1,0,0,"Positive"
"ASV_183","ASV_1410",1,0,0,"Positive"
"ASV_224","ASV_1410",0.720576692122892,2.24538803994534e-05,0.00269891567676238,"Positive"
"ASV_241","ASV_1410",0.720576692122892,2.24538803994534e-05,0.00269891567676238,"Positive"
"ASV_270","ASV_1410",0.665147715805747,0.000153494525760411,0.0131273546249632,"Positive"
"ASV_341","ASV_1410",0.720576692122892,2.24538803994534e-05,0.00269891567676238,"Positive"
"ASV_354","ASV_1410",0.720576692122892,2.24538803994534e-05,0.00269891567676238,"Positive"
"ASV_395","ASV_1410",1,0,0,"Positive"
"ASV_431","ASV_1410",0.720576692122892,2.24538803994534e-05,0.00269891567676238,"Positive"
"ASV_474","ASV_1410",0.665147715805747,0.000153494525760411,0.0131273546249632,"Positive"
"ASV_491","ASV_1410",0.665147715805747,0.000153494525760411,0.0131273546249632,"Positive"
"ASV_518","ASV_1410",1,0,0,"Positive"
"ASV_541","ASV_1410",1,0,0,"Positive"
"ASV_557","ASV_1410",1,0,0,"Positive"
"ASV_565","ASV_1410",1,0,0,"Positive"
"ASV_638","ASV_1410",1,0,0,"Positive"
"ASV_668","ASV_1410",0.720576692122892,2.24538803994534e-05,0.00269891567676238,"Positive"
"ASV_681","ASV_1410",1,0,0,"Positive"
"ASV_686","ASV_1410",1,0,0,"Positive"
"ASV_697","ASV_1410",0.720576692122892,2.24538803994534e-05,0.00269891567676238,"Positive"
"ASV_700","ASV_1410",0.720576692122892,2.24538803994534e-05,0.00269891567676238,"Positive"
"ASV_720","ASV_1410",0.720576692122892,2.24538803994534e-05,0.00269891567676238,"Positive"
"ASV_721","ASV_1410",1,0,0,"Positive"
"ASV_746","ASV_1410",1,0,0,"Positive"
"ASV_779","ASV_1410",1,0,0,"Positive"
"ASV_868","ASV_1410",1,0,0,"Positive"
"ASV_870","ASV_1410",1,0,0,"Positive"
"ASV_888","ASV_1410",1,0,0,"Positive"
"ASV_925","ASV_1410",1,0,0,"Positive"
"ASV_936","ASV_1410",0.720576692122892,2.24538803994534e-05,0.00269891567676238,"Positive"
"ASV_993","ASV_1410",1,0,0,"Positive"
"ASV_1017","ASV_1410",1,0,0,"Positive"
"ASV_1066","ASV_1410",1,0,0,"Positive"
"ASV_1077","ASV_1410",1,0,0,"Positive"
"ASV_1109","ASV_1410",1,0,0,"Positive"
"ASV_1133","ASV_1410",1,0,0,"Positive"
"ASV_1160","ASV_1410",1,0,0,"Positive"
"ASV_1173","ASV_1410",0.720576692122892,2.24538803994534e-05,0.00269891567676238,"Positive"
"ASV_1209","ASV_1410",1,0,0,"Positive"
"ASV_1211","ASV_1410",1,0,0,"Positive"
"ASV_1225","ASV_1410",1,0,0,"Positive"
"ASV_1251","ASV_1410",0.720576692122892,2.24538803994534e-05,0.00269891567676238,"Positive"
"ASV_1252","ASV_1410",0.720576692122892,2.24538803994534e-05,0.00269891567676238,"Positive"
"ASV_1265","ASV_1410",1,0,0,"Positive"
"ASV_1288","ASV_1410",1,0,0,"Positive"
"ASV_1299","ASV_1410",1,0,0,"Positive"
"ASV_1340","ASV_1410",1,0,0,"Positive"
"ASV_1378","ASV_1410",1,0,0,"Positive"
"ASV_1390","ASV_1410",0.720576692122892,2.24538803994534e-05,0.00269891567676238,"Positive"
"ASV_1407","ASV_1410",1,0,0,"Positive"
"ASV_185","ASV_1413",0.720576692122892,2.24538803994534e-05,0.00269891567676238,"Positive"
"ASV_339","ASV_1413",1,0,0,"Positive"
"ASV_482","ASV_1413",0.720576692122892,2.24538803994534e-05,0.00269891567676238,"Positive"
"ASV_801","ASV_1413",1,0,0,"Positive"
"ASV_938","ASV_1413",1,0,0,"Positive"
"ASV_1153","ASV_1413",1,0,0,"Positive"
"ASV_1176","ASV_1413",0.720576692122892,2.24538803994534e-05,0.00269891567676238,"Positive"
"ASV_1213","ASV_1413",0.720576692122892,2.24538803994534e-05,0.00269891567676238,"Positive"
"ASV_1231","ASV_1413",1,0,0,"Positive"
"ASV_1304","ASV_1413",1,0,0,"Positive"
"ASV_1321","ASV_1413",0.720576692122892,2.24538803994534e-05,0.00269891567676238,"Positive"
"ASV_1329","ASV_1413",0.720576692122892,2.24538803994534e-05,0.00269891567676238,"Positive"
"ASV_282","ASV_1418",1,0,0,"Positive"
"ASV_354","ASV_1418",0.665147715805747,0.000153494525760411,0.0131273546249632,"Positive"
"ASV_615","ASV_1418",1,0,0,"Positive"
"ASV_664","ASV_1418",1,0,0,"Positive"
"ASV_692","ASV_1418",0.665147715805747,0.000153494525760411,0.0131273546249632,"Positive"
"ASV_854","ASV_1418",0.720576692122892,2.24538803994534e-05,0.00269891567676238,"Positive"
"ASV_1002","ASV_1418",0.720576692122892,2.24538803994534e-05,0.00269891567676238,"Positive"
"ASV_1083","ASV_1418",1,0,0,"Positive"
"ASV_1116","ASV_1418",0.720576692122892,2.24538803994534e-05,0.00269891567676238,"Positive"
"ASV_1155","ASV_1418",0.720576692122892,2.24538803994534e-05,0.00269891567676238,"Positive"
"ASV_1242","ASV_1418",1,0,0,"Positive"
"ASV_1364","ASV_1418",0.720576692122892,2.24538803994534e-05,0.00269891567676238,"Positive"
"ASV_1390","ASV_1418",0.665147715805747,0.000153494525760411,0.0131273546249632,"Positive"
"ASV_270","ASV_1419",0.720576692122892,2.24538803994534e-05,0.00269891567676238,"Positive"
"ASV_302","ASV_1419",0.665147715805747,0.000153494525760411,0.0131273546249632,"Positive"
"ASV_492","ASV_1419",0.720576692122892,2.24538803994534e-05,0.00269891567676238,"Positive"
"ASV_668","ASV_1419",0.665147715805747,0.000153494525760411,0.0131273546249632,"Positive"
"ASV_889","ASV_1419",1,0,0,"Positive"
"ASV_984","ASV_1419",0.720576692122892,2.24538803994534e-05,0.00269891567676238,"Positive"
"ASV_1022","ASV_1419",1,0,0,"Positive"
"ASV_1105","ASV_1419",0.720576692122892,2.24538803994534e-05,0.00269891567676238,"Positive"
"ASV_1346","ASV_1419",1,0,0,"Positive"
"ASV_218","ASV_1420",0.630152542792085,0.000427044426192902,0.0347622725907576,"Positive"
"ASV_354","ASV_1420",0.734803444627488,1.27308589377151e-05,0.00269891567676238,"Positive"
"ASV_1390","ASV_1420",0.734803444627488,1.27308589377151e-05,0.00269891567676238,"Positive"
"ASV_1200","ASV_1429",0.755792042180496,5.149374932234e-06,0.00116974000322079,"Positive"
"ASV_840","ASV_1430",0.618340163934426,0.000586988732612204,0.0466652334348795,"Positive"
"ASV_1172","ASV_1430",0.622438524590164,0.000526408520027166,0.0423440052567074,"Positive"
"ASV_1208","ASV_1430",0.620389344262295,0.000555978856660477,0.0443962875403423,"Positive"
"ASV_1260","ASV_1430",0.763296784215341,3.64471975866643e-06,0.000830187999690087,"Positive"
"ASV_431","ASV_1431",0.665147715805747,0.000153494525760411,0.0131273546249632,"Positive"
"ASV_614","ASV_1431",1,0,0,"Positive"
"ASV_677","ASV_1431",0.665147715805747,0.000153494525760411,0.0131273546249632,"Positive"
"ASV_720","ASV_1431",0.665147715805747,0.000153494525760411,0.0131273546249632,"Positive"
"ASV_783","ASV_1431",1,0,0,"Positive"
"ASV_788","ASV_1431",1,0,0,"Positive"
"ASV_834","ASV_1431",0.665147715805747,0.000153494525760411,0.0131273546249632,"Positive"
"ASV_859","ASV_1431",0.665147715805747,0.000153494525760411,0.0131273546249632,"Positive"
"ASV_874","ASV_1431",1,0,0,"Positive"
"ASV_924","ASV_1431",0.720576692122892,2.24538803994534e-05,0.00269891567676238,"Positive"
"ASV_984","ASV_1431",0.665147715805747,0.000153494525760411,0.0131273546249632,"Positive"
"ASV_1086","ASV_1431",0.665147715805747,0.000153494525760411,0.0131273546249632,"Positive"
"ASV_1105","ASV_1431",0.665147715805747,0.000153494525760411,0.0131273546249632,"Positive"
"ASV_1149","ASV_1431",0.665147715805747,0.000153494525760411,0.0131273546249632,"Positive"
"ASV_1174","ASV_1431",1,0,0,"Positive"
"ASV_1176","ASV_1431",0.665147715805747,0.000153494525760411,0.0131273546249632,"Positive"
"ASV_1189","ASV_1431",1,0,0,"Positive"
"ASV_1199","ASV_1431",1,0,0,"Positive"
"ASV_1228","ASV_1431",1,0,0,"Positive"
"ASV_1308","ASV_1431",0.720576692122892,2.24538803994534e-05,0.00269891567676238,"Positive"
"ASV_1327","ASV_1431",0.720576692122892,2.24538803994534e-05,0.00269891567676238,"Positive"
"ASV_1408","ASV_1431",1,0,0,"Positive"
"ASV_173","ASV_1448",1,0,0,"Positive"
"ASV_183","ASV_1448",1,0,0,"Positive"
"ASV_224","ASV_1448",0.720576692122892,2.24538803994534e-05,0.00269891567676238,"Positive"
"ASV_241","ASV_1448",0.720576692122892,2.24538803994534e-05,0.00269891567676238,"Positive"
"ASV_270","ASV_1448",0.665147715805747,0.000153494525760411,0.0131273546249632,"Positive"
"ASV_341","ASV_1448",0.720576692122892,2.24538803994534e-05,0.00269891567676238,"Positive"
"ASV_354","ASV_1448",0.720576692122892,2.24538803994534e-05,0.00269891567676238,"Positive"
"ASV_395","ASV_1448",1,0,0,"Positive"
"ASV_431","ASV_1448",0.720576692122892,2.24538803994534e-05,0.00269891567676238,"Positive"
"ASV_474","ASV_1448",0.665147715805747,0.000153494525760411,0.0131273546249632,"Positive"
"ASV_491","ASV_1448",0.665147715805747,0.000153494525760411,0.0131273546249632,"Positive"
"ASV_518","ASV_1448",1,0,0,"Positive"
"ASV_541","ASV_1448",1,0,0,"Positive"
"ASV_557","ASV_1448",1,0,0,"Positive"
"ASV_565","ASV_1448",1,0,0,"Positive"
"ASV_638","ASV_1448",1,0,0,"Positive"
"ASV_668","ASV_1448",0.720576692122892,2.24538803994534e-05,0.00269891567676238,"Positive"
"ASV_681","ASV_1448",1,0,0,"Positive"
"ASV_686","ASV_1448",1,0,0,"Positive"
"ASV_697","ASV_1448",0.720576692122892,2.24538803994534e-05,0.00269891567676238,"Positive"
"ASV_700","ASV_1448",0.720576692122892,2.24538803994534e-05,0.00269891567676238,"Positive"
"ASV_720","ASV_1448",0.720576692122892,2.24538803994534e-05,0.00269891567676238,"Positive"
"ASV_721","ASV_1448",1,0,0,"Positive"
"ASV_746","ASV_1448",1,0,0,"Positive"
"ASV_779","ASV_1448",1,0,0,"Positive"
"ASV_868","ASV_1448",1,0,0,"Positive"
"ASV_870","ASV_1448",1,0,0,"Positive"
"ASV_888","ASV_1448",1,0,0,"Positive"
"ASV_925","ASV_1448",1,0,0,"Positive"
"ASV_936","ASV_1448",0.720576692122892,2.24538803994534e-05,0.00269891567676238,"Positive"
"ASV_993","ASV_1448",1,0,0,"Positive"
"ASV_1017","ASV_1448",1,0,0,"Positive"
"ASV_1066","ASV_1448",1,0,0,"Positive"
"ASV_1077","ASV_1448",1,0,0,"Positive"
"ASV_1109","ASV_1448",1,0,0,"Positive"
"ASV_1133","ASV_1448",1,0,0,"Positive"
"ASV_1160","ASV_1448",1,0,0,"Positive"
"ASV_1173","ASV_1448",0.720576692122892,2.24538803994534e-05,0.00269891567676238,"Positive"
"ASV_1209","ASV_1448",1,0,0,"Positive"
"ASV_1211","ASV_1448",1,0,0,"Positive"
"ASV_1225","ASV_1448",1,0,0,"Positive"
"ASV_1251","ASV_1448",0.720576692122892,2.24538803994534e-05,0.00269891567676238,"Positive"
"ASV_1252","ASV_1448",0.720576692122892,2.24538803994534e-05,0.00269891567676238,"Positive"
"ASV_1265","ASV_1448",1,0,0,"Positive"
"ASV_1288","ASV_1448",1,0,0,"Positive"
"ASV_1299","ASV_1448",1,0,0,"Positive"
"ASV_1340","ASV_1448",1,0,0,"Positive"
"ASV_1378","ASV_1448",1,0,0,"Positive"
"ASV_1390","ASV_1448",0.720576692122892,2.24538803994534e-05,0.00269891567676238,"Positive"
"ASV_1407","ASV_1448",1,0,0,"Positive"
"ASV_1410","ASV_1448",1,0,0,"Positive"
"ASV_62","ASV_1453",0.720576692122892,2.24538803994534e-05,0.00269891567676238,"Positive"
"ASV_173","ASV_1453",0.665147715805747,0.000153494525760411,0.0131273546249632,"Positive"
"ASV_183","ASV_1453",0.665147715805747,0.000153494525760411,0.0131273546249632,"Positive"
"ASV_227","ASV_1453",0.720576692122892,2.24538803994534e-05,0.00269891567676238,"Positive"
"ASV_284","ASV_1453",0.732629469939241,1.39156190015477e-05,0.00269891567676238,"Positive"
"ASV_376","ASV_1453",0.671758178668325,0.000124640607513715,0.0131273546249632,"Positive"
"ASV_395","ASV_1453",0.665147715805747,0.000153494525760411,0.0131273546249632,"Positive"
"ASV_416","ASV_1453",0.795306004198565,7.15677216822641e-07,0.000168821346849273,"Positive"
"ASV_448","ASV_1453",0.720576692122892,2.24538803994534e-05,0.00269891567676238,"Positive"
"ASV_460","ASV_1453",0.720576692122892,2.24538803994534e-05,0.00269891567676238,"Positive"
"ASV_518","ASV_1453",0.665147715805747,0.000153494525760411,0.0131273546249632,"Positive"
"ASV_541","ASV_1453",0.665147715805747,0.000153494525760411,0.0131273546249632,"Positive"
"ASV_557","ASV_1453",0.665147715805747,0.000153494525760411,0.0131273546249632,"Positive"
"ASV_562","ASV_1453",0.763296784215341,3.64471975866643e-06,0.000830187999690087,"Positive"
"ASV_565","ASV_1453",0.665147715805747,0.000153494525760411,0.0131273546249632,"Positive"
"ASV_604","ASV_1453",0.720576692122892,2.24538803994534e-05,0.00269891567676238,"Positive"
"ASV_627","ASV_1453",0.720576692122892,2.24538803994534e-05,0.00269891567676238,"Positive"
"ASV_638","ASV_1453",0.665147715805747,0.000153494525760411,0.0131273546249632,"Positive"
"ASV_647","ASV_1453",0.732629469939241,1.39156190015477e-05,0.00269891567676238,"Positive"
"ASV_653","ASV_1453",0.720576692122892,2.24538803994534e-05,0.00269891567676238,"Positive"
"ASV_681","ASV_1453",0.665147715805747,0.000153494525760411,0.0131273546249632,"Positive"
"ASV_686","ASV_1453",0.665147715805747,0.000153494525760411,0.0131273546249632,"Positive"
"ASV_721","ASV_1453",0.665147715805747,0.000153494525760411,0.0131273546249632,"Positive"
"ASV_746","ASV_1453",0.665147715805747,0.000153494525760411,0.0131273546249632,"Positive"
"ASV_779","ASV_1453",0.665147715805747,0.000153494525760411,0.0131273546249632,"Positive"
"ASV_807","ASV_1453",0.720576692122892,2.24538803994534e-05,0.00269891567676238,"Positive"
"ASV_868","ASV_1453",0.665147715805747,0.000153494525760411,0.0131273546249632,"Positive"
"ASV_870","ASV_1453",0.665147715805747,0.000153494525760411,0.0131273546249632,"Positive"
"ASV_888","ASV_1453",0.665147715805747,0.000153494525760411,0.0131273546249632,"Positive"
"ASV_925","ASV_1453",0.665147715805747,0.000153494525760411,0.0131273546249632,"Positive"
"ASV_993","ASV_1453",0.665147715805747,0.000153494525760411,0.0131273546249632,"Positive"
"ASV_1017","ASV_1453",0.665147715805747,0.000153494525760411,0.0131273546249632,"Positive"
"ASV_1066","ASV_1453",0.665147715805747,0.000153494525760411,0.0131273546249632,"Positive"
"ASV_1077","ASV_1453",0.665147715805747,0.000153494525760411,0.0131273546249632,"Positive"
"ASV_1109","ASV_1453",0.665147715805747,0.000153494525760411,0.0131273546249632,"Positive"
"ASV_1133","ASV_1453",0.665147715805747,0.000153494525760411,0.0131273546249632,"Positive"
"ASV_1148","ASV_1453",0.720576692122892,2.24538803994534e-05,0.00269891567676238,"Positive"
"ASV_1160","ASV_1453",0.665147715805747,0.000153494525760411,0.0131273546249632,"Positive"
"ASV_1209","ASV_1453",0.665147715805747,0.000153494525760411,0.0131273546249632,"Positive"
"ASV_1211","ASV_1453",0.665147715805747,0.000153494525760411,0.0131273546249632,"Positive"
"ASV_1225","ASV_1453",0.665147715805747,0.000153494525760411,0.0131273546249632,"Positive"
"ASV_1258","ASV_1453",0.702193824303783,4.45318073913903e-05,0.00523513930937692,"Positive"
"ASV_1265","ASV_1453",0.665147715805747,0.000153494525760411,0.0131273546249632,"Positive"
"ASV_1288","ASV_1453",0.665147715805747,0.000153494525760411,0.0131273546249632,"Positive"
"ASV_1294","ASV_1453",0.720576692122892,2.24538803994534e-05,0.00269891567676238,"Positive"
"ASV_1299","ASV_1453",0.665147715805747,0.000153494525760411,0.0131273546249632,"Positive"
"ASV_1320","ASV_1453",0.720576692122892,2.24538803994534e-05,0.00269891567676238,"Positive"
"ASV_1340","ASV_1453",0.665147715805747,0.000153494525760411,0.0131273546249632,"Positive"
"ASV_1378","ASV_1453",0.665147715805747,0.000153494525760411,0.0131273546249632,"Positive"
"ASV_1407","ASV_1453",0.665147715805747,0.000153494525760411,0.0131273546249632,"Positive"
"ASV_1410","ASV_1453",0.665147715805747,0.000153494525760411,0.0131273546249632,"Positive"
"ASV_1420","ASV_1453",0.702193824303783,4.45318073913903e-05,0.00523513930937692,"Positive"
"ASV_1448","ASV_1453",0.665147715805747,0.000153494525760411,0.0131273546249632,"Positive"
"ASV_1120","ASV_1455",0.716611295681063,2.61434118005166e-05,0.00313043103383969,"Positive"
"ASV_527","ASV_1458",0.720576692122892,2.24538803994534e-05,0.00269891567676238,"Positive"
"ASV_614","ASV_1458",0.665147715805747,0.000153494525760411,0.0131273546249632,"Positive"
"ASV_783","ASV_1458",0.665147715805747,0.000153494525760411,0.0131273546249632,"Positive"
"ASV_788","ASV_1458",0.665147715805747,0.000153494525760411,0.0131273546249632,"Positive"
"ASV_874","ASV_1458",0.665147715805747,0.000153494525760411,0.0131273546249632,"Positive"
"ASV_881","ASV_1458",0.763296784215341,3.64471975866643e-06,0.000830187999690087,"Positive"
"ASV_923","ASV_1458",0.671758178668325,0.000124640607513715,0.0131273546249632,"Positive"
"ASV_997","ASV_1458",0.720576692122892,2.24538803994534e-05,0.00269891567676238,"Positive"
"ASV_1028","ASV_1458",0.765759031906359,3.24513858140918e-06,0.000746604346661594,"Positive"
"ASV_1174","ASV_1458",0.665147715805747,0.000153494525760411,0.0131273546249632,"Positive"
"ASV_1189","ASV_1458",0.665147715805747,0.000153494525760411,0.0131273546249632,"Positive"
"ASV_1199","ASV_1458",0.665147715805747,0.000153494525760411,0.0131273546249632,"Positive"
"ASV_1228","ASV_1458",0.665147715805747,0.000153494525760411,0.0131273546249632,"Positive"
"ASV_1408","ASV_1458",0.665147715805747,0.000153494525760411,0.0131273546249632,"Positive"
"ASV_1431","ASV_1458",0.665147715805747,0.000153494525760411,0.0131273546249632,"Positive"
"ASV_58","ASV_1468",0.795306004198565,7.15677216822641e-07,0.000168821346849273,"Positive"
"ASV_62","ASV_1468",0.665147715805747,0.000153494525760411,0.0131273546249632,"Positive"
"ASV_175","ASV_1468",1,0,0,"Positive"
"ASV_227","ASV_1468",0.665147715805747,0.000153494525760411,0.0131273546249632,"Positive"
"ASV_320","ASV_1468",0.702193824303783,4.45318073913903e-05,0.00523513930937692,"Positive"
"ASV_338","ASV_1468",0.720576692122892,2.24538803994534e-05,0.00269891567676238,"Positive"
"ASV_448","ASV_1468",0.665147715805747,0.000153494525760411,0.0131273546249632,"Positive"
"ASV_460","ASV_1468",0.665147715805747,0.000153494525760411,0.0131273546249632,"Positive"
"ASV_604","ASV_1468",0.665147715805747,0.000153494525760411,0.0131273546249632,"Positive"
"ASV_627","ASV_1468",0.665147715805747,0.000153494525760411,0.0131273546249632,"Positive"
"ASV_653","ASV_1468",0.665147715805747,0.000153494525760411,0.0131273546249632,"Positive"
"ASV_807","ASV_1468",0.665147715805747,0.000153494525760411,0.0131273546249632,"Positive"
"ASV_975","ASV_1468",0.720576692122892,2.24538803994534e-05,0.00269891567676238,"Positive"
"ASV_1104","ASV_1468",0.668218197578152,0.000139432194518285,0.0131273546249632,"Positive"
"ASV_1148","ASV_1468",0.665147715805747,0.000153494525760411,0.0131273546249632,"Positive"
"ASV_1156","ASV_1468",0.720576692122892,2.24538803994534e-05,0.00269891567676238,"Positive"
"ASV_1294","ASV_1468",0.665147715805747,0.000153494525760411,0.0131273546249632,"Positive"
"ASV_1320","ASV_1468",0.665147715805747,0.000153494525760411,0.0131273546249632,"Positive"
"ASV_1396","ASV_1468",0.720576692122892,2.24538803994534e-05,0.00269891567676238,"Positive"
"ASV_431","ASV_1471",0.665147715805747,0.000153494525760411,0.0131273546249632,"Positive"
"ASV_614","ASV_1471",1,0,0,"Positive"
"ASV_677","ASV_1471",0.665147715805747,0.000153494525760411,0.0131273546249632,"Positive"
"ASV_720","ASV_1471",0.665147715805747,0.000153494525760411,0.0131273546249632,"Positive"
"ASV_783","ASV_1471",1,0,0,"Positive"
"ASV_788","ASV_1471",1,0,0,"Positive"
"ASV_834","ASV_1471",0.665147715805747,0.000153494525760411,0.0131273546249632,"Positive"
"ASV_859","ASV_1471",0.665147715805747,0.000153494525760411,0.0131273546249632,"Positive"
"ASV_874","ASV_1471",1,0,0,"Positive"
"ASV_924","ASV_1471",0.720576692122892,2.24538803994534e-05,0.00269891567676238,"Positive"
"ASV_984","ASV_1471",0.665147715805747,0.000153494525760411,0.0131273546249632,"Positive"
"ASV_1086","ASV_1471",0.665147715805747,0.000153494525760411,0.0131273546249632,"Positive"
"ASV_1105","ASV_1471",0.665147715805747,0.000153494525760411,0.0131273546249632,"Positive"
"ASV_1149","ASV_1471",0.665147715805747,0.000153494525760411,0.0131273546249632,"Positive"
"ASV_1174","ASV_1471",1,0,0,"Positive"
"ASV_1176","ASV_1471",0.665147715805747,0.000153494525760411,0.0131273546249632,"Positive"
"ASV_1189","ASV_1471",1,0,0,"Positive"
"ASV_1199","ASV_1471",1,0,0,"Positive"
"ASV_1228","ASV_1471",1,0,0,"Positive"
"ASV_1308","ASV_1471",0.720576692122892,2.24538803994534e-05,0.00269891567676238,"Positive"
"ASV_1327","ASV_1471",0.720576692122892,2.24538803994534e-05,0.00269891567676238,"Positive"
"ASV_1408","ASV_1471",1,0,0,"Positive"
"ASV_1431","ASV_1471",1,0,0,"Positive"
"ASV_1458","ASV_1471",0.665147715805747,0.000153494525760411,0.0131273546249632,"Positive"
"ASV_123","ASV_1474",0.720576692122892,2.24538803994534e-05,0.00269891567676238,"Positive"
"ASV_346","ASV_1474",0.665147715805747,0.000153494525760411,0.0131273546249632,"Positive"
"ASV_547","ASV_1474",0.829777471872807,8.71652050538074e-08,2.12381861432895e-05,"Positive"
"ASV_563","ASV_1474",0.665147715805747,0.000153494525760411,0.0131273546249632,"Positive"
"ASV_682","ASV_1474",0.720576692122892,2.24538803994534e-05,0.00269891567676238,"Positive"
"ASV_753","ASV_1474",0.665147715805747,0.000153494525760411,0.0131273546249632,"Positive"
"ASV_755","ASV_1474",0.665147715805747,0.000153494525760411,0.0131273546249632,"Positive"
"ASV_1164","ASV_1474",0.665147715805747,0.000153494525760411,0.0131273546249632,"Positive"
"ASV_1234","ASV_1474",0.665147715805747,0.000153494525760411,0.0131273546249632,"Positive"
"ASV_1239","ASV_1474",0.671758178668325,0.000124640607513715,0.0131273546249632,"Positive"
"ASV_224","ASV_1479",0.665147715805747,0.000153494525760411,0.0131273546249632,"Positive"
"ASV_553","ASV_1479",0.720576692122892,2.24538803994534e-05,0.00269891567676238,"Positive"
"ASV_568","ASV_1479",0.665147715805747,0.000153494525760411,0.0131273546249632,"Positive"
"ASV_600","ASV_1479",0.720576692122892,2.24538803994534e-05,0.00269891567676238,"Positive"
"ASV_678","ASV_1479",0.720576692122892,2.24538803994534e-05,0.00269891567676238,"Positive"
"ASV_768","ASV_1479",1,0,0,"Positive"
"ASV_772","ASV_1479",0.665147715805747,0.000153494525760411,0.0131273546249632,"Positive"
"ASV_827","ASV_1479",1,0,0,"Positive"
"ASV_1102","ASV_1479",1,0,0,"Positive"
"ASV_1155","ASV_1479",0.665147715805747,0.000153494525760411,0.0131273546249632,"Positive"
"ASV_1251","ASV_1479",0.665147715805747,0.000153494525760411,0.0131273546249632,"Positive"
"ASV_1252","ASV_1479",0.665147715805747,0.000153494525760411,0.0131273546249632,"Positive"
"ASV_1317","ASV_1479",1,0,0,"Positive"
"ASV_1377","ASV_1479",0.720576692122892,2.24538803994534e-05,0.00269891567676238,"Positive"
"ASV_258","ASV_1483",0.689157602293,7.0241108421687e-05,0.0081509155298278,"Positive"
"ASV_405","ASV_1483",0.634752252050295,0.000375963143488089,0.0308234669056139,"Positive"
"ASV_471","ASV_1483",0.645451043830968,0.000277317048203551,0.0231814395375599,"Positive"
"ASV_486","ASV_1483",0.64132158620998,0.000312304475057701,0.0257638396754009,"Positive"
"ASV_761","ASV_1483",0.671631792942057,0.000125143834463604,0.0131273546249632,"Positive"
"ASV_764","ASV_1483",0.638894543385733,0.00033462553241681,0.0275420449253267,"Positive"
"ASV_838","ASV_1483",0.644424077783084,0.000285679961085528,0.0237385994735629,"Positive"
"ASV_150","ASV_1484",0.665147715805747,0.000153494525760411,0.0131273546249632,"Positive"
"ASV_268","ASV_1484",1,0,0,"Positive"
"ASV_772","ASV_1484",0.720576692122892,2.24538803994534e-05,0.00269891567676238,"Positive"
"ASV_187","ASV_1488",0.623372449032881,0.000513393737808121,0.0413235167373249,"Positive"
"ASV_458","ASV_1488",0.680511182108626,9.38478710152957e-05,0.0108204488754901,"Positive"
"ASV_1100","ASV_1488",0.826835514792692,1.06173916325503e-07,2.57948299899106e-05,"Positive"
"ASV_1176","ASV_1488",0.647844457097608,0.000258655734379776,0.0216935538369602,"Positive"
"ASV_338","ASV_1489",0.720576692122892,2.24538803994534e-05,0.00269891567676238,"Positive"
"ASV_606","ASV_1489",0.665147715805747,0.000153494525760411,0.0131273546249632,"Positive"
"ASV_757","ASV_1489",0.665147715805747,0.000153494525760411,0.0131273546249632,"Positive"
"ASV_809","ASV_1489",0.665147715805747,0.000153494525760411,0.0131273546249632,"Positive"
"ASV_975","ASV_1489",0.720576692122892,2.24538803994534e-05,0.00269891567676238,"Positive"
"ASV_1156","ASV_1489",0.720576692122892,2.24538803994534e-05,0.00269891567676238,"Positive"
"ASV_1313","ASV_1489",0.665147715805747,0.000153494525760411,0.0131273546249632,"Positive"
"ASV_1396","ASV_1489",0.720576692122892,2.24538803994534e-05,0.00269891567676238,"Positive"
"ASV_63","ASV_1504",0.720576692122892,2.24538803994534e-05,0.00269891567676238,"Positive"
"ASV_264","ASV_1504",0.720576692122892,2.24538803994534e-05,0.00269891567676238,"Positive"
"ASV_453","ASV_1504",0.61740881146215,0.000601574330445054,0.0476292076443435,"Positive"
"ASV_534","ASV_1504",0.720576692122892,2.24538803994534e-05,0.00269891567676238,"Positive"
"ASV_581","ASV_1504",0.678280102733066,0.000100977333874486,0.0115210743651581,"Positive"
"ASV_606","ASV_1504",0.665147715805747,0.000153494525760411,0.0131273546249632,"Positive"
"ASV_624","ASV_1504",0.678280102733066,0.000100977333874486,0.0115210743651581,"Positive"
"ASV_757","ASV_1504",0.665147715805747,0.000153494525760411,0.0131273546249632,"Positive"
"ASV_761","ASV_1504",0.8002304995806,5.43241576611564e-07,0.000129725985412948,"Positive"
"ASV_809","ASV_1504",0.665147715805747,0.000153494525760411,0.0131273546249632,"Positive"
"ASV_873","ASV_1504",0.720576692122892,2.24538803994534e-05,0.00269891567676238,"Positive"
"ASV_913","ASV_1504",0.61740881146215,0.000601574330445054,0.0476292076443435,"Positive"
"ASV_1172","ASV_1504",0.8002304995806,5.43241576611564e-07,0.000129725985412948,"Positive"
"ASV_1187","ASV_1504",0.720576692122892,2.24538803994534e-05,0.00269891567676238,"Positive"
"ASV_1286","ASV_1504",0.720576692122892,2.24538803994534e-05,0.00269891567676238,"Positive"
"ASV_1313","ASV_1504",0.665147715805747,0.000153494525760411,0.0131273546249632,"Positive"
"ASV_173","ASV_1505",1,0,0,"Positive"
"ASV_183","ASV_1505",1,0,0,"Positive"
"ASV_224","ASV_1505",0.720576692122892,2.24538803994534e-05,0.00269891567676238,"Positive"
"ASV_241","ASV_1505",0.720576692122892,2.24538803994534e-05,0.00269891567676238,"Positive"
"ASV_270","ASV_1505",0.665147715805747,0.000153494525760411,0.0131273546249632,"Positive"
"ASV_341","ASV_1505",0.720576692122892,2.24538803994534e-05,0.00269891567676238,"Positive"
"ASV_354","ASV_1505",0.720576692122892,2.24538803994534e-05,0.00269891567676238,"Positive"
"ASV_395","ASV_1505",1,0,0,"Positive"
"ASV_431","ASV_1505",0.720576692122892,2.24538803994534e-05,0.00269891567676238,"Positive"
"ASV_474","ASV_1505",0.665147715805747,0.000153494525760411,0.0131273546249632,"Positive"
"ASV_491","ASV_1505",0.665147715805747,0.000153494525760411,0.0131273546249632,"Positive"
"ASV_518","ASV_1505",1,0,0,"Positive"
"ASV_541","ASV_1505",1,0,0,"Positive"
"ASV_557","ASV_1505",1,0,0,"Positive"
"ASV_565","ASV_1505",1,0,0,"Positive"
"ASV_638","ASV_1505",1,0,0,"Positive"
"ASV_668","ASV_1505",0.720576692122892,2.24538803994534e-05,0.00269891567676238,"Positive"
"ASV_681","ASV_1505",1,0,0,"Positive"
"ASV_686","ASV_1505",1,0,0,"Positive"
"ASV_697","ASV_1505",0.720576692122892,2.24538803994534e-05,0.00269891567676238,"Positive"
"ASV_700","ASV_1505",0.720576692122892,2.24538803994534e-05,0.00269891567676238,"Positive"
"ASV_720","ASV_1505",0.720576692122892,2.24538803994534e-05,0.00269891567676238,"Positive"
"ASV_721","ASV_1505",1,0,0,"Positive"
"ASV_746","ASV_1505",1,0,0,"Positive"
"ASV_779","ASV_1505",1,0,0,"Positive"
"ASV_868","ASV_1505",1,0,0,"Positive"
"ASV_870","ASV_1505",1,0,0,"Positive"
"ASV_888","ASV_1505",1,0,0,"Positive"
"ASV_925","ASV_1505",1,0,0,"Positive"
"ASV_936","ASV_1505",0.720576692122892,2.24538803994534e-05,0.00269891567676238,"Positive"
"ASV_993","ASV_1505",1,0,0,"Positive"
"ASV_1017","ASV_1505",1,0,0,"Positive"
"ASV_1066","ASV_1505",1,0,0,"Positive"
"ASV_1077","ASV_1505",1,0,0,"Positive"
"ASV_1109","ASV_1505",1,0,0,"Positive"
"ASV_1133","ASV_1505",1,0,0,"Positive"
"ASV_1160","ASV_1505",1,0,0,"Positive"
"ASV_1173","ASV_1505",0.720576692122892,2.24538803994534e-05,0.00269891567676238,"Positive"
"ASV_1209","ASV_1505",1,0,0,"Positive"
"ASV_1211","ASV_1505",1,0,0,"Positive"
"ASV_1225","ASV_1505",1,0,0,"Positive"
"ASV_1251","ASV_1505",0.720576692122892,2.24538803994534e-05,0.00269891567676238,"Positive"
"ASV_1252","ASV_1505",0.720576692122892,2.24538803994534e-05,0.00269891567676238,"Positive"
"ASV_1265","ASV_1505",1,0,0,"Positive"
"ASV_1288","ASV_1505",1,0,0,"Positive"
"ASV_1299","ASV_1505",1,0,0,"Positive"
"ASV_1340","ASV_1505",1,0,0,"Positive"
"ASV_1378","ASV_1505",1,0,0,"Positive"
"ASV_1390","ASV_1505",0.720576692122892,2.24538803994534e-05,0.00269891567676238,"Positive"
"ASV_1407","ASV_1505",1,0,0,"Positive"
"ASV_1410","ASV_1505",1,0,0,"Positive"
"ASV_1448","ASV_1505",1,0,0,"Positive"
"ASV_1453","ASV_1505",0.665147715805747,0.000153494525760411,0.0131273546249632,"Positive"
"ASV_21","ASV_1512",0.665147715805747,0.000153494525760411,0.0131273546249632,"Positive"
"ASV_378","ASV_1512",0.665147715805747,0.000153494525760411,0.0131273546249632,"Positive"
"ASV_636","ASV_1512",0.665147715805747,0.000153494525760411,0.0131273546249632,"Positive"
"ASV_641","ASV_1512",0.763296784215341,3.64471975866643e-06,0.000830187999690087,"Positive"
"ASV_657","ASV_1512",0.720576692122892,2.24538803994534e-05,0.00269891567676238,"Positive"
"ASV_665","ASV_1512",0.720576692122892,2.24538803994534e-05,0.00269891567676238,"Positive"
"ASV_714","ASV_1512",0.665147715805747,0.000153494525760411,0.0131273546249632,"Positive"
"ASV_1162","ASV_1512",0.720576692122892,2.24538803994534e-05,0.00269891567676238,"Positive"
"ASV_1353","ASV_1512",0.720576692122892,2.24538803994534e-05,0.00269891567676238,"Positive"
"ASV_1361","ASV_1512",0.665147715805747,0.000153494525760411,0.0131273546249632,"Positive"
"ASV_244","ASV_1518",0.620389344262295,0.000555978856660477,0.0443962875403423,"Positive"
"ASV_731","ASV_1518",0.652151639344262,0.000227836393568381,0.0192951820589481,"Positive"
"ASV_1245","ASV_1518",0.828644782877577,9.40847164621061e-08,2.28798576907534e-05,"Positive"
"ASV_641","ASV_1519",0.679815573770492,9.60213530549758e-05,0.0110155398619745,"Positive"
"ASV_17","ASV_1520",1,0,0,"Positive"
"ASV_343","ASV_1520",1,0,0,"Positive"
"ASV_411","ASV_1520",1,0,0,"Positive"
"ASV_515","ASV_1520",1,0,0,"Positive"
"ASV_566","ASV_1520",0.665147715805747,0.000153494525760411,0.0131273546249632,"Positive"
"ASV_853","ASV_1520",1,0,0,"Positive"
"ASV_974","ASV_1520",0.720576692122892,2.24538803994534e-05,0.00269891567676238,"Positive"
"ASV_1356","ASV_1520",1,0,0,"Positive"
"ASV_1409","ASV_1520",0.720576692122892,2.24538803994534e-05,0.00269891567676238,"Positive"
"ASV_321","ASV_1522",0.765759031906359,3.24513858140918e-06,0.000746604346661594,"Positive"
"ASV_399","ASV_1522",0.615234836773903,0.00063685624331411,0.0498580193346641,"Positive"
"ASV_581","ASV_1522",0.61740881146215,0.000601574330445054,0.0476292076443435,"Positive"
"ASV_606","ASV_1522",0.665147715805747,0.000153494525760411,0.0131273546249632,"Positive"
"ASV_657","ASV_1522",0.720576692122892,2.24538803994534e-05,0.00269891567676238,"Positive"
"ASV_665","ASV_1522",0.720576692122892,2.24538803994534e-05,0.00269891567676238,"Positive"
"ASV_757","ASV_1522",0.665147715805747,0.000153494525760411,0.0131273546249632,"Positive"
"ASV_809","ASV_1522",0.665147715805747,0.000153494525760411,0.0131273546249632,"Positive"
"ASV_1162","ASV_1522",0.720576692122892,2.24538803994534e-05,0.00269891567676238,"Positive"
"ASV_1313","ASV_1522",0.665147715805747,0.000153494525760411,0.0131273546249632,"Positive"
"ASV_1353","ASV_1522",0.720576692122892,2.24538803994534e-05,0.00269891567676238,"Positive"
"ASV_404","ASV_1523",1,0,0,"Positive"
"ASV_440","ASV_1523",1,0,0,"Positive"
"ASV_481","ASV_1523",1,0,0,"Positive"
"ASV_797","ASV_1523",0.720576692122892,2.24538803994534e-05,0.00269891567676238,"Positive"
"ASV_843","ASV_1523",0.665147715805747,0.000153494525760411,0.0131273546249632,"Positive"
"ASV_979","ASV_1523",0.665147715805747,0.000153494525760411,0.0131273546249632,"Positive"
"ASV_1113","ASV_1523",1,0,0,"Positive"
"ASV_1364","ASV_1523",0.665147715805747,0.000153494525760411,0.0131273546249632,"Positive"
"ASV_1384","ASV_1523",1,0,0,"Positive"
"ASV_54","ASV_1525",0.765759031906359,3.24513858140918e-06,0.000746604346661594,"Positive"
"ASV_127","ASV_1525",0.665147715805747,0.000153494525760411,0.0131273546249632,"Positive"
"ASV_376","ASV_1525",0.676106128044819,0.000108380732493973,0.012282255049559,"Positive"
"ASV_430","ASV_1525",0.829777471872807,8.71652050538074e-08,2.12381861432895e-05,"Positive"
"ASV_614","ASV_1525",0.720576692122892,2.24538803994534e-05,0.00269891567676238,"Positive"
"ASV_750","ASV_1525",0.665147715805747,0.000153494525760411,0.0131273546249632,"Positive"
"ASV_759","ASV_1525",0.665147715805747,0.000153494525760411,0.0131273546249632,"Positive"
"ASV_783","ASV_1525",0.720576692122892,2.24538803994534e-05,0.00269891567676238,"Positive"
"ASV_788","ASV_1525",0.720576692122892,2.24538803994534e-05,0.00269891567676238,"Positive"
"ASV_874","ASV_1525",0.720576692122892,2.24538803994534e-05,0.00269891567676238,"Positive"
"ASV_1010","ASV_1525",0.61740881146215,0.000601574330445054,0.0476292076443435,"Positive"
"ASV_1174","ASV_1525",0.720576692122892,2.24538803994534e-05,0.00269891567676238,"Positive"
"ASV_1189","ASV_1525",0.720576692122892,2.24538803994534e-05,0.00269891567676238,"Positive"
"ASV_1199","ASV_1525",0.720576692122892,2.24538803994534e-05,0.00269891567676238,"Positive"
"ASV_1224","ASV_1525",0.665147715805747,0.000153494525760411,0.0131273546249632,"Positive"
"ASV_1228","ASV_1525",0.720576692122892,2.24538803994534e-05,0.00269891567676238,"Positive"
"ASV_1408","ASV_1525",0.720576692122892,2.24538803994534e-05,0.00269891567676238,"Positive"
"ASV_1431","ASV_1525",0.720576692122892,2.24538803994534e-05,0.00269891567676238,"Positive"
"ASV_1471","ASV_1525",0.720576692122892,2.24538803994534e-05,0.00269891567676238,"Positive"
"ASV_403","ASV_1526",0.717837419974925,2.49488074808291e-05,0.00299165797946035,"Positive"
"ASV_1214","ASV_1526",0.632338042940497,0.000402063099849137,0.0328349357289191,"Positive"
"ASV_1321","ASV_1526",0.616664271355505,0.000613460673911659,0.0483573392797354,"Positive"
"ASV_127","ASV_1530",1,0,0,"Positive"
"ASV_150","ASV_1530",0.720576692122892,2.24538803994534e-05,0.00269891567676238,"Positive"
"ASV_482","ASV_1530",0.665147715805747,0.000153494525760411,0.0131273546249632,"Positive"
"ASV_546","ASV_1530",0.720576692122892,2.24538803994534e-05,0.00269891567676238,"Positive"
"ASV_568","ASV_1530",0.720576692122892,2.24538803994534e-05,0.00269891567676238,"Positive"
"ASV_575","ASV_1530",0.720576692122892,2.24538803994534e-05,0.00269891567676238,"Positive"
"ASV_750","ASV_1530",1,0,0,"Positive"
"ASV_759","ASV_1530",1,0,0,"Positive"
"ASV_1224","ASV_1530",1,0,0,"Positive"
"ASV_1525","ASV_1530",0.665147715805747,0.000153494525760411,0.0131273546249632,"Positive"
